Restaurant_ID,Delivery_fee,Service_fee,Packaging_fee,Estimated_delivery_time,Average_delivery_time,Peak_hour_multiplier,Minimum_order,Cancellation_rate,Availability
RES000000,7.28,0.33,0.34,28,23,1.66,0.23,0.02,False
RES000001,9.77,0.31,1.88,15,24,1.6,7.65,0.04,True
RES000004,10.0,1.13,1.83,58,65,1.05,15.15,0.047,False
RES000005,3.09,4.74,0.87,15,16,1.67,12.6,0.039,False
RES000006,2.56,1.85,1.79,37,46,2.5,5.89,0.065,True
RES000007,7.49,0.79,1.98,23,33,2.35,3.66,0.042,False
RES000008,5.58,1.38,1.89,70,70,1.56,11.73,0.076,False
RES000009,1.53,3.26,0.69,28,38,1.2,23.6,0.02,True
RES000011,9.28,1.82,0.7,47,43,1.86,20.0,0.081,False
RES000013,5.25,0.49,1.26,61,67,2.23,0.01,0.086,False
RES000016,2.5,4.48,0.83,84,82,2.0,18.89,0.083,False
RES000017,4.79,0.74,0.72,61,69,2.47,23.92,0.076,False
RES000018,4.17,1.83,1.51,66,74,1.73,19.27,0.091,False
RES000019,1.28,4.96,0.76,18,14,1.9,21.61,0.023,True
RES000020,9.53,2.12,0.98,82,91,1.28,11.95,0.038,True
RES000021,0.06,1.25,0.04,30,25,1.35,21.21,0.096,True
RES000025,6.11,2.56,1.33,19,23,1.25,23.13,0.025,True
RES000026,3.14,2.15,1.86,67,73,2.07,3.26,0.072,False
RES000027,4.58,3.45,0.93,90,100,1.27,24.92,0.045,True
RES000028,5.74,1.68,0.56,30,25,1.49,14.02,0.036,False
RES000029,8.02,2.87,1.65,76,86,1.26,5.89,0.082,False
RES000030,5.82,3.29,0.62,17,24,1.88,14.72,0.017,True
RES000032,6.46,1.61,1.49,58,62,2.34,18.2,0.05,False
RES000033,6.97,3.91,1.53,81,80,1.65,7.26,0.009,False
RES000034,7.3,2.61,0.1,27,22,2.34,23.75,0.015,True
RES000036,8.57,0.34,1.18,73,70,1.77,5.19,0.009,True
RES000037,0.87,0.07,0.43,69,68,1.64,17.28,0.067,False
RES000041,1.1,3.55,0.39,15,24,1.74,13.38,0.036,False
RES000042,2.41,2.96,0.24,74,83,1.18,19.72,0.094,True
RES000043,2.37,3.44,0.48,50,46,1.63,18.58,0.063,False
RES000044,9.1,4.25,1.55,45,43,1.17,0.36,0.076,False
RES000045,0.39,2.82,1.31,27,24,2.06,18.87,0.051,False
RES000046,3.07,3.19,1.77,68,76,2.25,22.92,0.052,True
RES000047,6.73,4.97,0.17,62,62,2.36,14.04,0.1,True
RES000048,9.72,0.0,0.27,36,42,1.06,11.98,0.07,False
RES000049,2.61,1.67,0.47,86,84,1.28,11.29,0.053,False
RES000050,9.19,2.87,0.05,84,92,1.06,9.53,0.09,False
RES000052,8.4,3.9,0.04,42,45,2.23,4.11,0.043,False
RES000053,6.77,1.33,1.07,84,86,1.55,11.05,0.061,False
RES000054,9.8,2.87,1.93,85,80,1.03,24.07,0.018,True
RES000055,5.78,4.71,0.17,68,73,2.29,19.74,0.078,True
RES000056,8.98,0.9,1.96,67,72,2.17,17.93,0.094,True
RES000058,6.47,3.25,0.81,70,78,2.42,19.4,0.079,False
RES000059,5.0,1.29,0.59,20,27,1.4,22.09,0.002,True
RES000060,7.69,1.19,0.85,20,26,1.74,0.29,0.025,False
RES000061,2.3,0.81,1.0,63,66,2.41,15.86,0.038,False
RES000062,7.16,0.09,0.74,85,95,1.68,11.4,0.063,False
RES000064,8.22,0.86,1.9,19,24,1.99,6.52,0.081,False
RES000065,0.03,4.42,0.09,73,83,2.02,23.0,0.065,True
RES000067,8.76,2.19,1.85,28,26,2.13,0.12,0.015,True
RES000068,4.4,1.23,0.85,61,71,2.13,24.47,0.037,True
RES000069,7.97,3.98,1.6,57,67,2.27,2.65,0.077,True
RES000071,6.29,3.52,0.52,37,41,2.43,9.85,0.034,False
RES000073,7.46,2.19,0.4,67,69,1.58,19.07,0.088,True
RES000074,3.85,0.47,1.86,46,44,1.97,17.82,0.013,False
RES000076,8.2,2.89,0.98,32,37,1.29,1.57,0.056,True
RES000078,4.45,1.59,0.08,28,31,1.94,9.63,0.047,True
RES000080,8.43,4.62,1.34,25,20,2.23,8.69,0.073,False
RES000081,8.2,1.44,0.94,43,51,1.83,2.36,0.074,True
RES000082,9.14,3.21,1.21,48,57,1.26,22.35,0.083,True
RES000083,5.1,2.84,0.04,86,95,2.18,12.45,0.011,False
RES000084,2.7,2.77,1.79,43,49,1.97,5.96,0.011,False
RES000089,6.14,2.41,0.55,15,22,1.04,13.85,0.047,True
RES000090,3.58,1.89,1.95,67,66,2.33,6.22,0.094,False
RES000091,8.2,0.65,1.09,84,80,2.07,13.61,0.073,False
RES000093,5.63,1.32,1.86,18,16,1.73,12.66,0.052,True
RES000094,5.18,2.2,0.15,77,74,1.32,22.3,0.095,False
RES000096,4.68,1.69,0.56,50,59,1.31,13.48,0.021,True
RES000098,2.82,4.95,1.29,57,60,1.5,0.51,0.022,False
RES000099,0.01,2.96,0.84,49,55,2.33,5.25,0.088,False
RES000100,8.36,0.21,1.03,88,94,1.83,23.78,0.078,True
RES000101,0.19,1.54,0.16,48,57,1.83,2.99,0.057,True
RES000102,8.37,3.64,1.63,46,45,2.39,2.23,0.039,True
RES000103,2.18,0.98,0.74,80,90,2.08,20.1,0.026,False
RES000105,9.85,3.49,1.92,23,23,2.32,20.66,0.07,True
RES000106,0.02,2.24,1.36,44,41,2.19,13.02,0.015,True
RES000107,9.22,0.45,1.28,20,23,1.16,6.04,0.063,True
RES000111,6.67,2.27,0.56,79,76,2.41,23.79,0.011,False
RES000112,3.96,2.09,0.88,53,56,1.93,11.46,0.099,False
RES000114,6.6,3.63,0.52,89,88,2.09,8.66,0.072,False
RES000115,3.14,1.83,1.37,29,28,1.68,13.0,0.026,False
RES000118,9.89,3.67,1.64,61,57,1.33,21.38,0.061,False
RES000122,5.5,2.53,0.28,77,78,2.38,22.22,0.098,True
RES000123,3.79,2.91,1.49,30,25,1.33,10.57,0.077,True
RES000124,4.5,4.1,2.0,47,56,2.31,8.54,0.027,False
RES000125,8.39,0.37,0.56,47,55,1.9,10.71,0.078,True
RES000126,0.67,4.44,1.81,82,78,2.28,14.45,0.023,True
RES000127,6.53,4.95,1.81,83,78,2.33,20.6,0.097,False
RES000129,9.16,4.13,1.37,20,30,2.41,3.87,0.071,False
RES000130,1.1,4.7,1.76,36,35,1.96,10.26,0.044,True
RES000132,4.61,0.36,0.99,88,92,2.14,15.82,0.078,False
RES000133,9.48,1.29,1.12,61,59,1.76,2.12,0.002,False
RES000135,2.69,1.01,0.88,89,88,2.0,9.08,0.07,False
RES000136,1.13,1.28,1.54,48,45,1.54,5.69,0.031,False
RES000137,3.4,4.88,0.01,80,85,1.01,6.25,0.082,True
RES000138,1.37,1.21,1.81,59,67,1.87,6.7,0.087,False
RES000139,5.54,0.26,1.77,18,26,1.46,10.91,0.008,True
RES000140,5.71,2.3,1.18,36,37,2.29,19.59,0.018,True
RES000141,3.02,2.43,0.45,70,75,1.36,8.71,0.01,True
RES000142,8.32,4.74,1.94,49,56,2.29,17.16,0.098,False
RES000143,7.8,1.56,1.55,87,97,2.44,10.66,0.067,False
RES000148,8.93,2.65,0.91,18,25,1.26,16.73,0.009,True
RES000149,1.75,4.23,1.53,72,79,1.01,15.15,0.019,True
RES000152,0.99,4.47,0.09,85,90,1.19,24.41,0.054,True
RES000153,2.09,4.17,0.64,15,23,1.85,1.98,0.071,True
RES000154,7.0,1.5,0.29,66,76,2.3,7.99,0.038,True
RES000155,4.5,4.77,1.83,16,19,2.27,2.26,0.083,False
RES000156,8.3,0.42,1.4,52,53,2.49,10.91,0.002,True
RES000159,4.66,3.7,0.73,35,31,2.07,13.56,0.045,False
RES000162,0.22,4.37,0.24,17,18,1.89,21.34,0.033,True
RES000163,0.55,1.51,1.22,20,20,1.96,19.92,0.042,True
RES000164,2.53,2.08,1.35,63,68,2.12,5.27,0.1,False
RES000166,6.04,2.02,0.41,41,42,1.19,9.61,0.022,True
RES000167,9.94,3.56,0.53,67,69,2.42,9.67,0.042,True
RES000168,8.97,3.17,0.4,44,42,2.19,24.02,0.024,True
RES000169,0.45,3.26,0.59,61,68,1.12,21.95,0.065,True
RES000171,2.17,1.78,1.93,15,23,2.15,19.44,0.078,True
RES000172,9.26,4.92,0.08,86,93,2.16,17.58,0.085,False
RES000173,0.56,3.05,0.66,84,84,1.31,15.54,0.019,False
RES000174,1.45,1.2,1.87,15,25,2.1,5.21,0.08,True
RES000175,0.17,4.19,1.36,88,97,2.21,4.97,0.091,True
RES000176,4.08,3.41,1.69,56,57,1.57,5.41,0.025,True
RES000177,9.33,1.02,0.4,39,47,2.33,15.69,0.0,True
RES000181,3.58,3.56,0.32,25,29,1.41,12.77,0.037,True
RES000183,4.33,4.56,0.3,29,24,1.74,7.7,0.073,False
RES000186,2.88,2.25,0.72,64,71,2.37,6.01,0.073,True
RES000187,9.9,4.23,1.36,31,41,2.29,14.81,0.072,True
RES000188,7.8,0.84,0.51,40,49,2.43,17.02,0.001,False
RES000189,1.39,1.67,1.74,77,84,1.94,1.2,0.079,True
RES000190,9.34,1.56,1.57,84,86,1.4,17.56,0.087,False
RES000193,6.83,1.23,0.98,44,40,2.38,8.89,0.083,True
RES000194,8.14,0.96,0.86,30,33,1.69,2.93,0.058,False
RES000195,4.79,4.96,1.59,20,29,1.65,15.39,0.063,False
RES000200,3.07,4.56,0.48,72,75,1.71,19.59,0.076,True
RES000201,5.38,3.27,0.98,54,59,1.17,2.81,0.025,True
RES000202,7.85,3.88,1.9,67,65,1.25,16.53,0.014,True
RES000203,6.13,3.82,1.2,64,66,1.06,20.51,0.091,True
RES000204,8.1,0.36,1.26,71,69,1.33,9.38,0.061,True
RES000205,5.0,3.5,0.52,46,50,2.05,7.69,0.01,False
RES000206,3.12,1.67,0.75,88,90,2.4,21.84,0.001,True
RES000207,9.4,3.47,0.8,71,72,1.7,7.16,0.028,True
RES000208,6.07,1.34,0.68,72,71,2.44,18.12,0.064,False
RES000210,2.32,3.84,1.75,54,61,2.28,7.03,0.036,False
RES000211,3.35,2.32,0.38,73,73,2.07,16.14,0.066,True
RES000214,6.45,0.57,1.13,25,32,1.91,11.91,0.077,True
RES000216,1.53,1.66,1.04,70,68,1.59,12.17,0.014,False
RES000217,0.89,0.95,1.4,71,66,1.98,12.79,0.032,False
RES000218,5.76,0.07,0.47,46,49,1.38,2.46,0.047,False
RES000221,9.9,1.37,1.02,26,27,1.6,14.12,0.068,True
RES000222,6.96,4.85,1.59,57,66,1.52,16.96,0.056,True
RES000223,9.65,4.05,0.89,64,59,1.25,24.67,0.021,True
RES000224,3.23,3.76,1.99,64,63,1.25,18.8,0.035,True
RES000225,8.53,4.96,0.34,34,31,1.6,4.03,0.023,True
RES000226,7.34,4.72,0.25,40,44,2.27,13.37,0.057,True
RES000227,1.04,4.13,0.62,70,65,1.09,4.22,0.07,True
RES000228,2.1,4.94,0.36,63,70,1.73,18.19,0.024,True
RES000230,6.45,1.77,0.2,34,31,1.11,16.23,0.014,False
RES000231,6.97,4.44,0.32,42,37,1.35,24.66,0.052,True
RES000235,8.58,3.33,1.26,83,83,1.52,20.39,0.058,True
RES000238,5.78,2.02,0.79,88,98,2.04,1.83,0.058,False
RES000242,0.39,3.69,1.3,63,58,1.43,3.85,0.022,False
RES000243,1.43,1.4,1.74,60,68,2.35,5.21,0.003,True
RES000244,0.71,4.65,0.52,82,80,1.18,23.52,0.036,False
RES000246,8.21,4.94,0.8,29,36,1.26,0.84,0.079,False
RES000247,1.31,0.78,0.81,89,86,1.91,13.02,0.051,True
RES000249,6.26,2.46,1.34,35,45,1.47,10.99,0.082,True
RES000250,3.36,4.71,1.98,20,19,1.67,18.14,0.083,True
RES000251,7.97,0.94,1.57,47,52,2.09,17.06,0.096,False
RES000252,9.58,0.98,0.38,87,91,1.03,6.73,0.021,False
RES000253,2.39,4.75,0.42,86,82,1.27,0.91,0.097,False
RES000254,8.15,3.81,1.82,75,84,1.67,20.35,0.031,True
RES000255,3.99,4.79,0.24,41,51,1.5,12.39,0.028,True
RES000256,5.68,1.22,1.38,45,51,1.32,2.03,0.045,False
RES000257,0.3,2.25,0.63,72,70,1.6,0.01,0.09,False
RES000260,1.85,1.89,0.29,71,80,1.89,10.29,0.065,False
RES000262,2.74,3.3,1.65,27,32,2.05,2.73,0.084,True
RES000263,4.48,3.58,1.31,65,66,2.49,0.78,0.05,False
RES000264,5.66,0.45,1.18,73,73,1.17,20.73,0.071,False
RES000265,9.83,4.69,0.81,62,69,1.13,3.96,0.057,False
RES000267,4.01,1.17,0.83,35,44,1.34,12.22,0.001,False
RES000268,6.8,1.04,0.33,87,85,1.21,19.32,0.084,False
RES000269,4.75,0.34,0.3,52,54,1.67,7.21,0.033,False
RES000272,8.96,4.02,0.98,38,44,2.23,20.18,0.006,True
RES000275,7.61,0.5,0.99,87,93,1.26,19.83,0.028,True
RES000279,3.42,1.11,1.81,18,25,2.19,1.49,0.062,False
RES000280,9.98,4.21,1.62,90,91,1.06,10.05,0.088,False
RES000282,7.63,2.46,0.47,27,32,1.48,1.49,0.083,False
RES000284,6.75,3.26,0.17,65,61,2.31,6.82,0.067,True
RES000286,3.52,4.49,1.0,82,80,1.46,24.75,0.02,True
RES000287,9.18,0.87,1.72,15,18,2.11,13.76,0.083,False
RES000288,6.55,2.19,1.88,45,54,1.37,18.76,0.025,True
RES000289,9.59,2.87,0.22,58,61,1.74,10.99,0.095,False
RES000291,7.63,0.65,1.52,21,25,1.31,16.14,0.06,True
RES000292,7.62,3.96,1.85,48,47,2.12,18.94,0.065,False
RES000293,4.29,1.51,1.14,81,86,1.14,1.48,0.086,False
RES000294,6.27,3.72,2.0,88,92,2.13,12.53,0.089,False
RES000295,3.93,2.76,0.76,78,86,1.61,15.0,0.034,False
RES000297,3.09,1.67,1.37,19,20,1.13,15.42,0.058,False
RES000298,8.61,1.66,0.58,49,57,2.09,13.75,0.077,True
RES000300,7.66,3.83,1.11,90,97,2.0,6.16,0.091,True
RES000301,9.14,2.64,1.9,32,42,1.08,13.1,0.09,True
RES000302,2.39,4.95,1.15,63,61,1.17,2.57,0.024,True
RES000303,2.97,4.3,1.64,88,87,2.26,24.99,0.057,True
RES000304,9.04,3.65,1.5,57,56,1.49,18.08,0.03,False
RES000305,4.09,4.02,0.74,32,31,2.04,19.35,0.002,False
RES000306,9.15,0.49,0.66,72,82,1.98,20.92,0.08,False
RES000307,8.9,1.77,0.81,74,82,1.54,18.33,0.022,True
RES000308,0.65,2.7,1.63,55,63,2.31,14.04,0.051,True
RES000310,7.07,2.18,0.66,88,96,2.24,4.17,0.093,True
RES000312,2.54,3.78,1.06,84,83,2.32,8.8,0.068,False
RES000314,5.03,0.66,0.06,67,72,1.9,20.35,0.021,False
RES000315,7.83,3.12,0.11,44,45,1.23,23.13,0.079,False
RES000316,2.26,4.4,0.39,84,82,2.2,24.93,0.059,True
RES000320,1.1,1.61,0.46,61,57,1.47,19.75,0.026,True
RES000321,5.26,0.36,1.68,60,64,2.34,0.63,0.062,False
RES000324,4.49,0.28,1.39,29,31,1.69,19.18,0.044,True
RES000325,7.57,4.7,0.93,21,18,2.37,23.09,0.067,True
RES000326,4.19,1.78,0.41,32,35,2.19,11.04,0.041,False
RES000327,6.73,1.42,1.58,57,58,2.05,20.59,0.045,False
RES000329,1.18,2.53,1.37,68,71,1.1,13.19,0.043,True
RES000334,0.63,4.26,0.06,89,89,2.29,17.41,0.004,False
RES000339,0.09,1.09,0.32,68,74,1.78,24.9,0.085,True
RES000340,1.9,3.76,1.98,21,21,1.38,8.91,0.014,True
RES000341,5.35,0.22,1.2,68,74,2.04,19.63,0.018,True
RES000343,3.27,1.5,0.53,41,47,1.77,2.73,0.004,True
RES000344,7.65,0.86,0.65,51,47,1.57,4.19,0.008,True
RES000345,2.61,2.75,0.65,51,49,2.31,1.31,0.049,True
RES000346,9.45,1.94,1.58,18,24,2.35,2.92,0.093,False
RES000348,9.9,2.16,0.56,75,85,1.94,16.42,0.06,False
RES000351,6.07,4.9,0.43,42,44,2.16,22.48,0.063,True
RES000353,0.52,3.91,0.7,42,46,2.37,22.43,0.043,True
RES000354,8.58,2.97,0.66,69,78,1.59,24.43,0.048,False
RES000355,6.37,4.72,1.75,83,82,1.15,3.82,0.02,True
RES000356,9.5,1.7,1.16,67,64,1.59,2.37,0.043,True
RES000357,2.16,1.04,1.58,62,61,1.36,4.14,0.019,False
RES000358,7.82,3.53,0.97,25,29,1.8,13.29,0.052,False
RES000359,9.46,3.68,0.09,66,76,1.18,16.4,0.023,False
RES000362,9.9,2.65,0.36,18,27,1.02,6.08,0.062,True
RES000363,0.29,3.59,1.35,74,79,1.34,18.83,0.07,False
RES000368,9.61,2.88,1.26,73,69,1.1,2.36,0.084,True
RES000369,6.85,3.65,1.18,25,21,1.48,15.55,0.088,False
RES000371,0.99,4.42,1.39,84,85,1.48,4.14,0.081,False
RES000372,9.81,0.3,0.5,53,55,1.57,5.55,0.054,True
RES000373,4.65,4.73,0.64,89,86,1.41,18.84,0.024,True
RES000374,5.18,4.09,1.78,54,56,1.95,17.51,0.021,True
RES000375,4.86,2.52,0.46,30,38,2.06,4.77,0.035,False
RES000376,7.4,1.44,0.11,51,51,2.4,3.24,0.013,False
RES000377,5.77,3.44,1.3,30,30,1.72,23.25,0.048,False
RES000378,1.95,1.46,1.45,56,63,1.26,24.41,0.067,True
RES000379,8.16,4.99,1.83,79,82,1.09,15.8,0.002,True
RES000381,3.39,2.41,1.43,21,20,2.38,24.49,0.037,False
RES000382,2.72,2.59,0.01,87,85,2.09,6.86,0.059,True
RES000384,6.45,3.47,0.2,65,66,1.77,12.96,0.039,True
RES000385,3.07,2.14,0.74,89,87,2.31,4.2,0.044,False
RES000388,9.52,2.27,0.08,48,56,2.3,1.85,0.078,False
RES000389,2.83,4.57,0.9,73,75,1.56,21.67,0.003,False
RES000390,8.16,0.25,1.8,77,87,1.27,15.18,0.044,True
RES000391,2.48,0.18,0.25,29,25,2.07,5.72,0.05,True
RES000392,8.56,4.71,1.31,39,48,1.56,21.55,0.001,True
RES000393,0.69,2.65,0.67,83,79,1.43,11.94,0.002,True
RES000394,7.13,3.98,1.16,81,79,2.21,14.03,0.091,True
RES000395,6.71,4.81,0.19,47,50,1.5,2.85,0.024,True
RES000396,8.8,1.35,0.08,86,93,2.03,17.38,0.082,False
RES000397,9.52,1.33,1.8,69,78,2.15,8.97,0.062,True
RES000398,7.19,1.11,1.27,64,66,1.81,13.09,0.074,True
RES000399,9.73,3.73,1.22,25,30,1.35,21.91,0.049,True
RES000400,2.82,2.14,1.1,87,96,1.85,6.23,0.002,False
RES000402,7.16,4.6,1.04,87,93,1.97,7.26,0.007,False
RES000403,9.39,1.69,1.57,84,82,1.32,6.62,0.001,False
RES000404,9.48,3.98,1.71,90,93,1.1,15.45,0.087,False
RES000405,3.75,2.97,1.93,18,26,1.54,22.25,0.023,False
RES000406,9.7,1.9,0.25,17,16,2.45,24.75,0.086,True
RES000408,4.16,0.82,1.25,17,26,1.8,17.46,0.02,True
RES000410,0.91,3.66,1.57,32,29,1.9,23.02,0.029,True
RES000415,0.99,2.49,0.14,19,26,2.35,8.65,0.045,True
RES000416,3.61,0.03,0.01,71,74,2.31,24.83,0.027,True
RES000417,7.68,4.35,1.9,32,39,2.01,21.08,0.06,False
RES000418,0.04,0.99,1.16,22,26,1.8,23.96,0.09,True
RES000420,8.0,2.06,1.38,78,77,1.54,11.36,0.048,True
RES000421,2.39,2.17,1.08,67,64,1.05,12.58,0.003,False
RES000423,0.47,4.86,0.62,40,43,1.74,9.56,0.002,False
RES000424,7.02,0.14,1.94,72,74,1.47,3.5,0.011,True
RES000425,4.0,3.8,0.71,28,32,2.49,5.62,0.098,False
RES000426,8.14,2.77,1.22,72,78,1.28,1.51,0.084,True
RES000430,8.04,3.92,0.48,15,10,1.94,8.89,0.058,True
RES000431,1.11,2.2,0.96,68,77,2.27,15.12,0.024,True
RES000432,7.02,1.69,1.91,18,24,2.13,1.31,0.037,True
RES000433,9.87,0.05,0.61,82,92,2.38,21.1,0.061,False
RES000434,9.34,1.48,1.29,90,94,2.05,19.94,0.036,False
RES000435,7.84,4.54,1.09,76,74,1.33,13.26,0.076,False
RES000437,7.66,4.43,0.78,61,66,2.39,7.71,0.012,True
RES000438,4.26,1.21,0.62,55,58,1.49,24.35,0.017,False
RES000439,1.67,0.24,1.3,41,39,2.32,24.84,0.081,False
RES000440,3.09,0.03,0.27,65,64,1.61,5.72,0.018,True
RES000441,6.26,3.98,1.54,74,79,1.61,16.45,0.092,False
RES000444,0.28,4.83,0.34,31,34,1.5,6.46,0.02,False
RES000445,6.29,2.96,1.53,63,72,1.7,5.14,0.019,False
RES000448,9.55,1.06,1.59,72,79,1.99,4.03,0.098,True
RES000449,6.11,3.47,0.76,36,38,2.32,14.59,0.093,False
RES000450,3.14,0.5,1.84,26,30,1.3,4.36,0.066,False
RES000451,2.51,1.52,0.64,52,49,1.11,0.24,0.047,False
RES000452,8.69,1.71,0.9,84,94,1.95,21.93,0.066,False
RES000454,1.45,4.29,0.83,75,74,1.54,13.95,0.028,False
RES000456,5.42,1.42,1.67,57,65,2.11,4.86,0.009,False
RES000457,3.21,1.09,0.99,76,81,2.38,18.99,0.081,False
RES000458,8.42,4.81,1.39,45,41,1.2,7.94,0.082,False
RES000461,1.9,3.62,0.55,54,52,2.42,11.95,0.061,True
RES000462,6.91,3.25,0.5,66,75,1.18,13.42,0.074,True
RES000463,0.04,2.43,0.05,74,82,1.13,9.52,0.082,False
RES000464,7.24,3.83,1.36,23,23,1.57,9.81,0.06,False
RES000465,9.05,4.53,1.75,19,27,2.27,3.17,0.089,False
RES000469,2.02,4.75,0.24,89,94,1.0,20.28,0.065,True
RES000471,1.86,3.14,0.14,40,38,1.08,2.57,0.061,False
RES000472,4.96,2.36,0.72,84,94,1.38,8.9,0.061,True
RES000475,4.56,1.54,0.2,59,69,1.89,13.12,0.055,True
RES000476,5.44,2.84,1.76,53,61,1.07,23.72,0.044,False
RES000477,9.31,4.83,0.41,71,76,1.3,6.24,0.048,False
RES000478,4.51,0.23,0.1,55,50,1.41,2.46,0.094,True
RES000479,1.13,4.83,0.59,29,34,2.43,19.98,0.038,True
RES000480,7.48,2.26,0.79,80,82,1.6,18.17,0.09,True
RES000481,3.27,1.55,0.64,88,86,2.02,14.34,0.038,False
RES000482,9.91,1.77,0.24,17,25,1.26,2.92,0.055,False
RES000484,3.5,1.76,0.3,29,24,1.03,9.64,0.039,False
RES000485,8.17,1.71,1.45,28,27,1.92,0.13,0.033,False
RES000487,0.96,0.19,0.97,73,80,2.33,19.14,0.04,False
RES000490,2.03,1.68,0.61,57,58,2.41,19.01,0.061,True
RES000491,6.24,0.41,1.09,40,47,1.69,17.77,0.022,True
RES000492,1.42,4.0,1.0,56,62,2.5,12.23,0.073,False
RES000493,5.11,4.58,0.77,41,43,2.05,7.8,0.056,False
RES000494,1.06,4.56,1.02,87,93,1.56,18.98,0.014,False
RES000496,5.99,4.71,1.0,60,67,2.2,10.15,0.014,True
RES000498,7.89,0.25,1.11,90,94,1.6,3.55,0.067,True
RES000500,4.59,4.09,1.04,72,70,1.65,15.56,0.042,False
RES000503,8.69,2.79,0.12,56,63,1.91,24.58,0.021,True
RES000506,4.16,4.44,0.31,51,57,1.03,14.26,0.069,True
RES000508,9.1,3.81,0.32,53,53,1.99,4.67,0.064,False
RES000509,9.77,2.16,0.33,70,77,1.23,12.34,0.049,False
RES000510,1.25,0.27,0.42,83,81,1.23,4.29,0.098,True
RES000511,1.46,3.09,0.91,50,45,2.15,17.46,0.088,False
RES000513,2.51,2.01,0.89,46,55,1.61,8.21,0.097,True
RES000514,5.39,3.54,0.67,90,93,1.77,22.88,0.024,False
RES000515,8.63,4.81,0.66,75,82,1.38,4.79,0.006,True
RES000516,4.68,2.46,0.28,33,36,1.81,18.02,0.057,True
RES000517,8.68,3.74,0.63,66,76,1.92,20.46,0.058,True
RES000520,8.44,3.43,1.88,90,97,1.15,20.13,0.093,True
RES000521,1.97,1.91,0.32,77,77,1.8,13.42,0.052,False
RES000522,7.78,4.01,1.3,45,51,1.97,1.75,0.052,True
RES000524,5.86,1.05,1.96,63,70,1.15,22.58,0.069,False
RES000525,0.41,0.07,0.34,34,34,1.3,20.67,0.021,False
RES000526,0.55,2.58,0.75,29,28,2.12,5.06,0.054,False
RES000528,2.11,2.37,1.53,57,60,1.94,6.7,0.007,True
RES000531,7.42,4.87,0.48,86,87,1.65,3.72,0.054,False
RES000533,1.31,3.53,0.9,42,44,1.48,7.18,0.016,True
RES000535,3.67,4.31,0.94,89,92,1.75,12.74,0.03,True
RES000536,9.6,4.81,0.92,48,48,2.32,16.04,0.016,False
RES000537,5.61,2.21,1.15,15,16,1.22,3.28,0.065,True
RES000538,3.71,3.76,0.48,39,34,2.42,5.07,0.014,False
RES000539,5.48,4.35,1.31,46,41,1.14,22.83,0.003,True
RES000540,6.17,2.12,0.05,46,51,2.12,3.64,0.072,False
RES000542,4.42,4.82,0.62,35,33,2.48,9.25,0.085,True
RES000544,9.44,2.14,1.88,72,69,1.82,21.36,0.088,False
RES000546,7.44,0.97,0.2,59,65,1.69,1.6,0.024,False
RES000547,4.99,1.44,0.4,71,80,1.66,13.64,0.003,True
RES000548,8.94,2.5,1.75,88,96,2.36,8.73,0.094,True
RES000549,2.28,1.2,1.47,75,74,1.42,13.83,0.037,True
RES000550,3.81,0.47,0.08,25,29,1.08,15.42,0.05,False
RES000551,3.28,1.49,0.79,38,33,1.28,17.61,0.03,False
RES000552,5.71,2.78,1.96,83,88,2.11,2.7,0.014,True
RES000555,8.16,3.62,1.78,84,90,2.42,21.61,0.014,True
RES000557,1.91,2.53,1.57,30,38,2.32,15.35,0.067,True
RES000558,1.49,3.79,0.83,53,53,2.25,8.87,0.047,False
RES000559,7.22,0.07,1.63,60,66,1.5,11.51,0.064,False
RES000560,7.02,3.0,1.6,56,63,1.34,10.7,0.097,False
RES000561,1.59,3.43,1.96,26,28,1.76,4.92,0.021,False
RES000562,6.28,4.51,1.53,54,62,1.73,18.86,0.092,False
RES000564,8.18,2.62,1.58,84,90,2.31,16.97,0.089,False
RES000565,0.69,2.17,1.77,85,91,1.4,20.95,0.033,True
RES000568,0.64,4.57,1.44,89,94,1.33,5.76,0.087,True
RES000569,6.08,1.27,1.69,35,38,2.2,9.78,0.067,False
RES000570,2.83,1.9,1.0,78,76,2.08,10.69,0.089,True
RES000571,0.22,3.09,1.39,76,84,1.81,24.46,0.094,True
RES000573,1.16,2.34,0.11,17,25,2.27,5.64,0.092,False
RES000575,4.82,1.75,1.5,20,22,2.42,0.64,0.054,False
RES000577,1.47,4.38,1.37,52,62,1.15,23.11,0.065,False
RES000581,4.44,3.81,0.15,68,66,1.46,3.06,0.007,False
RES000582,5.0,2.86,0.35,49,53,2.23,2.63,0.044,True
RES000583,5.12,0.09,0.05,21,27,1.98,11.16,0.061,True
RES000584,4.63,2.63,1.99,67,65,1.02,20.89,0.046,True
RES000585,3.16,0.76,1.67,58,63,1.14,15.8,0.041,False
RES000586,0.84,1.56,1.56,73,71,2.12,23.12,0.089,False
RES000587,2.81,4.46,1.83,68,71,1.55,8.45,0.026,False
RES000588,5.92,4.75,0.46,77,87,2.3,23.57,0.05,False
RES000589,1.97,1.76,0.88,54,58,1.17,3.29,0.006,False
RES000592,6.7,4.94,1.68,63,73,1.91,8.5,0.049,False
RES000594,4.62,2.0,1.65,64,62,1.76,14.07,0.075,True
RES000596,6.61,4.53,0.65,53,56,1.53,2.87,0.095,True
RES000597,0.07,3.73,0.88,42,44,2.07,15.31,0.022,False
RES000600,5.54,3.5,1.45,70,70,1.04,17.93,0.017,False
RES000602,7.3,4.59,0.2,55,55,1.98,18.81,0.1,True
RES000603,0.51,1.21,1.13,50,45,2.47,0.84,0.053,False
RES000604,9.21,4.41,0.66,39,48,1.23,4.87,0.052,True
RES000605,9.39,1.25,0.06,53,57,2.16,22.01,0.027,True
RES000607,8.52,4.86,1.11,58,56,1.76,18.8,0.005,True
RES000609,4.61,3.71,0.2,62,62,1.44,14.23,0.038,True
RES000612,0.3,2.29,1.8,26,25,2.5,1.6,0.054,True
RES000614,2.23,4.19,1.43,74,80,1.81,22.31,0.087,False
RES000617,8.36,4.29,0.34,58,54,1.66,11.74,0.018,True
RES000618,5.58,4.34,1.31,42,45,1.02,2.64,0.041,False
RES000619,9.33,1.06,1.36,55,51,2.39,19.96,0.089,False
RES000620,8.32,1.97,0.35,26,32,1.97,20.9,0.015,False
RES000621,1.28,3.85,0.98,66,75,1.16,7.3,0.004,False
RES000622,3.07,2.46,0.86,75,72,2.39,5.05,0.026,False
RES000624,9.43,1.86,0.57,51,49,1.64,21.12,0.023,True
RES000625,2.61,3.72,1.12,43,44,1.13,5.93,0.014,True
RES000629,6.88,4.05,0.62,88,92,1.83,0.41,0.014,True
RES000631,8.73,4.33,1.05,27,28,1.21,12.01,0.021,True
RES000632,8.56,2.37,1.51,20,25,1.55,8.93,0.083,False
RES000634,3.04,0.72,0.3,19,19,1.48,6.44,0.066,True
RES000635,4.76,3.92,0.07,26,33,1.37,18.74,0.076,False
RES000636,0.46,1.81,1.69,27,22,1.73,14.61,0.071,False
RES000639,7.44,2.16,0.72,36,39,1.35,10.64,0.044,False
RES000641,0.5,3.96,1.01,48,45,1.68,16.59,0.03,True
RES000642,4.62,3.84,1.5,73,80,1.99,13.76,0.05,False
RES000643,7.6,1.87,0.68,82,86,2.06,18.65,0.04,True
RES000644,7.93,1.19,1.74,52,54,1.54,8.91,0.06,True
RES000645,8.82,4.01,0.34,26,30,2.03,16.7,0.076,True
RES000647,2.46,1.03,1.92,63,63,1.8,6.69,0.043,True
RES000648,3.42,1.02,0.06,37,44,1.64,17.53,0.016,True
RES000650,9.73,1.4,0.34,44,41,1.34,21.91,0.02,True
RES000651,5.74,2.83,1.71,21,25,1.96,8.44,0.088,True
RES000652,4.48,4.44,1.85,54,50,1.01,19.48,0.016,True
RES000655,7.38,4.6,1.05,67,74,1.23,1.68,0.019,False
RES000656,3.31,1.55,1.27,74,69,1.99,1.31,0.077,True
RES000657,9.79,3.98,0.58,49,45,1.14,2.11,0.031,False
RES000658,2.78,0.98,1.92,69,66,1.17,15.25,0.071,False
RES000660,6.94,4.55,0.68,84,87,2.39,6.95,0.095,True
RES000663,6.36,4.01,1.51,86,94,1.4,9.83,0.043,False
RES000666,0.31,0.58,1.78,53,49,2.0,14.47,0.064,False
RES000667,3.6,0.99,0.51,15,13,1.58,24.17,0.065,False
RES000668,6.08,3.57,0.5,50,56,2.22,2.14,0.05,False
RES000672,6.35,4.97,1.95,53,58,1.9,0.78,0.096,True
RES000673,9.72,0.05,1.07,71,79,1.88,22.64,0.028,False
RES000674,8.14,0.03,1.67,90,89,2.02,2.78,0.075,True
RES000675,9.67,3.4,0.53,63,59,2.08,22.75,0.071,False
RES000676,7.94,0.44,0.85,27,37,2.24,17.4,0.01,False
RES000677,8.63,2.71,1.2,27,23,1.84,7.56,0.049,True
RES000678,4.98,1.51,0.69,38,41,1.2,0.52,0.089,True
RES000679,9.31,0.78,1.43,84,86,1.48,14.57,0.097,True
RES000680,8.04,1.28,1.08,53,55,1.19,10.93,0.044,True
RES000682,7.8,3.28,1.38,58,65,2.06,8.74,0.093,False
RES000683,7.14,0.49,1.04,19,27,1.25,24.39,0.033,True
RES000684,3.0,2.74,1.86,89,98,1.23,13.51,0.071,True
RES000685,8.12,1.72,1.78,78,82,2.0,9.84,0.05,False
RES000686,3.78,4.57,1.13,35,42,1.68,2.03,0.004,True
RES000687,9.75,3.63,1.86,20,21,1.97,10.96,0.062,True
RES000691,9.12,4.87,0.14,80,84,1.8,4.36,0.024,False
RES000694,5.43,4.25,1.62,41,48,1.23,12.4,0.05,False
RES000696,2.94,3.4,1.61,88,88,1.27,15.69,0.057,True
RES000698,0.05,2.29,0.98,19,15,1.07,8.75,0.075,False
RES000699,1.25,3.83,1.33,42,39,1.93,2.69,0.059,False
RES000700,4.06,3.3,1.84,48,53,2.05,14.02,0.03,False
RES000701,6.73,4.88,0.86,27,25,2.18,20.19,0.044,True
RES000706,8.01,3.3,1.34,40,39,2.45,24.27,0.041,True
RES000707,9.93,3.0,1.21,76,74,1.84,0.88,0.098,False
RES000708,3.86,4.9,0.88,48,50,2.17,11.23,0.024,False
RES000710,7.74,2.49,0.47,43,51,1.5,15.24,0.065,False
RES000711,9.69,2.35,1.24,28,25,1.19,23.98,0.068,True
RES000712,1.33,4.87,1.83,65,68,1.14,24.58,0.02,True
RES000713,4.56,4.54,0.07,88,96,2.28,3.49,0.019,False
RES000714,3.62,1.35,1.46,67,77,2.47,5.03,0.06,False
RES000715,4.04,2.2,0.81,36,44,1.25,14.88,0.04,False
RES000716,1.86,4.75,0.86,20,28,2.2,11.38,0.054,True
RES000718,5.82,0.13,0.06,35,34,2.31,1.46,0.002,True
RES000722,3.93,1.63,0.99,37,33,2.12,6.05,0.084,True
RES000723,5.36,1.39,1.62,67,67,1.15,20.79,0.055,False
RES000724,9.85,3.86,0.15,52,53,2.38,14.6,0.02,False
RES000725,1.78,3.01,0.34,40,35,1.51,18.22,0.04,True
RES000726,6.31,0.2,1.45,51,47,1.86,12.59,0.007,True
RES000729,1.83,1.82,0.32,25,32,1.38,13.72,0.031,False
RES000731,6.19,2.33,1.94,78,86,2.45,17.55,0.069,True
RES000733,2.12,0.73,1.05,60,68,1.77,9.17,0.098,True
RES000736,3.18,4.64,1.69,50,51,1.15,4.0,0.016,False
RES000737,3.18,1.25,1.86,31,35,2.13,3.35,0.03,False
RES000738,2.08,0.48,1.82,81,76,1.94,22.65,0.074,False
RES000739,5.86,3.43,1.04,58,61,2.05,16.37,0.08,False
RES000740,7.7,2.4,1.87,63,60,1.9,22.99,0.068,True
RES000742,2.78,0.74,0.78,22,25,1.12,15.4,0.076,False
RES000743,3.91,1.8,0.05,43,51,2.46,21.84,0.044,False
RES000745,0.94,3.17,1.98,53,51,1.22,5.61,0.009,False
RES000746,1.61,2.87,1.69,56,65,2.21,14.87,0.039,True
RES000748,1.42,2.86,1.05,19,26,1.41,18.47,0.099,False
RES000749,0.17,3.43,1.1,53,55,1.56,13.25,0.083,False
RES000752,1.45,0.24,1.2,47,45,1.81,24.46,0.043,True
RES000753,7.67,0.8,1.1,38,46,1.03,10.6,0.006,False
RES000755,4.98,3.73,0.95,79,77,1.72,1.97,0.081,False
RES000758,8.44,1.2,1.29,28,37,1.42,20.63,0.027,False
RES000761,7.05,3.26,0.4,80,87,1.73,10.5,0.013,True
RES000762,3.03,1.33,0.83,62,66,1.42,6.56,0.086,True
RES000766,9.43,4.5,0.12,23,31,1.9,18.97,0.086,True
RES000767,4.37,3.54,1.61,87,91,2.11,16.54,0.064,False
RES000768,6.45,1.81,0.9,90,85,2.36,2.14,0.062,False
RES000769,2.14,3.98,1.78,83,78,1.62,18.26,0.04,False
RES000770,4.0,4.82,0.86,46,51,1.44,22.03,0.021,False
RES000771,3.61,2.8,1.59,80,87,1.52,22.25,0.017,False
RES000773,7.93,3.94,1.49,24,24,1.21,5.47,0.035,False
RES000774,0.5,0.96,0.86,68,68,2.45,18.97,0.007,True
RES000776,1.93,0.19,0.03,29,33,2.48,18.38,0.094,True
RES000777,2.91,4.95,0.73,75,76,2.26,19.35,0.097,False
RES000779,1.65,0.43,0.31,61,63,1.76,23.12,0.085,False
RES000780,3.64,2.53,1.95,39,47,1.73,8.56,0.064,False
RES000781,7.8,0.95,1.37,59,59,1.31,4.12,0.009,True
RES000782,3.14,1.22,1.36,48,47,1.89,11.81,0.028,True
RES000784,2.28,1.38,1.36,16,23,1.71,15.49,0.04,True
RES000785,3.67,1.13,0.22,49,53,2.06,19.51,0.096,False
RES000786,5.12,3.18,1.84,51,51,1.36,4.38,0.078,False
RES000787,1.32,1.1,0.93,17,21,2.12,2.13,0.042,False
RES000788,1.74,1.76,0.86,44,47,1.61,22.24,0.084,True
RES000790,1.32,4.13,0.46,64,72,1.29,2.69,0.073,False
RES000795,6.06,0.69,1.72,86,96,1.91,11.16,0.094,False
RES000796,5.56,4.4,0.31,46,44,1.64,19.7,0.073,False
RES000798,3.16,4.9,1.64,24,32,1.44,2.61,0.095,False
RES000799,8.89,1.61,0.74,44,53,2.21,16.79,0.028,True
RES000801,9.84,2.4,0.78,23,30,1.39,17.0,0.042,False
RES000803,6.95,3.95,0.06,44,46,1.55,17.08,0.095,False
RES000804,1.75,3.68,0.86,47,43,1.32,20.33,0.034,False
RES000805,3.73,1.47,0.51,62,70,1.17,22.99,0.013,False
RES000807,9.31,0.09,0.24,35,39,1.75,4.67,0.098,False
RES000809,3.36,1.06,1.71,81,83,1.95,3.63,0.079,False
RES000810,8.43,4.21,1.45,76,74,1.88,0.35,0.084,False
RES000811,3.57,3.18,1.82,88,92,1.17,4.13,0.014,True
RES000814,9.77,3.05,1.64,72,80,2.05,6.44,0.023,False
RES000816,0.92,2.27,0.79,73,68,1.06,9.01,0.048,False
RES000817,6.87,1.21,0.1,83,83,2.13,14.94,0.025,False
RES000818,6.34,3.37,0.85,73,81,1.1,19.53,0.095,True
RES000820,5.01,3.86,0.94,69,70,1.44,10.35,0.052,True
RES000823,0.99,0.44,0.48,20,28,1.09,22.78,0.071,True
RES000824,6.04,0.37,1.89,84,83,1.04,3.36,0.089,True
RES000827,3.25,4.32,1.27,39,34,1.56,9.14,0.016,True
RES000828,1.91,3.17,1.78,27,32,1.82,10.83,0.049,False
RES000829,6.24,0.18,1.08,31,33,2.14,16.59,0.06,False
RES000830,3.3,3.96,0.62,45,50,2.25,22.03,0.055,False
RES000831,7.1,4.15,0.37,41,45,2.31,21.91,0.046,False
RES000833,4.8,0.96,0.57,58,67,1.64,20.31,0.023,True
RES000835,7.32,2.54,0.78,50,54,1.83,0.87,0.078,False
RES000838,4.41,3.14,1.72,60,64,2.29,19.65,0.071,False
RES000839,5.64,3.09,1.53,55,60,2.42,8.71,0.092,True
RES000842,7.04,3.72,0.42,30,33,1.34,20.95,0.013,False
RES000847,5.9,2.03,0.6,42,52,1.33,22.0,0.055,True
RES000848,5.33,4.13,1.64,33,37,1.6,23.17,0.02,True
RES000851,8.53,1.56,0.14,79,86,1.87,13.55,0.097,True
RES000852,8.11,1.55,0.59,34,34,1.86,9.89,0.002,True
RES000853,5.79,4.35,0.89,85,87,1.68,4.0,0.013,True
RES000854,5.81,1.61,0.49,58,55,1.22,6.52,0.002,True
RES000856,8.65,0.29,1.77,88,95,1.14,24.37,0.03,True
RES000857,9.51,0.25,0.75,62,60,2.31,17.22,0.039,False
RES000858,7.72,1.8,1.84,54,57,2.19,21.88,0.08,True
RES000859,4.28,0.96,1.02,61,69,1.58,3.87,0.031,False
RES000860,2.67,0.14,0.3,36,34,2.33,24.95,0.004,True
RES000861,1.81,1.94,0.43,21,18,2.07,12.62,0.045,False
RES000863,0.94,0.95,0.07,84,83,1.37,7.49,0.095,True
RES000865,5.87,2.08,1.17,42,44,1.81,5.44,0.034,True
RES000866,2.02,3.71,0.37,41,42,2.23,5.56,0.005,False
RES000868,1.66,0.64,0.77,50,58,1.28,17.85,0.039,True
RES000870,3.41,3.89,0.86,29,38,1.34,17.95,0.051,True
RES000872,7.96,1.3,0.88,19,20,2.23,0.83,0.086,True
RES000873,0.79,3.22,1.08,89,98,1.28,3.72,0.02,False
RES000874,1.52,4.59,1.07,82,81,1.41,10.11,0.059,True
RES000875,7.47,3.93,0.57,44,48,2.24,15.71,0.006,True
RES000877,6.61,2.68,1.54,46,51,2.48,0.45,0.037,True
RES000878,1.88,1.94,1.0,23,25,2.29,4.7,0.027,True
RES000880,0.26,3.76,0.02,28,25,1.85,16.3,0.048,False
RES000881,8.92,0.8,1.03,18,16,1.6,16.24,0.024,True
RES000882,8.18,1.92,1.04,70,77,2.12,14.97,0.002,False
RES000883,6.83,3.68,1.48,31,41,1.44,23.01,0.081,True
RES000884,0.13,4.62,0.66,73,71,1.77,7.28,0.032,False
RES000885,9.56,4.07,0.08,77,79,2.26,9.58,0.007,True
RES000886,1.88,3.0,1.49,78,81,1.28,17.33,0.099,False
RES000887,5.54,2.76,1.85,61,57,2.13,23.72,0.037,False
RES000890,3.12,3.62,0.59,42,41,2.24,6.09,0.041,False
RES000891,9.27,4.69,0.04,72,79,1.28,18.06,0.028,True
RES000892,0.81,4.5,0.61,82,77,2.35,18.92,0.065,True
RES000896,9.36,4.17,0.09,80,87,2.16,7.82,0.029,False
RES000897,5.73,3.68,0.72,47,44,2.21,16.91,0.092,False
RES000898,6.23,0.3,0.72,43,53,1.99,6.53,0.043,True
RES000900,3.11,1.69,1.5,58,55,1.4,5.82,0.003,False
RES000902,3.7,2.06,1.62,74,84,1.36,3.72,0.057,True
RES000903,8.92,0.12,0.84,30,34,2.46,19.36,0.01,False
RES000904,7.52,1.78,1.52,82,90,2.47,17.61,0.077,False
RES000905,8.22,0.85,1.39,34,41,1.25,0.61,0.099,True
RES000907,2.24,4.62,0.93,66,64,1.29,20.9,0.03,False
RES000909,5.57,2.88,0.81,29,35,1.06,7.29,0.099,False
RES000910,9.77,4.02,1.12,42,50,1.6,23.06,0.078,True
RES000911,3.06,4.52,0.05,71,72,2.48,22.87,0.034,False
RES000912,9.94,0.92,0.65,26,34,1.97,1.66,0.044,True
RES000913,3.0,3.86,1.53,69,65,1.58,19.55,0.031,False
RES000914,0.99,0.35,0.83,53,56,2.4,6.52,0.098,False
RES000915,5.33,4.32,0.84,20,29,2.3,17.62,0.07,True
RES000916,3.79,1.62,0.33,38,33,1.37,8.13,0.084,True
RES000923,9.47,3.71,0.39,77,87,2.28,14.87,0.051,False
RES000924,1.03,2.51,1.84,75,76,1.81,11.21,0.002,True
RES000926,9.3,4.07,0.64,21,30,2.07,16.46,0.061,False
RES000927,5.22,2.47,0.21,53,52,2.36,20.07,0.018,False
RES000929,4.84,2.83,0.3,23,26,1.61,20.17,0.087,True
RES000930,1.41,3.59,1.15,77,75,2.35,2.8,0.073,False
RES000936,3.46,2.35,0.29,38,41,1.1,4.5,0.092,True
RES000937,4.91,1.15,0.58,89,84,1.63,3.94,0.012,False
RES000938,8.27,4.29,0.12,21,21,1.35,1.89,0.079,True
RES000942,5.3,3.27,0.24,76,74,1.6,15.81,0.072,False
RES000944,7.5,0.86,0.7,24,21,1.05,13.84,0.027,True
RES000945,3.17,2.74,1.99,39,49,1.18,18.79,0.087,False
RES000946,5.79,0.63,0.05,77,73,1.93,22.08,0.033,True
RES000950,0.98,3.92,1.43,85,92,2.14,6.62,0.017,False
RES000951,1.7,3.55,0.98,60,64,2.26,8.67,0.048,True
RES000955,3.08,2.28,1.72,90,96,2.1,2.53,0.091,False
RES000956,7.38,0.61,0.76,45,52,1.85,2.8,0.079,True
RES000958,7.37,0.66,0.31,60,68,2.28,12.19,0.095,False
RES000960,5.49,2.25,1.85,23,25,2.42,16.59,0.036,True
RES000962,7.88,4.62,1.39,44,49,1.86,2.12,0.046,True
RES000963,4.67,4.21,1.11,50,52,1.49,21.14,0.05,False
RES000964,1.44,1.31,0.36,20,20,1.76,16.29,0.098,False
RES000965,2.95,4.47,1.78,61,63,1.83,21.8,0.094,False
RES000966,3.52,4.79,0.35,58,61,2.31,15.04,0.008,True
RES000967,5.26,2.33,1.54,23,30,1.56,7.98,0.061,False
RES000968,4.86,2.67,1.65,43,52,2.17,0.07,0.042,True
RES000969,7.97,0.79,1.6,22,27,1.26,23.66,0.082,True
RES000970,6.59,3.44,0.2,50,58,1.34,14.26,0.047,False
RES000974,7.0,1.7,1.82,46,47,2.13,21.47,0.067,True
RES000975,0.56,3.9,1.9,29,32,2.39,21.41,0.098,True
RES000976,3.64,3.37,1.81,48,47,1.15,20.08,0.065,False
RES000977,1.15,0.22,0.43,59,57,1.93,16.19,0.073,True
RES000978,1.78,1.02,1.2,64,72,2.43,8.19,0.026,False
RES000979,1.18,0.67,0.89,65,73,1.08,0.17,0.078,True
RES000981,0.08,0.45,0.66,77,84,2.47,13.25,0.024,False
RES000984,5.08,2.38,0.26,25,25,1.3,14.33,0.002,True
RES000986,6.45,3.36,1.48,50,60,2.12,16.9,0.072,True
RES000987,6.14,2.97,0.89,26,29,1.61,19.46,0.016,False
RES000988,3.97,4.49,1.14,84,79,1.92,8.32,0.019,False
RES000990,6.35,4.66,1.22,83,81,1.45,13.38,0.028,True
RES000992,3.09,1.57,1.57,52,47,1.62,2.32,0.08,False
RES000993,5.86,0.09,1.72,79,87,1.67,16.43,0.042,False
RES000996,2.76,3.42,1.96,59,69,2.04,6.81,0.08,False
RES000999,1.63,3.52,1.39,47,47,1.82,2.07,0.033,True
RES001002,1.16,1.28,1.39,63,71,1.15,20.3,0.001,True
RES001004,4.9,0.52,1.52,86,86,1.59,9.93,0.001,True
RES001005,6.0,4.67,0.98,83,78,1.12,3.0,0.091,True
RES001006,0.43,1.94,0.19,29,33,1.17,19.28,0.061,True
RES001007,0.17,1.14,1.48,36,32,1.19,3.66,0.089,False
RES001008,7.93,4.41,0.09,31,38,1.09,10.09,0.088,False
RES001009,0.6,3.99,1.43,89,91,1.54,21.41,0.02,False
RES001010,2.06,2.85,0.26,74,78,2.25,16.35,0.056,True
RES001011,8.93,3.48,1.89,23,33,1.35,4.05,0.054,True
RES001012,7.2,0.49,0.16,45,54,2.07,4.04,0.032,True
RES001013,0.9,4.16,0.25,87,88,2.23,1.74,0.023,True
RES001015,7.03,2.95,1.11,85,80,1.93,24.39,0.04,True
RES001016,5.29,3.4,1.36,48,50,1.66,15.22,0.02,False
RES001017,7.99,2.43,0.53,74,72,1.35,16.84,0.029,False
RES001018,8.49,3.31,1.75,45,47,1.61,3.04,0.022,False
RES001019,0.65,0.69,0.01,82,83,2.17,10.72,0.029,True
RES001020,0.43,1.28,1.11,36,33,1.39,14.29,0.056,True
RES001022,3.78,3.16,1.78,30,40,1.19,13.18,0.094,False
RES001024,2.94,4.68,0.41,52,49,2.15,8.96,0.047,True
RES001025,7.15,0.64,0.39,28,38,1.1,23.49,0.028,True
RES001026,7.51,4.06,0.98,84,87,2.25,14.77,0.071,False
RES001027,3.81,1.98,0.0,73,69,1.19,20.9,0.069,True
RES001028,2.16,2.93,1.98,50,55,1.76,9.7,0.041,True
RES001029,5.51,2.26,1.44,65,66,1.74,21.52,0.04,True
RES001030,4.51,3.07,1.19,76,82,1.09,12.34,0.037,True
RES001032,8.75,3.94,0.67,45,50,2.23,9.56,0.019,True
RES001035,8.76,1.06,1.23,30,35,1.62,18.26,0.087,True
RES001037,1.07,0.05,1.04,52,53,1.28,9.92,0.003,False
RES001038,7.53,3.18,0.29,70,77,2.07,14.46,0.086,False
RES001043,8.15,0.91,0.65,80,75,1.24,3.3,0.084,True
RES001045,0.86,3.64,0.74,82,85,1.26,6.33,0.057,True
RES001046,0.7,1.33,0.42,84,90,1.12,24.34,0.025,False
RES001048,5.98,4.32,1.04,53,63,1.56,8.54,0.097,False
RES001049,8.08,2.15,1.09,67,63,1.39,3.66,0.044,False
RES001051,6.57,1.5,0.16,37,40,1.96,2.55,0.073,True
RES001052,3.9,4.82,0.59,89,97,1.45,6.29,0.059,False
RES001054,7.64,0.35,0.02,24,24,2.45,14.41,0.015,False
RES001056,5.63,4.91,1.91,78,86,2.41,19.1,0.051,False
RES001057,9.66,3.06,0.95,69,77,1.52,6.39,0.086,True
RES001059,6.85,2.89,1.53,72,74,2.18,0.11,0.085,True
RES001061,1.34,4.07,1.46,44,44,2.47,14.64,0.051,False
RES001062,0.32,2.67,0.03,50,53,1.94,3.44,0.083,False
RES001063,9.4,0.11,1.63,31,41,1.5,5.6,0.002,True
RES001064,3.26,0.74,0.52,54,56,1.74,19.94,0.039,False
RES001066,5.25,4.1,1.23,82,84,2.48,6.44,0.085,True
RES001067,7.05,0.93,0.44,59,54,2.41,10.14,0.068,True
RES001068,2.16,2.84,0.11,79,75,2.11,1.46,0.023,False
RES001069,8.08,1.77,0.91,73,83,1.81,24.33,0.012,False
RES001070,2.11,1.71,0.92,65,70,1.29,0.71,0.034,False
RES001075,3.35,2.48,1.42,28,36,2.1,24.28,0.009,False
RES001078,8.92,3.57,0.43,26,28,1.57,13.14,0.064,True
RES001080,4.66,0.39,0.0,66,62,1.68,7.43,0.082,False
RES001081,3.43,0.56,0.17,41,51,1.43,16.77,0.025,True
RES001083,1.93,3.96,0.34,33,41,2.29,8.07,0.093,False
RES001084,2.78,4.87,1.13,84,92,1.8,4.24,0.091,False
RES001085,1.08,4.69,1.78,34,39,2.25,5.78,0.057,False
RES001086,3.53,2.34,0.78,66,70,1.44,14.49,0.017,False
RES001089,4.16,3.65,0.88,58,58,2.13,22.52,0.035,True
RES001092,0.42,3.48,1.32,67,67,1.92,13.9,0.057,True
RES001093,6.31,0.92,0.51,37,39,1.0,12.7,0.021,True
RES001094,6.05,3.94,0.11,45,50,1.03,2.0,0.064,False
RES001096,3.47,4.25,1.28,63,66,1.15,5.27,0.016,True
RES001097,1.48,4.15,0.19,43,40,2.39,1.9,0.042,False
RES001098,6.25,1.88,1.61,84,81,1.49,22.59,0.068,False
RES001100,7.33,4.94,0.51,46,43,2.46,6.76,0.036,False
RES001101,0.39,2.06,1.35,54,63,1.04,24.96,0.099,False
RES001103,0.41,1.77,0.69,55,63,1.97,2.28,0.065,False
RES001105,5.83,1.32,0.67,30,40,1.88,0.58,0.044,True
RES001106,4.14,4.21,0.52,27,31,2.19,21.48,0.068,False
RES001107,3.1,4.19,0.99,75,77,1.28,17.91,0.006,False
RES001108,8.49,3.26,1.51,33,36,1.0,2.91,0.069,False
RES001110,7.95,2.25,1.81,29,24,1.3,2.27,0.08,True
RES001111,0.42,1.71,1.79,48,53,1.84,7.19,0.034,False
RES001112,8.52,3.39,1.11,86,85,1.76,4.71,0.03,False
RES001113,1.13,2.65,1.72,22,32,1.02,6.05,0.064,False
RES001117,8.7,4.83,1.69,89,90,2.38,1.49,0.084,True
RES001118,6.18,2.28,0.18,24,21,2.36,24.43,0.095,True
RES001119,8.76,1.2,0.62,28,29,2.38,5.66,0.019,True
RES001120,0.01,4.77,1.16,84,91,2.49,11.65,0.023,False
RES001121,7.68,3.64,1.02,57,52,1.63,2.73,0.089,False
RES001122,7.63,4.82,0.33,77,74,2.49,18.86,0.07,True
RES001123,7.65,3.38,0.46,74,78,2.36,7.59,0.032,False
RES001125,4.11,1.74,0.43,16,12,1.61,3.67,0.027,False
RES001126,7.1,0.53,1.15,15,23,2.27,11.38,0.098,False
RES001128,5.33,2.51,1.64,39,45,2.32,9.69,0.095,False
RES001129,8.99,1.15,0.47,27,33,1.21,10.7,0.096,True
RES001130,8.59,2.26,0.84,74,70,1.85,10.64,0.02,False
RES001132,6.24,1.31,0.4,59,66,1.57,24.95,0.096,True
RES001133,0.43,1.11,0.88,76,77,1.22,24.2,0.076,True
RES001135,2.89,0.4,1.39,49,45,2.31,14.82,0.02,True
RES001136,6.64,4.78,1.1,57,60,1.71,23.07,0.083,True
RES001137,7.44,3.43,1.36,90,87,1.93,9.72,0.022,True
RES001139,7.15,0.41,0.11,20,20,2.14,20.58,0.079,False
RES001140,5.34,1.56,0.74,74,74,1.43,7.09,0.008,False
RES001141,2.68,4.91,1.55,84,82,2.0,17.75,0.057,False
RES001143,1.44,3.82,1.84,88,84,1.95,19.32,0.099,True
RES001144,1.84,4.59,1.16,60,65,1.76,1.58,0.084,False
RES001146,0.33,2.89,0.53,89,99,2.25,0.82,0.012,True
RES001147,4.88,2.25,0.63,31,33,2.47,0.39,0.09,True
RES001148,9.31,0.7,0.27,16,12,1.48,20.39,0.015,False
RES001149,3.78,2.8,0.22,58,63,2.42,23.18,0.094,True
RES001151,8.15,2.47,1.87,89,95,1.63,1.53,0.049,True
RES001152,7.7,4.43,0.48,21,22,1.14,14.19,0.001,True
RES001154,4.76,3.8,1.73,75,72,1.59,20.97,0.064,True
RES001155,1.38,0.4,1.07,19,21,1.24,5.11,0.054,True
RES001156,8.22,1.66,1.66,30,30,1.89,11.37,0.083,False
RES001157,1.69,0.41,0.04,44,43,2.5,5.29,0.003,True
RES001158,1.17,1.61,1.34,74,75,1.86,8.64,0.075,True
RES001159,3.78,0.13,0.94,38,48,1.24,0.59,0.008,True
RES001160,6.65,3.42,0.15,84,91,1.11,2.06,0.046,True
RES001161,4.95,3.71,1.8,17,20,1.84,10.55,0.082,True
RES001163,6.17,2.96,1.75,86,81,1.63,19.25,0.021,True
RES001164,7.75,3.67,0.43,71,75,1.28,10.03,0.071,True
RES001165,2.21,0.8,0.79,46,52,1.24,4.04,0.069,False
RES001166,1.71,2.03,0.42,70,77,2.35,18.47,0.099,False
RES001167,8.99,2.63,0.69,40,49,1.12,1.25,0.088,True
RES001168,1.78,4.14,1.67,55,61,1.56,7.8,0.042,False
RES001170,3.16,1.94,0.68,58,63,2.01,13.55,0.066,False
RES001171,1.47,0.5,1.49,63,66,1.98,12.44,0.07,False
RES001172,8.68,2.3,1.62,83,85,1.82,13.28,0.051,False
RES001174,6.94,2.58,1.47,80,89,1.57,7.15,0.015,True
RES001175,8.51,2.3,0.53,39,47,2.28,0.61,0.003,False
RES001177,6.62,3.23,0.72,47,51,1.74,22.54,0.052,True
RES001178,5.44,2.39,1.23,55,63,1.1,0.4,0.076,True
RES001180,3.14,2.28,1.0,76,76,1.92,24.46,0.012,True
RES001181,6.78,0.37,1.09,62,72,2.29,22.81,0.048,True
RES001183,9.84,0.73,0.84,29,30,2.4,8.26,0.097,True
RES001184,8.57,1.19,1.07,64,73,1.08,2.67,0.095,False
RES001185,4.57,3.01,0.37,51,50,1.05,5.27,0.045,False
RES001186,2.7,3.12,1.9,48,52,1.37,16.54,0.002,False
RES001187,2.36,3.35,0.25,69,74,1.7,23.59,0.093,False
RES001189,6.29,3.15,0.33,40,39,1.82,19.26,0.003,False
RES001190,0.41,1.8,0.67,18,22,1.26,10.8,0.013,False
RES001191,0.39,2.22,1.85,15,23,1.07,17.68,0.065,True
RES001196,4.69,2.79,0.78,69,78,2.29,18.66,0.032,True
RES001199,9.21,4.35,0.44,59,61,1.52,23.33,0.076,True
RES001201,9.55,4.79,1.02,33,37,1.02,7.47,0.045,False
RES001203,4.44,4.22,1.44,19,22,1.69,5.7,0.093,False
RES001204,8.53,3.87,1.82,78,75,2.39,21.79,0.013,False
RES001206,2.42,0.04,0.1,41,45,1.39,5.06,0.023,True
RES001207,3.52,0.62,0.85,77,79,1.18,15.61,0.098,False
RES001208,2.95,1.18,0.47,38,46,1.59,19.99,0.06,False
RES001209,4.73,0.17,1.31,16,20,1.82,18.02,0.092,True
RES001210,3.99,2.78,1.2,78,84,1.35,6.22,0.024,False
RES001212,4.54,1.24,1.4,68,70,1.41,20.21,0.034,False
RES001213,4.0,0.87,0.35,58,54,2.06,1.28,0.009,True
RES001214,1.31,3.26,1.64,24,22,2.04,22.21,0.071,False
RES001215,4.87,0.32,1.3,36,39,2.01,24.28,0.074,False
RES001216,7.28,1.98,1.25,33,43,1.82,5.64,0.082,True
RES001217,6.23,3.96,0.89,81,76,2.31,22.72,0.091,False
RES001218,6.07,1.13,1.67,57,59,1.44,20.41,0.016,False
RES001219,7.27,0.48,0.26,25,35,2.46,12.51,0.053,True
RES001221,2.8,1.39,1.77,39,43,1.66,5.86,0.003,True
RES001222,0.45,0.66,0.75,43,53,1.72,11.44,0.065,False
RES001224,9.4,4.48,1.34,43,47,2.09,21.66,0.019,True
RES001225,6.27,1.88,0.8,63,61,1.75,9.37,0.01,True
RES001227,5.29,1.21,0.75,55,60,1.68,9.75,0.013,False
RES001228,0.14,3.97,0.26,65,66,1.7,20.39,0.085,True
RES001230,1.75,0.1,0.62,22,24,1.1,17.53,0.083,True
RES001231,5.16,2.3,0.32,27,31,1.03,19.41,0.022,False
RES001235,5.58,3.78,1.01,82,92,1.88,10.57,0.03,True
RES001238,6.41,3.83,1.3,68,72,1.82,0.81,0.025,True
RES001239,0.09,4.32,1.49,56,61,2.05,11.96,0.04,False
RES001240,5.72,0.97,1.49,18,19,1.66,19.58,0.001,True
RES001243,2.18,0.49,1.64,15,11,1.47,12.92,0.082,True
RES001245,9.29,0.98,0.05,78,77,2.31,6.96,0.072,False
RES001246,9.99,3.77,1.28,77,72,1.52,19.34,0.09,True
RES001247,1.72,4.86,1.09,71,76,1.67,16.61,0.058,True
RES001248,5.57,2.35,0.88,83,80,2.1,16.54,0.092,False
RES001250,9.11,2.95,0.53,15,13,1.84,23.44,0.06,False
RES001251,1.11,4.93,0.09,34,32,2.14,20.35,0.008,False
RES001252,1.53,2.18,0.63,23,24,2.47,6.14,0.01,False
RES001253,2.45,0.03,0.23,59,63,1.65,6.35,0.056,False
RES001254,1.58,2.75,0.29,23,25,1.49,21.28,0.051,True
RES001256,9.13,1.12,0.45,51,56,1.28,10.34,0.025,False
RES001257,4.91,3.17,0.25,25,31,1.2,7.93,0.018,False
RES001258,4.95,2.27,1.03,26,29,2.12,21.54,0.034,False
RES001259,5.94,0.39,0.47,63,66,1.04,5.54,0.033,True
RES001260,8.07,0.8,0.16,35,41,2.23,14.69,0.087,True
RES001261,4.98,0.14,1.86,86,93,1.59,22.22,0.03,False
RES001262,8.56,2.56,0.31,25,33,2.15,15.51,0.022,False
RES001263,8.78,0.37,1.61,68,63,1.87,19.34,0.001,True
RES001266,1.13,3.58,0.83,68,75,1.36,13.17,0.01,True
RES001267,1.21,4.24,0.08,44,51,1.52,1.75,0.025,False
RES001269,0.43,1.43,1.74,21,31,1.35,1.17,0.051,False
RES001271,0.39,2.48,1.6,23,27,2.06,17.02,0.007,False
RES001273,8.62,1.92,0.12,38,46,1.69,18.32,0.064,False
RES001274,5.75,4.46,1.73,83,90,2.34,22.72,0.033,True
RES001275,9.68,3.76,1.64,77,81,1.1,24.53,0.056,True
RES001276,4.06,0.21,1.51,45,53,1.49,21.96,0.024,True
RES001277,7.44,1.28,0.98,18,23,1.61,0.16,0.07,True
RES001278,8.86,4.05,1.96,23,20,2.27,18.61,0.081,False
RES001280,3.81,0.93,0.16,72,72,1.72,9.97,0.05,True
RES001282,0.51,4.64,0.84,28,38,1.52,2.7,0.013,False
RES001284,2.48,4.41,1.09,44,47,1.84,2.25,0.098,True
RES001285,6.0,3.58,0.02,70,65,1.5,13.94,0.088,True
RES001286,9.01,1.8,0.53,81,89,1.74,17.63,0.026,False
RES001287,6.93,4.73,1.61,20,27,1.04,7.43,0.046,False
RES001288,7.99,3.41,0.92,41,39,1.85,4.61,0.08,False
RES001290,2.97,1.0,1.0,17,26,1.36,11.27,0.051,True
RES001291,1.15,0.14,0.81,80,83,1.82,9.59,0.012,True
RES001292,2.42,2.94,0.64,76,84,2.42,24.47,0.09,True
RES001294,9.18,2.52,1.34,20,21,1.72,21.77,0.081,False
RES001295,3.9,1.69,0.81,17,16,1.0,9.43,0.068,True
RES001297,0.29,2.27,0.36,76,78,1.16,21.66,0.019,False
RES001298,9.65,0.71,0.99,74,77,1.23,6.21,0.07,True
RES001299,4.48,4.42,1.89,45,45,1.86,21.57,0.051,True
RES001303,2.27,2.04,0.79,90,97,1.33,15.96,0.016,True
RES001304,5.06,0.57,0.3,42,48,2.07,5.09,0.008,False
RES001305,8.52,0.34,0.74,39,49,1.36,21.12,0.047,False
RES001307,9.29,2.14,1.94,80,87,1.31,7.24,0.065,True
RES001308,6.3,3.94,1.36,42,51,1.65,22.16,0.087,True
RES001311,9.65,0.13,0.91,88,93,2.12,11.92,0.024,True
RES001313,4.67,2.98,1.1,60,69,1.97,24.53,0.006,True
RES001314,8.46,2.25,1.69,39,47,1.75,4.07,0.043,False
RES001316,1.2,4.6,1.73,74,74,1.57,14.39,0.037,False
RES001319,8.42,1.83,1.36,28,30,1.7,14.95,0.089,False
RES001320,4.93,0.21,1.01,20,27,1.01,13.19,0.081,True
RES001321,7.78,0.24,0.52,77,84,1.36,23.84,0.009,True
RES001322,1.95,4.79,1.8,74,75,1.41,20.46,0.063,True
RES001324,2.83,1.89,0.25,88,94,1.25,16.34,0.001,False
RES001325,3.27,1.8,0.44,89,84,1.36,17.92,0.002,False
RES001326,4.16,1.94,0.48,37,42,2.0,10.29,0.084,True
RES001330,2.19,4.55,1.86,37,38,1.71,5.62,0.01,True
RES001331,7.28,1.56,1.22,86,94,1.26,21.18,0.095,True
RES001332,2.8,1.59,1.7,55,59,1.85,8.12,0.064,False
RES001333,3.23,2.0,1.47,49,52,1.56,6.72,0.084,True
RES001335,9.29,3.96,0.24,59,64,1.07,5.31,0.08,True
RES001338,2.43,4.14,1.15,34,44,1.86,10.96,0.003,True
RES001340,8.96,3.02,0.68,42,37,1.81,13.45,0.031,False
RES001341,3.45,4.1,1.58,68,76,1.77,18.21,0.006,False
RES001342,3.27,0.97,0.0,18,14,2.18,12.23,0.078,False
RES001344,10.0,0.18,1.22,17,14,2.03,18.97,0.033,False
RES001345,8.86,3.88,1.67,42,38,1.65,13.56,0.001,True
RES001346,6.31,4.5,1.21,45,51,1.38,1.61,0.015,True
RES001349,8.8,1.29,1.1,56,52,1.33,11.79,0.035,True
RES001351,1.74,2.8,0.46,63,64,1.79,8.49,0.078,True
RES001353,0.06,3.27,0.23,90,92,2.1,2.62,0.1,True
RES001356,0.91,1.9,0.1,60,65,1.34,10.83,0.034,True
RES001358,5.75,4.97,1.07,79,84,1.35,9.97,0.016,False
RES001359,9.65,2.2,0.51,66,67,1.64,8.14,0.004,True
RES001360,2.73,3.05,1.79,33,37,1.06,14.55,0.034,True
RES001361,5.54,4.9,0.08,44,46,1.72,23.34,0.049,True
RES001364,0.84,3.58,0.91,49,56,2.31,10.91,0.039,True
RES001365,4.83,3.31,1.78,53,53,1.64,4.62,0.051,True
RES001367,5.26,2.76,1.22,47,44,2.31,16.1,0.089,False
RES001368,9.47,4.06,0.76,66,67,1.17,5.16,0.055,True
RES001371,4.79,3.49,1.26,17,17,1.86,15.27,0.001,False
RES001374,3.93,3.1,0.27,58,53,1.67,18.14,0.039,False
RES001376,8.72,3.16,1.72,36,31,1.77,12.78,0.057,False
RES001378,7.99,3.66,1.09,80,75,1.47,8.51,0.053,True
RES001381,2.97,4.77,1.02,44,42,2.49,3.86,0.003,True
RES001383,2.56,1.29,1.41,23,32,1.55,21.45,0.039,True
RES001384,5.1,0.07,0.74,36,44,1.37,10.15,0.054,True
RES001385,4.16,2.15,0.76,51,50,2.39,21.85,0.051,False
RES001386,3.55,0.29,0.38,61,64,2.11,1.52,0.015,False
RES001387,8.36,4.05,0.15,26,22,2.02,14.45,0.086,True
RES001388,1.66,2.66,0.69,80,84,1.87,21.97,0.002,False
RES001389,6.39,2.54,1.97,16,13,1.19,1.25,0.009,False
RES001391,8.77,0.92,1.96,52,60,1.41,13.11,0.008,True
RES001392,2.9,3.08,0.88,74,83,1.2,22.89,0.093,False
RES001393,8.48,4.61,0.34,16,22,2.1,21.55,0.002,True
RES001394,7.46,2.37,1.26,89,85,1.32,16.01,0.065,True
RES001398,9.27,2.4,1.68,82,82,2.28,5.57,0.018,False
RES001399,1.07,1.11,1.14,86,94,1.47,21.32,0.069,False
RES001401,2.47,3.69,0.7,73,70,2.24,7.29,0.079,True
RES001402,3.92,0.86,1.51,45,40,1.83,17.46,0.057,False
RES001403,2.1,0.17,1.25,59,57,2.38,4.73,0.007,False
RES001406,2.1,0.13,1.02,52,53,1.49,18.61,0.094,False
RES001407,5.27,3.05,1.75,38,40,1.07,4.33,0.084,False
RES001409,5.64,4.52,1.99,75,81,1.56,2.15,0.09,True
RES001410,3.62,0.07,1.71,82,81,1.51,9.26,0.024,True
RES001411,1.88,0.02,0.66,29,38,2.19,2.02,0.057,False
RES001412,3.98,0.14,1.08,43,46,2.19,5.8,0.007,True
RES001413,5.44,3.14,1.55,24,26,1.87,19.55,0.055,True
RES001414,8.61,2.58,1.26,89,97,2.33,10.36,0.063,False
RES001415,3.34,2.47,1.02,43,40,1.94,18.11,0.083,True
RES001416,4.14,2.0,1.73,87,97,2.39,7.53,0.004,True
RES001420,5.22,1.02,1.33,28,37,2.06,19.14,0.041,False
RES001423,1.9,3.18,1.12,58,55,1.75,20.07,0.039,True
RES001426,5.91,2.4,0.82,83,79,1.58,20.26,0.019,False
RES001427,9.54,2.86,0.67,69,73,1.25,16.68,0.069,False
RES001428,0.73,1.6,0.23,44,41,1.21,9.82,0.094,True
RES001429,3.17,0.46,0.62,51,59,1.85,16.53,0.005,True
RES001430,1.48,2.71,0.01,65,63,1.81,8.08,0.082,True
RES001432,3.09,3.6,1.61,63,65,1.68,4.89,0.077,True
RES001434,3.99,2.63,1.35,60,64,1.4,10.01,0.065,False
RES001435,7.67,3.23,1.64,43,50,1.63,18.24,0.084,True
RES001437,8.13,3.73,0.16,63,58,1.76,23.47,0.076,False
RES001438,2.05,1.09,0.29,31,36,1.3,22.04,0.073,True
RES001439,2.52,2.89,1.76,29,30,1.17,4.03,0.052,True
RES001441,6.4,1.51,0.99,18,25,1.9,3.1,0.036,True
RES001442,0.04,1.32,1.51,20,20,2.01,0.12,0.091,False
RES001445,7.34,3.47,1.68,37,35,2.19,21.06,0.086,True
RES001446,5.64,4.75,0.24,72,68,1.39,7.16,0.052,False
RES001447,8.41,3.63,1.95,32,28,1.41,19.35,0.045,False
RES001452,5.2,3.78,1.81,83,85,1.05,14.78,0.019,True
RES001453,5.28,3.22,1.56,15,11,1.39,4.66,0.055,False
RES001455,5.96,0.74,0.63,67,74,2.21,7.81,0.085,False
RES001458,3.32,0.82,1.75,49,48,1.28,23.37,0.057,False
RES001459,5.55,3.63,1.75,40,39,1.7,17.3,0.013,True
RES001460,4.61,3.7,0.48,77,76,2.18,15.3,0.021,True
RES001461,3.75,2.51,0.98,70,78,1.19,8.24,0.004,True
RES001464,4.0,2.14,1.25,77,85,2.46,24.37,0.023,False
RES001467,4.49,0.56,1.7,55,56,1.46,2.19,0.075,True
RES001476,9.32,2.7,0.11,29,25,2.38,17.98,0.027,True
RES001477,3.06,1.21,0.13,17,18,1.43,9.27,0.02,False
RES001479,1.47,1.11,0.94,38,46,1.89,9.11,0.071,False
RES001482,9.14,4.78,1.33,82,81,1.74,24.82,0.06,False
RES001484,7.28,3.23,0.61,50,49,1.29,13.33,0.083,True
RES001485,6.7,4.59,0.94,65,74,1.38,8.94,0.085,True
RES001487,3.41,0.46,0.95,48,57,2.45,5.33,0.039,True
RES001488,7.19,1.9,1.51,50,45,1.3,12.93,0.053,True
RES001489,2.92,0.7,0.38,51,47,1.05,8.4,0.001,True
RES001492,8.41,1.76,0.56,83,91,1.47,21.94,0.075,False
RES001493,9.33,2.51,0.87,50,59,1.49,24.99,0.037,True
RES001494,7.14,3.16,1.12,39,38,1.12,13.52,0.016,True
RES001495,2.66,2.81,0.07,79,84,1.27,0.5,0.076,False
RES001497,5.67,0.83,1.2,44,45,1.36,14.12,0.015,False
RES001498,1.26,0.68,1.96,75,71,1.76,14.05,0.091,False
RES001500,4.04,1.11,1.42,30,36,1.51,13.11,0.005,False
RES001501,0.23,4.23,0.14,81,81,1.6,6.05,0.022,True
RES001502,1.54,0.79,0.0,61,70,1.69,15.11,0.057,False
RES001503,6.28,4.83,0.86,85,92,2.25,1.56,0.007,True
RES001505,2.46,0.78,1.53,58,55,1.35,24.25,0.026,False
RES001509,0.41,4.36,0.18,71,66,1.52,14.86,0.057,True
RES001510,6.62,4.39,0.37,62,68,1.61,20.17,0.071,False
RES001511,0.51,1.53,0.06,54,59,1.17,3.64,0.046,True
RES001512,8.98,3.88,1.61,82,79,2.05,6.95,0.009,True
RES001513,7.41,3.52,0.47,57,53,1.91,19.68,0.065,True
RES001514,9.38,0.08,1.17,42,48,1.6,11.47,0.062,True
RES001515,6.13,4.05,1.51,79,81,1.28,8.58,0.075,False
RES001516,4.3,1.11,0.93,16,18,1.44,16.81,0.048,True
RES001519,7.32,3.85,1.21,26,32,2.18,14.05,0.077,False
RES001520,0.69,1.85,1.45,68,69,2.22,7.21,0.076,False
RES001521,4.71,3.21,1.33,61,59,1.7,16.34,0.089,True
RES001523,9.43,0.55,1.67,43,47,1.32,8.76,0.056,False
RES001526,3.5,4.87,1.3,90,98,1.35,11.43,0.052,False
RES001530,3.44,1.05,1.5,52,53,2.41,6.15,0.021,False
RES001531,8.38,4.03,0.17,69,70,2.3,18.23,0.016,False
RES001532,9.72,3.66,0.62,29,33,2.43,20.81,0.049,True
RES001536,1.62,4.29,0.48,83,78,1.37,3.21,0.063,False
RES001537,5.53,4.1,1.55,80,77,1.34,8.97,0.011,True
RES001538,1.88,3.65,1.75,17,13,1.84,16.36,0.05,False
RES001539,4.18,3.69,1.12,49,59,1.52,0.38,0.092,True
RES001540,3.15,4.63,0.1,66,70,1.85,4.18,0.061,False
RES001541,3.87,1.3,0.6,17,22,1.43,18.74,0.012,False
RES001542,7.8,2.68,0.69,17,17,2.27,23.25,0.001,True
RES001543,6.8,0.36,1.44,71,66,1.94,24.5,0.048,False
RES001545,7.23,1.6,0.45,16,16,2.25,4.07,0.083,False
RES001546,9.57,1.83,0.08,40,38,1.11,0.37,0.073,False
RES001547,1.96,4.9,0.38,38,37,1.03,22.45,0.025,False
RES001549,9.16,1.3,1.37,51,52,1.45,23.72,0.02,False
RES001550,0.43,3.37,1.69,29,36,2.32,21.89,0.06,False
RES001551,7.95,1.55,0.35,90,87,1.62,8.8,0.001,False
RES001554,2.84,2.72,0.52,55,53,1.57,15.84,0.002,False
RES001555,0.05,4.57,0.91,38,42,1.93,18.61,0.088,True
RES001557,0.94,2.86,1.69,67,63,1.62,13.66,0.022,False
RES001558,8.0,1.93,0.19,83,85,2.21,0.5,0.095,True
RES001559,6.17,1.39,0.0,47,57,1.73,2.91,0.005,False
RES001563,8.78,3.64,0.06,61,62,2.03,4.25,0.03,True
RES001564,0.07,1.8,0.89,70,76,1.48,18.58,0.017,False
RES001566,7.02,2.55,0.12,84,87,2.38,10.9,0.026,True
RES001567,5.83,4.02,1.02,53,63,1.02,7.32,0.098,False
RES001568,0.02,2.31,0.56,78,85,1.36,11.56,0.089,True
RES001570,2.58,1.84,0.79,49,47,1.54,2.95,0.026,False
RES001572,1.02,3.48,1.24,63,73,1.67,23.54,0.022,True
RES001574,2.18,2.72,0.3,30,27,2.09,13.19,0.065,False
RES001577,7.04,4.46,0.17,86,88,2.2,2.65,0.068,False
RES001578,1.64,0.56,1.34,15,25,1.01,5.14,0.065,True
RES001579,4.67,3.25,0.77,31,39,2.22,24.59,0.042,False
RES001580,4.84,2.08,0.15,33,42,1.55,2.69,0.071,False
RES001581,6.41,1.06,0.91,80,81,1.47,13.28,0.083,True
RES001582,9.85,0.22,0.72,47,49,1.19,10.43,0.036,True
RES001583,0.04,2.36,1.19,44,46,1.26,5.45,0.039,False
RES001585,9.73,1.19,1.49,41,43,2.26,18.89,0.091,True
RES001587,1.61,2.88,1.6,20,18,1.41,14.67,0.087,False
RES001590,0.25,4.35,0.07,55,54,1.56,15.2,0.066,False
RES001591,2.58,4.7,0.02,69,74,1.76,7.7,0.1,True
RES001593,8.3,2.72,0.06,25,29,1.4,9.79,0.063,False
RES001594,8.87,2.07,0.94,63,62,1.2,20.07,0.066,True
RES001595,9.05,1.7,0.13,39,44,1.18,15.37,0.065,False
RES001597,9.54,2.12,0.9,34,34,2.29,8.53,0.028,False
RES001600,4.77,2.25,0.17,34,43,1.98,4.59,0.095,True
RES001602,8.89,4.85,1.87,67,75,2.08,22.78,0.051,False
RES001603,7.63,0.83,0.38,39,39,1.41,20.26,0.041,True
RES001604,0.28,4.26,0.56,80,79,1.33,3.79,0.039,True
RES001606,2.04,4.48,1.59,60,70,2.31,9.82,0.027,False
RES001607,7.98,4.95,0.54,42,40,1.91,24.39,0.086,True
RES001611,6.07,2.23,0.95,45,46,1.67,16.56,0.021,True
RES001612,0.37,2.69,1.31,29,36,1.8,20.0,0.046,False
RES001614,3.71,3.48,0.68,22,22,1.34,0.23,0.029,True
RES001617,1.57,1.64,0.47,70,66,1.52,4.12,0.023,False
RES001618,5.75,4.98,1.47,85,85,1.56,24.52,0.06,False
RES001619,6.03,3.05,0.59,37,32,1.18,18.49,0.061,False
RES001620,6.76,0.12,0.39,50,57,2.0,20.03,0.093,False
RES001621,6.28,0.65,1.87,74,71,1.16,24.78,0.096,False
RES001622,7.53,0.81,1.32,15,19,1.53,1.45,0.097,True
RES001624,8.55,0.92,0.13,57,65,1.05,18.15,0.032,True
RES001626,5.19,0.39,0.14,45,55,2.02,5.01,0.003,False
RES001627,4.07,0.95,1.1,23,18,1.78,20.52,0.051,True
RES001628,3.81,0.24,0.43,69,64,1.51,14.43,0.05,False
RES001629,2.29,2.25,1.27,55,62,2.4,10.99,0.095,False
RES001632,9.87,4.39,0.53,31,31,1.58,24.08,0.078,False
RES001633,5.46,4.53,1.35,31,38,1.53,20.37,0.032,False
RES001636,7.09,3.74,1.32,22,28,1.36,8.74,0.066,True
RES001637,6.82,4.06,1.29,80,88,1.57,8.48,0.077,False
RES001638,9.14,0.34,1.96,18,20,1.84,11.38,0.028,False
RES001640,6.49,3.52,0.52,62,61,1.99,11.06,0.013,False
RES001641,5.08,4.88,0.54,57,66,2.17,7.52,0.023,False
RES001646,2.82,2.43,0.82,66,71,1.22,3.75,0.081,False
RES001647,0.94,0.42,0.28,43,46,1.34,7.94,0.081,True
RES001650,6.35,0.82,0.19,80,79,1.7,17.25,0.039,False
RES001652,2.22,0.03,0.09,61,62,2.48,0.96,0.062,True
RES001653,4.34,4.29,1.02,34,31,2.03,2.25,0.016,True
RES001654,3.13,3.05,0.62,40,49,1.68,11.87,0.089,False
RES001656,0.71,3.05,0.75,50,53,1.8,11.44,0.083,True
RES001657,9.11,3.54,0.53,55,60,2.38,8.0,0.089,True
RES001659,0.98,0.16,1.33,19,28,1.17,14.92,0.075,True
RES001661,4.89,0.11,0.01,72,80,1.1,0.79,0.074,True
RES001662,0.38,1.98,1.52,33,40,1.28,20.93,0.068,False
RES001664,6.11,2.56,0.49,69,74,2.36,3.11,0.098,True
RES001665,1.23,4.36,1.99,36,39,1.49,22.01,0.032,True
RES001666,8.01,1.14,0.32,53,63,1.25,16.93,0.032,False
RES001668,0.08,0.16,0.95,28,30,1.22,13.29,0.015,False
RES001669,4.73,0.17,0.75,19,23,1.37,5.59,0.043,True
RES001673,4.51,2.09,0.44,67,77,1.99,5.81,0.027,True
RES001674,0.85,2.41,0.75,46,49,1.12,1.28,0.073,True
RES001676,9.51,4.89,0.67,61,58,1.3,0.25,0.01,False
RES001678,6.01,2.49,0.62,73,75,1.21,20.71,0.064,False
RES001681,8.43,0.64,1.46,60,57,1.78,13.11,0.098,True
RES001682,5.04,0.02,1.71,78,88,1.87,21.39,0.062,False
RES001686,3.41,4.76,1.46,46,48,1.84,18.84,0.023,False
RES001691,2.28,2.83,1.34,32,29,2.15,24.97,0.002,False
RES001692,5.54,0.81,1.37,78,85,1.66,20.34,0.091,False
RES001693,6.62,0.44,0.44,48,51,1.89,14.31,0.017,False
RES001694,7.9,4.95,0.05,25,34,1.17,22.98,0.029,True
RES001696,7.36,0.38,1.52,29,32,2.09,8.94,0.029,True
RES001697,1.07,1.91,0.97,43,45,1.61,5.64,0.086,True
RES001698,3.46,0.53,1.32,82,81,1.48,16.68,0.038,True
RES001699,5.01,2.88,1.93,32,39,2.36,24.43,0.094,True
RES001702,1.33,0.88,1.53,89,96,2.1,4.54,0.011,False
RES001703,4.06,3.9,1.28,70,69,2.09,1.2,0.006,False
RES001705,1.46,1.58,1.21,60,63,1.58,18.95,0.04,True
RES001706,3.15,1.84,0.58,42,47,2.14,18.19,0.026,True
RES001708,5.26,3.39,1.93,50,50,2.04,17.89,0.014,True
RES001709,4.75,3.13,1.99,24,19,1.15,10.08,0.099,True
RES001710,3.76,4.58,1.17,37,36,1.96,23.41,0.056,False
RES001711,4.58,0.52,0.75,19,29,1.31,19.61,0.024,False
RES001712,0.54,2.8,0.74,67,70,1.35,12.96,0.057,True
RES001713,4.03,4.71,1.22,18,18,1.05,10.49,0.016,True
RES001714,5.59,1.51,0.32,56,58,1.24,7.97,0.081,False
RES001715,7.27,4.3,0.33,48,51,1.13,20.94,0.027,True
RES001716,0.18,4.77,1.18,41,41,2.41,1.31,0.008,True
RES001717,2.41,3.82,1.97,79,88,2.25,3.53,0.008,True
RES001718,5.22,1.07,0.17,30,36,1.6,13.68,0.044,False
RES001720,6.77,0.27,1.76,48,46,1.63,9.55,0.082,True
RES001721,6.06,3.95,0.05,54,56,1.14,0.53,0.02,False
RES001722,5.82,4.36,0.66,86,82,1.26,13.58,0.069,False
RES001723,8.06,3.23,0.52,73,82,1.38,22.62,0.074,False
RES001724,1.73,4.06,1.87,75,76,2.24,18.21,0.078,False
RES001726,7.95,4.35,1.47,71,71,2.19,1.04,0.09,False
RES001727,3.31,0.25,0.54,37,35,1.2,22.56,0.044,True
RES001728,6.4,1.34,0.98,51,55,1.72,16.41,0.029,False
RES001729,7.96,2.11,0.36,62,60,1.96,3.93,0.041,False
RES001730,9.19,0.53,0.8,22,26,1.75,11.86,0.023,False
RES001731,8.96,4.67,1.28,22,19,1.09,0.07,0.049,True
RES001733,2.08,3.61,0.42,50,57,1.09,11.02,0.016,False
RES001735,2.6,1.66,0.31,66,67,1.78,19.1,0.001,True
RES001737,9.05,3.67,1.64,64,73,2.46,5.0,0.091,True
RES001738,2.85,0.63,0.19,72,79,2.29,19.45,0.043,False
RES001740,6.45,3.89,0.99,34,39,1.87,9.14,0.017,False
RES001742,1.73,3.36,0.07,45,52,1.16,17.58,0.098,True
RES001744,9.4,3.05,1.61,28,27,2.45,24.13,0.096,True
RES001746,8.46,0.15,1.23,84,79,1.6,9.73,0.017,True
RES001747,3.49,2.54,1.25,40,43,1.06,1.56,0.042,True
RES001748,1.71,0.4,1.76,55,61,2.28,5.7,0.034,True
RES001750,6.43,1.08,0.24,43,51,1.84,22.11,0.059,True
RES001751,2.65,0.25,1.0,15,24,2.5,3.76,0.086,False
RES001752,3.35,1.46,0.76,53,52,1.06,4.79,0.064,True
RES001753,4.78,2.52,1.41,18,26,2.42,5.37,0.051,False
RES001754,0.29,0.22,1.92,71,75,1.45,18.68,0.069,False
RES001757,8.16,2.02,0.37,27,25,1.68,20.09,0.044,False
RES001758,9.66,4.84,1.96,64,63,2.2,1.32,0.073,True
RES001759,4.46,3.35,0.64,58,68,1.63,4.17,0.023,False
RES001760,1.22,4.28,0.09,63,67,2.13,6.41,0.031,True
RES001762,1.95,0.42,0.56,85,81,1.08,17.55,0.051,False
RES001763,8.35,0.23,1.92,28,28,2.25,21.58,0.051,False
RES001764,6.51,1.74,0.49,54,62,1.98,16.08,0.033,False
RES001765,1.95,0.8,1.44,49,47,1.92,14.13,0.055,False
RES001766,8.76,3.55,1.41,55,56,1.64,9.1,0.094,False
RES001767,7.16,3.59,1.13,19,20,1.08,20.16,0.037,False
RES001769,9.61,1.6,1.79,67,75,2.3,15.01,0.0,True
RES001771,5.33,2.69,0.7,43,43,2.12,2.19,0.069,False
RES001772,3.28,0.4,1.25,43,46,2.2,11.43,0.1,True
RES001773,0.36,0.03,1.55,33,34,1.43,9.34,0.036,False
RES001774,1.91,0.92,0.11,46,50,1.86,16.39,0.088,False
RES001775,7.85,0.3,1.28,42,37,1.46,2.38,0.044,False
RES001777,6.56,4.85,0.35,36,40,1.95,6.22,0.032,True
RES001778,0.8,4.3,1.7,21,26,1.08,4.5,0.01,False
RES001780,1.59,2.97,0.47,44,52,1.09,14.46,0.005,False
RES001781,7.14,1.76,1.94,46,54,2.26,14.94,0.06,False
RES001783,4.4,3.62,1.24,70,70,1.27,19.95,0.018,False
RES001785,2.62,3.64,0.34,53,60,1.1,6.63,0.053,False
RES001789,6.66,2.52,0.42,43,52,1.72,12.33,0.089,True
RES001790,6.1,0.97,0.03,47,53,2.44,20.72,0.005,True
RES001792,6.9,3.09,1.81,16,15,2.34,19.46,0.097,True
RES001793,6.61,1.75,0.45,45,44,1.36,9.91,0.001,False
RES001794,0.68,0.56,0.22,55,59,1.31,7.7,0.028,True
RES001795,4.95,4.03,1.6,49,58,1.13,0.28,0.052,False
RES001796,6.22,0.23,1.03,71,80,1.58,18.49,0.002,True
RES001797,2.22,2.75,0.45,28,25,1.23,23.38,0.015,True
RES001798,7.92,0.02,1.49,24,24,2.34,14.72,0.039,True
RES001800,5.98,0.49,0.56,28,31,1.24,19.49,0.098,False
RES001801,4.88,0.8,0.51,34,38,1.94,9.81,0.023,False
RES001802,3.59,4.09,1.45,30,27,1.13,19.18,0.041,True
RES001804,1.58,4.26,1.92,19,21,2.45,18.35,0.091,True
RES001805,7.54,3.95,1.41,53,59,1.04,24.54,0.011,True
RES001808,9.9,0.08,0.47,60,59,1.65,16.78,0.073,True
RES001809,1.28,2.56,0.01,80,89,1.88,13.39,0.018,False
RES001811,7.34,0.6,1.86,48,48,2.15,21.97,0.005,False
RES001814,7.46,2.05,0.03,67,67,1.21,17.05,0.051,False
RES001815,3.26,2.13,1.42,59,59,1.91,17.66,0.064,False
RES001816,3.86,4.09,1.38,30,35,1.64,4.07,0.005,True
RES001820,7.16,3.79,1.3,84,84,1.27,9.15,0.057,False
RES001822,3.73,4.95,0.89,55,50,2.16,4.3,0.047,True
RES001823,4.02,2.37,0.25,64,69,1.18,16.82,0.063,False
RES001824,9.47,1.36,0.98,18,20,1.72,4.88,0.016,True
RES001825,6.16,0.36,0.17,57,55,2.11,10.68,0.036,True
RES001826,7.71,2.61,0.22,84,94,1.37,23.55,0.025,True
RES001827,0.6,3.48,0.43,68,78,2.33,9.77,0.046,False
RES001828,8.1,2.92,0.91,56,56,1.44,19.42,0.007,True
RES001829,4.66,1.14,0.67,60,65,1.11,9.62,0.023,True
RES001830,1.65,3.88,0.84,31,33,1.49,17.7,0.019,True
RES001831,1.45,3.75,0.25,50,58,1.55,22.69,0.015,False
RES001832,4.5,4.54,0.11,70,74,2.38,18.94,0.022,True
RES001835,8.24,4.45,1.85,54,59,1.74,8.84,0.076,True
RES001836,6.0,0.62,0.85,67,76,2.44,22.07,0.094,True
RES001838,1.29,1.31,1.41,34,43,1.82,10.85,0.026,True
RES001839,2.75,2.6,0.01,17,22,1.22,18.39,0.046,False
RES001840,6.08,2.35,1.93,64,71,1.6,15.28,0.043,True
RES001842,1.14,2.26,0.39,35,43,2.07,17.65,0.099,True
RES001843,8.94,0.55,0.14,77,86,1.8,12.47,0.001,True
RES001846,7.79,1.38,1.63,45,55,1.46,15.72,0.046,True
RES001848,1.9,0.72,0.13,42,37,1.08,9.39,0.092,True
RES001849,3.02,3.22,1.99,41,46,1.5,10.35,0.01,False
RES001850,6.89,2.07,0.94,83,80,1.38,19.75,0.076,True
RES001851,7.05,4.85,0.23,84,79,1.93,0.75,0.074,True
RES001852,6.24,4.71,0.89,19,19,2.04,14.41,0.007,False
RES001854,7.45,0.91,0.38,28,31,2.13,8.23,0.095,True
RES001855,5.96,1.64,0.46,36,45,1.21,19.47,0.051,True
RES001856,1.42,2.26,1.84,25,21,2.45,7.52,0.054,True
RES001857,5.61,3.51,0.42,21,23,1.77,10.36,0.043,False
RES001858,3.13,0.99,1.98,60,55,1.36,23.81,0.074,False
RES001861,1.26,4.49,1.49,72,79,1.57,22.78,0.037,True
RES001863,6.14,3.45,0.33,82,84,2.04,14.22,0.098,False
RES001865,7.97,1.42,0.94,81,80,2.05,10.49,0.086,True
RES001868,2.12,1.83,1.75,73,75,1.71,16.26,0.078,False
RES001870,9.25,0.86,0.15,31,31,1.81,13.52,0.034,False
RES001871,9.97,0.18,0.54,30,29,1.89,16.91,0.077,False
RES001872,0.32,2.78,1.08,69,77,1.19,6.93,0.066,True
RES001873,6.66,0.47,0.87,58,62,1.85,5.87,0.067,False
RES001874,0.4,2.08,0.77,48,49,1.21,15.7,0.068,False
RES001875,5.59,0.61,0.25,82,91,2.28,4.07,0.002,False
RES001876,1.12,2.12,0.73,40,42,1.74,6.23,0.008,True
RES001879,8.2,3.92,0.1,41,48,1.76,11.56,0.001,False
RES001881,6.48,2.04,0.44,63,73,1.4,17.07,0.076,True
RES001883,4.46,1.52,1.04,24,31,1.81,14.46,0.037,False
RES001884,0.42,4.88,0.24,60,55,2.37,21.99,0.04,True
RES001887,5.67,4.32,0.64,51,50,1.52,10.77,0.047,True
RES001888,1.25,3.07,1.17,66,70,2.12,8.01,0.003,True
RES001889,0.24,3.79,1.35,87,91,1.54,8.88,0.089,False
RES001890,5.75,2.31,1.1,68,72,1.03,14.6,0.076,True
RES001891,1.15,2.09,1.4,90,100,1.73,24.64,0.097,True
RES001892,3.09,3.2,0.77,15,11,1.55,7.28,0.02,False
RES001894,8.19,0.85,0.56,89,92,1.5,2.03,0.02,False
RES001895,2.97,2.07,1.25,31,29,2.42,8.72,0.027,True
RES001896,5.32,4.32,1.44,32,29,2.03,14.32,0.006,False
RES001897,4.07,1.18,0.4,82,79,1.05,20.78,0.079,True
RES001902,1.19,4.42,1.26,82,84,1.57,2.84,0.06,True
RES001904,2.2,2.84,1.61,57,65,1.18,12.58,0.031,False
RES001905,1.97,3.69,0.16,15,22,1.77,11.93,0.072,True
RES001906,8.32,3.82,0.47,57,60,2.05,5.64,0.092,True
RES001907,9.79,0.38,1.7,33,39,1.25,8.33,0.014,False
RES001909,0.1,2.48,0.24,56,57,1.21,7.79,0.097,False
RES001912,4.1,4.24,0.03,48,49,2.25,16.13,0.087,False
RES001915,9.75,2.55,1.8,83,83,1.2,1.72,0.098,True
RES001916,8.07,3.93,0.48,30,27,2.17,9.94,0.013,False
RES001917,4.39,4.84,0.32,34,40,2.13,9.36,0.045,False
RES001918,0.65,2.82,1.93,61,68,1.51,15.48,0.072,False
RES001919,9.01,3.3,1.36,62,66,1.04,23.94,0.031,False
RES001920,3.98,3.62,1.3,37,38,1.97,10.91,0.06,False
RES001921,0.78,0.66,1.97,63,68,1.62,22.3,0.005,False
RES001922,7.22,3.91,1.2,18,26,2.4,20.14,0.01,True
RES001923,9.19,0.16,1.38,21,19,1.31,9.55,0.087,False
RES001924,8.75,1.34,0.43,23,30,1.69,12.62,0.024,True
RES001925,2.75,2.32,1.55,71,74,2.38,21.82,0.086,False
RES001926,4.6,0.72,0.98,86,94,2.11,24.81,0.05,False
RES001927,0.31,0.19,1.49,71,74,1.52,9.97,0.077,True
RES001928,0.59,4.66,0.5,15,25,1.55,24.12,0.058,False
RES001929,5.17,1.94,0.72,44,49,1.06,13.72,0.059,True
RES001933,8.31,3.33,0.46,72,70,1.86,17.51,0.057,False
RES001934,9.22,4.37,0.76,61,61,1.13,14.19,0.048,True
RES001935,4.99,4.94,1.24,46,45,1.32,10.04,0.079,False
RES001936,0.26,1.64,0.94,39,47,1.3,17.19,0.014,False
RES001938,0.86,0.52,0.03,55,61,1.95,17.05,0.002,False
RES001939,7.36,1.35,1.71,84,88,1.28,11.96,0.017,False
RES001940,0.7,0.76,0.72,79,85,1.55,8.69,0.011,False
RES001941,9.11,0.41,0.11,83,84,1.78,8.48,0.054,False
RES001942,6.25,1.46,0.42,18,17,1.57,3.58,0.068,False
RES001943,3.0,3.38,1.31,72,72,1.73,13.74,0.061,True
RES001945,4.0,0.45,0.11,23,22,1.47,15.64,0.089,True
RES001946,5.96,2.07,1.0,73,74,1.52,20.86,0.087,True
RES001947,2.05,3.05,0.09,40,49,1.21,24.33,0.006,False
RES001948,8.85,2.21,0.47,80,81,1.9,14.39,0.042,False
RES001949,7.92,2.45,1.71,85,89,2.13,0.42,0.08,True
RES001950,5.25,4.04,1.25,47,52,1.37,4.52,0.036,False
RES001951,6.12,1.32,0.04,29,29,1.76,6.11,0.085,True
RES001954,3.56,2.02,0.64,16,16,1.79,2.18,0.003,True
RES001955,9.68,3.5,0.27,47,44,2.11,8.41,0.041,True
RES001956,8.09,3.59,0.02,89,99,1.07,12.31,0.076,False
RES001957,1.9,2.77,0.05,54,55,2.26,23.18,0.091,True
RES001960,8.24,3.32,0.05,88,83,1.48,21.12,0.09,True
RES001961,9.68,4.91,1.43,60,65,2.0,10.05,0.058,False
RES001962,2.85,4.68,0.02,34,43,1.71,0.55,0.034,True
RES001965,6.0,2.81,0.83,49,56,2.28,0.03,0.052,False
RES001967,8.42,2.96,0.44,75,81,1.33,9.41,0.005,False
RES001969,7.98,4.87,1.38,27,30,1.47,7.51,0.095,True
RES001972,9.79,4.93,1.97,63,63,2.48,19.57,0.022,False
RES001973,3.63,3.18,1.55,31,35,2.0,16.62,0.059,False
RES001974,8.16,3.53,1.95,40,47,1.19,2.92,0.027,False
RES001975,2.14,4.83,0.86,77,80,1.89,12.26,0.007,True
RES001978,6.79,1.76,1.12,84,83,2.1,18.37,0.089,False
RES001979,6.38,1.57,0.9,29,34,1.93,4.1,0.051,False
RES001980,1.22,0.52,0.23,29,36,1.02,1.46,0.038,True
RES001981,8.84,2.17,0.56,26,32,1.48,23.1,0.097,False
RES001984,7.05,4.15,0.93,28,24,1.39,4.98,0.095,False
RES001985,5.81,4.26,0.77,70,79,1.14,24.54,0.063,True
RES001986,6.5,3.45,0.66,83,87,1.08,6.05,0.067,False
RES001987,1.48,1.6,1.62,83,92,1.21,16.15,0.004,True
RES001988,6.75,2.38,0.57,23,31,1.42,0.63,0.068,False
RES001989,5.99,2.51,1.3,58,60,1.93,0.47,0.071,True
RES001991,3.82,0.79,0.33,27,31,2.19,6.88,0.035,True
RES001992,7.05,3.69,1.5,23,33,1.85,10.42,0.001,True
RES001996,3.69,0.14,1.38,89,85,1.21,17.74,0.065,True
RES001997,6.42,4.66,1.04,62,59,1.75,24.08,0.064,False
RES002002,9.51,1.58,0.0,69,71,2.17,20.96,0.041,False
RES002003,9.59,3.81,0.14,25,21,2.09,11.16,0.08,True
RES002004,4.15,1.41,0.44,67,71,2.0,19.08,0.09,False
RES002005,4.83,3.21,0.14,34,39,1.14,6.7,0.081,False
RES002008,8.9,3.44,1.73,35,30,2.05,14.41,0.045,True
RES002009,1.5,3.81,1.55,63,65,1.96,10.09,0.076,True
RES002011,8.89,2.28,0.63,82,84,1.46,24.3,0.076,False
RES002013,8.19,4.28,1.0,51,55,1.99,18.09,0.019,True
RES002014,4.21,3.72,1.61,63,69,1.73,17.01,0.022,True
RES002016,8.83,2.27,1.87,41,51,1.5,17.75,0.013,True
RES002017,2.25,4.51,0.95,57,63,2.07,16.83,0.076,False
RES002018,8.89,1.17,0.45,16,26,1.56,7.21,0.021,True
RES002019,5.91,1.57,0.68,85,83,2.48,7.47,0.054,False
RES002020,3.26,2.39,1.95,39,41,1.19,17.1,0.057,True
RES002022,0.2,3.97,0.08,36,42,1.94,4.81,0.095,False
RES002023,5.3,3.56,0.05,33,39,2.49,9.91,0.058,False
RES002024,4.0,1.2,1.47,75,83,1.08,24.0,0.047,True
RES002025,4.09,2.79,1.16,74,77,1.23,23.33,0.033,True
RES002026,4.21,3.72,0.54,68,66,1.21,0.97,0.068,False
RES002027,9.07,2.41,1.15,61,60,2.18,1.95,0.031,True
RES002029,3.8,1.44,0.32,74,75,1.2,12.58,0.09,True
RES002031,7.12,4.05,0.78,37,45,1.82,12.99,0.039,False
RES002032,6.93,3.25,0.7,26,30,2.23,13.46,0.089,True
RES002034,7.92,3.33,1.32,30,35,1.38,8.33,0.009,False
RES002036,4.83,2.14,0.51,26,26,1.52,13.9,0.015,False
RES002037,7.23,4.15,1.75,67,77,2.27,0.05,0.001,False
RES002042,0.83,1.1,1.09,53,51,1.97,9.88,0.096,False
RES002043,3.14,1.22,1.25,30,40,1.96,9.74,0.019,False
RES002044,1.94,1.7,0.2,17,13,1.84,11.61,0.047,True
RES002045,8.91,2.77,1.76,26,27,1.28,20.6,0.022,False
RES002050,4.18,2.65,0.27,23,32,2.42,17.99,0.066,True
RES002052,9.82,2.99,0.45,54,59,1.27,5.21,0.023,False
RES002055,1.19,1.09,0.63,38,43,2.29,18.25,0.087,True
RES002056,3.88,3.01,1.02,56,54,1.68,4.72,0.095,False
RES002057,2.31,0.69,1.2,17,25,1.25,21.73,0.079,False
RES002058,8.73,1.58,0.11,43,53,1.79,14.94,0.018,False
RES002059,8.2,1.71,1.77,89,91,1.49,4.43,0.086,False
RES002060,8.04,3.43,0.33,81,86,1.6,9.45,0.082,True
RES002061,4.44,2.29,1.19,78,74,1.12,6.7,0.092,False
RES002062,6.23,3.07,0.08,39,36,1.18,0.43,0.098,True
RES002063,6.98,3.34,0.71,29,37,2.15,20.44,0.041,True
RES002065,4.68,1.7,1.19,65,71,1.24,2.59,0.027,False
RES002066,8.31,2.94,1.93,50,56,2.2,21.94,0.087,False
RES002068,9.01,1.57,0.15,44,46,1.89,1.96,0.02,False
RES002069,0.3,2.67,0.73,70,73,1.29,8.2,0.094,False
RES002070,4.96,1.58,1.67,86,82,2.01,20.59,0.068,False
RES002072,6.25,3.24,1.63,84,94,1.6,19.07,0.06,False
RES002073,7.11,2.57,1.25,62,62,2.2,18.57,0.015,False
RES002074,7.87,3.19,1.75,24,30,2.32,4.05,0.1,True
RES002075,6.43,4.67,1.62,64,71,1.63,7.43,0.01,False
RES002076,7.24,2.06,1.52,54,60,1.93,8.35,0.034,False
RES002077,1.55,4.01,1.47,66,71,1.74,5.24,0.085,True
RES002078,9.15,3.96,0.41,66,63,2.29,16.0,0.028,True
RES002079,9.67,0.94,0.28,38,48,1.89,7.4,0.045,False
RES002080,7.08,4.55,1.72,29,30,1.16,21.29,0.083,True
RES002081,5.14,1.49,0.8,40,39,1.76,9.72,0.038,False
RES002082,7.97,3.8,1.13,25,21,1.47,24.68,0.004,True
RES002083,0.01,0.75,0.62,64,64,2.37,18.64,0.059,True
RES002084,0.09,2.24,1.12,46,49,2.39,18.67,0.023,False
RES002086,6.65,0.29,1.52,15,24,1.43,7.82,0.005,False
RES002087,1.05,4.65,0.68,44,50,2.44,3.2,0.091,True
RES002088,8.54,3.28,0.73,20,28,1.66,7.31,0.03,False
RES002089,2.96,2.23,0.37,49,47,1.62,7.61,0.044,True
RES002090,8.39,4.82,1.77,72,74,2.08,21.36,0.006,False
RES002091,9.94,2.51,1.91,19,26,1.68,6.34,0.066,False
RES002093,7.11,0.33,1.84,31,36,2.15,5.11,0.093,True
RES002095,4.11,2.76,0.12,23,26,1.27,5.07,0.048,False
RES002097,3.93,1.65,1.4,23,18,2.46,10.33,0.04,True
RES002098,7.86,0.14,1.08,57,66,1.58,8.67,0.038,True
RES002100,6.88,2.86,0.54,35,36,2.18,24.16,0.044,True
RES002101,2.81,2.34,1.07,41,43,1.56,7.6,0.071,False
RES002102,9.56,1.56,1.32,39,43,1.18,5.49,0.046,False
RES002103,5.03,4.87,0.64,76,83,2.31,1.48,0.073,False
RES002105,2.82,1.6,1.49,34,41,1.36,20.91,0.06,False
RES002107,5.7,0.89,0.62,23,32,2.46,2.45,0.031,False
RES002109,9.69,4.53,1.09,23,21,1.1,1.99,0.062,False
RES002110,3.18,1.82,0.44,53,63,1.33,17.56,0.045,False
RES002112,8.55,2.71,1.83,43,53,1.77,3.33,0.039,True
RES002113,4.27,1.42,0.64,84,88,1.68,21.53,0.025,False
RES002114,6.67,3.12,1.01,62,63,2.31,13.76,0.077,False
RES002115,5.99,0.9,1.93,81,82,2.12,19.28,0.07,True
RES002116,8.97,2.77,1.39,31,38,2.04,12.18,0.058,False
RES002117,3.12,2.1,1.32,68,74,2.32,12.66,0.063,False
RES002118,4.58,3.97,1.76,87,89,1.14,18.6,0.056,True
RES002119,8.03,4.53,0.13,86,91,1.41,19.91,0.098,False
RES002120,6.19,0.74,1.14,45,47,1.77,7.41,0.021,True
RES002124,1.66,4.4,1.62,81,87,2.38,11.41,0.099,True
RES002125,8.69,1.37,1.13,52,52,1.48,21.45,0.001,True
RES002128,4.34,0.8,1.55,22,32,1.2,13.79,0.024,True
RES002129,7.08,3.82,1.6,22,19,2.28,2.08,0.081,False
RES002130,5.81,2.73,1.91,82,82,1.82,2.33,0.05,True
RES002135,2.07,2.32,1.87,42,41,1.4,6.14,0.047,True
RES002140,4.49,2.11,1.36,23,18,1.0,2.06,0.08,True
RES002141,8.66,4.56,1.28,80,88,2.12,22.59,0.083,True
RES002142,4.38,0.66,0.9,27,24,2.46,22.0,0.017,True
RES002143,9.15,2.23,1.57,63,59,2.01,9.28,0.062,False
RES002144,0.55,1.21,1.4,19,27,1.62,10.39,0.079,False
RES002145,3.04,1.68,1.53,47,56,2.11,4.03,0.026,False
RES002146,2.03,2.45,1.26,89,88,1.93,15.35,0.017,False
RES002149,5.62,1.43,0.96,16,24,2.05,6.79,0.088,False
RES002150,2.49,3.66,0.08,68,76,1.58,5.75,0.003,True
RES002155,0.92,1.86,1.82,28,30,2.31,18.55,0.048,True
RES002156,2.06,1.61,1.22,48,52,1.0,2.41,0.059,False
RES002157,0.41,0.48,1.19,17,14,1.92,5.43,0.093,True
RES002159,6.47,1.67,0.06,72,72,1.24,4.06,0.057,True
RES002161,6.5,4.8,0.77,19,25,2.13,10.61,0.07,True
RES002162,7.27,4.29,0.8,21,28,1.67,21.66,0.04,False
RES002163,0.73,0.96,0.09,72,68,1.23,19.51,0.008,True
RES002167,8.32,0.13,0.92,44,49,2.1,22.18,0.023,False
RES002168,1.77,4.63,0.09,59,63,2.45,2.18,0.005,False
RES002169,8.16,0.76,0.01,75,85,1.94,22.64,0.033,True
RES002170,7.51,4.39,1.17,26,35,2.14,24.92,0.018,True
RES002173,1.99,2.9,0.13,83,91,1.51,5.65,0.028,False
RES002174,3.62,0.33,1.39,49,50,1.66,22.79,0.087,False
RES002175,6.46,1.2,0.15,37,45,2.05,21.96,0.049,False
RES002177,6.3,3.72,0.67,81,80,1.79,12.43,0.061,False
RES002178,6.18,3.46,0.47,42,52,2.2,17.78,0.014,False
RES002179,8.87,1.61,1.74,19,16,2.43,13.69,0.044,True
RES002181,3.55,4.66,0.82,65,75,1.7,6.64,0.004,True
RES002182,5.76,0.21,0.97,29,24,1.65,4.82,0.056,False
RES002183,7.14,2.67,0.21,30,37,2.29,5.81,0.054,False
RES002184,9.86,0.48,0.96,29,31,1.92,21.66,0.028,False
RES002185,5.25,2.22,0.28,54,52,1.82,0.62,0.017,False
RES002186,3.93,4.81,0.04,44,53,1.09,21.2,0.07,False
RES002187,2.72,0.13,0.55,88,98,2.48,3.85,0.091,False
RES002191,0.55,0.68,0.81,25,33,1.38,9.73,0.005,False
RES002192,6.26,2.0,0.41,60,60,2.38,16.2,0.069,False
RES002193,2.2,3.72,0.59,36,42,1.53,0.85,0.049,False
RES002194,6.56,1.94,1.17,88,83,1.59,11.19,0.023,True
RES002195,8.02,1.69,1.54,58,54,2.45,12.87,0.083,False
RES002196,5.12,3.22,0.65,19,22,2.07,3.02,0.012,True
RES002197,5.07,4.28,1.3,19,18,1.81,17.78,0.031,False
RES002198,8.34,2.93,0.01,52,49,1.86,8.28,0.029,False
RES002199,5.37,4.53,1.57,83,83,2.2,21.81,0.053,False
RES002202,2.35,2.48,1.97,40,42,1.97,17.15,0.024,True
RES002205,9.93,0.13,1.17,52,52,1.8,22.96,0.01,True
RES002206,0.3,2.26,0.53,33,31,1.96,21.77,0.093,False
RES002208,4.41,2.72,0.88,21,27,2.46,17.69,0.028,True
RES002209,4.21,3.51,0.74,36,43,1.14,8.68,0.027,True
RES002210,1.02,1.62,0.83,32,30,1.65,3.03,0.041,False
RES002212,4.61,0.04,1.25,82,77,1.9,21.04,0.059,False
RES002215,3.19,2.57,1.24,90,99,1.25,3.48,0.029,False
RES002216,0.91,0.41,0.78,58,64,1.82,20.35,0.033,False
RES002218,8.46,3.13,0.32,28,25,1.9,0.6,0.089,False
RES002219,4.03,2.38,1.38,15,18,1.94,17.42,0.091,True
RES002220,2.43,1.57,0.36,31,26,2.0,10.54,0.076,False
RES002221,0.32,1.45,1.86,38,46,2.36,21.73,0.075,False
RES002222,4.06,0.37,0.05,24,30,1.2,9.7,0.062,False
RES002223,7.75,4.68,1.58,84,90,1.85,21.25,0.073,False
RES002227,0.02,1.31,1.75,51,48,1.34,19.8,0.098,False
RES002229,1.18,4.67,0.76,17,26,1.91,22.55,0.005,False
RES002230,8.96,1.59,1.01,22,29,1.06,16.02,0.037,True
RES002232,8.71,2.34,1.93,86,82,1.25,1.3,0.022,True
RES002233,5.5,0.5,0.1,85,92,2.27,16.67,0.054,True
RES002234,8.92,2.62,0.21,71,79,1.93,9.85,0.026,False
RES002235,5.77,0.1,1.7,71,79,2.11,24.82,0.024,False
RES002236,0.13,1.25,0.36,36,40,1.17,16.72,0.001,False
RES002238,1.24,1.35,0.81,38,39,1.31,7.7,0.039,False
RES002239,9.94,0.36,1.77,32,27,2.01,12.92,0.012,False
RES002240,8.74,2.59,0.75,79,82,1.53,7.4,0.005,False
RES002242,3.23,2.65,1.51,21,25,1.64,2.37,0.086,True
RES002245,5.42,2.28,1.41,90,95,2.39,23.35,0.002,False
RES002248,7.86,4.62,1.51,24,31,2.38,11.11,0.03,False
RES002250,7.15,2.96,0.01,82,80,1.84,19.94,0.035,False
RES002251,2.91,4.21,1.32,67,77,2.5,17.89,0.016,True
RES002254,5.36,4.17,0.23,23,31,2.34,7.58,0.089,True
RES002255,1.72,3.51,0.4,41,42,2.35,20.65,0.043,True
RES002256,8.42,1.43,0.54,82,84,1.9,7.64,0.043,False
RES002257,7.72,0.56,1.62,88,92,1.46,21.76,0.043,False
RES002258,7.32,0.43,0.62,85,81,2.42,9.1,0.075,True
RES002259,7.86,2.72,1.67,29,25,2.5,22.32,0.041,False
RES002261,8.08,1.88,1.83,26,33,1.45,15.05,0.082,False
RES002265,1.35,3.13,0.45,52,53,2.03,17.33,0.083,False
RES002267,6.81,0.35,0.82,19,18,1.33,18.52,0.013,False
RES002268,7.93,2.54,0.7,31,34,1.32,1.25,0.069,True
RES002270,0.77,1.41,1.73,63,61,1.27,17.88,0.032,False
RES002271,8.5,4.07,0.88,90,100,1.05,15.62,0.084,True
RES002272,3.0,3.05,0.56,26,36,2.26,24.1,0.027,False
RES002273,8.4,1.1,0.85,31,40,2.36,19.75,0.069,True
RES002274,3.11,3.46,1.27,59,58,2.38,17.03,0.04,True
RES002275,6.81,4.51,1.02,36,36,1.36,0.92,0.044,True
RES002277,2.55,1.09,0.09,36,45,2.24,19.57,0.075,True
RES002279,6.54,0.62,0.29,22,27,1.81,19.26,0.066,False
RES002281,3.28,0.23,1.74,58,63,1.58,15.84,0.054,False
RES002283,8.71,2.91,0.6,16,22,1.7,4.28,0.082,True
RES002284,3.13,4.77,1.21,62,70,1.44,0.56,0.043,False
RES002287,9.27,4.7,1.45,73,81,1.75,1.86,0.055,False
RES002288,9.04,0.03,1.96,33,34,1.01,12.06,0.078,True
RES002291,7.18,2.89,1.29,17,26,1.21,9.34,0.029,False
RES002292,3.29,2.57,1.28,61,71,1.98,7.9,0.098,False
RES002293,8.04,4.51,1.6,23,25,2.19,4.83,0.008,False
RES002294,4.94,3.25,0.71,77,82,1.41,24.19,0.049,True
RES002295,4.51,1.95,1.5,17,13,1.21,22.53,0.004,True
RES002298,4.48,3.04,1.62,68,78,1.28,24.42,0.024,False
RES002300,8.32,3.35,1.0,73,74,1.18,18.13,0.053,True
RES002304,8.26,0.41,0.59,75,76,1.86,21.37,0.065,True
RES002305,3.35,2.14,0.23,90,100,2.18,20.45,0.046,True
RES002306,1.02,0.89,0.99,53,54,1.9,4.94,0.076,False
RES002307,2.31,1.29,0.24,29,31,2.47,17.14,0.031,False
RES002308,8.53,0.37,0.56,58,68,1.59,2.13,0.043,True
RES002312,0.6,1.64,1.81,44,45,1.21,22.27,0.063,False
RES002313,1.52,4.59,0.95,36,46,1.14,5.84,0.076,True
RES002314,1.96,2.41,1.21,51,60,2.16,11.79,0.049,True
RES002315,4.77,0.56,1.49,72,72,2.26,8.14,0.094,True
RES002317,7.85,2.36,1.84,30,36,2.33,15.96,0.063,False
RES002318,4.83,3.21,1.04,35,36,1.47,15.39,0.098,True
RES002319,0.71,0.26,1.48,57,66,2.11,2.17,0.012,True
RES002323,1.93,1.91,1.49,39,34,2.07,20.82,0.068,False
RES002324,1.37,1.94,0.95,79,77,2.19,5.43,0.009,True
RES002325,5.57,1.41,0.18,69,65,1.37,11.66,0.013,False
RES002326,3.14,4.02,1.64,46,50,2.46,1.71,0.049,True
RES002327,9.31,4.42,1.03,49,56,1.3,3.54,0.089,False
RES002329,8.39,0.08,1.76,71,69,1.02,9.29,0.063,True
RES002330,3.99,0.31,0.62,46,53,1.3,10.33,0.018,False
RES002331,3.77,1.36,1.87,39,35,1.75,4.87,0.084,True
RES002334,5.34,1.27,1.48,88,93,1.94,16.13,0.001,True
RES002339,2.48,2.42,1.02,83,78,1.95,1.75,0.016,False
RES002341,8.05,4.58,0.13,83,87,1.05,9.24,0.094,False
RES002342,6.52,3.08,0.34,80,86,1.37,9.59,0.095,True
RES002344,3.96,1.7,1.12,16,17,1.75,11.32,0.078,False
RES002345,8.9,0.38,0.04,78,78,2.01,16.91,0.037,True
RES002346,7.97,1.76,0.78,31,29,1.49,2.26,0.092,True
RES002348,0.34,2.55,1.59,62,59,2.32,1.11,0.073,False
RES002349,8.89,3.24,0.49,43,43,2.28,17.03,0.012,False
RES002353,5.61,4.42,1.75,69,74,1.75,14.55,0.011,False
RES002354,3.54,2.71,0.48,41,49,2.01,2.37,0.013,True
RES002355,8.0,0.31,1.07,27,22,2.08,10.62,0.099,False
RES002357,3.9,3.86,0.33,69,65,1.93,21.95,0.012,False
RES002358,2.56,4.4,1.06,74,82,1.28,8.31,0.033,True
RES002359,3.46,1.43,1.03,15,23,2.42,21.58,0.088,False
RES002360,2.52,2.46,0.17,17,16,2.2,0.31,0.068,False
RES002361,1.9,4.95,1.57,72,71,1.33,9.6,0.026,False
RES002364,8.42,1.81,1.13,65,66,1.95,23.24,0.02,True
RES002365,8.0,3.36,1.58,78,77,2.23,0.14,0.023,True
RES002366,3.07,0.33,1.65,73,75,1.5,0.33,0.043,False
RES002368,0.69,4.6,0.0,75,71,1.53,22.01,0.034,True
RES002369,8.39,2.92,1.13,60,67,1.01,7.35,0.071,True
RES002370,2.86,3.59,0.79,63,65,2.18,8.53,0.018,True
RES002371,4.57,2.02,1.04,26,25,1.86,10.84,0.056,True
RES002373,3.46,1.51,0.76,85,88,1.68,12.05,0.069,False
RES002376,6.42,2.8,0.36,89,88,1.64,0.48,0.03,False
RES002377,5.9,4.79,1.98,89,89,1.85,15.9,0.056,False
RES002378,9.14,1.4,1.49,51,57,2.25,8.29,0.019,True
RES002380,1.23,0.4,1.36,28,36,1.78,3.28,0.095,True
RES002381,7.47,3.33,1.29,19,23,2.12,4.86,0.097,False
RES002382,3.08,4.06,0.2,84,93,2.2,14.53,0.014,True
RES002385,9.09,1.21,1.73,72,78,1.44,0.99,0.086,False
RES002391,6.5,3.4,1.56,53,58,2.07,21.28,0.056,False
RES002392,9.65,2.28,1.36,68,63,1.46,1.79,0.069,True
RES002394,4.11,4.71,0.64,65,66,1.91,22.78,0.075,True
RES002396,8.64,4.36,1.79,16,17,1.52,10.23,0.023,False
RES002398,3.8,3.04,0.87,24,34,2.28,22.66,0.021,True
RES002399,1.61,1.17,1.21,62,58,1.14,18.39,0.022,True
RES002400,2.8,0.42,1.52,67,65,1.75,8.85,0.089,False
RES002402,2.66,0.43,1.36,55,61,1.27,9.08,0.043,False
RES002404,5.51,0.02,0.26,71,78,1.23,10.66,0.016,False
RES002407,1.49,3.99,1.09,27,27,1.49,7.72,0.005,True
RES002408,0.32,3.99,0.99,74,74,1.75,5.7,0.06,True
RES002409,6.51,1.3,0.21,71,76,1.85,23.09,0.094,False
RES002411,1.6,0.33,1.44,89,95,1.62,20.27,0.045,True
RES002412,7.4,4.39,1.15,17,25,1.96,22.53,0.069,False
RES002413,8.59,0.72,0.38,53,59,1.62,0.38,0.015,False
RES002414,0.6,2.41,0.15,76,78,1.35,13.54,0.037,False
RES002416,6.41,3.05,1.48,49,45,1.09,19.82,0.031,False
RES002417,2.14,2.25,0.73,43,50,1.81,14.05,0.098,True
RES002418,8.61,0.71,1.79,49,55,2.08,7.67,0.006,True
RES002419,9.58,1.53,0.3,83,79,1.86,24.88,0.028,False
RES002420,2.53,2.37,1.54,74,83,1.98,0.69,0.005,True
RES002421,7.36,4.87,0.37,46,56,2.0,3.74,0.022,False
RES002423,7.85,1.61,0.39,50,51,2.34,14.45,0.054,False
RES002424,3.42,4.82,0.29,60,70,2.46,23.84,0.026,False
RES002427,4.66,3.37,0.09,71,80,1.57,6.56,0.059,True
RES002428,2.6,3.49,1.87,71,73,1.01,17.06,0.002,False
RES002429,6.54,2.17,1.71,51,52,2.17,7.84,0.017,True
RES002430,4.86,1.11,0.28,86,87,1.88,20.7,0.006,False
RES002431,2.66,2.16,1.12,38,40,2.14,5.62,0.051,False
RES002433,8.07,1.81,1.18,86,86,1.51,22.49,0.013,False
RES002434,0.71,2.51,1.09,35,40,2.29,14.8,0.083,True
RES002436,6.84,4.82,0.1,18,26,1.24,21.89,0.071,False
RES002437,8.83,0.62,1.05,84,83,1.57,18.36,0.057,False
RES002438,8.21,2.82,0.83,90,85,1.1,19.93,0.012,False
RES002439,3.62,4.87,0.96,42,52,2.03,5.91,0.041,False
RES002442,0.36,3.75,1.54,89,94,2.33,24.84,0.009,True
RES002443,0.01,2.98,1.92,59,65,2.16,19.44,0.094,True
RES002445,9.58,0.4,1.54,64,71,1.28,23.34,0.013,False
RES002449,2.29,2.74,0.29,60,63,1.24,4.57,0.024,True
RES002451,7.32,0.65,0.3,62,67,1.62,7.9,0.027,False
RES002454,0.39,1.42,1.36,48,55,1.08,7.64,0.084,False
RES002456,5.81,0.67,1.39,72,80,1.75,16.28,0.033,True
RES002457,6.94,1.73,1.66,83,87,2.33,4.63,0.001,False
RES002459,3.14,0.98,1.17,40,40,2.27,18.25,0.04,True
RES002460,9.07,0.07,0.93,67,77,1.8,23.91,0.004,False
RES002461,9.01,2.14,0.99,72,80,1.1,20.88,0.041,True
RES002462,6.01,3.57,0.95,49,51,1.63,11.62,0.056,True
RES002463,2.84,2.37,1.24,40,43,2.47,16.67,0.002,True
RES002465,2.73,4.48,0.45,55,52,1.29,15.0,0.017,True
RES002466,3.13,1.09,1.79,73,68,1.4,7.2,0.029,False
RES002467,6.12,4.67,0.16,57,53,2.17,19.77,0.053,True
RES002472,6.76,1.63,1.15,44,49,2.04,16.9,0.023,True
RES002473,2.72,3.33,1.02,56,59,2.3,13.53,0.052,True
RES002474,2.72,1.9,1.16,17,15,2.48,7.71,0.065,True
RES002475,3.54,4.91,0.46,46,47,1.42,17.68,0.042,True
RES002476,1.34,4.29,1.25,56,51,1.44,16.79,0.072,True
RES002479,8.03,1.68,1.18,16,14,1.1,15.85,0.013,True
RES002480,6.72,4.93,0.05,22,18,2.28,0.79,0.06,False
RES002481,5.29,1.37,0.19,19,18,1.82,8.09,0.076,False
RES002484,3.18,4.43,0.3,62,66,1.87,6.51,0.026,False
RES002487,5.39,1.91,0.89,27,31,1.66,1.23,0.086,False
RES002488,7.59,4.63,1.85,71,80,1.53,4.7,0.08,False
RES002489,8.11,3.57,0.03,73,75,1.37,18.22,0.019,True
RES002490,1.33,2.1,0.72,24,34,1.63,24.11,0.016,True
RES002491,7.92,0.4,1.92,73,69,2.17,21.84,0.051,True
RES002492,0.09,1.2,0.31,34,34,1.62,17.14,0.006,False
RES002493,0.82,0.68,0.23,68,67,1.08,5.48,0.053,True
RES002495,8.94,4.41,1.84,80,81,1.67,8.64,0.059,False
RES002496,7.93,0.04,1.61,49,50,2.34,4.17,0.003,True
RES002498,3.84,0.83,0.9,71,80,1.71,17.97,0.076,True
RES002499,5.38,1.34,1.33,43,44,1.62,24.21,0.079,False
RES002500,6.3,3.22,0.28,51,59,1.52,11.04,0.004,False
RES002502,9.17,4.69,0.04,81,91,1.54,9.43,0.011,True
RES002503,8.84,4.15,1.52,70,80,1.21,5.65,0.074,True
RES002505,6.41,0.61,1.67,83,81,1.78,0.3,0.035,False
RES002508,9.33,1.83,1.83,61,71,1.59,8.83,0.031,False
RES002509,1.73,0.22,1.37,84,81,2.24,7.23,0.013,False
RES002511,7.23,1.75,0.1,19,27,1.34,15.92,0.041,False
RES002512,4.27,4.3,0.24,61,60,2.27,22.7,0.05,True
RES002515,0.89,3.02,1.27,59,66,1.28,23.59,0.042,True
RES002518,5.21,2.57,0.46,49,50,2.23,24.42,0.029,False
RES002519,7.32,3.19,0.24,48,51,2.08,7.19,0.022,False
RES002520,6.6,1.86,0.22,50,45,1.9,24.46,0.089,True
RES002522,4.78,2.7,0.42,37,43,2.45,11.29,0.075,True
RES002523,7.76,1.85,0.03,47,44,1.5,16.91,0.05,True
RES002525,2.91,3.55,0.52,50,54,1.17,17.91,0.091,False
RES002526,0.89,4.42,1.82,75,79,1.94,20.38,0.004,False
RES002528,9.02,2.02,1.2,38,48,1.76,2.05,0.079,True
RES002529,5.19,0.55,1.36,25,20,2.16,6.2,0.065,True
RES002530,3.9,2.64,0.57,71,79,2.26,18.25,0.067,False
RES002531,2.92,3.54,1.16,23,33,1.25,1.88,0.006,False
RES002532,6.04,3.95,0.77,84,81,1.83,14.27,0.024,False
RES002534,4.88,0.5,0.34,55,50,2.49,2.2,0.06,True
RES002537,7.87,2.98,1.92,52,51,1.95,23.8,0.062,True
RES002538,0.9,3.02,0.52,42,38,1.57,13.28,0.055,True
RES002541,7.06,4.15,1.05,89,95,1.31,16.94,0.066,False
RES002544,6.2,2.12,1.14,17,18,1.2,13.15,0.007,False
RES002546,5.81,0.25,0.34,31,29,1.22,21.8,0.065,False
RES002551,0.14,3.63,1.12,81,76,2.29,4.0,0.015,False
RES002552,4.34,0.0,0.75,46,43,1.42,17.79,0.03,True
RES002553,8.59,0.44,1.14,40,45,1.87,1.19,0.038,False
RES002554,7.15,0.68,1.35,38,40,2.12,24.46,0.033,True
RES002556,9.04,0.91,0.01,53,48,1.13,10.53,0.025,False
RES002559,6.02,2.55,1.98,78,81,1.99,15.4,0.095,True
RES002560,8.37,4.63,0.81,22,22,1.65,14.18,0.059,False
RES002561,3.34,1.73,1.53,46,50,1.28,22.72,0.02,False
RES002563,2.29,2.16,0.01,29,38,2.18,10.75,0.094,True
RES002564,6.5,0.63,1.33,60,59,2.31,9.09,0.098,False
RES002566,8.44,2.64,1.39,27,23,1.11,18.0,0.066,False
RES002567,5.64,1.73,2.0,80,89,1.72,22.2,0.072,False
RES002569,4.97,2.41,1.95,76,79,1.29,0.93,0.026,False
RES002571,7.36,2.58,1.79,69,72,1.76,14.3,0.086,True
RES002572,5.78,2.94,1.46,40,36,1.87,3.49,0.003,False
RES002573,5.2,0.55,1.73,47,50,1.6,24.5,0.089,False
RES002574,6.0,4.39,0.59,53,50,2.39,13.78,0.091,True
RES002575,3.71,2.38,0.5,52,54,1.8,18.18,0.074,True
RES002576,4.74,1.26,0.83,72,70,1.83,15.01,0.045,True
RES002579,3.21,4.91,1.28,71,75,1.23,10.62,0.018,False
RES002580,6.79,1.73,1.82,49,50,2.0,11.99,0.099,True
RES002581,2.78,4.86,0.37,59,60,1.33,8.83,0.081,True
RES002582,0.8,0.59,1.78,30,32,1.16,6.85,0.034,True
RES002583,2.68,2.01,1.11,77,84,1.31,19.41,0.054,False
RES002586,1.75,4.02,0.52,66,70,1.24,15.08,0.096,True
RES002587,9.14,4.0,0.25,49,52,1.69,11.02,0.065,True
RES002588,6.47,4.2,1.97,38,47,1.83,15.7,0.07,False
RES002589,8.61,2.1,0.52,39,34,1.39,5.75,0.09,False
RES002590,4.45,1.75,0.41,25,34,2.45,7.6,0.016,False
RES002591,7.97,2.04,1.21,24,31,1.67,24.13,0.024,False
RES002592,2.55,2.94,1.55,30,35,1.9,11.65,0.079,False
RES002593,2.9,3.29,0.2,21,24,2.36,2.52,0.001,True
RES002594,7.17,2.69,1.22,33,40,1.06,11.12,0.05,False
RES002596,6.78,4.47,0.24,15,11,2.24,18.59,0.089,False
RES002597,4.94,3.92,1.7,41,51,1.68,11.74,0.031,False
RES002598,3.46,1.65,1.72,39,38,1.11,22.02,0.064,False
RES002599,0.69,1.82,0.02,22,28,2.27,11.73,0.09,False
RES002602,6.3,1.13,0.12,29,32,1.38,23.68,0.083,True
RES002603,2.36,2.91,1.03,27,35,2.27,23.43,0.015,True
RES002604,4.49,2.37,0.45,55,60,1.11,9.84,0.085,True
RES002605,4.54,4.98,0.42,46,53,1.2,9.67,0.068,False
RES002606,1.63,3.67,0.6,89,87,1.13,17.46,0.011,True
RES002607,4.7,3.35,0.87,56,51,2.42,7.1,0.045,True
RES002609,7.58,4.96,0.48,36,43,1.62,23.9,0.062,True
RES002610,5.18,2.63,0.5,72,77,1.61,15.71,0.063,True
RES002611,0.19,0.13,1.34,84,87,1.44,0.29,0.024,True
RES002612,3.6,0.01,0.41,33,42,1.75,21.22,0.02,True
RES002613,5.56,4.91,0.3,63,64,1.24,2.37,0.028,False
RES002614,1.73,2.32,1.02,24,24,1.59,0.85,0.072,True
RES002615,5.15,3.96,1.62,69,71,1.67,17.95,0.005,False
RES002617,3.17,3.58,0.26,41,43,1.7,21.28,0.051,True
RES002619,9.84,2.33,0.08,89,95,1.75,8.94,0.035,False
RES002620,3.56,3.6,1.58,35,44,1.11,3.91,0.073,False
RES002621,5.24,4.15,0.53,51,60,1.59,16.66,0.001,False
RES002622,8.48,0.13,0.93,81,76,2.21,23.69,0.077,True
RES002623,0.28,1.32,0.03,72,77,2.23,15.92,0.016,False
RES002626,3.67,0.24,1.9,75,84,2.17,22.58,0.027,True
RES002628,8.87,1.28,1.04,27,36,1.81,17.32,0.041,True
RES002629,2.1,0.95,0.04,70,67,1.15,12.04,0.009,True
RES002632,7.8,3.76,1.65,46,43,2.41,24.77,0.019,False
RES002633,2.1,2.09,1.38,48,49,1.03,18.93,0.061,False
RES002636,0.78,2.38,1.62,19,26,2.47,5.69,0.077,True
RES002637,7.87,0.62,0.08,35,36,1.42,24.44,0.016,True
RES002638,1.89,2.92,1.27,69,68,2.27,1.16,0.096,False
RES002639,7.7,1.05,0.32,21,16,1.06,5.31,0.079,False
RES002640,0.59,2.78,0.6,57,56,2.05,6.27,0.076,False
RES002641,5.87,3.18,0.65,81,82,1.33,5.42,0.089,False
RES002642,1.42,0.92,0.56,55,56,2.07,5.59,0.071,True
RES002644,9.09,2.44,0.18,80,87,1.67,14.51,0.092,True
RES002646,7.61,0.5,1.17,56,64,1.42,24.57,0.035,False
RES002647,8.02,2.49,1.78,38,44,1.97,0.24,0.09,True
RES002648,9.14,0.29,1.59,66,75,2.06,16.39,0.065,False
RES002650,0.23,3.02,0.72,33,34,1.18,18.45,0.017,True
RES002651,8.94,1.27,0.63,69,69,1.02,10.85,0.033,False
RES002652,1.34,3.15,0.43,25,35,1.36,2.73,0.084,False
RES002654,9.2,2.86,1.44,49,55,1.09,3.74,0.037,True
RES002655,7.23,0.03,0.66,15,13,1.71,6.57,0.068,True
RES002656,0.26,2.94,0.88,60,61,1.76,7.37,0.045,False
RES002657,7.54,0.5,1.48,16,22,1.38,21.5,0.006,True
RES002658,7.89,0.3,0.44,38,44,1.3,23.26,0.016,False
RES002660,1.59,1.98,0.74,52,55,1.74,19.47,0.029,True
RES002661,5.08,1.01,0.25,63,73,1.18,4.58,0.01,True
RES002664,5.71,4.04,0.4,33,41,1.03,3.17,0.035,True
RES002667,7.18,4.17,1.04,16,20,1.68,19.41,0.072,True
RES002669,9.64,1.89,0.27,42,37,1.21,9.13,0.052,True
RES002670,9.24,3.22,0.01,75,72,1.7,22.56,0.024,True
RES002672,3.73,0.77,1.3,80,87,1.41,21.45,0.088,False
RES002673,7.59,2.98,1.41,37,34,2.04,23.56,0.073,True
RES002674,0.87,2.69,0.58,56,56,2.39,9.51,0.038,True
RES002676,0.24,2.56,1.49,22,32,1.9,9.24,0.031,False
RES002677,6.17,3.86,1.27,81,88,2.11,1.5,0.018,True
RES002680,9.84,4.64,1.4,62,66,2.41,11.53,0.076,False
RES002684,7.48,1.91,1.0,22,23,2.5,12.7,0.042,True
RES002685,2.22,4.97,0.05,18,20,1.03,19.44,0.056,True
RES002686,3.56,1.15,1.67,89,94,2.23,9.69,0.053,True
RES002687,2.16,1.43,0.89,59,56,2.17,2.21,0.001,True
RES002689,1.83,2.17,0.32,64,73,1.13,14.98,0.001,False
RES002690,6.77,0.76,0.78,39,43,1.12,0.24,0.004,True
RES002692,4.95,3.75,1.24,56,57,1.9,10.8,0.055,True
RES002693,1.96,3.58,1.14,34,44,1.43,15.86,0.022,False
RES002695,2.95,4.26,0.92,75,84,1.39,9.12,0.075,True
RES002696,4.48,1.7,0.82,16,23,1.23,12.64,0.039,True
RES002697,3.8,1.75,0.12,86,89,1.89,24.48,0.075,True
RES002698,4.55,4.53,0.67,61,57,1.94,2.34,0.092,False
RES002699,8.74,4.43,0.39,25,21,1.97,21.13,0.097,True
RES002702,0.8,3.83,1.94,86,87,1.06,17.77,0.044,True
RES002704,1.27,4.29,0.87,36,45,2.38,7.41,0.023,False
RES002707,6.53,3.67,0.96,82,88,2.48,2.78,0.083,False
RES002708,6.87,1.19,0.72,38,48,1.47,1.07,0.092,True
RES002711,4.39,2.12,0.04,86,94,2.34,8.13,0.084,False
RES002712,2.61,0.22,0.57,59,64,2.42,23.37,0.063,False
RES002713,6.17,4.87,0.46,52,53,1.68,6.03,0.066,True
RES002714,8.61,4.91,0.88,50,49,1.2,14.85,0.027,True
RES002715,7.53,1.97,0.9,69,78,1.51,13.1,0.069,False
RES002716,1.84,1.45,1.38,54,58,1.46,13.96,0.035,False
RES002719,2.06,0.25,0.7,21,22,1.94,9.27,0.082,True
RES002720,2.51,2.74,0.81,44,44,1.39,10.51,0.062,False
RES002725,4.98,0.6,0.72,38,46,1.29,2.2,0.098,True
RES002726,7.79,0.55,0.9,27,24,2.12,16.84,0.06,True
RES002728,2.14,2.46,1.33,39,47,1.45,17.6,0.034,False
RES002729,7.24,0.48,0.37,36,36,1.31,13.8,0.015,False
RES002730,5.97,3.45,1.13,15,24,1.32,14.57,0.043,True
RES002731,9.1,2.1,1.83,56,62,1.9,12.17,0.014,False
RES002734,4.5,4.23,0.72,51,57,1.83,17.36,0.074,True
RES002735,8.38,4.31,0.32,48,43,1.13,3.0,0.053,True
RES002736,2.97,1.57,0.02,74,74,1.33,14.97,0.049,False
RES002737,3.46,2.45,1.47,40,43,2.01,20.48,0.09,False
RES002740,8.0,3.95,0.52,39,37,1.43,14.95,0.062,False
RES002744,5.98,4.6,0.5,32,40,1.96,8.31,0.093,False
RES002745,7.61,3.97,0.13,25,23,1.25,21.18,0.033,True
RES002746,9.02,3.72,1.84,90,100,1.47,3.01,0.061,False
RES002747,5.85,0.26,0.1,89,96,1.4,21.31,0.056,True
RES002748,0.21,4.81,0.09,50,45,2.15,5.23,0.025,False
RES002749,1.18,1.79,1.37,63,73,1.71,2.66,0.08,True
RES002750,1.06,3.33,1.29,43,45,2.36,16.62,0.09,True
RES002751,2.37,4.46,1.36,65,72,2.2,24.19,0.084,False
RES002752,6.89,3.71,0.05,43,45,1.11,18.1,0.023,False
RES002755,4.59,1.65,1.91,66,61,1.08,16.74,0.012,True
RES002756,2.17,4.67,1.61,81,79,1.44,24.77,0.058,False
RES002759,4.72,0.54,0.84,86,83,1.11,20.39,0.042,True
RES002760,7.58,0.02,1.36,64,73,2.46,21.26,0.08,False
RES002763,0.49,3.89,1.16,34,36,1.68,6.08,0.005,True
RES002764,1.33,1.43,0.64,62,70,2.49,4.51,0.012,True
RES002766,8.68,0.15,1.09,52,54,2.02,3.66,0.023,False
RES002769,4.92,1.04,0.44,67,76,2.26,17.78,0.056,True
RES002770,2.85,4.91,1.65,39,36,2.16,20.53,0.008,True
RES002771,0.45,4.34,0.21,80,75,1.58,1.47,0.013,False
RES002772,0.53,0.43,0.25,84,80,1.65,24.94,0.07,False
RES002773,8.03,2.98,0.06,40,40,2.05,3.08,0.057,False
RES002774,0.4,0.22,1.74,36,44,1.58,2.3,0.091,False
RES002775,6.98,4.84,0.23,57,56,1.85,11.27,0.029,False
RES002777,9.66,1.39,0.99,90,100,2.2,8.76,0.097,True
RES002778,9.62,3.47,1.65,48,54,1.01,8.48,0.048,True
RES002779,9.27,1.58,0.19,50,56,1.86,9.42,0.039,True
RES002781,0.08,0.87,1.23,45,49,1.35,5.03,0.024,False
RES002785,5.39,2.03,1.8,80,85,1.06,0.07,0.078,True
RES002786,8.31,3.67,0.13,25,30,2.04,19.6,0.059,False
RES002792,7.32,0.53,0.67,33,43,1.9,11.45,0.067,True
RES002793,2.0,3.86,0.11,50,47,1.86,1.95,0.024,False
RES002794,5.8,0.69,0.27,48,58,1.06,11.62,0.09,True
RES002795,1.67,1.31,1.75,41,38,1.86,20.91,0.081,False
RES002796,6.61,2.14,1.25,75,73,2.3,20.27,0.068,False
RES002800,0.26,4.96,0.57,80,81,2.09,13.67,0.059,False
RES002803,7.44,1.28,1.72,89,91,1.71,7.26,0.06,True
RES002804,6.03,0.7,1.76,84,85,2.32,5.56,0.037,False
RES002806,4.9,1.74,0.06,42,39,1.43,14.26,0.002,False
RES002807,3.39,0.42,0.83,80,79,2.02,21.96,0.006,False
RES002809,7.11,2.39,1.54,50,50,1.32,17.35,0.058,False
RES002810,5.17,1.38,0.79,77,83,2.18,7.49,0.008,True
RES002811,5.76,0.79,1.75,20,15,1.53,17.88,0.029,False
RES002814,4.17,1.67,1.59,89,85,2.06,7.55,0.052,True
RES002815,9.03,4.96,1.74,54,51,2.33,3.28,0.098,True
RES002817,1.75,1.51,1.45,35,40,2.29,20.57,0.01,False
RES002818,4.87,0.63,0.17,88,96,2.35,7.96,0.017,False
RES002819,2.37,4.44,0.76,79,85,2.24,6.24,0.02,True
RES002820,7.87,4.74,0.78,48,53,1.02,18.01,0.03,False
RES002825,9.77,2.15,0.8,71,66,1.55,4.32,0.094,True
RES002826,2.96,0.63,1.67,59,67,1.73,0.56,0.082,False
RES002827,7.46,2.26,0.43,39,37,1.21,3.68,0.025,True
RES002828,8.85,3.92,1.06,32,29,2.42,11.49,0.048,True
RES002829,9.79,2.83,1.34,54,55,1.76,22.99,0.035,True
RES002831,6.22,0.25,1.99,45,49,1.59,15.59,0.098,True
RES002832,6.96,2.7,1.04,84,83,1.92,2.02,0.002,True
RES002833,6.91,0.41,1.68,36,41,1.97,19.2,0.072,True
RES002834,1.47,1.12,0.49,29,35,1.13,16.62,0.067,False
RES002835,5.41,3.56,1.92,52,60,1.53,11.94,0.031,True
RES002837,0.03,3.24,0.9,43,45,1.26,8.17,0.068,False
RES002838,3.66,2.86,0.52,44,49,1.0,23.82,0.045,False
RES002839,5.62,3.75,0.55,87,84,1.39,8.48,0.08,False
RES002840,9.23,0.74,0.69,22,30,2.16,24.68,0.013,True
RES002841,2.53,2.89,0.27,39,42,1.73,11.28,0.093,True
RES002842,7.7,3.0,0.5,64,62,1.71,24.41,0.036,False
RES002846,7.65,3.02,0.93,44,48,2.11,0.76,0.0,True
RES002847,5.5,3.34,1.14,68,71,1.36,4.97,0.078,False
RES002849,8.51,2.04,0.62,55,55,1.97,3.41,0.047,True
RES002850,3.57,4.17,1.54,19,20,2.46,5.67,0.063,False
RES002852,7.58,1.84,0.16,57,60,2.26,5.82,0.015,False
RES002853,2.51,4.53,1.17,49,47,1.28,17.02,0.067,True
RES002854,5.61,4.61,1.9,38,46,1.4,14.53,0.075,False
RES002855,9.94,3.53,0.42,61,67,1.13,10.69,0.077,True
RES002857,6.13,1.06,0.16,42,40,1.32,16.63,0.07,True
RES002859,1.68,4.42,0.51,49,44,1.37,2.39,0.071,False
RES002861,6.71,0.68,0.09,77,83,2.0,6.62,0.09,True
RES002863,7.24,0.36,1.53,33,42,1.02,2.58,0.049,True
RES002866,7.19,0.83,0.09,55,60,1.73,2.51,0.068,True
RES002867,5.15,3.09,0.45,37,45,2.06,14.82,0.006,True
RES002868,0.75,1.91,1.91,24,33,2.28,7.79,0.018,False
RES002870,3.21,2.54,0.53,36,35,1.95,15.71,0.002,True
RES002871,5.51,3.69,1.38,88,95,1.08,20.97,0.091,False
RES002872,5.85,1.99,0.27,31,41,1.0,19.02,0.063,False
RES002873,4.58,4.69,1.01,85,94,2.41,22.27,0.009,True
RES002874,3.61,3.53,0.44,76,72,2.23,22.08,0.069,True
RES002876,1.63,0.38,0.48,16,17,1.81,7.52,0.024,True
RES002879,9.72,1.63,0.11,39,40,1.42,7.84,0.089,True
RES002880,4.02,1.46,0.37,81,86,1.76,13.23,0.075,False
RES002881,6.63,3.41,0.46,47,54,1.41,10.13,0.048,True
RES002882,0.05,3.74,0.24,42,46,1.03,6.77,0.034,True
RES002883,1.3,3.89,0.67,87,89,1.23,21.03,0.009,True
RES002884,4.54,3.98,1.93,84,88,1.71,0.11,0.089,False
RES002885,1.24,1.12,0.88,53,50,2.49,19.34,0.04,False
RES002886,8.62,4.77,0.56,86,85,2.11,9.57,0.068,False
RES002889,9.24,1.15,1.95,28,29,1.63,7.0,0.029,True
RES002890,7.15,1.7,1.57,86,88,1.08,19.63,0.062,True
RES002892,1.1,3.33,0.35,84,86,1.67,1.83,0.02,True
RES002893,5.4,0.71,1.09,59,59,1.14,2.34,0.044,True
RES002895,7.64,2.68,1.8,26,26,1.18,0.24,0.052,False
RES002896,7.82,0.95,1.61,48,54,2.29,9.93,0.001,True
RES002897,9.08,1.09,1.4,75,78,2.48,9.85,0.069,False
RES002898,3.86,4.14,1.44,26,23,2.3,22.44,0.085,True
RES002900,5.23,0.74,0.58,64,71,1.45,24.47,0.095,False
RES002901,3.95,1.15,0.46,57,58,1.55,0.16,0.051,False
RES002902,8.56,2.33,0.18,74,83,1.26,1.8,0.026,False
RES002905,8.07,2.1,1.63,60,62,1.26,7.43,0.04,True
RES002907,7.51,2.18,0.38,84,80,1.48,6.35,0.055,False
RES002908,7.66,2.15,2.0,27,34,1.52,9.26,0.084,True
RES002912,6.85,4.96,1.1,19,26,1.15,22.74,0.08,False
RES002916,3.05,0.55,1.46,55,56,1.64,7.44,0.049,True
RES002920,4.6,4.48,0.56,61,69,1.62,8.01,0.072,False
RES002921,0.05,0.97,0.57,52,58,2.3,12.62,0.049,True
RES002922,5.25,0.78,0.34,40,36,2.47,17.97,0.064,False
RES002923,2.8,1.78,1.41,38,43,2.25,17.58,0.068,False
RES002924,1.69,0.58,0.08,67,68,1.18,4.48,0.008,True
RES002925,0.22,3.1,1.43,25,31,1.4,1.17,0.002,True
RES002926,4.53,3.49,1.82,42,46,1.62,16.02,0.018,False
RES002927,9.14,4.62,0.07,29,26,1.86,16.68,0.046,True
RES002928,5.94,3.35,0.16,48,49,2.08,22.4,0.088,True
RES002929,9.16,1.3,0.76,80,79,1.7,3.53,0.096,True
RES002930,8.76,2.52,1.57,33,30,1.14,22.36,0.075,True
RES002931,5.96,4.93,0.32,47,51,2.16,15.3,0.085,True
RES002933,9.42,0.48,0.86,83,86,2.29,7.9,0.042,False
RES002935,0.27,1.87,1.41,68,76,1.7,0.26,0.076,True
RES002936,5.17,4.14,1.15,41,43,1.97,21.27,0.073,False
RES002937,3.95,0.9,0.73,59,67,1.44,13.76,0.086,False
RES002939,7.17,2.98,0.26,28,23,1.56,1.82,0.079,True
RES002941,9.67,4.76,0.0,54,54,1.82,10.16,0.088,True
RES002942,4.43,1.94,1.36,67,66,2.4,3.82,0.032,True
RES002943,9.19,3.49,1.19,27,26,1.49,9.32,0.033,True
RES002944,2.86,2.86,1.55,64,71,2.19,21.72,0.04,False
RES002947,5.02,1.71,1.62,47,44,1.96,14.68,0.093,False
RES002949,8.01,4.16,1.47,72,68,1.31,9.27,0.002,True
RES002950,6.95,3.34,0.4,77,84,1.94,23.88,0.091,True
RES002951,2.51,1.87,1.83,81,84,1.26,20.87,0.067,True
RES002952,7.78,2.45,1.6,31,38,2.17,19.97,0.016,True
RES002954,7.99,4.68,0.28,63,66,2.46,4.68,0.07,True
RES002955,1.27,3.96,1.77,56,64,1.2,11.08,0.086,False
RES002956,5.7,4.48,0.34,26,32,1.77,3.32,0.079,False
RES002957,8.84,0.9,0.92,32,42,2.0,22.02,0.051,False
RES002958,3.34,4.04,0.24,90,87,2.04,21.66,0.046,False
RES002959,6.37,1.61,1.49,39,47,1.74,23.47,0.074,False
RES002961,2.65,4.34,0.82,28,34,2.16,4.38,0.004,False
RES002962,8.11,0.11,0.07,80,77,2.4,17.0,0.047,False
RES002964,0.86,3.32,1.0,61,70,1.34,2.51,0.03,False
RES002970,5.65,0.62,0.5,79,88,1.31,5.93,0.026,True
RES002971,8.72,2.19,1.14,71,73,1.4,4.54,0.016,False
RES002972,6.98,0.86,1.63,54,62,2.22,13.61,0.011,True
RES002974,3.06,4.52,0.44,41,50,1.17,8.36,0.025,True
RES002975,7.12,0.32,0.42,46,51,2.18,3.65,0.003,True
RES002977,3.51,3.31,1.7,58,58,2.5,2.56,0.09,True
RES002978,1.95,1.19,1.59,31,40,2.41,21.98,0.012,False
RES002979,5.97,2.47,0.23,86,87,1.68,7.2,0.013,True
RES002982,5.66,1.77,1.35,69,76,2.27,4.65,0.033,True
RES002984,8.42,1.46,0.25,57,64,1.12,6.39,0.051,True
RES002985,7.62,2.79,1.3,51,49,2.17,13.88,0.093,True
RES002988,8.15,1.03,1.51,85,90,1.77,18.74,0.051,False
RES002989,8.63,4.25,0.88,49,44,2.22,4.96,0.009,False
RES002991,8.08,3.55,0.52,23,19,1.13,21.01,0.072,False
RES002992,7.18,2.18,1.29,41,38,2.39,0.46,0.028,False
RES002993,5.8,0.98,1.38,68,66,2.11,14.01,0.045,False
RES002995,1.87,1.81,0.07,63,69,1.88,1.78,0.097,True
RES002996,2.55,2.32,1.57,16,14,2.04,0.05,0.073,False
RES002998,0.74,0.25,0.44,22,31,1.22,21.56,0.074,True
RES003000,4.82,3.2,1.75,88,90,1.96,2.92,0.078,True
RES003001,3.69,1.2,0.15,25,30,1.72,4.76,0.041,True
RES003004,0.12,3.31,1.16,78,85,1.44,19.84,0.073,True
RES003006,7.46,4.46,0.44,16,11,2.12,14.85,0.049,False
RES003007,7.48,4.94,1.54,90,94,1.34,4.16,0.077,True
RES003008,3.08,2.26,0.55,22,21,1.79,11.36,0.068,False
RES003009,8.84,2.08,0.15,79,88,1.73,15.55,0.034,False
RES003011,7.84,3.57,1.72,18,20,1.25,3.99,0.025,True
RES003013,9.19,2.95,0.87,83,89,1.73,17.75,0.054,True
RES003014,8.59,2.34,0.43,70,73,2.37,14.51,0.05,False
RES003015,8.96,4.17,0.35,68,63,1.83,8.49,0.053,False
RES003017,2.56,2.72,0.82,20,18,1.18,12.54,0.032,True
RES003018,2.5,4.88,0.98,29,37,1.43,8.75,0.044,False
RES003019,9.68,0.69,0.86,68,67,1.87,8.94,0.065,True
RES003020,3.09,4.82,0.58,39,37,1.32,21.51,0.074,False
RES003023,6.56,2.48,1.86,72,70,2.48,2.29,0.076,True
RES003025,4.9,0.72,0.64,88,87,1.01,9.1,0.071,False
RES003026,2.29,1.77,0.99,59,57,1.07,6.27,0.088,True
RES003027,7.18,1.32,1.71,24,26,1.08,1.0,0.043,False
RES003029,0.69,0.98,0.57,41,43,1.66,14.48,0.076,False
RES003031,3.49,2.04,0.75,69,69,2.34,18.58,0.009,False
RES003033,0.24,2.45,0.44,62,69,1.23,8.84,0.03,True
RES003034,1.29,0.33,0.58,38,45,2.16,8.94,0.053,False
RES003035,5.69,0.18,0.28,82,91,2.3,12.11,0.022,True
RES003036,2.35,3.73,1.66,76,76,1.01,14.15,0.005,False
RES003037,2.69,2.26,1.07,19,17,1.63,15.41,0.022,True
RES003038,8.56,3.47,1.05,17,25,2.42,23.38,0.093,False
RES003040,0.81,2.0,1.22,85,80,1.14,6.8,0.025,True
RES003044,3.7,2.7,1.63,75,81,2.13,20.12,0.048,True
RES003045,3.56,3.67,1.23,68,68,2.49,9.05,0.0,True
RES003047,3.93,4.71,0.59,79,79,2.02,24.45,0.026,False
RES003048,5.57,3.5,1.43,40,45,2.28,14.28,0.022,False
RES003049,3.23,2.04,1.13,38,46,1.9,8.43,0.027,False
RES003051,2.97,4.01,0.63,46,43,2.3,22.31,0.021,False
RES003052,2.5,2.85,0.54,88,85,1.79,19.23,0.059,True
RES003054,4.34,1.45,1.23,88,88,2.34,0.38,0.003,False
RES003055,9.44,1.05,1.7,65,69,1.61,11.14,0.091,True
RES003056,4.36,0.85,1.45,72,75,1.62,8.68,0.034,False
RES003057,7.87,3.12,0.17,24,21,1.01,15.57,0.063,True
RES003059,5.73,0.7,1.42,15,24,1.82,18.82,0.026,False
RES003060,5.29,4.42,1.86,40,38,2.02,9.13,0.009,False
RES003062,6.77,2.56,0.04,88,87,2.47,18.59,0.06,False
RES003063,9.49,1.47,0.08,80,83,1.29,13.96,0.073,True
RES003065,2.24,0.15,0.64,90,88,1.61,2.29,0.01,False
RES003069,7.47,0.35,1.02,69,69,1.51,7.55,0.026,True
RES003070,8.9,3.6,1.89,22,28,2.44,6.1,0.028,True
RES003071,6.55,4.3,1.86,20,30,1.13,12.05,0.046,True
RES003073,6.32,2.12,1.46,88,94,2.17,18.9,0.071,True
RES003074,0.35,1.4,0.61,42,44,1.12,1.76,0.06,False
RES003075,3.4,3.63,1.5,87,95,1.49,20.9,0.019,False
RES003076,1.81,1.12,0.64,42,48,1.29,17.98,0.018,True
RES003077,3.06,2.38,0.98,51,55,1.9,12.26,0.011,True
RES003078,5.02,1.05,1.3,67,73,1.67,13.58,0.023,False
RES003080,5.1,0.8,1.01,64,71,1.74,20.98,0.034,False
RES003081,9.09,4.21,0.9,64,67,2.41,23.92,0.1,True
RES003082,5.22,2.93,0.97,61,62,1.54,3.4,0.002,False
RES003083,8.27,1.46,1.75,21,31,1.03,6.53,0.024,False
RES003084,8.36,3.34,1.2,67,71,1.36,11.75,0.095,True
RES003085,9.55,0.06,1.58,27,36,1.48,12.94,0.056,False
RES003086,0.07,3.17,0.34,55,59,1.79,18.3,0.01,True
RES003089,8.56,3.74,0.77,53,56,2.37,20.04,0.026,False
RES003092,9.15,0.1,0.32,80,80,1.89,2.36,0.027,True
RES003094,1.22,2.8,0.61,53,53,1.4,7.27,0.064,True
RES003095,4.89,2.65,1.81,81,85,1.18,10.31,0.088,False
RES003098,3.94,4.96,0.74,64,61,2.19,21.28,0.074,True
RES003099,8.47,1.87,0.65,79,82,1.62,2.81,0.021,False
RES003101,7.19,0.7,1.4,58,68,1.94,17.44,0.069,True
RES003102,6.65,2.16,1.03,43,49,1.17,5.81,0.076,True
RES003104,9.7,4.98,1.84,81,85,1.45,17.31,0.068,True
RES003106,4.32,3.21,0.14,47,57,2.41,3.32,0.01,True
RES003107,7.42,3.97,1.95,85,83,1.61,2.1,0.075,False
RES003109,2.18,0.55,0.32,86,88,2.49,19.95,0.052,False
RES003110,9.72,2.12,1.14,80,80,1.2,14.15,0.051,True
RES003115,2.75,2.94,1.07,38,39,1.62,7.21,0.051,False
RES003119,9.38,3.2,0.66,47,56,2.29,24.66,0.05,False
RES003120,8.8,0.49,0.5,24,20,1.8,21.35,0.037,True
RES003122,7.68,2.74,1.94,57,55,1.08,12.78,0.085,False
RES003123,8.41,3.59,0.18,15,20,1.92,16.34,0.055,True
RES003125,6.41,1.4,1.41,67,73,1.74,1.22,0.012,False
RES003126,1.94,4.14,1.46,90,98,2.49,10.42,0.091,False
RES003127,2.6,2.81,1.35,87,86,2.26,18.5,0.084,True
RES003129,7.32,1.23,1.95,15,21,1.36,21.53,0.078,False
RES003131,2.97,3.11,0.6,19,15,1.54,5.82,0.021,False
RES003133,5.07,4.32,0.6,42,38,1.19,20.41,0.049,True
RES003134,3.89,1.97,1.43,40,38,1.52,0.47,0.056,False
RES003135,7.16,4.34,1.72,65,65,1.67,17.04,0.086,False
RES003137,5.78,1.95,0.56,47,46,1.99,4.12,0.066,True
RES003139,2.62,2.79,0.06,30,34,1.8,22.93,0.008,False
RES003140,5.41,0.27,0.98,44,50,2.17,16.64,0.036,True
RES003142,6.47,1.55,0.48,74,74,1.56,6.71,0.072,True
RES003144,1.02,3.89,1.77,68,71,1.8,23.17,0.056,False
RES003145,8.84,4.81,1.55,56,64,1.78,17.47,0.018,True
RES003146,3.21,1.52,0.56,21,30,2.36,10.15,0.035,True
RES003147,0.92,3.69,0.17,47,52,1.12,5.99,0.023,True
RES003148,2.93,3.49,0.5,21,24,2.35,20.91,0.036,True
RES003149,3.38,1.77,1.39,89,89,1.67,18.56,0.094,True
RES003151,3.57,0.12,0.74,69,78,1.84,7.24,0.038,False
RES003152,8.42,0.36,0.57,35,40,1.84,14.15,0.027,True
RES003153,6.44,2.63,1.72,89,88,2.29,19.16,0.092,True
RES003154,1.13,0.36,1.87,80,84,1.66,6.96,0.02,False
RES003157,2.63,1.43,1.05,44,40,1.97,16.37,0.027,False
RES003159,8.42,4.04,1.22,55,56,1.62,16.37,0.059,False
RES003160,5.86,3.43,0.63,65,71,1.51,0.71,0.007,True
RES003161,6.4,1.34,1.68,24,32,1.55,1.68,0.003,False
RES003164,8.88,1.4,1.38,24,21,1.8,20.99,0.061,False
RES003165,3.68,3.92,1.67,46,52,1.69,10.47,0.048,False
RES003166,9.39,2.89,0.14,52,58,1.94,8.92,0.086,True
RES003167,5.78,2.6,1.86,42,40,1.38,12.21,0.007,False
RES003170,8.66,3.02,0.17,84,84,2.13,14.94,0.08,False
RES003173,8.64,4.7,1.78,38,38,1.3,24.55,0.055,False
RES003178,0.54,0.87,1.22,80,81,2.36,23.39,0.089,True
RES003179,9.12,0.12,0.8,25,28,2.39,21.4,0.048,True
RES003180,4.84,1.75,2.0,56,56,2.0,21.97,0.021,True
RES003182,3.76,1.0,1.78,65,62,1.43,18.52,0.058,True
RES003184,3.55,1.34,1.71,65,65,2.21,6.19,0.04,True
RES003185,4.34,0.89,0.06,22,24,2.03,22.23,0.044,True
RES003186,8.25,3.36,1.8,69,66,1.65,16.32,0.046,True
RES003187,9.97,4.74,0.67,63,62,1.41,2.72,0.003,False
RES003188,2.84,3.15,1.6,79,80,1.62,10.73,0.033,True
RES003191,2.63,1.33,0.47,49,51,2.0,22.28,0.009,True
RES003192,3.39,1.62,1.15,79,85,1.91,0.13,0.016,True
RES003194,3.64,4.5,1.9,68,75,2.02,10.24,0.062,True
RES003195,4.0,2.49,0.88,70,79,2.39,21.93,0.002,True
RES003197,2.09,4.98,0.37,62,69,1.7,3.44,0.065,False
RES003198,2.04,3.52,1.82,42,42,1.05,9.98,0.037,False
RES003199,0.03,2.29,1.52,23,21,2.17,18.4,0.018,True
RES003200,8.7,1.81,1.41,46,56,2.3,22.05,0.025,False
RES003201,9.31,1.06,1.42,16,21,1.65,10.9,0.082,True
RES003202,6.15,0.44,1.39,27,24,1.68,10.72,0.06,False
RES003204,1.2,3.07,0.22,54,59,1.21,15.61,0.018,False
RES003205,4.64,4.17,0.2,36,40,1.98,2.62,0.014,False
RES003207,2.21,4.63,0.47,46,44,1.52,12.15,0.022,True
RES003209,9.76,3.41,1.59,85,93,2.19,24.43,0.044,True
RES003210,2.87,4.65,1.87,19,21,1.88,21.26,0.056,False
RES003212,4.24,4.45,1.5,79,82,1.91,4.38,0.004,True
RES003214,0.12,3.73,1.98,78,84,1.33,24.89,0.059,False
RES003215,5.94,2.07,1.12,85,81,2.15,5.72,0.004,False
RES003217,0.25,0.38,1.65,53,56,1.76,12.79,0.081,True
RES003218,2.5,1.5,0.17,22,26,1.86,7.81,0.095,True
RES003219,7.74,2.57,1.4,29,27,1.35,13.04,0.089,False
RES003221,5.42,1.13,1.11,54,62,2.27,0.88,0.038,False
RES003222,3.62,1.73,0.44,42,42,1.73,10.98,0.088,False
RES003223,5.59,1.49,0.07,38,46,2.31,11.56,0.025,True
RES003224,3.59,2.1,1.01,81,89,1.4,2.95,0.079,True
RES003225,3.19,3.26,0.5,69,77,2.38,22.45,0.023,True
RES003226,7.45,2.74,0.12,63,58,1.7,21.15,0.008,False
RES003228,0.7,1.11,1.46,71,66,2.4,9.83,0.03,False
RES003229,5.01,1.2,1.84,65,73,1.87,16.64,0.089,True
RES003230,4.06,1.84,0.71,74,73,1.53,15.5,0.019,True
RES003234,9.99,3.86,0.86,31,40,1.48,9.83,0.066,True
RES003236,9.22,2.03,1.7,39,49,2.25,13.2,0.022,True
RES003237,0.32,3.29,1.73,47,53,1.66,4.17,0.06,True
RES003238,7.86,4.8,1.61,46,44,1.19,10.26,0.04,True
RES003239,7.12,2.42,1.91,71,71,1.41,16.04,0.027,False
RES003241,0.13,1.47,1.51,15,16,1.59,3.52,0.002,False
RES003242,0.47,1.86,0.87,85,89,2.27,12.52,0.067,False
RES003246,0.95,0.59,1.39,51,51,2.04,7.0,0.012,True
RES003247,5.18,0.85,1.67,46,54,2.33,9.88,0.095,True
RES003248,0.34,2.67,1.36,38,35,1.51,18.46,0.046,True
RES003249,8.26,4.13,1.33,60,67,2.26,8.49,0.083,False
RES003252,4.82,1.34,1.17,73,78,1.47,0.32,0.05,True
RES003253,7.14,0.1,1.37,74,82,1.45,16.98,0.021,False
RES003256,6.8,2.29,0.93,37,39,1.98,8.16,0.051,False
RES003257,0.89,1.82,0.28,39,45,1.2,21.33,0.008,True
RES003258,2.33,2.11,0.33,23,24,2.15,6.05,0.019,True
RES003259,6.86,0.05,1.76,41,42,1.23,12.72,0.047,False
RES003260,1.17,4.14,0.94,50,54,2.36,3.64,0.021,False
RES003261,6.35,1.12,1.91,24,32,1.49,18.51,0.056,False
RES003262,4.76,0.28,0.55,18,28,2.43,2.48,0.039,True
RES003263,4.39,2.99,1.26,23,25,2.38,20.11,0.049,False
RES003265,5.18,0.76,0.46,80,80,1.63,11.06,0.058,False
RES003267,4.19,0.21,0.6,36,31,1.64,8.1,0.061,True
RES003268,1.18,2.85,0.74,46,43,1.8,5.49,0.035,True
RES003269,4.55,4.55,0.18,87,89,1.95,17.02,0.08,True
RES003271,0.93,0.39,0.94,61,59,2.09,14.97,0.031,True
RES003273,8.83,1.71,1.74,89,95,1.28,24.98,0.06,True
RES003274,8.5,0.4,0.37,74,80,1.38,3.91,0.095,False
RES003275,7.88,0.03,1.57,33,39,1.23,3.75,0.0,False
RES003276,1.43,4.28,0.43,39,43,1.54,0.36,0.022,False
RES003277,5.86,2.18,1.99,59,54,2.34,13.13,0.09,False
RES003279,7.87,1.96,0.26,76,75,1.7,19.44,0.005,False
RES003285,5.38,1.94,0.94,35,32,1.85,23.47,0.023,True
RES003287,3.64,3.9,0.69,69,73,1.79,8.14,0.004,False
RES003288,5.47,2.96,0.26,84,85,2.06,0.82,0.034,True
RES003289,5.72,1.54,1.34,46,41,1.2,8.12,0.075,True
RES003290,0.79,4.85,1.01,76,74,1.73,3.89,0.057,True
RES003291,1.41,3.99,0.59,85,84,2.0,18.01,0.062,True
RES003292,6.1,1.2,0.72,57,62,1.78,16.01,0.015,False
RES003295,2.36,1.19,0.73,57,59,2.38,11.23,0.063,False
RES003297,2.99,4.21,1.02,63,66,2.18,4.69,0.056,False
RES003298,3.02,3.89,0.65,81,76,1.34,4.18,0.015,False
RES003299,2.63,1.32,0.29,88,84,2.33,8.29,0.03,False
RES003301,4.43,4.62,1.3,56,65,2.14,9.04,0.049,False
RES003302,3.72,0.94,1.2,78,82,1.76,5.94,0.062,False
RES003303,6.07,1.59,1.16,76,75,2.28,0.25,0.012,True
RES003306,5.08,3.51,0.13,42,42,1.27,14.64,0.055,False
RES003307,1.22,0.97,1.27,67,63,1.62,15.94,0.08,False
RES003309,4.49,3.24,0.93,19,16,2.08,12.09,0.029,True
RES003310,9.32,1.47,0.3,41,44,1.92,17.97,0.056,True
RES003313,8.5,2.05,0.78,38,33,1.51,3.71,0.063,False
RES003317,2.14,2.71,1.92,29,33,2.1,3.97,0.03,True
RES003318,3.96,1.74,0.9,73,73,1.68,6.2,0.021,True
RES003319,5.3,1.65,0.68,76,86,2.2,9.59,0.029,False
RES003320,1.58,1.32,1.07,38,42,1.68,13.69,0.007,False
RES003321,6.52,0.49,1.4,33,29,1.29,12.98,0.073,False
RES003322,8.14,2.69,0.03,48,50,1.11,23.09,0.006,True
RES003323,1.78,3.38,0.43,71,76,2.33,10.21,0.019,True
RES003324,7.49,2.19,1.45,57,52,1.49,12.55,0.034,True
RES003325,5.09,1.22,0.78,23,31,1.33,21.1,0.072,False
RES003326,1.69,4.02,0.33,21,28,1.87,8.92,0.047,True
RES003327,2.2,0.82,0.84,82,77,2.08,4.1,0.06,True
RES003330,1.68,1.79,0.74,43,52,1.29,18.29,0.073,True
RES003331,4.04,1.4,1.43,31,32,2.02,19.78,0.005,False
RES003332,5.81,0.92,0.79,36,36,1.84,8.03,0.001,False
RES003333,2.63,3.83,0.55,75,84,2.38,10.35,0.043,False
RES003334,8.95,3.66,1.84,59,69,1.42,23.11,0.069,True
RES003336,6.59,1.35,0.68,82,90,1.98,17.55,0.077,False
RES003337,8.06,4.35,1.97,22,27,1.51,2.75,0.018,True
RES003338,6.51,4.02,0.07,38,45,2.38,14.58,0.059,False
RES003339,7.76,4.54,0.12,41,46,1.65,9.72,0.053,True
RES003340,4.19,4.77,1.76,45,54,1.55,11.6,0.054,False
RES003343,7.94,4.45,0.17,24,30,2.47,7.99,0.076,False
RES003345,4.21,2.2,0.98,31,36,1.08,23.1,0.047,True
RES003346,0.81,4.36,1.96,50,53,1.35,20.37,0.051,False
RES003347,1.06,0.7,0.37,43,39,1.8,9.82,0.037,False
RES003349,2.66,2.0,1.88,34,43,1.83,20.47,0.053,True
RES003353,3.54,1.45,0.62,75,75,1.78,24.58,0.052,False
RES003355,9.0,0.27,0.83,62,58,2.28,16.85,0.017,False
RES003356,4.05,4.06,0.56,21,20,1.05,3.41,0.085,False
RES003357,5.49,4.49,1.16,63,66,2.36,8.03,0.027,False
RES003362,6.89,2.09,1.54,90,98,2.26,16.11,0.094,False
RES003363,7.68,4.67,1.73,75,82,1.93,22.68,0.075,True
RES003366,4.66,1.52,1.83,61,66,1.6,23.01,0.037,True
RES003371,5.31,4.6,0.03,64,65,1.44,2.31,0.018,True
RES003372,3.42,3.55,0.28,51,50,2.08,24.37,0.069,True
RES003374,7.35,3.89,0.32,46,55,1.96,4.88,0.018,True
RES003375,1.33,2.84,0.18,47,47,1.38,7.08,0.041,False
RES003378,3.64,0.89,1.88,46,55,1.51,21.39,0.0,True
RES003381,1.71,2.02,0.35,52,57,1.27,2.71,0.049,True
RES003382,8.3,0.5,0.11,89,87,2.37,18.45,0.018,False
RES003383,6.37,1.3,0.96,56,60,2.01,16.1,0.002,True
RES003384,0.61,1.16,0.49,88,95,1.3,9.79,0.063,False
RES003385,7.77,2.85,0.15,15,18,1.01,0.04,0.072,False
RES003386,0.83,0.56,0.8,67,75,1.06,6.18,0.009,True
RES003387,2.16,4.61,1.25,59,55,1.41,23.45,0.066,True
RES003388,0.06,0.86,1.6,23,23,1.38,24.67,0.054,True
RES003389,8.59,3.89,1.88,36,35,1.94,13.55,0.038,False
RES003390,0.25,4.41,0.14,63,59,1.28,19.47,0.001,True
RES003394,4.99,0.04,1.54,67,69,2.12,7.8,0.066,False
RES003396,7.39,1.34,0.73,83,83,1.6,6.77,0.035,True
RES003397,2.8,3.38,1.82,55,63,1.33,21.2,0.045,False
RES003398,3.36,0.13,1.96,64,60,1.42,22.0,0.09,True
RES003401,8.24,3.93,0.57,83,93,2.25,21.21,0.092,True
RES003403,8.42,3.91,1.27,81,91,1.11,11.11,0.049,False
RES003404,8.81,2.9,0.72,34,43,2.26,8.6,0.047,True
RES003410,7.96,0.33,0.7,64,59,1.94,13.47,0.026,True
RES003411,1.22,2.96,1.6,21,26,1.68,5.57,0.008,False
RES003412,0.53,1.4,0.13,75,79,2.12,12.33,0.083,True
RES003413,8.82,1.15,1.69,38,40,2.36,12.28,0.02,False
RES003415,3.85,2.3,0.05,49,47,1.44,5.03,0.006,True
RES003416,8.25,4.22,0.79,82,83,1.68,24.0,0.04,True
RES003417,1.0,4.77,0.82,69,65,1.71,7.56,0.007,False
RES003418,8.77,3.34,1.73,58,63,2.46,19.36,0.08,True
RES003419,2.38,4.76,1.62,85,91,2.12,22.66,0.065,True
RES003421,4.82,3.94,0.21,52,48,2.34,18.59,0.002,True
RES003423,4.64,2.24,0.65,90,100,1.81,4.37,0.027,True
RES003424,5.28,1.67,1.27,44,54,1.49,12.76,0.018,True
RES003426,7.91,3.61,1.66,60,56,1.35,16.38,0.041,False
RES003427,1.1,1.83,1.4,82,92,1.96,5.75,0.072,True
RES003428,6.27,1.12,1.8,84,94,2.03,8.38,0.043,False
RES003429,3.69,4.46,0.35,49,59,1.93,6.05,0.096,True
RES003430,6.93,4.27,1.48,21,18,2.14,3.96,0.001,False
RES003431,4.32,1.72,1.18,41,42,2.39,9.99,0.058,True
RES003434,8.03,2.89,2.0,21,29,1.14,9.53,0.076,True
RES003435,2.82,3.25,1.83,72,80,1.24,14.13,0.049,True
RES003436,9.82,4.65,0.47,59,58,2.14,6.5,0.037,False
RES003438,2.28,3.08,1.35,85,92,1.63,21.22,0.076,True
RES003439,0.84,3.69,1.05,82,89,2.32,21.34,0.06,False
RES003440,4.29,1.62,0.93,78,84,2.19,1.88,0.061,True
RES003442,3.37,3.13,0.41,85,95,2.09,22.22,0.008,False
RES003444,5.54,0.42,0.94,61,58,2.06,3.75,0.087,False
RES003445,6.71,3.69,1.42,85,91,2.06,6.28,0.079,True
RES003448,2.14,4.82,1.87,87,88,1.06,13.53,0.068,False
RES003450,2.07,1.03,0.25,42,39,2.25,1.64,0.0,False
RES003451,1.85,3.92,1.44,84,88,1.82,19.04,0.062,True
RES003452,0.49,0.35,1.49,72,79,1.69,8.96,0.014,False
RES003453,0.76,2.63,0.97,27,37,1.18,21.42,0.054,True
RES003454,2.73,1.9,1.92,49,57,2.26,21.15,0.099,True
RES003459,2.1,1.91,1.88,83,81,1.27,11.81,0.059,True
RES003460,9.06,4.63,1.99,63,63,2.01,9.18,0.043,False
RES003461,4.0,0.58,0.18,90,91,1.25,6.87,0.031,True
RES003462,2.58,2.57,1.65,68,78,1.59,21.99,0.086,False
RES003464,1.91,3.97,0.63,19,21,1.79,17.52,0.098,False
RES003465,7.64,4.48,0.45,68,63,1.59,5.17,0.005,False
RES003467,3.36,1.18,0.92,19,24,1.01,5.8,0.062,False
RES003468,7.52,1.22,0.6,69,73,1.35,2.02,0.024,True
RES003469,1.38,0.51,0.03,84,83,1.85,1.07,0.086,True
RES003470,1.73,4.17,1.0,75,70,2.2,17.44,0.067,True
RES003471,4.87,0.56,0.09,38,37,1.6,16.62,0.092,False
RES003473,2.44,3.97,1.16,83,89,1.07,16.61,0.068,False
RES003475,8.34,1.94,1.45,17,16,1.97,16.69,0.06,True
RES003476,7.03,2.87,1.72,66,75,1.86,7.39,0.029,False
RES003478,9.08,0.58,1.02,51,50,1.74,15.54,0.068,True
RES003480,1.29,4.46,1.35,74,81,1.83,3.75,0.066,True
RES003481,1.63,1.06,0.7,36,45,2.42,13.85,0.03,False
RES003482,0.65,2.48,0.97,65,65,2.21,15.66,0.072,True
RES003483,7.18,0.05,0.54,63,70,1.07,8.61,0.079,True
RES003485,9.02,2.19,1.82,32,40,2.29,14.07,0.051,False
RES003486,9.33,0.81,0.85,50,59,1.08,3.27,0.056,True
RES003489,3.66,3.05,1.21,16,22,1.53,1.55,0.085,False
RES003490,2.66,3.78,1.59,75,84,2.3,21.44,0.081,False
RES003491,1.67,2.0,1.74,28,35,2.47,22.48,0.027,True
RES003492,7.01,1.74,0.65,76,83,2.06,14.17,0.014,True
RES003493,8.33,2.42,0.63,26,32,1.41,17.92,0.048,True
RES003496,3.28,4.49,0.77,52,47,1.91,20.16,0.036,True
RES003498,4.34,1.53,1.03,48,50,2.14,17.19,0.081,True
RES003499,0.86,2.78,1.89,51,61,1.68,16.45,0.082,False
RES003500,4.1,1.07,0.48,17,16,1.67,22.8,0.046,False
RES003503,5.34,4.23,0.23,45,50,1.86,10.84,0.068,False
RES003504,5.17,3.94,0.42,19,21,2.39,6.14,0.028,False
RES003506,5.36,2.73,0.7,73,83,1.2,21.53,0.004,False
RES003507,5.63,4.6,0.05,53,60,1.91,2.12,0.053,True
RES003509,2.96,1.93,0.87,63,66,1.62,4.58,0.0,False
RES003510,9.87,4.7,0.61,72,80,2.33,12.27,0.076,False
RES003512,3.13,4.0,0.44,28,37,1.12,17.85,0.039,False
RES003513,6.82,0.27,0.13,81,78,2.35,24.87,0.058,False
RES003514,9.96,3.16,0.65,78,74,1.03,12.46,0.043,False
RES003516,6.78,2.75,0.23,67,70,2.3,21.33,0.089,True
RES003518,3.5,4.13,1.83,54,61,2.15,14.96,0.011,False
RES003519,0.51,4.23,1.24,28,25,1.6,6.14,0.078,True
RES003521,7.86,3.0,1.4,74,80,1.04,17.45,0.093,True
RES003523,2.7,4.72,1.83,27,31,2.01,1.42,0.062,False
RES003524,4.79,1.9,0.01,81,79,2.27,24.91,0.016,False
RES003525,0.32,1.15,1.01,54,52,1.22,1.78,0.037,True
RES003527,1.43,3.76,0.04,41,39,2.21,3.29,0.083,False
RES003528,4.19,0.3,1.16,36,39,1.65,12.37,0.084,True
RES003529,7.21,2.51,1.64,68,63,2.01,3.32,0.005,True
RES003531,4.62,4.35,0.71,44,51,1.05,3.06,0.041,False
RES003537,4.61,0.03,1.09,23,19,1.95,4.61,0.084,False
RES003538,7.07,4.6,0.38,63,61,1.62,19.56,0.08,False
RES003541,5.89,0.21,1.25,87,85,1.39,7.07,0.078,False
RES003542,7.54,4.96,0.39,43,39,2.22,3.68,0.084,True
RES003544,3.46,4.19,1.25,21,30,1.88,4.97,0.003,True
RES003545,0.5,4.9,1.78,53,49,2.4,7.76,0.017,True
RES003546,5.89,4.46,0.7,82,79,2.36,0.15,0.074,True
RES003547,0.53,4.55,1.93,90,94,2.29,13.34,0.088,True
RES003548,2.6,1.0,0.85,38,44,1.04,5.94,0.03,False
RES003549,4.03,0.82,1.86,42,49,2.05,19.14,0.075,True
RES003550,9.5,4.47,1.98,72,71,1.88,20.21,0.028,True
RES003551,0.28,2.52,1.04,44,39,1.99,24.05,0.021,False
RES003552,9.76,1.68,1.96,52,58,1.63,17.3,0.065,False
RES003553,8.53,4.81,0.52,61,62,2.45,12.26,0.029,False
RES003554,6.32,0.24,2.0,90,95,1.5,12.32,0.077,True
RES003559,6.25,4.67,0.73,88,88,2.09,19.4,0.019,False
RES003560,5.12,0.34,1.78,56,66,2.05,5.75,0.095,False
RES003563,3.92,2.39,0.69,22,22,1.23,13.05,0.045,True
RES003565,5.54,4.39,1.4,31,31,2.33,0.07,0.093,False
RES003567,8.39,0.19,1.43,66,67,2.19,14.42,0.037,True
RES003568,4.36,3.78,0.94,74,79,1.67,7.38,0.088,True
RES003570,7.15,3.26,0.2,45,46,2.13,3.97,0.069,True
RES003571,3.87,1.27,0.47,25,31,1.92,20.54,0.063,False
RES003574,4.88,0.09,0.78,24,24,2.32,18.73,0.084,False
RES003575,9.77,2.97,1.49,62,59,1.79,3.0,0.085,False
RES003576,8.96,0.71,1.64,65,69,2.45,10.12,0.085,True
RES003579,8.55,3.43,0.5,52,53,1.23,21.54,0.072,False
RES003580,0.34,0.25,1.68,52,52,1.78,0.34,0.078,True
RES003581,0.05,0.15,1.31,45,43,1.14,9.23,0.021,True
RES003583,2.61,1.13,0.44,61,68,1.14,5.3,0.085,True
RES003584,6.83,1.43,1.23,57,58,1.22,20.83,0.004,True
RES003586,3.43,1.0,0.27,58,58,1.05,12.37,0.024,False
RES003587,9.58,3.18,0.25,19,20,1.99,23.96,0.063,True
RES003588,8.77,2.41,1.97,15,20,1.36,7.57,0.066,False
RES003591,9.94,0.04,0.31,46,52,2.29,0.13,0.086,True
RES003592,6.09,3.58,0.81,45,41,1.07,7.97,0.034,False
RES003593,6.29,0.79,0.69,83,83,1.74,15.99,0.028,True
RES003594,9.73,4.33,1.48,25,27,1.86,3.88,0.089,True
RES003595,9.1,1.01,1.84,15,11,1.26,1.17,0.081,False
RES003596,0.89,1.59,0.84,23,32,1.4,8.04,0.068,False
RES003597,8.66,4.46,0.14,76,84,1.9,5.64,0.09,True
RES003599,1.69,2.52,1.42,25,31,1.27,9.81,0.033,False
RES003601,2.07,0.88,0.08,50,60,1.89,6.2,0.079,True
RES003603,3.67,2.03,1.29,33,33,1.16,9.57,0.028,False
RES003604,3.48,3.22,1.1,52,53,2.44,14.26,0.062,False
RES003606,0.39,2.59,0.59,33,29,2.43,17.83,0.096,False
RES003607,1.57,4.75,1.27,65,64,1.93,22.12,0.054,False
RES003609,7.38,0.04,0.41,50,45,2.34,20.27,0.022,False
RES003610,1.2,4.77,1.33,61,59,1.36,14.59,0.083,False
RES003611,2.38,4.87,0.47,36,42,2.24,12.39,0.018,False
RES003614,8.5,1.86,0.29,57,58,1.25,9.73,0.053,True
RES003615,0.81,4.98,0.89,19,26,2.13,10.53,0.068,True
RES003616,5.87,3.31,1.48,42,50,1.69,17.04,0.049,True
RES003617,4.05,2.15,1.84,89,92,1.85,2.08,0.041,True
RES003620,1.56,2.59,1.04,24,32,2.14,16.21,0.004,False
RES003621,7.9,3.71,0.59,89,90,1.78,24.45,0.002,True
RES003623,8.73,3.95,1.84,59,54,1.77,8.1,0.097,True
RES003624,5.85,0.3,1.46,78,85,2.14,8.79,0.066,True
RES003627,7.84,4.57,1.1,19,15,2.07,1.4,0.098,False
RES003628,4.82,1.72,1.73,80,84,1.78,5.11,0.066,True
RES003629,0.35,1.24,0.34,77,78,1.75,16.64,0.083,True
RES003630,7.96,4.07,1.83,46,56,1.82,10.32,0.023,True
RES003631,8.7,3.93,1.53,61,56,1.13,21.28,0.012,True
RES003632,9.65,2.31,1.27,38,40,1.32,1.15,0.005,False
RES003633,7.22,2.64,0.56,18,28,1.26,20.85,0.032,True
RES003635,7.42,4.64,1.1,28,28,1.76,24.38,0.097,True
RES003636,3.92,4.77,0.03,19,16,1.53,24.32,0.098,True
RES003637,9.17,3.85,1.48,43,49,1.64,16.21,0.079,False
RES003638,2.13,3.65,1.87,50,57,1.6,16.18,0.078,False
RES003639,5.29,0.59,0.41,43,39,1.45,12.64,0.024,False
RES003641,6.18,2.87,1.8,28,32,1.11,4.07,0.07,False
RES003643,9.26,1.53,1.34,86,91,1.59,3.4,0.062,True
RES003644,8.48,3.27,1.69,26,28,1.86,17.4,0.073,True
RES003645,8.77,0.15,0.97,84,83,2.29,20.65,0.029,False
RES003646,8.18,0.48,1.31,39,48,1.21,9.17,0.062,False
RES003647,4.65,0.29,0.49,90,92,1.9,20.0,0.046,False
RES003649,1.39,2.4,1.16,43,46,1.12,11.19,0.037,False
RES003653,3.38,2.97,1.48,46,42,1.32,14.65,0.068,False
RES003654,9.3,3.76,0.98,48,58,2.35,13.09,0.002,True
RES003658,4.34,3.6,1.53,17,20,1.79,0.52,0.069,True
RES003659,0.43,3.5,0.14,51,54,1.76,10.36,0.062,True
RES003661,9.61,3.35,0.51,74,71,1.77,10.43,0.059,False
RES003662,4.31,2.2,0.15,35,32,1.05,22.31,0.083,False
RES003663,9.16,4.02,1.74,23,18,1.5,11.0,0.085,True
RES003664,1.33,1.6,1.17,76,76,1.59,7.75,0.041,True
RES003667,6.55,2.13,1.2,76,84,1.41,19.51,0.048,False
RES003669,9.81,2.16,0.73,54,55,1.97,4.86,0.038,False
RES003671,2.51,4.58,0.89,34,40,1.4,12.61,0.08,True
RES003673,8.59,4.17,0.61,68,77,1.93,2.01,0.034,False
RES003674,1.06,3.93,1.13,74,75,1.02,21.05,0.086,False
RES003675,4.71,2.65,0.58,17,18,1.83,14.9,0.049,True
RES003676,8.72,1.48,0.42,88,90,1.88,23.91,0.065,False
RES003678,2.62,2.91,0.36,54,55,2.29,18.9,0.09,True
RES003679,4.34,0.35,0.41,51,56,1.71,4.74,0.079,False
RES003680,9.54,1.79,1.42,46,54,2.36,12.6,0.026,False
RES003682,7.73,1.14,0.34,90,91,1.38,14.4,0.019,True
RES003683,6.55,3.36,1.59,49,56,1.43,20.24,0.054,True
RES003685,2.22,0.25,0.12,62,60,1.87,9.81,0.019,False
RES003686,9.18,3.83,0.65,28,24,2.38,14.43,0.044,True
RES003687,6.15,4.99,1.38,69,72,2.33,23.44,0.029,True
RES003689,7.68,1.18,0.02,42,51,2.32,24.56,0.063,True
RES003694,9.71,1.53,1.1,53,61,1.02,12.9,0.028,False
RES003696,2.89,1.99,1.92,82,90,1.78,8.44,0.048,False
RES003700,5.43,1.9,1.84,21,18,2.02,19.14,0.033,False
RES003704,3.98,3.33,0.05,35,32,1.25,1.5,0.08,False
RES003706,7.07,0.37,0.15,22,20,1.43,20.37,0.04,False
RES003707,3.16,0.77,1.32,37,35,1.55,10.46,0.076,True
RES003708,4.56,0.66,1.19,20,22,1.5,23.08,0.049,False
RES003709,5.14,0.55,0.21,38,47,1.81,14.77,0.096,True
RES003710,7.21,4.91,1.23,88,86,1.08,2.79,0.077,False
RES003711,2.69,0.09,1.59,83,90,1.05,23.97,0.018,True
RES003712,6.59,2.7,1.9,84,90,1.05,5.63,0.057,False
RES003714,5.27,3.79,1.93,52,51,1.6,16.49,0.026,True
RES003718,5.31,2.06,1.31,24,33,2.38,8.74,0.032,True
RES003720,5.58,0.66,1.24,90,91,2.07,14.48,0.04,False
RES003723,3.26,4.13,0.52,42,37,1.61,4.77,0.003,True
RES003724,6.87,1.17,0.74,80,90,1.79,2.71,0.057,False
RES003725,3.06,3.49,1.23,17,21,2.09,2.36,0.001,True
RES003726,3.86,3.14,1.16,44,47,2.36,19.65,0.067,False
RES003728,4.49,2.01,1.72,50,46,2.12,13.59,0.035,False
RES003729,8.14,4.33,1.91,50,47,1.52,11.65,0.026,False
RES003730,4.18,1.65,0.87,47,47,1.3,3.14,0.004,True
RES003732,0.1,4.96,0.46,49,58,1.41,16.73,0.032,True
RES003733,7.33,1.7,1.7,28,26,1.16,4.37,0.063,False
RES003735,1.23,1.67,0.53,36,33,1.32,5.08,0.099,False
RES003736,2.72,4.03,0.14,19,28,2.38,9.86,0.044,False
RES003737,9.87,1.26,1.28,38,34,1.17,15.29,0.014,False
RES003738,7.15,1.65,1.51,33,39,2.22,12.81,0.036,False
RES003740,1.12,0.73,1.14,90,94,1.25,22.44,0.086,False
RES003741,8.65,2.03,0.75,17,23,1.01,9.34,0.074,True
RES003742,7.52,2.67,1.88,47,42,1.39,7.07,0.076,True
RES003750,7.2,1.25,1.57,32,34,2.19,17.9,0.09,True
RES003751,3.75,4.72,0.63,24,28,2.11,3.53,0.085,False
RES003752,3.53,3.34,0.91,72,81,2.21,21.76,0.051,True
RES003753,6.83,1.27,1.67,19,20,1.33,5.28,0.055,True
RES003754,6.03,1.26,0.58,26,36,2.44,6.44,0.057,False
RES003755,8.63,3.25,1.69,46,50,1.25,11.3,0.032,False
RES003756,6.15,0.44,1.56,76,80,1.57,24.64,0.085,True
RES003758,5.09,4.8,0.28,67,66,1.58,21.24,0.058,True
RES003759,2.7,1.56,0.47,87,96,1.57,12.52,0.092,True
RES003760,7.95,4.13,1.97,18,22,1.87,20.33,0.003,True
RES003761,6.13,3.17,0.25,68,72,1.99,0.9,0.016,True
RES003762,6.26,4.16,0.7,54,52,2.08,22.16,0.038,False
RES003764,0.58,4.73,1.17,74,70,1.11,23.93,0.018,True
RES003766,7.59,0.87,0.72,23,21,1.26,24.36,0.008,True
RES003767,7.27,2.15,0.11,35,36,2.0,9.03,0.047,True
RES003769,8.8,1.15,0.41,85,88,2.45,11.43,0.032,False
RES003770,4.28,3.77,0.72,86,90,2.02,5.45,0.008,True
RES003771,6.35,1.98,1.43,33,29,1.85,3.28,0.052,False
RES003772,6.16,4.56,0.77,64,61,1.16,17.69,0.059,True
RES003773,8.71,1.27,0.87,16,20,1.35,16.82,0.074,True
RES003774,0.98,2.31,0.29,18,19,2.49,13.11,0.078,True
RES003776,1.69,1.21,1.16,32,40,1.05,9.52,0.043,False
RES003777,2.96,1.35,0.14,90,93,1.11,23.59,0.007,True
RES003778,9.57,2.99,0.76,19,25,1.32,3.92,0.073,False
RES003779,9.31,3.56,1.56,47,48,1.16,2.68,0.075,True
RES003780,7.54,1.44,1.34,15,18,2.47,0.27,0.038,False
RES003781,7.38,1.47,1.98,44,53,2.24,21.48,0.028,False
RES003784,5.2,0.25,0.7,52,62,1.96,1.5,0.098,False
RES003785,5.44,4.29,1.51,58,65,2.18,13.37,0.005,False
RES003786,7.29,4.67,1.48,21,31,2.34,19.0,0.053,True
RES003787,1.01,2.84,0.97,70,77,2.36,19.68,0.023,True
RES003788,0.27,4.61,1.41,45,46,2.19,5.78,0.073,True
RES003789,5.24,0.52,0.03,32,41,1.84,7.51,0.056,True
RES003791,3.17,0.67,1.47,63,69,1.1,19.23,0.044,False
RES003792,1.54,4.63,0.07,37,45,2.09,15.39,0.078,False
RES003793,9.16,0.71,0.52,25,22,2.36,20.11,0.039,False
RES003794,4.4,0.01,0.75,44,47,2.03,15.96,0.092,True
RES003795,7.11,1.92,1.89,89,90,2.19,22.56,0.045,True
RES003796,7.51,3.52,1.54,77,84,1.48,24.74,0.044,False
RES003800,7.56,1.78,0.54,58,65,2.28,10.09,0.022,True
RES003801,9.44,2.09,1.25,40,45,1.79,8.52,0.095,False
RES003802,8.58,1.95,0.57,28,25,1.41,9.18,0.088,True
RES003803,9.4,2.11,0.23,19,26,1.96,5.02,0.04,False
RES003805,4.01,3.84,0.12,59,61,1.8,9.67,0.016,True
RES003806,4.21,0.31,1.96,24,30,2.43,23.83,0.053,False
RES003811,5.33,0.27,1.39,47,48,1.03,24.94,0.028,False
RES003813,1.14,4.1,1.51,88,86,1.48,10.26,0.097,False
RES003815,4.94,1.15,0.35,22,23,2.41,11.05,0.087,False
RES003816,3.4,3.14,0.65,88,88,1.3,19.6,0.033,True
RES003817,6.38,3.71,0.95,83,91,1.12,21.0,0.045,False
RES003820,4.04,2.4,1.82,59,69,2.24,9.32,0.089,True
RES003821,5.46,4.71,0.91,29,32,2.45,0.8,0.078,True
RES003822,9.38,4.83,1.04,32,31,2.46,20.51,0.07,False
RES003823,9.37,3.61,1.82,90,100,2.28,17.25,0.072,True
RES003824,7.52,3.15,1.31,39,40,2.08,9.05,0.02,False
RES003825,5.74,1.89,1.98,40,37,1.94,1.95,0.028,False
RES003827,7.51,2.15,1.05,48,47,1.95,19.6,0.089,True
RES003828,3.32,2.53,1.2,65,74,1.29,19.92,0.04,False
RES003831,7.72,2.32,0.13,88,86,2.22,5.12,0.055,False
RES003836,2.51,3.05,0.19,50,54,2.37,14.67,0.041,False
RES003838,6.0,4.14,0.67,57,53,2.04,6.41,0.025,False
RES003840,9.19,3.99,0.94,87,84,1.92,5.25,0.001,True
RES003843,5.88,0.25,0.61,35,35,1.78,12.62,0.056,False
RES003846,0.83,1.7,1.97,47,45,1.0,10.15,0.032,False
RES003850,1.16,4.11,0.9,42,52,1.01,16.0,0.007,False
RES003852,3.3,0.03,1.64,40,49,1.28,2.48,0.005,True
RES003854,5.55,1.11,0.63,40,41,1.85,17.19,0.05,True
RES003857,8.67,0.88,0.22,58,56,1.86,11.27,0.032,False
RES003858,5.57,1.01,1.38,36,40,1.15,18.56,0.082,False
RES003859,9.16,4.71,0.7,38,33,2.16,22.01,0.081,False
RES003860,0.96,1.63,0.09,26,29,1.59,2.37,0.023,False
RES003864,5.66,4.26,1.75,26,33,1.12,4.17,0.054,True
RES003868,5.12,0.09,1.98,55,63,1.56,1.2,0.019,True
RES003870,9.97,1.74,1.21,59,61,2.28,19.19,0.031,True
RES003872,4.22,2.59,0.45,56,54,2.16,2.4,0.098,True
RES003873,7.84,4.33,0.05,26,28,1.81,0.99,0.002,True
RES003874,2.99,0.29,1.96,38,41,2.0,14.05,0.08,False
RES003875,8.61,0.85,1.92,74,81,1.77,7.37,0.033,False
RES003877,8.94,0.91,1.2,57,59,1.31,9.14,0.016,False
RES003882,6.03,4.24,1.84,28,27,1.08,10.05,0.038,True
RES003883,1.28,2.56,1.16,77,87,1.79,5.7,0.076,False
RES003884,2.51,4.7,1.42,35,38,1.77,10.72,0.084,True
RES003885,0.73,2.25,0.5,73,71,1.45,7.34,0.023,False
RES003887,1.91,2.16,1.29,42,44,1.3,20.65,0.028,True
RES003888,2.62,1.69,0.99,51,46,1.14,24.8,0.04,False
RES003890,2.74,3.23,1.82,79,74,1.32,10.81,0.074,False
RES003891,5.78,3.35,0.14,51,61,1.36,12.72,0.07,True
RES003893,8.7,4.8,0.71,26,27,2.24,18.02,0.064,False
RES003897,0.58,2.54,1.56,42,37,2.41,16.08,0.081,True
RES003898,3.8,0.98,0.34,58,55,2.31,7.54,0.046,False
RES003899,0.26,1.68,0.09,74,82,1.88,14.35,0.08,False
RES003901,6.66,1.97,1.08,31,39,1.14,22.97,0.03,True
RES003903,4.27,3.13,1.13,25,23,2.28,2.54,0.091,True
RES003904,9.9,4.83,1.64,45,44,1.73,5.69,0.009,True
RES003905,4.91,2.95,0.2,59,55,1.71,23.36,0.053,True
RES003906,1.85,3.91,0.63,42,39,1.63,18.19,0.064,True
RES003907,4.83,0.89,1.82,81,76,2.46,1.15,0.078,False
RES003908,0.96,2.8,0.23,22,22,2.47,17.93,0.051,True
RES003910,2.11,2.34,0.79,80,87,1.71,19.06,0.028,True
RES003911,9.04,3.78,1.63,83,87,2.36,12.13,0.039,True
RES003912,3.7,3.11,1.35,82,90,2.37,5.24,0.081,True
RES003913,0.3,2.12,1.1,62,57,1.14,13.25,0.061,True
RES003914,6.32,2.03,1.67,35,30,2.36,9.51,0.094,True
RES003915,6.1,3.92,1.23,49,48,1.58,7.39,0.047,False
RES003918,2.09,2.46,0.51,84,85,1.52,7.47,0.1,False
RES003920,0.19,1.5,1.01,78,82,1.43,19.98,0.053,False
RES003924,9.2,3.38,1.79,57,60,2.27,17.87,0.006,False
RES003927,4.28,3.05,0.18,15,14,1.43,1.79,0.086,True
RES003929,3.08,3.24,0.58,21,27,2.36,7.96,0.072,True
RES003932,5.36,3.87,0.24,29,31,1.95,13.62,0.09,False
RES003937,1.44,2.88,0.0,77,84,2.5,1.04,0.008,False
RES003940,8.46,4.48,0.42,82,79,2.17,10.61,0.057,True
RES003941,5.16,0.48,1.41,87,92,2.35,9.63,0.031,True
RES003942,7.17,4.82,1.87,26,32,2.28,21.45,0.086,False
RES003943,8.97,1.74,0.42,58,62,2.09,3.77,0.021,False
RES003944,5.56,4.28,1.32,67,74,1.75,21.74,0.095,False
RES003945,8.63,3.03,0.73,62,59,2.45,16.72,0.024,True
RES003946,0.85,0.46,1.04,39,45,1.5,6.22,0.045,True
RES003947,4.75,3.72,1.18,83,89,1.55,18.9,0.065,True
RES003949,1.11,2.25,0.29,17,17,1.53,8.39,0.096,False
RES003950,0.08,4.57,1.15,72,77,1.65,22.84,0.056,True
RES003952,3.12,3.55,1.19,49,58,1.39,11.57,0.093,True
RES003953,6.07,2.29,1.55,87,96,1.24,13.12,0.094,True
RES003955,9.53,3.67,0.56,26,27,1.63,23.18,0.076,True
RES003957,5.93,4.16,1.54,74,79,1.05,13.48,0.02,False
RES003960,9.64,2.65,1.79,81,87,1.49,6.57,0.01,False
RES003961,4.22,4.14,1.53,60,68,1.2,4.43,0.079,True
RES003962,5.16,0.52,1.0,38,40,2.32,19.48,0.039,True
RES003963,8.06,4.39,0.55,61,69,1.93,22.33,0.062,False
RES003964,9.35,1.69,1.57,53,57,2.19,19.81,0.016,True
RES003966,6.94,0.2,1.23,26,34,2.24,11.72,0.022,False
RES003969,6.66,3.2,0.27,25,23,1.7,3.04,0.017,True
RES003971,4.85,2.08,0.62,89,89,1.07,4.32,0.083,False
RES003972,0.02,3.77,1.84,20,19,1.63,1.83,0.069,False
RES003973,0.09,3.85,1.63,81,89,1.91,14.51,0.037,False
RES003976,5.21,0.92,0.45,44,52,1.23,22.71,0.073,True
RES003978,5.54,4.56,0.03,40,46,1.14,1.65,0.074,False
RES003979,4.3,2.67,1.11,88,88,2.23,7.9,0.076,True
RES003981,8.39,2.43,1.67,44,46,1.79,10.28,0.024,False
RES003982,9.45,1.16,0.39,40,47,2.27,10.64,0.04,True
RES003984,9.85,0.97,1.87,61,57,1.13,0.39,0.095,False
RES003985,5.15,4.97,0.34,79,86,1.09,6.94,0.079,True
RES003986,6.25,2.78,0.34,43,46,1.62,12.14,0.005,True
RES003989,1.9,1.59,1.23,83,93,2.47,17.06,0.038,True
RES003992,2.26,2.37,1.95,62,71,1.57,4.52,0.07,False
RES003993,6.74,0.68,0.44,33,37,1.52,23.32,0.078,True
RES003994,1.29,1.22,1.28,70,69,1.54,19.04,0.095,True
RES003997,0.3,2.25,1.99,88,94,1.76,21.44,0.073,False
RES003998,3.53,1.44,1.57,46,46,2.43,15.13,0.015,False
RES003999,1.13,2.95,1.85,67,77,1.92,3.0,0.084,False
RES004002,6.6,1.65,1.77,47,52,1.4,16.68,0.074,False
RES004003,6.93,0.5,1.98,46,44,1.02,7.41,0.084,False
RES004004,4.91,1.46,0.31,79,86,1.89,17.46,0.051,True
RES004005,5.71,2.96,1.03,17,17,2.09,6.86,0.019,False
RES004007,6.55,4.49,0.48,79,84,1.43,13.23,0.008,False
RES004008,8.69,3.74,1.15,18,25,1.7,8.22,0.026,False
RES004009,5.49,0.12,0.15,76,86,1.22,2.03,0.05,False
RES004011,0.02,2.5,0.84,71,73,1.41,4.38,0.069,False
RES004014,4.86,2.59,0.28,17,13,2.16,5.02,0.044,True
RES004015,3.39,2.74,1.2,29,32,1.58,24.87,0.02,False
RES004016,9.64,1.93,0.31,41,46,1.13,9.51,0.058,False
RES004017,3.63,0.18,0.94,84,92,2.42,7.76,0.067,False
RES004018,8.43,1.53,1.0,43,41,2.31,3.74,0.065,True
RES004019,4.2,1.4,0.08,43,47,1.49,2.86,0.099,False
RES004020,8.23,0.4,0.98,74,80,1.34,18.55,0.073,False
RES004024,9.84,4.44,0.59,83,87,2.38,17.3,0.013,False
RES004025,2.86,4.68,0.95,73,79,1.46,3.14,0.09,True
RES004026,7.96,2.83,0.77,83,92,1.87,6.84,0.03,True
RES004027,6.88,1.99,0.04,52,62,1.27,8.49,0.052,False
RES004028,1.79,0.58,0.27,75,85,1.97,5.76,0.015,False
RES004030,6.27,0.9,0.93,39,39,1.89,7.32,0.055,False
RES004031,9.78,0.19,0.55,47,45,1.41,9.99,0.094,True
RES004032,2.35,3.53,0.13,77,84,1.01,6.04,0.1,False
RES004033,7.28,0.15,0.88,23,31,1.63,17.45,0.028,False
RES004036,7.98,0.34,1.22,67,74,2.26,10.96,0.007,False
RES004037,2.56,0.34,1.79,25,33,1.71,3.11,0.085,True
RES004038,1.12,0.48,1.54,88,87,1.34,22.86,0.011,True
RES004040,8.27,0.89,0.21,89,88,1.99,5.24,0.05,False
RES004041,0.24,1.89,0.23,75,76,1.86,4.85,0.039,True
RES004042,8.39,4.42,1.18,29,24,2.16,22.1,0.043,True
RES004043,7.51,4.68,1.5,24,24,1.75,21.29,0.096,False
RES004046,5.59,4.27,0.51,33,33,1.33,8.83,0.083,True
RES004048,7.35,3.88,1.29,15,11,1.01,8.02,0.095,True
RES004049,1.57,3.46,1.65,40,35,1.07,2.2,0.031,True
RES004053,5.39,0.77,0.99,59,54,2.34,17.83,0.036,True
RES004054,9.27,1.7,1.79,55,65,2.18,1.58,0.068,False
RES004055,0.97,1.07,1.72,18,20,2.39,1.31,0.096,True
RES004057,4.67,1.6,1.05,40,35,2.24,6.93,0.071,False
RES004059,7.85,2.27,1.11,60,66,1.25,8.88,0.09,True
RES004062,5.18,3.11,0.46,89,84,1.89,22.46,0.017,True
RES004064,0.64,4.25,0.89,49,55,1.1,2.07,0.093,False
RES004066,4.34,0.78,1.31,86,83,1.34,19.26,0.071,False
RES004067,9.68,4.34,1.2,58,55,1.86,9.45,0.029,False
RES004068,9.12,1.01,0.12,70,65,1.03,18.24,0.057,True
RES004069,3.34,0.38,0.51,83,88,1.28,4.73,0.06,True
RES004070,3.95,0.05,0.06,46,55,2.23,21.92,0.058,True
RES004071,0.71,1.44,0.11,30,37,1.27,23.21,0.043,True
RES004072,0.2,3.23,1.18,50,58,2.34,19.08,0.091,False
RES004073,9.6,4.03,0.56,34,32,2.47,13.82,0.05,True
RES004076,1.04,4.65,0.12,85,89,1.32,1.66,0.076,True
RES004079,5.72,4.65,1.46,38,43,1.99,17.96,0.025,False
RES004082,4.99,0.28,0.55,84,92,1.75,21.14,0.001,True
RES004083,1.04,4.28,0.52,27,28,1.65,16.81,0.056,True
RES004084,3.09,1.72,0.76,20,28,1.86,22.38,0.031,True
RES004085,0.42,0.51,0.6,82,81,1.67,21.43,0.044,True
RES004088,0.85,0.86,1.44,90,89,1.53,6.37,0.002,True
RES004089,1.07,4.78,1.18,42,50,1.52,20.09,0.051,True
RES004090,1.1,1.26,1.34,18,14,2.07,24.94,0.003,False
RES004091,2.16,2.55,0.97,60,67,2.02,8.78,0.094,False
RES004094,6.7,3.48,0.9,18,18,1.39,20.19,0.034,True
RES004096,0.91,4.35,0.14,74,82,1.31,14.18,0.054,False
RES004101,0.47,1.26,1.79,85,92,1.27,8.03,0.032,True
RES004102,4.04,2.93,1.66,67,68,1.68,15.93,0.062,False
RES004104,0.68,0.52,1.43,33,40,1.99,19.56,0.031,False
RES004105,9.74,4.17,0.3,86,89,1.33,1.29,0.064,False
RES004108,4.89,3.52,1.62,25,26,1.53,21.63,0.06,True
RES004109,9.64,2.23,1.32,64,68,2.4,22.31,0.097,False
RES004110,9.73,3.69,1.31,17,13,1.77,1.85,0.052,False
RES004114,0.26,1.04,1.28,80,89,1.45,16.55,0.038,True
RES004115,4.9,2.31,1.61,77,73,2.14,23.28,0.053,True
RES004116,8.78,0.03,1.27,70,65,2.39,6.29,0.088,False
RES004117,6.38,4.26,1.76,57,59,1.38,18.62,0.042,False
RES004119,2.3,1.15,0.38,53,51,1.26,17.06,0.004,True
RES004120,1.47,1.51,0.25,46,48,2.18,12.98,0.047,True
RES004121,1.37,1.63,1.82,19,21,1.53,23.42,0.053,True
RES004122,3.34,4.98,1.48,24,34,1.62,12.55,0.023,True
RES004123,4.83,4.82,0.66,36,45,1.01,4.58,0.094,False
RES004126,6.57,2.58,1.3,60,63,1.62,21.15,0.098,True
RES004129,0.05,4.92,1.97,57,53,1.18,23.52,0.033,True
RES004132,5.24,2.03,1.33,65,71,1.73,18.13,0.049,False
RES004133,3.67,0.08,1.94,37,46,2.31,1.52,0.042,False
RES004134,7.95,0.72,0.16,18,18,1.56,8.75,0.021,True
RES004138,1.21,4.38,1.51,16,12,1.07,5.92,0.061,True
RES004139,3.05,2.73,1.31,87,82,1.47,4.22,0.001,False
RES004141,8.12,2.74,1.27,46,51,1.26,13.79,0.007,False
RES004144,5.56,3.14,0.7,79,75,2.27,24.3,0.045,True
RES004145,3.38,0.89,1.78,80,75,2.36,18.3,0.023,False
RES004147,3.85,3.88,1.13,87,95,2.48,12.72,0.083,False
RES004149,3.38,1.63,1.96,88,96,2.47,14.08,0.002,False
RES004152,5.65,4.32,0.91,61,59,1.71,9.19,0.044,True
RES004153,2.24,4.48,1.17,21,30,1.96,24.43,0.033,True
RES004154,4.19,1.43,1.84,60,61,1.59,6.69,0.045,False
RES004156,6.32,3.47,1.36,57,57,1.23,0.21,0.082,False
RES004159,1.77,0.5,1.72,62,63,2.09,7.02,0.088,False
RES004160,8.4,4.39,1.24,49,54,2.28,11.91,0.074,False
RES004163,5.3,4.27,0.57,18,14,2.18,6.91,0.068,True
RES004166,5.15,3.13,1.86,18,20,1.09,2.98,0.032,False
RES004167,8.44,1.44,1.6,27,32,2.41,3.15,0.001,True
RES004168,6.5,4.58,0.34,15,16,1.64,7.09,0.068,False
RES004173,6.6,2.65,1.53,45,42,1.52,14.41,0.074,False
RES004178,3.02,0.91,0.7,47,47,1.25,2.75,0.033,False
RES004179,2.06,4.74,0.8,77,83,1.7,17.18,0.09,True
RES004181,3.87,1.17,0.43,46,52,1.82,3.4,0.033,True
RES004183,4.26,1.67,1.55,53,61,1.49,23.59,0.041,False
RES004184,2.39,0.78,1.64,60,65,1.09,20.06,0.047,False
RES004185,7.76,4.32,0.66,33,30,1.04,7.35,0.036,False
RES004187,9.93,2.24,1.83,70,80,1.47,0.2,0.059,True
RES004188,2.82,1.36,0.04,74,84,2.07,3.68,0.007,True
RES004189,3.05,1.15,1.91,35,36,1.94,13.95,0.034,True
RES004190,7.54,3.15,1.84,19,17,1.67,4.95,0.06,True
RES004193,1.9,2.89,0.43,35,34,1.52,12.84,0.075,False
RES004194,6.43,3.65,1.76,56,52,2.09,16.79,0.096,True
RES004197,9.93,2.46,1.19,83,86,2.32,7.74,0.011,True
RES004198,4.42,3.14,1.14,26,30,1.19,4.07,0.051,False
RES004202,4.17,3.51,0.31,41,44,1.57,11.88,0.041,False
RES004204,6.14,1.94,1.18,36,33,1.51,5.74,0.014,True
RES004205,9.31,1.69,0.53,85,87,1.25,8.46,0.027,False
RES004207,2.96,0.73,1.85,40,45,1.61,0.89,0.065,True
RES004209,9.95,1.97,0.25,61,71,1.59,12.36,0.03,False
RES004210,7.38,4.39,1.06,82,79,1.2,11.12,0.004,True
RES004211,5.63,1.36,1.22,36,33,1.75,5.2,0.036,True
RES004213,3.58,3.25,1.13,78,79,1.71,12.37,0.026,True
RES004214,1.16,1.99,0.38,35,35,1.02,10.56,0.07,False
RES004216,2.17,0.17,0.51,26,33,2.16,6.02,0.091,False
RES004217,2.47,2.5,1.93,84,82,1.19,3.65,0.063,False
RES004218,4.75,2.87,0.77,83,91,2.35,3.48,0.018,False
RES004219,1.9,2.52,1.95,16,24,2.41,14.87,0.015,True
RES004220,2.85,4.17,0.44,15,25,1.87,15.33,0.026,True
RES004223,8.4,0.1,1.44,62,63,1.16,16.72,0.021,False
RES004224,8.15,0.21,0.97,32,40,1.27,16.49,0.097,False
RES004225,4.65,1.0,1.63,20,24,1.92,19.47,0.058,True
RES004226,1.87,2.56,0.55,74,81,1.93,12.65,0.082,True
RES004229,6.22,3.24,1.68,65,67,1.99,12.06,0.024,True
RES004230,3.74,2.26,0.62,72,80,1.37,5.47,0.015,True
RES004231,1.99,3.57,1.47,25,34,1.1,21.86,0.099,True
RES004233,3.96,3.11,0.68,19,14,1.54,1.62,0.081,False
RES004234,4.29,2.68,0.19,57,67,2.38,18.51,0.052,True
RES004235,8.78,3.35,1.58,41,50,1.59,17.37,0.006,False
RES004237,9.86,0.71,1.35,55,51,1.82,14.61,0.007,True
RES004239,3.83,0.64,1.6,53,58,2.03,22.86,0.037,True
RES004240,8.47,2.96,0.88,34,43,2.33,6.79,0.039,False
RES004241,3.7,0.96,1.38,36,39,1.25,4.71,0.053,False
RES004242,0.34,0.4,0.4,22,29,1.85,7.81,0.096,True
RES004244,4.86,3.39,0.23,32,40,1.58,20.58,0.067,False
RES004245,8.24,4.27,1.7,31,32,1.71,12.98,0.096,False
RES004246,1.19,0.78,0.76,86,86,2.04,5.29,0.051,True
RES004248,9.72,3.69,1.23,76,78,2.0,13.9,0.047,True
RES004249,0.03,3.81,0.23,34,37,2.35,16.72,0.007,True
RES004250,6.13,3.0,1.15,53,53,1.43,22.71,0.042,False
RES004252,2.42,3.72,1.27,77,86,2.27,24.86,0.019,True
RES004253,2.88,0.02,0.43,58,66,2.11,10.62,0.04,False
RES004254,7.34,4.39,1.98,22,21,1.89,6.93,0.075,True
RES004256,0.72,4.98,0.77,41,38,1.84,20.79,0.045,True
RES004257,2.58,3.35,1.61,48,55,1.42,4.59,0.086,False
RES004258,9.82,4.19,0.08,65,74,1.09,16.72,0.05,False
RES004261,3.93,2.75,1.48,70,74,1.66,13.0,0.011,True
RES004262,4.12,2.58,1.08,71,69,2.1,7.08,0.042,False
RES004263,5.18,1.86,0.23,61,57,1.24,6.4,0.02,True
RES004266,2.88,2.08,1.2,46,56,2.32,1.22,0.096,True
RES004268,0.88,2.09,1.46,75,85,1.2,14.99,0.098,True
RES004269,1.69,1.4,1.5,39,34,1.93,21.64,0.039,False
RES004271,3.12,1.42,0.39,38,43,1.01,6.12,0.026,False
RES004273,5.39,2.24,0.38,24,28,1.01,10.64,0.048,False
RES004275,0.01,3.38,0.6,42,45,2.43,24.99,0.099,False
RES004276,4.69,2.51,1.68,75,75,1.94,0.14,0.04,True
RES004277,7.44,0.54,0.35,33,29,1.18,18.1,0.085,False
RES004279,5.1,3.46,0.96,44,50,2.02,0.16,0.03,False
RES004280,1.77,1.71,0.65,56,65,2.04,9.94,0.015,False
RES004282,6.3,2.11,0.11,81,84,2.45,13.91,0.051,True
RES004284,3.18,4.78,0.82,53,50,1.95,24.89,0.051,True
RES004286,7.78,0.5,0.96,47,57,1.47,9.78,0.005,True
RES004287,0.01,0.54,0.72,43,44,1.65,17.27,0.035,True
RES004289,9.98,3.89,0.01,84,88,1.7,3.04,0.034,False
RES004290,6.83,1.85,1.34,47,55,1.72,4.22,0.064,False
RES004291,1.89,3.96,1.6,19,22,1.44,18.19,0.069,True
RES004293,6.01,0.6,0.78,50,46,1.72,4.79,0.035,True
RES004294,9.78,3.62,0.57,54,53,1.78,0.01,0.009,True
RES004297,6.16,4.04,1.41,34,29,2.41,0.49,0.018,False
RES004298,5.63,0.38,1.23,68,74,1.04,16.92,0.098,False
RES004300,6.8,2.15,1.45,40,47,2.23,8.98,0.093,False
RES004302,2.08,4.89,0.82,22,28,1.26,20.17,0.024,True
RES004303,5.22,3.78,1.82,27,24,1.6,18.8,0.071,False
RES004304,2.48,0.66,1.19,71,80,2.4,12.21,0.021,True
RES004306,6.31,0.07,0.92,24,25,1.18,21.34,0.008,True
RES004307,7.76,2.21,0.92,78,87,1.44,8.3,0.084,True
RES004308,4.76,4.2,1.48,15,21,2.25,7.27,0.018,True
RES004311,0.53,0.42,0.15,60,59,2.2,1.15,0.054,False
RES004312,8.84,3.47,0.8,15,21,1.66,18.7,0.074,True
RES004313,4.28,1.52,1.97,32,34,2.08,23.19,0.044,True
RES004314,9.0,1.69,1.48,60,59,1.37,15.55,0.047,True
RES004315,4.96,0.22,1.7,26,28,1.82,0.03,0.035,False
RES004316,7.17,0.82,0.95,16,23,1.37,21.56,0.063,False
RES004317,1.47,0.02,0.27,44,49,1.01,1.01,0.038,True
RES004318,7.01,3.92,1.03,58,56,1.09,24.77,0.003,True
RES004319,7.37,0.84,0.2,50,51,1.11,18.01,0.057,True
RES004321,1.77,0.14,1.04,70,75,1.74,15.88,0.025,False
RES004323,2.6,0.91,0.39,81,88,1.31,5.45,0.083,True
RES004324,0.84,1.87,0.89,75,76,2.45,8.99,0.099,False
RES004325,3.76,4.64,0.31,75,83,1.6,8.3,0.056,True
RES004326,8.9,0.98,1.73,66,74,1.21,22.76,0.078,False
RES004327,6.2,4.91,1.27,53,61,1.23,18.2,0.024,False
RES004328,3.35,0.2,1.68,27,37,1.7,18.33,0.059,False
RES004329,5.24,0.54,0.91,81,88,2.46,21.3,0.048,True
RES004332,7.76,2.46,0.03,71,73,1.91,13.84,0.011,True
RES004333,3.14,3.96,1.89,24,32,2.26,9.65,0.064,False
RES004334,7.33,0.83,0.6,44,45,1.98,9.25,0.065,False
RES004335,3.62,3.85,1.7,17,26,1.15,9.0,0.019,True
RES004336,9.05,3.33,0.46,35,36,1.92,0.39,0.067,True
RES004338,9.46,1.03,1.56,19,23,1.75,20.02,0.039,True
RES004339,3.77,4.94,0.56,75,72,2.07,5.25,0.042,True
RES004340,5.85,4.86,1.45,59,58,1.39,20.85,0.017,False
RES004342,9.39,3.68,1.49,61,61,1.65,4.08,0.02,True
RES004345,8.09,3.37,0.05,77,85,1.96,21.81,0.074,False
RES004346,0.65,2.06,1.6,75,79,1.03,6.95,0.037,False
RES004347,0.06,2.69,1.61,23,20,1.54,9.75,0.01,False
RES004348,3.7,2.5,0.4,85,95,2.34,10.33,0.071,True
RES004349,5.41,4.54,0.74,18,21,1.18,12.31,0.057,False
RES004350,2.44,4.98,1.84,77,82,1.77,9.04,0.097,False
RES004352,3.44,0.89,0.13,86,91,2.01,23.51,0.03,False
RES004354,7.7,4.45,1.34,69,73,1.65,7.81,0.051,True
RES004356,3.19,4.11,0.28,71,81,2.36,16.3,0.074,False
RES004358,2.73,4.61,1.85,52,56,2.08,19.18,0.069,False
RES004359,4.12,2.69,1.61,64,60,2.13,19.81,0.062,True
RES004360,5.78,3.41,0.03,46,49,2.0,11.84,0.082,False
RES004362,5.91,4.88,1.88,77,72,2.17,3.76,0.023,False
RES004363,8.51,3.84,1.03,25,28,1.9,17.75,0.065,False
RES004366,3.1,0.99,1.13,44,52,1.38,11.02,0.036,False
RES004369,7.16,1.78,1.3,32,38,1.28,21.65,0.08,False
RES004370,0.59,4.54,0.43,33,35,2.47,10.81,0.091,True
RES004371,5.19,0.8,1.38,40,47,1.7,2.7,0.031,False
RES004372,1.58,3.7,1.69,23,25,1.63,13.5,0.074,False
RES004373,8.98,3.7,0.46,73,68,1.34,20.24,0.005,True
RES004376,3.73,2.37,1.81,52,49,1.25,18.36,0.038,False
RES004377,6.83,2.93,1.52,25,24,1.07,12.22,0.025,False
RES004378,5.53,1.23,0.81,82,91,1.68,21.49,0.089,False
RES004379,3.1,2.8,0.24,29,36,1.61,24.51,0.069,True
RES004381,0.51,1.16,1.08,37,34,2.19,10.16,0.051,True
RES004384,6.13,4.37,1.28,70,79,1.69,17.32,0.099,False
RES004387,7.99,0.43,0.47,48,45,1.36,9.61,0.09,False
RES004388,8.41,4.26,0.72,19,23,1.31,4.16,0.059,True
RES004389,9.43,0.33,0.87,26,34,1.3,11.87,0.074,False
RES004390,6.03,3.14,1.78,78,77,2.24,13.04,0.012,False
RES004391,5.05,0.96,0.38,79,76,1.23,8.75,0.077,True
RES004392,5.24,0.91,1.39,27,37,1.37,21.79,0.011,False
RES004393,9.9,3.31,1.32,32,30,1.09,2.63,0.034,True
RES004395,4.71,2.21,1.71,56,65,2.02,15.13,0.078,False
RES004396,1.17,4.83,0.01,25,33,2.19,1.19,0.058,True
RES004400,9.38,2.09,1.76,63,64,2.46,5.37,0.032,False
RES004401,5.35,2.68,0.82,31,26,2.33,5.3,0.013,True
RES004405,3.81,4.02,1.14,32,32,1.38,16.99,0.054,False
RES004407,2.79,2.38,0.74,39,37,1.96,2.08,0.081,True
RES004408,1.29,0.29,1.22,49,57,2.15,5.94,0.079,False
RES004410,8.15,1.78,0.18,15,11,1.65,19.26,0.009,True
RES004411,4.91,3.39,1.61,20,30,2.32,18.03,0.062,False
RES004413,5.46,0.35,0.54,36,34,1.92,10.1,0.052,True
RES004414,9.42,3.74,0.16,56,54,1.57,7.61,0.009,True
RES004415,1.09,1.81,1.33,32,27,2.13,9.03,0.06,False
RES004416,0.96,2.78,1.86,15,21,1.73,4.73,0.051,True
RES004417,2.78,2.98,1.03,78,88,1.08,22.42,0.063,False
RES004418,5.9,3.45,1.29,53,53,1.33,23.57,0.041,False
RES004420,2.27,1.09,0.63,67,68,1.51,0.54,0.073,True
RES004422,6.32,0.72,0.76,75,76,2.42,2.5,0.073,True
RES004423,3.3,1.56,1.49,73,73,1.12,16.68,0.045,True
RES004426,4.84,3.42,0.46,38,42,2.11,10.73,0.073,True
RES004428,4.5,0.68,0.23,28,34,2.17,5.91,0.017,True
RES004429,9.34,2.25,0.2,55,55,2.01,0.63,0.059,True
RES004430,3.68,0.74,0.9,70,76,2.27,22.71,0.074,True
RES004432,7.71,0.5,0.1,69,76,1.51,18.2,0.028,True
RES004433,4.07,0.13,1.3,79,88,1.58,15.86,0.031,True
RES004434,3.67,2.8,0.53,18,25,2.03,21.68,0.073,False
RES004435,0.52,3.86,0.0,79,83,1.55,3.62,0.048,True
RES004436,5.87,2.54,0.88,43,46,1.99,12.21,0.007,False
RES004437,6.74,3.2,0.01,28,32,2.34,9.88,0.063,True
RES004439,9.03,4.53,1.14,88,84,1.18,18.58,0.052,True
RES004443,4.3,0.96,1.2,71,74,1.82,8.18,0.019,False
RES004444,7.26,3.75,0.33,20,27,2.19,12.69,0.011,True
RES004445,2.79,2.05,1.17,40,43,1.54,1.43,0.007,True
RES004447,1.47,4.98,1.75,59,65,1.49,15.54,0.074,True
RES004449,2.36,1.83,0.84,17,21,1.94,22.81,0.081,False
RES004451,0.58,4.88,1.68,77,82,1.08,19.01,0.019,False
RES004452,3.66,2.46,0.55,77,76,1.4,2.29,0.023,True
RES004453,9.55,3.66,0.91,27,23,1.87,8.94,0.065,True
RES004454,0.31,1.57,1.48,76,76,1.12,19.72,0.006,False
RES004456,6.93,0.23,0.78,24,19,1.51,8.46,0.05,True
RES004458,7.35,0.72,1.26,36,39,2.19,7.87,0.075,False
RES004459,7.42,3.04,1.58,66,73,1.54,3.79,0.071,False
RES004460,5.31,2.84,0.79,39,38,1.85,19.07,0.09,False
RES004462,7.23,2.27,0.39,33,29,2.36,17.04,0.099,False
RES004464,4.97,2.14,0.25,16,16,1.02,10.07,0.003,False
RES004465,0.32,2.87,1.9,19,27,1.72,13.78,0.097,False
RES004466,9.37,0.02,0.94,47,57,1.37,10.07,0.05,True
RES004467,6.85,2.83,0.92,61,62,1.52,9.76,0.023,False
RES004468,3.62,3.26,1.16,36,41,2.34,7.47,0.057,False
RES004469,9.66,2.67,1.08,78,88,2.48,1.01,0.04,False
RES004470,7.03,4.15,1.71,17,24,2.04,0.25,0.088,True
RES004471,5.78,0.6,0.63,22,26,1.0,13.78,0.079,False
RES004473,4.68,3.09,1.39,60,58,2.17,13.72,0.039,False
RES004475,7.63,2.95,0.04,46,49,1.03,20.71,0.094,False
RES004477,8.6,1.48,0.97,32,39,2.0,1.95,0.015,True
RES004478,5.36,1.22,0.22,42,44,1.4,7.04,0.08,True
RES004479,9.43,0.23,0.38,25,21,1.52,18.13,0.066,True
RES004480,3.05,1.7,1.26,21,19,1.64,5.07,0.036,False
RES004481,2.76,0.3,0.46,41,41,1.58,16.73,0.024,True
RES004484,9.84,0.68,0.97,49,59,1.84,24.61,0.083,True
RES004486,7.71,0.82,0.13,22,24,1.51,8.78,0.068,True
RES004487,5.83,4.89,0.59,49,55,1.88,4.12,0.056,True
RES004488,8.34,1.58,0.51,57,52,2.43,13.07,0.01,False
RES004489,1.13,0.95,0.17,62,67,1.66,20.79,0.056,True
RES004490,1.26,3.7,0.43,41,43,1.92,21.62,0.04,True
RES004492,7.05,2.19,1.26,37,43,1.6,3.46,0.08,False
RES004493,9.63,2.51,0.12,43,44,1.04,21.22,0.034,False
RES004494,2.08,3.52,1.13,87,85,2.2,19.7,0.009,False
RES004496,6.17,4.17,1.3,31,28,2.26,5.12,0.035,True
RES004497,0.49,1.27,1.02,25,24,2.37,10.07,0.017,False
RES004498,2.03,1.79,1.71,69,74,2.21,5.9,0.098,False
RES004499,4.84,2.53,0.53,66,69,2.09,24.38,0.056,True
RES004500,8.98,2.93,1.79,31,41,2.48,13.43,0.056,True
RES004501,7.83,0.62,1.2,36,38,2.31,18.58,0.089,False
RES004503,5.63,3.78,0.05,17,13,2.05,2.68,0.034,True
RES004506,7.14,2.12,0.39,44,50,1.34,14.93,0.095,True
RES004510,0.44,0.22,1.13,43,42,2.06,22.2,0.055,True
RES004511,5.67,3.31,1.0,54,54,1.38,8.97,0.023,False
RES004513,9.41,3.25,0.35,90,97,1.54,10.82,0.042,True
RES004514,1.93,4.14,1.72,50,48,1.47,24.22,0.065,False
RES004516,3.81,2.08,1.13,33,35,1.32,15.45,0.066,True
RES004518,4.57,4.55,1.47,57,54,2.46,9.7,0.092,False
RES004519,3.88,0.01,1.07,54,64,1.71,12.05,0.062,True
RES004520,6.3,4.84,1.49,79,80,2.31,6.45,0.032,False
RES004521,3.7,4.56,1.6,90,96,2.18,23.6,0.007,False
RES004522,0.01,3.77,0.63,53,62,1.64,24.55,0.041,False
RES004523,2.58,0.03,0.49,41,36,1.36,5.76,0.033,True
RES004524,5.6,1.67,0.88,39,46,2.23,14.75,0.086,True
RES004525,9.95,1.57,0.76,79,89,1.88,0.96,0.088,False
RES004526,7.29,3.0,1.54,48,57,1.11,19.18,0.012,False
RES004527,7.28,4.32,0.68,40,48,2.22,11.38,0.004,True
RES004529,7.93,4.94,0.07,66,64,1.89,24.66,0.012,True
RES004533,7.41,0.88,0.69,80,87,2.11,16.47,0.041,True
RES004536,1.53,4.21,1.49,30,30,1.3,21.84,0.054,False
RES004537,2.03,1.58,1.58,86,82,2.09,20.99,0.089,True
RES004538,4.63,0.93,0.17,80,90,1.67,20.43,0.007,False
RES004540,4.3,4.91,1.11,54,61,1.97,21.15,0.082,True
RES004541,0.8,0.02,1.8,36,38,2.11,16.98,0.081,False
RES004542,7.29,1.61,0.79,58,57,2.43,23.76,0.038,False
RES004543,4.03,3.2,0.62,24,30,1.7,20.25,0.038,True
RES004546,7.35,3.56,0.74,25,31,2.25,17.73,0.034,True
RES004547,7.76,2.4,0.21,27,31,1.9,14.6,0.062,False
RES004548,0.93,3.37,0.63,73,72,1.64,11.6,0.01,True
RES004549,9.66,3.29,1.69,84,93,1.45,7.84,0.088,True
RES004550,6.49,1.8,1.0,39,48,1.96,8.4,0.037,False
RES004552,9.3,2.79,1.04,59,60,1.98,11.87,0.03,True
RES004554,8.95,4.37,1.55,59,60,2.4,12.47,0.079,False
RES004559,5.86,1.21,0.03,50,51,1.72,8.79,0.014,False
RES004561,1.25,3.87,1.31,48,46,1.39,23.92,0.026,False
RES004562,8.32,2.99,1.72,18,23,2.28,5.33,0.043,True
RES004563,5.55,1.99,1.59,58,59,1.66,20.63,0.052,False
RES004564,2.42,0.83,1.67,34,38,2.16,21.23,0.019,True
RES004565,9.44,3.44,0.36,53,63,2.05,20.04,0.011,True
RES004566,5.45,4.95,0.07,51,58,1.1,14.54,0.056,False
RES004567,2.3,3.71,1.04,28,24,1.13,5.25,0.052,False
RES004568,5.4,4.7,0.47,17,20,1.7,23.44,0.075,False
RES004570,8.06,4.48,1.76,45,54,1.63,13.42,0.002,True
RES004571,4.54,0.63,0.71,82,83,2.13,10.7,0.031,False
RES004573,1.9,0.09,0.01,43,49,1.05,7.91,0.043,False
RES004574,8.68,0.47,0.1,30,34,1.34,19.75,0.065,False
RES004575,5.12,4.23,1.58,85,89,1.18,3.79,0.052,True
RES004578,4.25,2.88,1.04,43,39,1.56,5.8,0.075,True
RES004579,8.77,4.54,0.26,25,21,2.08,18.43,0.019,False
RES004581,9.91,0.37,0.18,18,21,1.34,2.19,0.098,False
RES004582,2.81,3.26,1.36,21,27,2.08,10.95,0.025,False
RES004583,7.64,2.35,0.85,66,62,1.82,22.73,0.033,True
RES004585,7.2,3.4,1.76,83,89,1.5,18.43,0.065,True
RES004587,7.06,2.03,1.33,84,86,2.48,24.31,0.021,True
RES004588,3.88,2.73,0.11,65,72,1.88,14.32,0.067,False
RES004592,4.38,0.68,0.97,66,61,2.29,15.45,0.015,True
RES004593,1.8,3.74,1.07,17,17,1.28,19.13,0.046,False
RES004594,5.58,2.75,0.72,66,70,1.28,16.71,0.022,True
RES004595,4.54,4.61,1.48,54,50,1.24,19.66,0.054,False
RES004596,2.33,2.56,1.82,79,84,1.98,4.67,0.042,True
RES004597,1.83,0.59,0.11,54,63,1.15,12.8,0.055,False
RES004598,0.81,4.48,1.82,25,21,1.46,11.4,0.093,False
RES004599,2.88,1.58,1.43,83,86,1.29,5.2,0.071,False
RES004600,2.17,0.97,0.73,37,45,2.18,2.0,0.001,True
RES004601,8.55,1.73,1.61,61,63,2.14,5.89,0.007,True
RES004603,2.0,0.17,0.93,69,79,1.11,6.01,0.017,False
RES004604,4.67,2.07,1.41,48,44,1.62,1.86,0.082,True
RES004606,3.44,0.57,0.47,32,37,1.28,8.39,0.046,True
RES004609,3.06,2.77,0.76,22,30,1.01,1.7,0.047,True
RES004610,1.87,1.73,0.5,27,32,2.5,18.55,0.026,False
RES004612,7.41,1.37,1.06,78,81,1.62,24.43,0.088,True
RES004616,4.97,3.99,0.91,26,29,1.86,4.13,0.082,True
RES004617,6.41,4.94,0.09,64,72,2.06,23.2,0.034,False
RES004618,6.46,0.65,0.12,62,60,2.1,14.63,0.026,True
RES004619,8.11,2.87,0.47,43,50,1.04,17.48,0.02,False
RES004620,3.7,3.63,0.98,20,29,1.54,17.52,0.027,False
RES004625,1.79,4.28,1.11,62,71,1.05,10.14,0.096,True
RES004627,1.69,0.72,0.02,84,87,2.23,13.26,0.071,False
RES004628,7.63,1.99,1.65,15,21,2.39,1.42,0.012,True
RES004631,9.31,4.86,0.45,88,95,2.48,3.09,0.06,True
RES004634,3.93,3.66,1.94,49,48,2.35,24.37,0.024,False
RES004635,4.27,0.76,0.08,77,83,2.13,1.81,0.071,False
RES004636,8.9,0.5,1.64,80,78,2.05,18.72,0.035,True
RES004637,9.39,1.35,1.04,68,77,2.4,6.46,0.06,True
RES004638,5.01,4.38,1.74,56,66,1.53,15.81,0.025,True
RES004639,9.7,1.45,0.07,28,24,2.19,8.63,0.088,False
RES004640,3.02,2.97,0.72,89,92,1.84,10.58,0.056,False
RES004642,5.54,0.93,1.78,28,26,2.49,4.44,0.003,True
RES004643,1.38,0.35,0.05,83,82,2.17,12.1,0.065,True
RES004644,0.69,0.34,0.7,75,80,2.34,10.97,0.009,True
RES004645,4.75,4.19,1.79,76,72,1.02,23.46,0.078,True
RES004647,5.38,0.9,0.9,81,87,1.5,14.32,0.079,True
RES004649,9.71,2.2,1.84,68,63,1.29,7.79,0.096,False
RES004651,7.0,3.32,0.15,30,38,1.27,4.76,0.064,True
RES004652,2.64,2.19,0.29,72,68,1.85,12.7,0.075,True
RES004653,6.59,0.17,1.36,23,30,1.42,22.03,0.017,False
RES004661,6.83,1.34,0.25,30,29,1.16,20.37,0.095,True
RES004662,7.53,4.86,1.58,90,85,1.98,8.18,0.043,True
RES004664,0.01,3.61,1.35,18,15,1.85,9.97,0.052,True
RES004665,3.15,3.39,1.54,77,80,1.74,8.62,0.03,False
RES004668,0.7,2.9,1.89,70,69,1.33,12.24,0.09,True
RES004670,3.23,1.33,1.78,23,21,1.77,12.03,0.074,False
RES004672,6.0,1.05,1.12,77,81,2.34,14.1,0.041,True
RES004673,6.52,1.15,1.35,50,55,2.06,9.43,0.003,False
RES004675,8.71,3.06,0.53,56,53,2.0,5.63,0.041,False
RES004677,2.93,2.27,1.89,15,15,1.77,9.94,0.056,True
RES004678,9.57,0.2,1.36,32,28,1.68,8.38,0.067,True
RES004679,8.95,4.73,1.29,52,58,2.29,11.46,0.004,True
RES004680,0.18,1.76,0.09,51,51,1.36,10.88,0.052,False
RES004681,5.22,1.12,1.19,48,45,1.71,13.92,0.03,True
RES004682,4.62,4.73,1.96,58,54,1.53,2.32,0.018,True
RES004684,8.4,2.44,0.91,86,93,1.63,18.62,0.079,False
RES004686,6.18,0.71,1.07,66,70,1.95,8.34,0.039,True
RES004687,9.93,0.79,1.01,57,56,2.43,3.48,0.07,False
RES004688,5.07,2.08,1.74,50,48,2.41,5.02,0.01,True
RES004689,9.98,1.79,1.63,77,81,1.16,20.62,0.087,True
RES004690,6.2,2.16,0.29,83,84,2.49,21.15,0.012,False
RES004691,8.18,2.46,1.51,43,40,1.42,12.73,0.003,True
RES004692,1.71,4.43,0.46,77,79,1.23,13.78,0.094,False
RES004694,0.72,1.95,0.95,68,64,1.1,1.41,0.031,True
RES004697,6.46,3.02,1.48,66,76,2.1,21.28,0.01,True
RES004699,8.55,0.22,1.22,30,37,2.45,14.41,0.094,False
RES004700,1.97,1.22,1.21,85,80,1.28,4.86,0.007,False
RES004701,1.93,1.19,1.06,61,56,1.4,11.81,0.049,True
RES004702,2.69,0.77,1.23,88,95,1.5,16.95,0.063,True
RES004703,1.8,2.18,1.54,51,56,1.17,2.64,0.055,True
RES004704,3.45,1.78,0.88,75,80,1.56,8.14,0.049,False
RES004705,2.27,0.58,1.42,88,91,2.05,15.79,0.026,False
RES004706,8.87,1.2,0.84,43,42,1.12,17.1,0.05,True
RES004707,6.26,4.47,1.31,46,52,1.33,19.93,0.041,True
RES004709,9.7,4.67,0.83,37,47,1.21,24.11,0.004,True
RES004710,4.66,2.53,1.58,49,46,2.43,24.41,0.024,False
RES004711,8.82,0.77,0.97,21,18,1.95,0.62,0.094,False
RES004713,9.56,4.6,1.2,37,46,1.68,20.03,0.078,True
RES004714,9.44,0.34,0.57,45,54,1.48,20.79,0.013,False
RES004715,3.3,3.51,0.61,26,24,2.32,4.31,0.088,False
RES004716,4.63,2.48,0.09,31,31,2.49,10.79,0.089,False
RES004717,7.71,1.92,1.12,38,37,1.92,6.49,0.095,False
RES004718,2.8,1.74,1.5,76,84,2.36,2.63,0.006,True
RES004719,6.65,0.67,0.85,55,62,1.46,10.75,0.042,False
RES004720,0.37,1.89,0.34,62,61,2.0,15.48,0.025,False
RES004723,3.76,3.62,0.85,78,77,2.01,9.16,0.027,True
RES004725,3.58,1.49,0.63,63,72,1.26,5.42,0.068,False
RES004727,3.77,2.58,1.79,70,76,1.81,4.14,0.072,False
RES004729,9.79,1.35,1.56,37,33,1.26,9.76,0.039,True
RES004730,2.56,0.68,0.67,70,68,1.72,5.56,0.096,False
RES004731,8.7,4.96,1.87,79,77,1.63,0.99,0.09,True
RES004733,2.27,3.96,0.26,26,30,2.29,8.02,0.029,True
RES004735,3.21,1.22,1.48,51,56,1.43,17.89,0.046,False
RES004737,2.2,1.31,0.04,67,71,1.91,10.6,0.086,True
RES004738,7.18,2.42,0.31,63,61,1.8,11.95,0.1,False
RES004739,6.42,4.01,0.7,37,35,1.84,9.01,0.027,False
RES004740,4.15,4.24,1.42,57,58,1.72,2.07,0.019,False
RES004742,5.68,2.07,0.99,42,41,2.3,5.11,0.057,True
RES004743,7.66,1.77,0.73,17,24,1.44,9.34,0.09,True
RES004744,1.3,3.29,0.46,18,26,1.86,15.75,0.038,True
RES004745,8.47,3.26,0.62,44,45,2.32,23.9,0.028,True
RES004746,4.56,4.19,0.76,56,59,2.03,16.32,0.004,False
RES004748,0.59,3.69,0.39,20,23,1.41,8.4,0.038,False
RES004750,0.18,2.03,1.45,26,24,1.35,18.39,0.073,True
RES004751,1.54,0.09,0.2,31,27,2.05,12.47,0.087,False
RES004753,2.53,1.95,1.75,82,80,1.87,18.22,0.038,False
RES004756,1.64,2.83,0.22,82,87,2.37,15.44,0.003,True
RES004757,8.12,3.37,0.74,38,47,1.31,3.61,0.026,True
RES004758,6.65,0.97,0.03,37,45,1.23,2.22,0.085,True
RES004759,9.52,2.17,0.5,72,71,1.35,24.6,0.086,False
RES004760,7.75,2.54,0.54,23,32,1.02,1.56,0.066,True
RES004761,7.58,0.93,1.45,57,65,2.31,17.2,0.054,False
RES004762,3.85,3.85,1.05,61,57,1.48,16.67,0.053,True
RES004763,4.49,0.12,1.64,19,28,2.07,9.63,0.004,True
RES004764,0.57,3.78,1.21,22,19,1.91,7.23,0.066,True
RES004768,3.15,2.35,0.72,34,35,1.82,3.35,0.055,True
RES004770,0.8,3.16,0.27,83,93,2.41,13.59,0.035,True
RES004772,4.19,4.95,0.04,82,77,1.94,12.14,0.084,True
RES004773,2.87,0.96,0.31,46,55,1.69,1.65,0.042,False
RES004775,5.02,0.83,0.33,68,74,2.49,3.41,0.003,True
RES004776,6.89,1.53,1.6,90,88,1.96,24.95,0.099,False
RES004777,8.88,4.14,0.6,54,51,2.28,17.84,0.082,True
RES004781,8.96,1.8,1.1,60,56,2.3,11.48,0.013,True
RES004783,4.92,2.34,0.19,75,75,1.99,16.35,0.027,False
RES004785,8.92,0.93,0.42,82,90,1.15,0.0,0.041,False
RES004786,3.75,2.2,1.31,34,34,1.41,22.88,0.024,True
RES004787,9.71,3.11,1.19,82,83,1.62,16.86,0.077,True
RES004788,4.51,4.42,1.85,38,41,1.93,9.0,0.078,True
RES004789,3.47,3.16,0.68,16,17,1.55,7.88,0.098,False
RES004791,3.09,0.3,0.54,49,50,1.07,20.87,0.031,True
RES004794,4.23,0.11,1.61,68,64,1.28,0.39,0.065,True
RES004795,4.62,0.54,1.02,79,74,2.11,20.61,0.071,True
RES004796,7.13,2.46,0.31,53,53,1.12,23.42,0.0,False
RES004797,7.65,1.64,1.34,28,31,2.33,21.97,0.039,True
RES004799,6.17,2.85,0.88,85,90,1.42,20.31,0.015,False
RES004800,5.81,0.81,0.17,45,46,2.25,9.09,0.08,False
RES004803,1.59,2.85,0.95,59,63,1.58,10.0,0.014,True
RES004804,3.73,2.83,1.03,57,66,2.45,1.52,0.024,False
RES004806,7.71,2.11,1.87,59,54,2.27,6.85,0.088,True
RES004807,4.08,1.91,1.91,73,70,1.56,4.3,0.09,False
RES004808,5.32,2.66,0.79,47,50,1.87,13.32,0.054,False
RES004809,5.69,4.45,0.56,59,64,1.08,15.16,0.065,False
RES004810,6.13,2.98,0.22,44,39,1.83,1.52,0.066,False
RES004812,4.89,2.48,1.85,53,58,1.17,23.65,0.028,False
RES004814,7.06,0.2,1.32,35,38,1.88,11.12,0.02,False
RES004815,9.07,4.34,0.69,64,66,1.55,19.72,0.071,True
RES004817,1.61,2.76,1.24,76,82,1.78,20.5,0.089,False
RES004819,3.41,4.5,0.44,80,83,1.37,19.68,0.014,False
RES004821,4.01,1.07,1.17,27,29,1.31,24.39,0.061,False
RES004822,8.72,1.93,0.16,84,82,2.05,2.53,0.056,True
RES004823,7.83,3.62,0.61,67,64,1.4,5.58,0.066,True
RES004824,6.43,4.17,1.37,50,58,1.64,9.75,0.009,True
RES004825,5.69,0.24,1.46,71,75,2.43,16.96,0.066,True
RES004827,7.53,4.66,1.55,36,41,1.89,23.79,0.072,False
RES004828,3.55,3.55,1.84,66,61,1.82,7.51,0.044,True
RES004830,1.8,3.74,0.8,65,69,1.05,13.87,0.038,True
RES004832,5.86,3.17,0.01,28,38,2.15,17.68,0.047,False
RES004833,5.93,3.8,1.63,28,35,1.72,21.8,0.059,True
RES004834,7.81,2.76,0.05,19,25,1.52,24.86,0.023,False
RES004835,1.11,4.04,0.79,87,91,1.99,5.53,0.031,False
RES004837,8.37,3.4,0.59,59,59,1.05,23.05,0.082,True
RES004839,2.6,4.72,1.68,50,46,1.97,13.44,0.007,True
RES004841,6.44,3.74,0.98,75,82,1.28,12.81,0.001,True
RES004842,3.17,2.15,0.88,88,85,2.46,3.42,0.068,False
RES004844,9.93,4.2,1.79,21,19,1.81,18.67,0.075,True
RES004845,1.52,3.67,0.93,60,59,1.7,13.25,0.087,False
RES004847,5.56,1.46,1.35,16,12,1.56,4.4,0.035,False
RES004848,9.03,1.57,1.97,33,33,1.07,6.27,0.099,True
RES004849,2.21,0.17,1.91,56,65,1.91,9.97,0.003,False
RES004850,3.28,3.12,1.67,71,70,1.5,9.96,0.033,False
RES004851,0.38,0.35,1.84,76,83,2.03,20.26,0.066,True
RES004852,1.06,3.02,1.66,33,38,2.18,10.42,0.085,True
RES004853,9.13,4.38,1.54,57,57,1.01,24.16,0.064,True
RES004854,5.11,3.77,1.33,16,15,1.88,20.21,0.037,False
RES004855,8.16,3.16,1.69,45,47,1.87,17.64,0.042,False
RES004856,9.68,2.91,1.73,81,90,1.95,12.64,0.06,False
RES004858,6.28,0.69,0.54,43,42,2.25,11.59,0.026,True
RES004859,7.39,2.23,1.55,84,82,2.16,1.81,0.058,True
RES004860,9.5,4.77,0.12,23,21,2.06,0.69,0.031,False
RES004861,3.14,2.54,1.93,40,50,1.08,5.01,0.095,True
RES004862,8.13,4.44,0.39,42,51,2.26,5.3,0.025,True
RES004863,6.67,1.6,1.36,43,46,1.68,19.45,0.061,False
RES004864,1.51,0.13,0.04,50,52,2.43,16.82,0.078,False
RES004865,1.0,2.6,0.35,17,12,1.87,14.95,0.038,False
RES004866,2.86,0.5,1.79,76,76,2.42,0.8,0.069,True
RES004867,0.29,4.38,1.38,89,93,1.79,16.97,0.086,False
RES004868,6.51,4.62,1.81,71,75,1.74,12.81,0.024,True
RES004870,5.13,2.68,0.56,51,51,1.94,17.3,0.049,False
RES004871,4.51,3.14,0.11,26,23,1.92,4.6,0.063,True
RES004872,4.43,2.95,1.02,88,96,2.25,9.85,0.097,False
RES004874,4.4,4.5,1.13,45,48,1.58,7.6,0.024,False
RES004877,5.19,3.47,0.77,75,82,1.09,11.4,0.065,True
RES004878,1.24,3.72,1.5,20,28,1.25,22.6,0.017,True
RES004879,2.81,0.62,1.58,61,65,1.52,19.73,0.062,True
RES004880,1.18,3.41,0.46,84,81,1.63,16.92,0.008,False
RES004882,2.03,2.33,0.6,47,51,1.17,9.68,0.008,False
RES004885,8.08,4.3,0.58,22,30,2.04,23.86,0.023,False
RES004886,5.84,3.03,1.31,32,41,2.19,0.31,0.082,True
RES004887,5.05,2.05,0.13,85,93,2.46,11.43,0.064,True
RES004888,8.13,2.57,1.49,15,21,1.58,9.63,0.087,True
RES004889,1.25,1.7,0.31,67,70,1.89,13.76,0.055,False
RES004891,0.79,0.26,1.6,78,79,2.15,8.78,0.032,False
RES004893,7.25,4.08,0.02,90,86,1.85,8.48,0.055,True
RES004894,8.45,2.21,0.65,28,31,1.53,4.98,0.099,False
RES004896,8.05,2.26,1.82,34,36,1.79,9.36,0.065,True
RES004897,7.44,4.82,0.19,61,65,1.68,11.29,0.024,True
RES004899,1.29,2.31,1.15,24,27,2.17,14.1,0.019,True
RES004900,5.6,2.92,1.15,45,47,1.15,15.12,0.06,False
RES004905,7.79,3.99,0.22,20,28,1.4,24.29,0.076,True
RES004906,1.64,2.47,0.97,28,29,1.42,24.69,0.081,False
RES004908,3.99,4.9,1.66,54,52,1.75,3.4,0.082,True
RES004909,3.69,3.82,1.48,71,81,2.0,12.77,0.024,False
RES004910,6.58,2.97,1.52,73,72,2.42,1.49,0.047,True
RES004914,0.04,0.19,0.72,42,47,1.58,19.48,0.036,True
RES004915,8.82,3.97,1.06,18,23,1.64,6.76,0.064,True
RES004916,8.63,3.09,0.19,40,49,2.42,24.65,0.044,False
RES004917,1.28,3.34,1.28,82,82,1.23,22.17,0.055,False
RES004918,8.36,3.37,1.47,30,39,1.81,9.2,0.047,True
RES004919,6.88,1.06,0.27,71,67,1.03,16.58,0.044,False
RES004922,6.72,4.65,0.75,50,47,2.39,23.21,0.058,True
RES004923,0.19,0.04,1.79,44,45,1.01,4.56,0.042,True
RES004924,5.94,1.63,1.02,51,54,1.42,22.23,0.048,False
RES004925,3.62,4.0,0.31,49,53,2.29,6.21,0.093,False
RES004928,1.1,0.68,0.84,47,55,1.22,10.44,0.003,False
RES004931,3.35,2.34,0.8,39,40,1.62,9.07,0.077,False
RES004932,9.43,3.15,0.25,74,82,1.91,12.13,0.031,True
RES004933,8.82,3.3,1.32,61,57,2.33,7.23,0.072,True
RES004934,8.26,1.48,1.29,70,74,1.55,18.01,0.099,True
RES004936,0.38,3.68,0.39,45,54,1.22,24.48,0.006,True
RES004939,1.57,1.41,0.99,77,76,1.8,20.58,0.054,False
RES004940,1.98,4.09,0.17,54,51,2.47,11.06,0.076,False
RES004941,9.54,0.86,1.56,59,54,1.17,13.46,0.039,False
RES004942,7.0,2.32,1.79,70,77,2.06,11.99,0.068,True
RES004943,3.59,0.01,0.82,60,60,1.11,11.74,0.004,False
RES004944,4.05,4.06,0.32,65,63,1.82,10.73,0.039,False
RES004945,0.75,2.7,0.2,19,20,2.45,22.47,0.007,False
RES004947,8.87,2.07,0.62,75,83,2.44,2.81,0.047,False
RES004948,6.96,4.16,1.16,31,26,1.51,0.18,0.052,False
RES004950,2.99,4.71,0.6,18,19,1.97,7.94,0.028,True
RES004951,8.54,2.56,0.49,17,17,1.08,6.67,0.062,True
RES004952,3.67,0.68,1.33,84,86,1.16,2.79,0.062,False
RES004954,4.49,4.87,1.05,84,86,1.65,17.39,0.011,False
RES004957,1.31,2.42,0.04,75,78,1.65,19.64,0.006,True
RES004958,1.22,3.43,1.75,88,93,2.35,21.85,0.088,True
RES004960,2.6,2.03,0.19,21,16,2.31,13.72,0.016,True
RES004961,7.63,0.37,0.55,15,10,1.77,14.49,0.001,False
RES004963,4.06,0.06,1.41,57,52,2.28,1.85,0.09,True
RES004964,1.22,2.26,1.46,87,87,1.15,12.34,0.087,False
RES004966,6.17,2.67,1.39,36,31,2.29,5.97,0.068,True
RES004968,8.12,3.8,0.42,35,34,1.41,20.17,0.086,False
RES004969,4.97,4.9,1.05,46,55,2.21,8.36,0.022,True
RES004970,1.79,3.29,0.51,27,27,2.45,11.55,0.091,False
RES004971,0.04,0.45,1.76,56,57,1.2,10.09,0.068,True
RES004972,6.31,2.41,1.25,56,59,1.22,12.39,0.0,True
RES004975,5.5,0.16,1.16,62,68,1.57,16.06,0.088,True
RES004978,3.41,4.6,1.23,35,45,2.04,17.67,0.059,True
RES004980,9.94,3.78,0.91,23,30,1.4,18.21,0.015,True
RES004981,0.72,4.15,0.42,83,84,1.95,17.95,0.01,False
RES004982,5.41,2.67,1.86,82,88,1.39,18.07,0.035,True
RES004983,3.37,0.83,0.3,37,42,1.7,17.22,0.009,False
RES004984,4.34,4.24,1.04,19,19,1.42,4.66,0.062,True
RES004985,4.08,3.34,0.69,83,91,1.82,4.83,0.098,False
RES004986,2.01,1.16,0.36,43,47,1.22,23.17,0.009,False
RES004987,3.31,0.87,0.2,56,59,1.25,14.21,0.092,True
RES004988,6.73,2.06,1.35,59,57,1.3,6.95,0.01,True
RES004990,4.85,2.81,0.16,46,53,2.19,3.27,0.004,False
RES004991,3.75,4.08,1.43,45,50,1.07,4.35,0.004,False
RES004996,7.12,3.37,1.48,80,89,1.56,7.89,0.066,True
RES004997,2.59,3.71,0.54,79,77,2.31,17.58,0.058,False
RES004999,5.01,3.91,0.14,88,96,2.05,13.17,0.058,False
