Menu_ID,Timestamp,Current_price,Previous_price,Price_change
MENRES000000_0,2023-02-09T00:47:11,13.75,11.51,2.24
MENRES000001_5,2023-06-23T21:23:42,20.83,18.54,2.29
MENRES000001_7,2023-01-09T10:48:45,109.45,100.52,8.93
MENRES000001_10,2023-08-04T02:20:04,23.65,21.48,2.17
MENRES000001_11,2023-11-02T22:34:08,115.56,101.56,14.0
MENRES000001_12,2023-04-22T11:06:29,77.39,68.53,8.86
MENRES000001_13,2023-12-24T16:27:08,44.87,40.95,3.92
MENRES000002_0,2023-02-19T13:47:47,40.69,34.32,6.37
MENRES000002_2,2023-06-27T17:22:21,37.6,33.34,4.26
MENRES000002_6,2023-12-18T12:34:55,76.0,70.39,5.61
MENRES000003_1,2023-07-30T12:15:47,110.14,91.35,18.79
MENRES000003_8,2023-06-30T14:44:42,116.43,102.9,13.53
MENRES000003_9,2023-01-05T05:53:08,99.19,90.54,8.65
MENRES000003_10,2023-09-29T23:37:29,136.36,113.11,23.25
MENRES000004_0,2023-12-07T08:27:11,12.09,10.72,1.37
MENRES000004_1,2023-04-20T11:02:18,13.39,11.54,1.85
MENRES000004_5,2023-02-22T13:39:47,27.19,22.06,5.13
MENRES000005_10,2023-10-04T18:50:41,43.29,39.9,3.39
MENRES000005_11,2023-07-02T13:51:20,42.23,37.67,4.56
MENRES000005_12,2023-02-07T05:11:40,38.21,32.06,6.15
MENRES000005_13,2023-03-23T16:14:52,44.52,41.76,2.76
MENRES000006_1,2023-11-01T16:54:48,119.99,108.39,11.6
MENRES000006_5,2023-10-31T04:14:39,141.08,127.77,13.31
MENRES000006_6,2023-03-14T13:02:08,126.1,118.68,7.42
MENRES000007_1,2023-08-13T01:32:31,57.78,52.54,5.24
MENRES000007_2,2023-02-10T12:33:32,59.53,52.31,7.22
MENRES000007_3,2023-03-14T13:38:46,23.62,19.18,4.44
MENRES000007_4,2023-03-23T14:04:23,46.63,40.65,5.98
MENRES000007_13,2023-05-03T03:35:59,21.1,17.77,3.33
MENRES000008_2,2023-05-04T03:52:20,13.33,10.68,2.65
MENRES000008_6,2023-12-23T17:43:13,18.79,15.41,3.38
MENRES000008_8,2023-03-21T19:50:25,8.91,7.13,1.78
MENRES000008_15,2023-12-21T15:28:03,33.77,27.79,5.98
MENRES000008_19,2023-10-14T18:21:13,29.5,23.63,5.87
MENRES000009_0,2023-01-20T16:49:44,37.36,33.63,3.73
MENRES000009_1,2023-01-10T09:07:12,63.9,52.1,11.8
MENRES000010_2,2023-10-10T16:13:40,23.42,18.78,4.64
MENRES000010_3,2023-12-30T23:43:51,13.28,11.91,1.37
MENRES000010_7,2023-05-21T12:37:09,39.06,34.08,4.98
MENRES000010_8,2023-09-21T12:38:29,6.19,5.65,0.54
MENRES000011_5,2023-09-05T18:09:41,10.13,9.34,0.79
MENRES000011_7,2023-11-07T01:38:52,10.33,9.05,1.28
MENRES000011_10,2023-02-25T02:09:13,7.14,6.69,0.45
MENRES000011_15,2023-12-28T15:19:13,30.81,26.92,3.89
MENRES000012_0,2023-10-23T21:15:38,20.39,18.4,1.99
MENRES000012_2,2023-10-15T02:01:12,44.68,39.91,4.77
MENRES000012_3,2023-08-21T03:46:17,94.46,86.97,7.49
MENRES000012_4,2023-09-28T21:58:58,61.63,51.19,10.44
MENRES000012_6,2023-03-26T18:00:24,117.15,110.12,7.03
MENRES000012_10,2023-08-30T10:30:49,62.26,54.77,7.49
MENRES000013_2,2023-01-24T12:31:20,123.68,103.44,20.24
MENRES000013_5,2023-06-11T17:11:31,97.86,84.12,13.74
MENRES000013_6,2023-07-07T05:58:23,50.64,45.15,5.49
MENRES000013_10,2023-12-06T20:15:15,97.81,80.52,17.29
MENRES000013_12,2023-09-19T05:54:27,26.05,21.77,4.28
MENRES000014_0,2023-01-13T12:14:53,40.44,34.86,5.58
MENRES000015_0,2023-10-18T22:17:27,18.34,16.12,2.22
MENRES000015_2,2023-08-05T05:26:37,19.26,15.6,3.66
MENRES000015_3,2023-06-26T21:32:49,39.4,32.67,6.73
MENRES000015_5,2023-05-06T13:49:44,54.02,48.57,5.45
MENRES000015_8,2023-05-21T16:39:09,70.2,58.39,11.81
MENRES000015_16,2023-02-24T01:02:36,15.41,12.83,2.58
MENRES000016_2,2023-09-29T10:38:13,63.26,50.87,12.39
MENRES000016_5,2023-11-27T17:32:39,32.15,30.17,1.98
MENRES000017_1,2023-07-07T08:34:14,78.12,74.18,3.94
MENRES000017_2,2023-11-22T07:09:27,52.24,46.58,5.66
MENRES000018_4,2023-11-12T07:05:53,19.0,17.83,1.17
MENRES000018_9,2023-01-10T23:21:46,44.33,37.57,6.76
MENRES000018_12,2023-11-06T17:27:54,40.35,37.04,3.31
MENRES000018_13,2023-07-14T19:09:36,61.69,56.36,5.33
MENRES000018_14,2023-01-21T23:26:48,64.17,58.19,5.98
MENRES000018_16,2023-09-22T23:03:54,65.49,55.64,9.85
MENRES000019_4,2023-06-06T19:02:30,30.43,27.28,3.15
MENRES000019_5,2023-12-18T07:40:54,16.31,13.57,2.74
MENRES000019_7,2023-09-10T23:20:51,16.53,13.69,2.84
MENRES000019_12,2023-02-03T10:18:57,26.5,23.1,3.4
MENRES000019_14,2023-04-29T11:37:23,21.77,19.39,2.38
MENRES000020_2,2023-04-02T17:34:27,21.15,18.8,2.35
MENRES000020_3,2023-02-14T17:06:29,35.53,31.66,3.87
MENRES000020_5,2023-04-05T09:30:23,8.9,7.46,1.44
MENRES000021_2,2023-03-01T00:17:04,45.9,38.19,7.71
MENRES000021_4,2023-06-08T05:37:23,108.11,97.16,10.95
MENRES000021_5,2023-08-29T08:13:58,149.71,126.64,23.07
MENRES000021_9,2023-03-15T11:29:36,109.8,102.69,7.11
MENRES000021_11,2023-01-02T23:28:30,121.31,105.61,15.7
MENRES000022_0,2023-06-09T00:46:39,134.83,109.44,25.39
MENRES000022_1,2023-03-10T10:10:13,82.21,77.79,4.42
MENRES000022_2,2023-01-20T17:38:07,63.12,55.14,7.98
MENRES000022_4,2023-08-10T21:53:20,65.53,61.53,4.0
MENRES000022_10,2023-01-19T19:40:16,82.9,72.46,10.44
MENRES000022_13,2023-04-10T05:51:12,78.85,71.95,6.9
MENRES000022_15,2023-05-15T08:25:33,26.47,24.35,2.12
MENRES000023_2,2023-01-23T18:53:44,7.02,5.73,1.29
MENRES000023_6,2023-07-22T06:47:53,24.98,21.39,3.59
MENRES000023_8,2023-01-19T04:12:22,36.62,34.1,2.52
MENRES000023_9,2023-05-11T11:26:00,13.34,11.88,1.46
MENRES000023_11,2023-11-23T14:18:40,9.05,8.36,0.69
MENRES000023_13,2023-04-23T13:04:51,17.21,14.47,2.74
MENRES000024_0,2023-04-19T14:09:14,45.33,42.95,2.38
MENRES000024_4,2023-10-24T00:13:32,22.11,18.95,3.16
MENRES000024_12,2023-02-27T20:27:02,15.75,13.28,2.47
MENRES000025_1,2023-01-29T00:57:36,40.65,34.52,6.13
MENRES000025_3,2023-10-22T04:02:02,14.9,13.66,1.24
MENRES000026_3,2023-09-21T19:06:53,56.47,50.88,5.59
MENRES000027_3,2023-09-26T08:07:07,41.11,36.27,4.84
MENRES000028_0,2023-12-11T17:57:09,32.11,29.71,2.4
MENRES000028_2,2023-12-19T20:14:42,55.27,47.66,7.61
MENRES000028_3,2023-08-10T00:25:22,51.63,48.91,2.72
MENRES000028_5,2023-03-22T00:54:37,47.63,38.16,9.47
MENRES000028_7,2023-11-08T18:11:53,21.87,20.25,1.62
MENRES000030_1,2023-12-17T09:08:33,20.41,18.72,1.69
MENRES000030_2,2023-11-09T15:01:36,29.43,25.27,4.16
MENRES000030_5,2023-09-27T20:51:13,29.0,26.52,2.48
MENRES000030_11,2023-05-10T02:01:15,22.62,18.29,4.33
MENRES000030_16,2023-02-02T16:06:48,20.11,17.36,2.75
MENRES000031_0,2023-03-13T12:16:45,27.16,25.42,1.74
MENRES000031_2,2023-07-22T16:23:03,66.7,55.49,11.21
MENRES000032_2,2023-10-20T20:04:59,88.01,72.57,15.44
MENRES000032_4,2023-12-13T10:20:17,71.77,61.29,10.48
MENRES000032_9,2023-09-14T02:50:52,22.32,18.67,3.65
MENRES000033_0,2023-04-29T07:01:34,58.9,50.88,8.02
MENRES000033_1,2023-01-16T08:32:00,65.56,53.22,12.34
MENRES000033_4,2023-07-15T21:49:23,52.36,47.35,5.01
MENRES000033_5,2023-06-06T22:16:12,19.02,16.59,2.43
MENRES000033_6,2023-05-05T07:09:07,70.51,61.35,9.16
MENRES000033_11,2023-08-11T05:44:20,28.49,25.7,2.79
MENRES000034_0,2023-01-05T10:15:53,63.88,60.5,3.38
MENRES000034_3,2023-10-05T20:17:14,89.85,77.14,12.71
MENRES000034_4,2023-06-28T02:21:45,34.07,31.64,2.43
MENRES000034_9,2023-01-27T15:54:17,93.15,83.09,10.06
MENRES000035_1,2023-12-11T06:22:29,59.91,49.06,10.85
MENRES000035_4,2023-04-01T16:21:00,94.5,85.01,9.49
MENRES000036_3,2023-05-29T16:57:27,89.02,74.38,14.64
MENRES000037_3,2023-12-05T19:14:25,42.12,38.25,3.87
MENRES000037_4,2023-06-12T07:56:40,137.68,116.22,21.46
MENRES000038_2,2023-03-02T20:17:36,69.36,62.31,7.05
MENRES000038_3,2023-02-15T05:09:08,60.52,52.28,8.24
MENRES000038_5,2023-04-27T23:36:30,66.79,57.26,9.53
MENRES000038_8,2023-04-30T12:05:42,54.79,46.97,7.82
MENRES000038_9,2023-03-03T07:16:54,59.13,51.75,7.38
MENRES000038_10,2023-11-13T22:50:55,52.77,49.62,3.15
MENRES000039_0,2023-11-08T08:32:44,10.11,8.27,1.84
MENRES000039_1,2023-11-12T18:48:39,7.9,6.89,1.01
MENRES000039_2,2023-08-20T13:28:17,25.14,20.89,4.25
MENRES000039_7,2023-06-23T00:41:47,22.68,18.43,4.25
MENRES000039_9,2023-07-11T22:23:12,33.87,30.66,3.21
MENRES000039_11,2023-11-10T01:21:50,34.28,28.89,5.39
MENRES000039_13,2023-10-30T19:46:38,13.07,11.76,1.31
MENRES000039_15,2023-08-07T02:52:19,39.4,34.47,4.93
MENRES000040_0,2023-05-13T17:47:57,12.13,9.76,2.37
MENRES000040_1,2023-10-31T13:45:51,38.37,36.38,1.99
MENRES000040_2,2023-08-02T09:56:06,16.3,13.69,2.61
MENRES000040_5,2023-11-18T07:35:29,27.4,23.96,3.44
MENRES000040_8,2023-08-22T11:56:47,10.37,9.73,0.64
MENRES000040_9,2023-07-18T05:53:40,13.55,11.08,2.47
MENRES000040_10,2023-09-06T18:26:42,15.7,13.91,1.79
MENRES000040_11,2023-05-10T06:58:43,37.12,31.76,5.36
MENRES000040_12,2023-12-13T06:14:35,9.77,9.23,0.54
MENRES000041_6,2023-01-30T10:34:35,39.97,32.74,7.23
MENRES000041_7,2023-09-09T22:27:03,37.66,30.6,7.06
MENRES000042_2,2023-08-04T23:34:38,31.4,26.65,4.75
MENRES000042_3,2023-11-18T11:45:16,26.53,22.54,3.99
MENRES000042_5,2023-05-05T07:31:34,23.21,20.73,2.48
MENRES000044_2,2023-07-08T02:50:01,129.42,110.84,18.58
MENRES000044_5,2023-07-12T00:07:46,44.1,40.23,3.87
MENRES000045_9,2023-07-04T04:14:38,141.26,123.61,17.65
MENRES000045_10,2023-04-10T01:35:59,141.48,131.45,10.03
MENRES000045_11,2023-08-24T11:05:53,71.89,58.86,13.03
MENRES000046_5,2023-07-13T02:05:57,49.82,46.7,3.12
MENRES000047_1,2023-11-16T21:35:11,63.47,57.35,6.12
MENRES000047_2,2023-04-07T10:06:29,119.43,105.79,13.64
MENRES000047_4,2023-01-30T20:06:52,141.02,114.39,26.63
MENRES000047_5,2023-02-23T05:54:55,157.86,133.08,24.78
MENRES000047_8,2023-01-05T10:50:56,135.19,119.43,15.76
MENRES000047_10,2023-06-21T02:23:16,22.52,19.75,2.77
MENRES000048_5,2023-03-09T01:28:14,22.79,18.57,4.22
MENRES000048_9,2023-09-07T00:10:18,37.27,30.72,6.55
MENRES000048_10,2023-10-06T07:18:59,22.88,20.83,2.05
MENRES000048_11,2023-08-14T02:23:38,25.92,23.07,2.85
MENRES000048_12,2023-09-15T03:15:38,32.51,26.25,6.26
MENRES000048_15,2023-02-08T23:41:17,39.21,36.65,2.56
MENRES000048_17,2023-04-22T01:22:15,30.51,28.24,2.27
MENRES000049_2,2023-05-14T13:26:52,40.77,36.41,4.36
MENRES000049_5,2023-07-04T11:45:16,73.74,68.88,4.86
MENRES000050_1,2023-07-16T09:41:25,149.05,130.97,18.08
MENRES000050_5,2023-12-06T20:44:47,83.7,68.09,15.61
MENRES000052_1,2023-10-24T01:43:23,15.55,12.53,3.02
MENRES000052_3,2023-04-03T11:13:05,80.19,69.67,10.52
MENRES000052_5,2023-06-30T10:39:29,43.62,35.25,8.37
MENRES000052_6,2023-11-03T20:59:55,22.79,20.24,2.55
MENRES000052_7,2023-04-04T04:52:15,20.62,19.44,1.18
MENRES000052_9,2023-08-01T12:21:42,96.48,88.11,8.37
MENRES000053_0,2023-11-01T13:49:38,60.82,53.01,7.81
MENRES000053_2,2023-04-06T19:16:15,152.0,123.78,28.22
MENRES000053_3,2023-11-10T00:08:54,25.5,23.76,1.74
MENRES000053_4,2023-10-12T03:09:21,39.73,33.71,6.02
MENRES000053_5,2023-08-24T21:52:16,147.77,129.75,18.02
MENRES000053_6,2023-08-22T02:24:46,145.01,133.76,11.25
MENRES000053_7,2023-08-06T10:01:03,157.3,127.89,29.41
MENRES000053_9,2023-09-02T23:40:21,40.9,35.22,5.68
MENRES000054_0,2023-03-24T03:36:56,74.24,62.79,11.45
MENRES000054_4,2023-07-01T13:10:42,73.66,64.01,9.65
MENRES000054_8,2023-09-15T05:44:50,102.84,93.17,9.67
MENRES000054_11,2023-04-21T04:02:36,46.58,41.11,5.47
MENRES000054_12,2023-08-05T01:59:10,83.18,70.46,12.72
MENRES000055_5,2023-11-01T03:42:30,54.12,49.92,4.2
MENRES000056_0,2023-10-07T22:56:23,76.29,63.1,13.19
MENRES000056_3,2023-04-03T23:49:00,75.08,70.53,4.55
MENRES000056_5,2023-10-27T18:14:08,87.34,76.39,10.95
MENRES000056_7,2023-02-22T23:21:01,59.8,56.09,3.71
MENRES000056_8,2023-08-19T12:11:32,24.75,23.34,1.41
MENRES000056_10,2023-04-29T20:56:12,51.89,46.9,4.99
MENRES000057_0,2023-05-07T01:58:34,97.41,78.08,19.33
MENRES000057_6,2023-11-14T12:38:58,111.54,101.22,10.32
MENRES000057_9,2023-01-14T03:54:37,108.74,90.0,18.74
MENRES000057_11,2023-09-09T07:44:37,45.58,41.74,3.84
MENRES000057_13,2023-07-16T10:33:32,89.38,78.86,10.52
MENRES000057_14,2023-03-17T13:53:03,67.88,61.98,5.9
MENRES000057_15,2023-01-11T08:10:38,72.95,65.31,7.64
MENRES000057_17,2023-06-23T07:27:57,75.62,67.69,7.93
MENRES000057_18,2023-05-23T09:02:42,77.52,72.92,4.6
MENRES000058_6,2023-05-18T07:52:41,30.24,25.87,4.37
MENRES000058_9,2023-11-22T07:09:38,11.2,9.92,1.28
MENRES000058_15,2023-08-04T03:40:53,35.39,29.51,5.88
MENRES000059_1,2023-06-24T09:37:59,19.89,17.78,2.11
MENRES000059_2,2023-04-08T17:59:52,58.11,49.97,8.14
MENRES000059_4,2023-09-29T09:11:35,66.27,59.43,6.84
MENRES000059_10,2023-10-22T01:55:28,44.94,39.78,5.16
MENRES000059_11,2023-03-28T08:31:13,10.84,9.03,1.81
MENRES000059_14,2023-09-01T11:18:35,26.29,22.99,3.3
MENRES000060_4,2023-12-27T10:59:55,25.73,23.18,2.55
MENRES000060_10,2023-02-21T03:11:58,49.39,46.24,3.15
MENRES000060_11,2023-06-22T20:47:45,42.22,36.07,6.15
MENRES000060_13,2023-11-22T16:42:48,56.62,52.96,3.66
MENRES000060_15,2023-06-24T03:13:37,35.24,32.36,2.88
MENRES000061_4,2023-09-06T13:47:21,25.54,23.88,1.66
MENRES000061_11,2023-10-19T04:35:33,12.62,10.19,2.43
MENRES000061_12,2023-01-16T19:25:12,38.0,34.52,3.48
MENRES000061_15,2023-05-10T09:06:02,22.64,20.06,2.58
MENRES000062_1,2023-04-20T10:59:47,60.78,50.33,10.45
MENRES000062_3,2023-11-07T20:28:28,88.81,78.95,9.86
MENRES000062_7,2023-03-28T01:01:18,21.74,19.54,2.2
MENRES000062_9,2023-08-24T04:12:31,110.37,96.65,13.72
MENRES000062_10,2023-12-17T12:55:24,44.29,37.12,7.17
MENRES000062_12,2023-06-05T04:28:06,70.99,59.12,11.87
MENRES000062_14,2023-12-30T10:00:32,114.97,106.1,8.87
MENRES000063_1,2023-09-12T04:22:19,88.28,81.3,6.98
MENRES000063_4,2023-12-24T03:40:32,67.09,58.15,8.94
MENRES000064_1,2023-11-26T03:47:59,36.48,29.44,7.04
MENRES000064_2,2023-04-04T03:12:25,103.15,90.42,12.73
MENRES000064_6,2023-12-26T08:01:03,58.23,54.7,3.53
MENRES000064_7,2023-01-31T13:34:33,60.6,48.88,11.72
MENRES000064_18,2023-08-29T01:58:53,125.82,115.43,10.39
MENRES000065_0,2023-11-14T00:29:03,143.7,116.83,26.87
MENRES000065_7,2023-09-02T21:17:20,35.94,33.0,2.94
MENRES000065_8,2023-09-21T12:33:03,104.69,88.12,16.57
MENRES000065_9,2023-02-24T11:09:43,145.15,134.08,11.07
MENRES000065_12,2023-01-01T23:41:56,114.05,100.33,13.72
MENRES000066_0,2023-08-25T13:37:23,60.44,49.22,11.22
MENRES000066_1,2023-06-24T06:39:46,28.93,23.47,5.46
MENRES000066_2,2023-02-27T11:16:00,57.73,52.16,5.57
MENRES000066_12,2023-02-25T13:13:28,51.91,43.48,8.43
MENRES000067_0,2023-07-13T19:29:10,95.24,81.93,13.31
MENRES000067_1,2023-08-26T13:27:12,129.09,111.33,17.76
MENRES000067_5,2023-07-31T07:30:29,56.46,48.2,8.26
MENRES000067_6,2023-02-13T16:02:34,34.4,31.26,3.14
MENRES000068_3,2023-11-04T02:40:18,20.03,16.31,3.72
MENRES000068_6,2023-08-21T12:24:41,21.55,18.2,3.35
MENRES000069_3,2023-03-25T02:46:52,149.21,120.91,28.3
MENRES000069_4,2023-04-13T21:46:53,44.78,41.94,2.84
MENRES000069_7,2023-03-22T11:33:49,159.15,147.12,12.03
MENRES000069_10,2023-09-06T18:30:32,66.0,53.28,12.72
MENRES000070_4,2023-02-20T12:30:10,73.67,69.33,4.34
MENRES000070_7,2023-09-04T17:08:34,50.79,42.27,8.52
MENRES000071_0,2023-06-01T05:49:39,39.08,32.7,6.38
MENRES000071_3,2023-11-28T15:12:15,9.86,9.07,0.79
MENRES000071_9,2023-10-23T20:36:48,14.18,12.68,1.5
MENRES000071_15,2023-12-09T20:33:21,34.55,30.4,4.15
MENRES000072_5,2023-04-06T15:02:21,32.4,30.56,1.84
MENRES000072_16,2023-02-14T08:19:03,25.26,20.24,5.02
MENRES000072_17,2023-08-19T23:10:05,10.74,9.44,1.3
MENRES000073_10,2023-11-25T06:05:08,97.42,91.23,6.19
MENRES000073_11,2023-09-02T05:16:40,112.98,91.23,21.75
MENRES000073_13,2023-03-29T00:32:41,15.88,12.8,3.08
MENRES000073_15,2023-10-03T10:02:59,51.98,49.01,2.97
MENRES000074_0,2023-06-30T15:26:59,20.12,18.39,1.73
MENRES000074_1,2023-04-16T22:34:17,35.17,30.49,4.68
MENRES000074_3,2023-01-03T05:50:55,10.91,10.33,0.58
MENRES000074_5,2023-07-04T21:21:07,18.06,15.3,2.76
MENRES000074_7,2023-07-14T00:02:23,19.07,15.36,3.71
MENRES000074_9,2023-08-26T01:23:33,31.81,27.09,4.72
MENRES000074_12,2023-05-03T00:08:51,31.18,26.76,4.42
MENRES000075_1,2023-12-02T03:11:03,83.06,72.47,10.59
MENRES000075_6,2023-10-08T04:04:33,23.47,20.09,3.38
MENRES000076_1,2023-12-13T23:54:46,46.63,37.84,8.79
MENRES000076_4,2023-02-11T03:13:23,76.24,64.14,12.1
MENRES000076_6,2023-08-02T12:38:41,35.49,30.59,4.9
MENRES000076_9,2023-02-07T15:05:25,89.6,75.51,14.09
MENRES000078_4,2023-10-06T04:50:22,24.19,20.32,3.87
MENRES000078_6,2023-04-21T06:21:00,30.69,27.24,3.45
MENRES000078_7,2023-09-25T07:37:02,23.3,20.1,3.2
MENRES000079_2,2023-03-15T20:25:24,27.07,24.93,2.14
MENRES000079_3,2023-10-22T16:53:22,62.47,52.45,10.02
MENRES000080_1,2023-01-08T17:52:32,92.27,82.4,9.87
MENRES000080_6,2023-03-12T06:10:12,82.95,77.78,5.17
MENRES000081_1,2023-06-29T12:02:50,141.38,123.84,17.54
MENRES000081_3,2023-06-16T05:57:06,114.73,92.33,22.4
MENRES000081_6,2023-06-29T02:07:56,34.1,32.33,1.77
MENRES000081_8,2023-08-22T13:51:14,148.6,137.34,11.26
MENRES000081_10,2023-08-22T02:16:22,29.76,27.42,2.34
MENRES000082_0,2023-05-13T17:38:07,38.91,35.43,3.48
MENRES000082_1,2023-04-13T06:53:05,29.31,26.75,2.56
MENRES000082_6,2023-05-02T17:24:38,23.47,18.93,4.54
MENRES000084_0,2023-06-13T03:56:30,34.93,29.03,5.9
MENRES000084_2,2023-01-18T17:42:34,63.36,52.66,10.7
MENRES000084_9,2023-07-25T21:40:42,85.24,78.92,6.32
MENRES000084_14,2023-01-14T05:59:58,110.25,89.75,20.5
MENRES000084_17,2023-01-18T12:21:47,135.77,127.97,7.8
MENRES000084_18,2023-12-15T00:38:41,21.32,20.14,1.18
MENRES000085_5,2023-07-30T13:28:08,26.75,21.5,5.25
MENRES000085_9,2023-08-24T14:14:49,73.88,61.46,12.42
MENRES000085_15,2023-06-09T18:29:52,107.12,90.13,16.99
MENRES000085_16,2023-03-13T06:22:14,142.45,129.58,12.87
MENRES000086_2,2023-11-15T10:07:22,51.67,46.02,5.65
MENRES000086_3,2023-02-27T18:20:22,144.95,131.32,13.63
MENRES000086_5,2023-07-27T01:35:28,153.54,123.69,29.85
MENRES000088_1,2023-01-17T23:53:50,124.46,111.63,12.83
MENRES000088_3,2023-07-12T03:28:16,51.97,42.01,9.96
MENRES000088_6,2023-06-13T16:58:21,147.72,123.92,23.8
MENRES000089_4,2023-07-06T08:39:39,135.13,123.49,11.64
MENRES000089_5,2023-07-01T14:59:43,152.15,137.18,14.97
MENRES000089_6,2023-10-21T11:47:43,24.92,21.04,3.88
MENRES000090_4,2023-12-02T19:16:11,33.49,30.2,3.29
MENRES000090_5,2023-01-03T00:10:22,31.48,29.04,2.44
MENRES000090_6,2023-12-02T12:53:53,13.85,12.58,1.27
MENRES000090_7,2023-03-11T04:01:21,37.72,35.62,2.1
MENRES000090_8,2023-11-25T13:48:56,17.32,16.06,1.26
MENRES000091_0,2023-03-11T02:45:14,23.43,21.13,2.3
MENRES000091_1,2023-05-01T18:22:56,39.62,33.3,6.32
MENRES000091_3,2023-05-18T21:42:16,21.98,18.18,3.8
MENRES000091_6,2023-04-02T09:14:42,27.2,22.45,4.75
MENRES000091_7,2023-11-03T12:30:25,10.4,9.4,1.0
MENRES000091_11,2023-03-11T12:13:23,29.71,26.84,2.87
MENRES000092_0,2023-02-14T19:19:59,77.46,66.79,10.67
MENRES000092_2,2023-10-19T13:30:30,32.42,27.79,4.63
MENRES000092_4,2023-03-11T20:41:21,36.39,34.55,1.84
MENRES000092_6,2023-09-05T17:09:53,73.09,60.72,12.37
MENRES000092_10,2023-05-18T19:01:33,67.37,55.95,11.42
MENRES000092_12,2023-04-19T16:38:28,53.96,43.98,9.98
MENRES000092_14,2023-05-04T19:34:18,109.9,96.51,13.39
MENRES000092_15,2023-09-16T08:29:23,40.31,33.87,6.44
MENRES000093_1,2023-02-09T20:32:14,13.2,10.97,2.23
MENRES000093_2,2023-12-13T01:10:51,6.54,5.97,0.57
MENRES000093_3,2023-01-10T01:29:38,25.82,22.09,3.73
MENRES000093_5,2023-08-19T17:56:04,34.36,31.51,2.85
MENRES000093_7,2023-12-23T13:29:30,15.21,14.12,1.09
MENRES000094_3,2023-08-04T23:55:40,156.04,138.0,18.04
MENRES000095_1,2023-09-28T07:36:17,27.03,22.64,4.39
MENRES000095_2,2023-07-13T02:09:53,103.92,85.55,18.37
MENRES000095_3,2023-12-18T06:07:44,33.83,31.8,2.03
MENRES000095_9,2023-06-24T23:43:31,22.51,20.03,2.48
MENRES000096_2,2023-05-25T03:38:36,50.15,43.33,6.82
MENRES000096_5,2023-11-26T05:53:06,32.83,26.88,5.95
MENRES000096_6,2023-01-30T00:06:24,102.74,96.77,5.97
MENRES000097_1,2023-06-20T11:59:31,26.56,21.28,5.28
MENRES000097_5,2023-05-18T10:22:13,44.68,41.99,2.69
MENRES000097_9,2023-04-03T12:35:38,44.08,37.18,6.9
MENRES000097_11,2023-12-05T03:04:32,118.08,106.59,11.49
MENRES000098_2,2023-11-13T15:40:45,11.0,9.43,1.57
MENRES000098_4,2023-12-19T08:37:16,31.85,26.88,4.97
MENRES000098_8,2023-06-18T10:35:51,14.15,11.68,2.47
MENRES000098_13,2023-09-14T07:27:31,13.03,11.76,1.27
MENRES000099_0,2023-01-22T00:35:38,15.7,14.68,1.02
MENRES000099_1,2023-05-16T07:18:38,5.35,4.6,0.75
MENRES000099_3,2023-04-28T13:03:43,32.68,28.54,4.14
MENRES000099_5,2023-11-09T06:12:55,24.5,20.88,3.62
MENRES000100_1,2023-03-23T08:07:41,90.46,82.52,7.94
MENRES000100_3,2023-10-05T15:05:14,31.27,28.25,3.02
MENRES000100_5,2023-07-08T02:51:28,23.71,20.8,2.91
MENRES000100_6,2023-01-27T10:34:41,76.43,62.88,13.55
MENRES000100_8,2023-05-28T09:00:08,94.45,76.97,17.48
MENRES000100_9,2023-10-07T00:23:18,28.49,23.81,4.68
MENRES000100_11,2023-10-12T18:53:07,16.51,15.28,1.23
MENRES000100_14,2023-01-20T01:43:56,96.8,87.44,9.36
MENRES000101_0,2023-03-28T00:28:12,59.04,47.24,11.8
MENRES000101_1,2023-11-08T15:32:35,19.54,18.08,1.46
MENRES000101_3,2023-07-30T16:04:47,24.05,21.33,2.72
MENRES000101_4,2023-04-09T15:25:14,48.58,40.07,8.51
MENRES000102_0,2023-04-20T22:03:53,67.21,63.38,3.83
MENRES000102_1,2023-08-07T12:51:14,44.94,36.57,8.37
MENRES000102_5,2023-05-30T08:58:10,69.84,59.9,9.94
MENRES000102_6,2023-10-22T06:38:50,95.7,81.39,14.31
MENRES000103_1,2023-11-06T00:37:50,30.0,24.12,5.88
MENRES000103_5,2023-12-17T18:23:24,12.91,11.75,1.16
MENRES000104_0,2023-10-08T18:29:45,44.93,37.02,7.91
MENRES000104_2,2023-04-04T14:41:21,54.79,51.97,2.82
MENRES000104_5,2023-08-02T20:18:19,48.35,41.27,7.08
MENRES000104_10,2023-12-04T23:03:35,28.01,24.33,3.68
MENRES000104_12,2023-11-27T02:35:29,48.93,45.7,3.23
MENRES000104_15,2023-07-10T10:11:08,88.73,72.48,16.25
MENRES000105_0,2023-03-14T19:47:18,84.78,73.12,11.66
MENRES000105_2,2023-08-19T14:14:06,99.91,86.28,13.63
MENRES000105_5,2023-04-05T17:18:52,90.66,75.56,15.1
MENRES000105_7,2023-11-30T22:40:43,82.05,76.03,6.02
MENRES000105_8,2023-09-15T02:03:25,133.81,117.07,16.74
MENRES000105_9,2023-07-15T11:40:27,50.6,43.66,6.94
MENRES000105_13,2023-10-02T12:28:20,42.76,39.45,3.31
MENRES000105_15,2023-11-12T18:09:44,53.27,44.18,9.09
MENRES000106_0,2023-01-24T00:16:37,6.57,5.71,0.86
MENRES000106_5,2023-06-21T09:01:15,15.64,12.62,3.02
MENRES000107_4,2023-04-25T07:45:55,51.44,45.56,5.88
MENRES000107_8,2023-08-07T00:45:21,108.35,99.51,8.84
MENRES000107_9,2023-11-22T10:02:27,59.98,50.12,9.86
MENRES000107_10,2023-12-23T16:34:11,26.12,24.4,1.72
MENRES000108_1,2023-08-01T18:28:40,49.85,42.93,6.92
MENRES000108_2,2023-08-17T13:55:35,63.93,51.51,12.42
MENRES000108_5,2023-02-01T11:17:04,21.33,17.22,4.11
MENRES000109_0,2023-01-12T16:10:22,16.34,13.29,3.05
MENRES000109_9,2023-06-15T22:09:29,85.02,74.57,10.45
MENRES000109_10,2023-03-16T22:24:01,97.13,85.17,11.96
MENRES000109_15,2023-09-22T14:03:05,106.35,94.39,11.96
MENRES000109_16,2023-08-05T13:48:32,56.1,51.56,4.54
MENRES000110_1,2023-09-04T16:20:52,48.94,46.35,2.59
MENRES000110_2,2023-12-22T01:02:58,56.15,50.36,5.79
MENRES000110_7,2023-10-09T22:40:20,35.88,31.38,4.5
MENRES000110_12,2023-12-02T03:31:41,15.85,13.0,2.85
MENRES000110_14,2023-06-09T10:43:56,55.15,50.29,4.86
MENRES000111_9,2023-05-22T00:21:10,11.6,10.37,1.23
MENRES000111_10,2023-05-16T12:18:00,39.56,33.63,5.93
MENRES000112_6,2023-09-08T03:45:56,72.51,65.27,7.24
MENRES000112_9,2023-02-14T20:46:17,148.66,138.74,9.92
MENRES000113_0,2023-09-07T12:52:35,13.02,12.31,0.71
MENRES000113_1,2023-11-26T00:46:48,32.69,27.44,5.25
MENRES000113_2,2023-12-13T05:40:55,15.15,13.85,1.3
MENRES000113_4,2023-03-05T16:24:00,31.04,26.46,4.58
MENRES000113_7,2023-04-14T02:01:00,13.06,11.23,1.83
MENRES000113_10,2023-10-02T19:41:18,12.57,10.38,2.19
MENRES000113_13,2023-07-23T08:57:03,28.9,24.08,4.82
MENRES000113_14,2023-12-07T22:04:07,23.53,19.1,4.43
MENRES000113_16,2023-03-29T08:35:25,9.57,8.64,0.93
MENRES000114_6,2023-12-19T07:56:43,36.55,33.41,3.14
MENRES000115_1,2023-05-25T15:03:35,30.46,28.25,2.21
MENRES000115_3,2023-09-01T23:39:01,8.27,7.06,1.21
MENRES000115_8,2023-11-08T21:55:04,20.29,17.54,2.75
MENRES000115_10,2023-05-08T15:14:50,14.95,13.15,1.8
MENRES000116_0,2023-04-09T16:55:12,37.77,33.49,4.28
MENRES000116_2,2023-09-05T20:07:57,19.79,18.14,1.65
MENRES000116_3,2023-03-29T10:45:48,30.82,27.1,3.72
MENRES000116_4,2023-07-31T22:02:31,18.22,15.25,2.97
MENRES000116_12,2023-09-03T17:59:21,10.69,9.44,1.25
MENRES000116_14,2023-09-05T11:06:53,15.36,14.43,0.93
MENRES000117_3,2023-08-15T06:59:34,6.99,5.6,1.39
MENRES000117_5,2023-10-14T04:04:55,36.24,30.34,5.9
MENRES000117_6,2023-05-18T04:32:47,14.43,12.63,1.8
MENRES000118_0,2023-06-22T13:41:45,13.35,12.08,1.27
MENRES000118_5,2023-01-06T07:36:49,36.88,29.81,7.07
MENRES000118_6,2023-01-08T18:51:49,29.43,27.32,2.11
MENRES000118_8,2023-05-20T21:34:26,15.61,12.91,2.7
MENRES000118_11,2023-01-15T11:22:59,14.45,12.0,2.45
MENRES000118_14,2023-04-27T19:46:01,31.24,29.16,2.08
MENRES000118_15,2023-06-09T20:19:47,33.49,26.86,6.63
MENRES000118_16,2023-10-04T19:08:57,13.33,10.9,2.43
MENRES000118_17,2023-06-05T21:37:01,5.25,4.82,0.43
MENRES000119_0,2023-05-29T23:28:06,29.57,26.82,2.75
MENRES000119_1,2023-08-10T22:51:09,15.88,13.97,1.91
MENRES000119_3,2023-02-12T19:00:36,33.19,29.74,3.45
MENRES000119_6,2023-02-14T11:49:25,24.34,21.56,2.78
MENRES000119_7,2023-02-03T23:05:59,37.75,31.44,6.31
MENRES000120_0,2023-03-23T04:32:05,114.25,103.51,10.74
MENRES000120_1,2023-07-18T10:02:22,103.56,86.46,17.1
MENRES000121_4,2023-06-12T12:40:26,114.89,107.86,7.03
MENRES000123_3,2023-01-19T19:36:52,157.32,128.16,29.16
MENRES000123_4,2023-09-14T13:26:59,117.74,109.46,8.28
MENRES000123_8,2023-08-19T10:57:22,95.64,86.2,9.44
MENRES000123_12,2023-12-23T01:57:16,112.73,103.94,8.79
MENRES000123_13,2023-08-25T16:33:08,67.7,57.08,10.62
MENRES000124_0,2023-05-25T02:58:06,124.08,103.28,20.8
MENRES000124_4,2023-04-15T22:14:47,106.93,85.99,20.94
MENRES000124_8,2023-08-21T13:20:08,29.06,26.37,2.69
MENRES000124_12,2023-12-29T17:29:43,121.37,110.88,10.49
MENRES000124_15,2023-10-30T01:06:01,83.61,70.68,12.93
MENRES000124_18,2023-10-11T18:33:58,80.62,69.53,11.09
MENRES000125_1,2023-12-10T22:40:38,119.1,106.91,12.19
MENRES000125_2,2023-05-10T12:39:57,24.18,22.86,1.32
MENRES000125_3,2023-12-14T06:42:40,34.41,31.32,3.09
MENRES000125_4,2023-11-09T08:04:31,81.37,72.71,8.66
MENRES000125_7,2023-09-13T17:10:56,89.9,79.57,10.33
MENRES000125_9,2023-05-23T19:21:54,95.92,80.57,15.35
MENRES000125_10,2023-11-29T05:09:12,116.14,101.08,15.06
MENRES000125_12,2023-03-10T20:53:45,31.4,25.67,5.73
MENRES000125_13,2023-01-14T21:48:48,17.06,15.11,1.95
MENRES000127_0,2023-05-18T12:30:38,43.29,37.35,5.94
MENRES000127_1,2023-09-10T13:38:46,74.64,63.45,11.19
MENRES000127_2,2023-06-26T13:01:14,79.87,70.6,9.27
MENRES000127_4,2023-11-09T10:46:06,64.24,56.78,7.46
MENRES000127_5,2023-07-16T03:17:05,13.49,11.76,1.73
MENRES000127_9,2023-09-15T16:20:41,35.47,33.23,2.24
MENRES000127_13,2023-11-19T09:24:23,11.33,10.64,0.69
MENRES000128_1,2023-01-24T18:02:26,59.56,52.57,6.99
MENRES000128_4,2023-11-23T18:11:03,90.84,73.05,17.79
MENRES000129_4,2023-06-16T21:02:45,45.52,42.87,2.65
MENRES000129_5,2023-11-29T18:36:28,35.44,30.68,4.76
MENRES000129_9,2023-06-13T15:09:43,79.16,67.91,11.25
MENRES000130_1,2023-12-10T04:00:01,71.29,61.07,10.22
MENRES000130_5,2023-08-31T15:59:31,79.67,67.51,12.16
MENRES000130_8,2023-10-07T16:37:59,64.68,53.41,11.27
MENRES000130_10,2023-06-06T21:51:49,56.77,51.41,5.36
MENRES000130_14,2023-08-15T17:26:18,115.61,95.67,19.94
MENRES000131_0,2023-08-06T18:37:37,26.96,22.82,4.14
MENRES000131_2,2023-01-08T13:54:05,56.8,48.72,8.08
MENRES000131_4,2023-04-14T23:51:00,65.96,59.14,6.82
MENRES000131_7,2023-12-23T08:38:25,50.7,40.72,9.98
MENRES000132_0,2023-01-20T19:58:48,5.17,4.72,0.45
MENRES000132_2,2023-10-08T14:22:10,31.77,29.62,2.15
MENRES000132_7,2023-01-13T20:15:10,18.01,16.9,1.11
MENRES000133_0,2023-10-30T15:07:57,78.64,66.19,12.45
MENRES000133_2,2023-06-26T17:18:55,24.61,22.74,1.87
MENRES000133_3,2023-08-26T01:05:07,60.42,50.75,9.67
MENRES000133_7,2023-05-22T04:33:21,21.21,18.79,2.42
MENRES000133_9,2023-01-22T10:43:19,36.15,31.82,4.33
MENRES000134_3,2023-04-27T02:37:27,117.39,95.34,22.05
MENRES000134_5,2023-10-06T11:29:26,64.38,60.21,4.17
MENRES000134_7,2023-03-29T08:50:04,30.46,26.47,3.99
MENRES000136_0,2023-03-11T14:03:49,45.7,39.81,5.89
MENRES000136_1,2023-01-06T22:03:45,30.43,28.4,2.03
MENRES000136_7,2023-06-06T16:38:52,41.86,36.3,5.56
MENRES000136_14,2023-05-04T08:13:59,44.49,41.3,3.19
MENRES000136_15,2023-06-04T13:49:46,41.43,34.52,6.91
MENRES000137_0,2023-03-29T06:33:46,70.47,66.56,3.91
MENRES000137_1,2023-02-12T15:17:35,52.27,42.6,9.67
MENRES000137_2,2023-04-20T20:57:17,25.23,23.67,1.56
MENRES000137_3,2023-04-25T03:56:03,17.76,14.72,3.04
MENRES000138_1,2023-05-06T08:04:30,50.84,40.68,10.16
MENRES000138_3,2023-08-14T07:55:00,72.59,61.59,11.0
MENRES000138_5,2023-07-11T18:41:54,42.63,37.33,5.3
MENRES000138_10,2023-02-18T23:26:26,23.02,19.42,3.6
MENRES000138_11,2023-11-22T03:44:47,44.55,42.16,2.39
MENRES000138_15,2023-08-29T10:37:43,55.07,48.4,6.67
MENRES000138_18,2023-12-16T05:45:53,21.33,19.04,2.29
MENRES000139_0,2023-06-18T14:59:57,87.78,78.1,9.68
MENRES000139_1,2023-09-24T21:29:37,57.64,47.83,9.81
MENRES000139_3,2023-12-14T07:15:19,72.86,61.61,11.25
MENRES000139_19,2023-05-06T10:29:23,96.25,80.78,15.47
MENRES000140_4,2023-07-18T12:22:57,124.23,106.55,17.68
MENRES000140_11,2023-05-31T13:16:30,132.56,125.9,6.66
MENRES000140_14,2023-07-13T13:51:57,80.66,66.58,14.08
MENRES000141_4,2023-04-19T15:26:31,33.67,27.29,6.38
MENRES000142_3,2023-05-01T07:01:40,35.26,31.83,3.43
MENRES000142_7,2023-03-06T05:38:04,32.33,30.71,1.62
MENRES000142_12,2023-11-04T18:51:17,33.05,29.85,3.2
MENRES000143_2,2023-04-15T11:32:48,22.58,19.47,3.11
MENRES000143_4,2023-06-14T15:09:23,12.86,10.68,2.18
MENRES000143_5,2023-02-12T17:50:30,38.6,35.55,3.05
MENRES000143_6,2023-03-12T17:22:31,17.73,16.63,1.1
MENRES000143_7,2023-10-17T02:32:00,16.88,14.82,2.06
MENRES000143_9,2023-09-15T17:47:48,37.1,32.54,4.56
MENRES000144_0,2023-04-17T14:49:27,48.22,38.74,9.48
MENRES000144_1,2023-06-19T15:58:40,106.68,86.05,20.63
MENRES000144_2,2023-08-06T06:19:12,75.78,69.38,6.4
MENRES000144_14,2023-03-20T08:17:07,155.66,141.69,13.97
MENRES000145_4,2023-09-07T21:21:32,81.78,76.93,4.85
MENRES000146_0,2023-05-08T18:53:26,66.99,62.13,4.86
MENRES000146_1,2023-07-30T19:57:14,56.0,51.38,4.62
MENRES000146_5,2023-03-26T11:53:51,56.45,53.2,3.25
MENRES000146_7,2023-01-09T23:26:53,88.31,75.8,12.51
MENRES000147_2,2023-08-06T01:02:02,54.37,45.5,8.87
MENRES000147_6,2023-12-07T14:02:26,76.63,64.67,11.96
MENRES000147_11,2023-04-14T08:28:53,46.2,43.59,2.61
MENRES000148_0,2023-03-02T06:03:23,83.14,68.44,14.7
MENRES000148_1,2023-01-14T06:00:01,70.92,57.71,13.21
MENRES000148_12,2023-04-03T18:08:46,109.44,88.38,21.06
MENRES000148_16,2023-05-25T10:16:43,154.4,138.92,15.48
MENRES000149_0,2023-07-25T03:13:27,37.73,31.58,6.15
MENRES000149_1,2023-12-02T20:13:17,56.5,50.87,5.63
MENRES000149_9,2023-10-01T15:47:44,21.27,17.55,3.72
MENRES000150_1,2023-09-06T14:38:45,23.38,20.33,3.05
MENRES000150_6,2023-11-20T18:39:09,22.93,21.07,1.86
MENRES000150_8,2023-10-27T11:55:40,29.53,26.31,3.22
MENRES000150_9,2023-06-17T21:15:49,5.78,5.28,0.5
MENRES000150_11,2023-04-16T21:06:59,17.96,14.56,3.4
MENRES000150_14,2023-06-07T18:32:23,26.44,23.71,2.73
MENRES000150_16,2023-09-04T20:08:08,32.17,26.38,5.79
MENRES000151_1,2023-01-07T01:09:27,35.97,30.1,5.87
MENRES000152_5,2023-10-14T13:18:53,59.58,49.57,10.01
MENRES000153_11,2023-02-14T14:08:06,67.15,57.21,9.94
MENRES000153_14,2023-06-28T17:18:55,39.99,32.55,7.44
MENRES000153_15,2023-11-14T08:54:42,58.84,49.33,9.51
MENRES000154_0,2023-02-21T23:26:39,24.4,20.15,4.25
MENRES000154_2,2023-02-23T19:47:15,77.98,63.87,14.11
MENRES000154_4,2023-07-07T05:53:41,11.16,9.29,1.87
MENRES000154_9,2023-08-29T07:45:07,72.5,59.32,13.18
MENRES000155_1,2023-05-02T06:00:25,101.94,89.19,12.75
MENRES000155_4,2023-08-22T18:31:41,64.94,57.03,7.91
MENRES000155_8,2023-04-16T09:11:42,33.32,28.43,4.89
MENRES000156_0,2023-11-24T14:45:00,46.59,43.92,2.67
MENRES000156_5,2023-03-04T09:11:14,75.7,70.88,4.82
MENRES000157_2,2023-12-02T18:55:20,104.89,99.65,5.24
MENRES000157_3,2023-05-09T09:02:53,109.87,89.15,20.72
MENRES000157_4,2023-09-14T08:29:06,25.92,21.26,4.66
MENRES000157_12,2023-10-05T04:29:52,33.69,28.36,5.33
MENRES000157_13,2023-05-07T16:59:20,37.11,32.51,4.6
MENRES000157_16,2023-03-29T07:33:19,59.56,49.69,9.87
MENRES000157_17,2023-03-13T08:34:47,100.39,83.77,16.62
MENRES000157_19,2023-05-27T20:46:35,58.74,51.36,7.38
MENRES000158_2,2023-09-22T06:43:45,111.3,90.32,20.98
MENRES000158_7,2023-10-09T16:38:58,68.3,62.91,5.39
MENRES000158_8,2023-08-29T17:35:31,19.51,18.46,1.05
MENRES000158_16,2023-07-20T11:22:16,48.85,39.57,9.28
MENRES000158_17,2023-03-17T03:48:01,110.28,88.97,21.31
MENRES000159_6,2023-08-26T05:41:23,15.12,13.5,1.62
MENRES000159_8,2023-08-11T05:39:59,19.2,17.0,2.2
MENRES000159_10,2023-12-17T09:20:29,36.29,33.19,3.1
MENRES000160_4,2023-07-29T08:39:08,69.74,61.94,7.8
MENRES000160_11,2023-07-10T17:05:04,61.27,49.41,11.86
MENRES000160_12,2023-10-24T12:02:27,43.64,36.27,7.37
MENRES000161_6,2023-05-06T01:04:48,5.23,4.93,0.3
MENRES000161_7,2023-11-18T09:17:45,38.79,33.72,5.07
MENRES000161_10,2023-06-28T20:16:44,14.04,11.91,2.13
MENRES000162_4,2023-04-25T12:23:28,31.54,27.82,3.72
MENRES000162_5,2023-11-19T01:11:02,40.65,34.8,5.85
MENRES000163_0,2023-10-26T22:43:24,67.28,53.99,13.29
MENRES000163_3,2023-07-07T13:02:16,39.98,36.76,3.22
MENRES000163_5,2023-01-19T23:06:29,64.65,56.34,8.31
MENRES000163_10,2023-02-03T23:47:24,48.97,45.45,3.52
MENRES000163_11,2023-09-20T05:04:15,69.09,61.08,8.01
MENRES000163_15,2023-06-18T16:16:13,44.56,40.6,3.96
MENRES000163_18,2023-06-15T06:54:33,51.43,41.84,9.59
MENRES000164_0,2023-03-12T22:04:23,137.5,125.72,11.78
MENRES000164_4,2023-03-05T05:35:24,124.19,108.91,15.28
MENRES000165_3,2023-01-28T02:18:55,19.08,15.36,3.72
MENRES000166_1,2023-04-13T05:41:18,65.46,55.11,10.35
MENRES000166_6,2023-03-24T18:19:39,59.95,53.54,6.41
MENRES000166_13,2023-02-05T22:28:40,54.01,48.25,5.76
MENRES000166_14,2023-01-28T12:33:25,101.87,93.21,8.66
MENRES000167_0,2023-05-28T15:04:23,141.83,113.72,28.11
MENRES000167_3,2023-10-14T18:48:07,56.09,48.3,7.79
MENRES000167_7,2023-04-14T21:56:08,46.58,37.71,8.87
MENRES000167_8,2023-02-09T17:31:08,146.46,134.31,12.15
MENRES000167_9,2023-06-15T03:53:59,139.3,128.86,10.44
MENRES000167_11,2023-06-10T01:29:40,132.98,118.41,14.57
MENRES000168_2,2023-09-06T17:13:07,79.36,65.33,14.03
MENRES000168_3,2023-06-14T08:48:26,29.9,27.87,2.03
MENRES000168_5,2023-09-13T03:26:14,18.14,15.16,2.98
MENRES000168_6,2023-05-04T13:29:06,65.52,53.86,11.66
MENRES000169_3,2023-04-24T06:07:53,46.37,43.66,2.71
MENRES000169_8,2023-04-01T07:40:27,22.82,19.2,3.62
MENRES000169_9,2023-09-30T18:58:58,53.9,50.88,3.02
MENRES000170_0,2023-03-22T05:15:23,70.2,63.66,6.54
MENRES000170_3,2023-08-20T12:54:47,22.67,19.02,3.65
MENRES000170_5,2023-06-05T13:02:33,124.41,117.56,6.85
MENRES000171_0,2023-12-11T05:03:46,43.6,35.47,8.13
MENRES000171_5,2023-11-02T21:31:40,84.21,77.11,7.1
MENRES000171_6,2023-02-22T11:24:01,70.49,63.57,6.92
MENRES000171_7,2023-08-21T05:29:52,45.27,39.45,5.82
MENRES000171_15,2023-06-26T05:43:00,27.55,24.21,3.34
MENRES000172_0,2023-09-24T13:26:49,41.87,35.12,6.75
MENRES000172_1,2023-12-12T19:01:06,66.46,54.53,11.93
MENRES000173_0,2023-05-27T19:21:09,34.2,27.72,6.48
MENRES000173_2,2023-04-11T07:39:53,56.94,47.28,9.66
MENRES000173_4,2023-09-24T04:12:27,37.41,32.21,5.2
MENRES000173_6,2023-06-17T18:35:09,38.44,35.15,3.29
MENRES000173_7,2023-08-14T18:02:47,51.1,45.44,5.66
MENRES000173_14,2023-09-19T16:53:32,62.02,51.33,10.69
MENRES000173_16,2023-06-24T20:57:26,15.31,13.99,1.32
MENRES000173_18,2023-02-25T00:00:23,38.82,36.34,2.48
MENRES000174_3,2023-12-25T09:48:16,37.66,31.12,6.54
MENRES000174_4,2023-11-22T02:16:00,32.57,29.02,3.55
MENRES000174_10,2023-05-26T14:58:59,11.46,9.51,1.95
MENRES000175_7,2023-07-04T15:36:00,26.69,23.88,2.81
MENRES000176_1,2023-10-15T11:14:30,55.17,47.23,7.94
MENRES000176_2,2023-05-02T16:02:27,74.37,63.19,11.18
MENRES000176_3,2023-10-05T22:05:55,114.52,103.67,10.85
MENRES000176_5,2023-12-24T16:48:29,105.79,95.06,10.73
MENRES000177_0,2023-09-20T00:06:46,10.01,8.19,1.82
MENRES000178_2,2023-07-22T04:52:25,8.88,7.31,1.57
MENRES000179_5,2023-04-01T03:06:08,65.48,53.28,12.2
MENRES000179_7,2023-08-25T01:42:36,60.62,50.87,9.75
MENRES000179_11,2023-07-11T09:09:30,11.82,10.11,1.71
MENRES000180_3,2023-02-09T15:33:36,16.02,13.93,2.09
MENRES000180_4,2023-10-22T20:29:14,7.37,5.95,1.42
MENRES000180_6,2023-11-05T22:31:00,5.74,5.3,0.44
MENRES000180_8,2023-11-01T01:58:05,18.39,15.16,3.23
MENRES000180_9,2023-05-07T11:53:52,28.78,27.06,1.72
MENRES000180_11,2023-04-16T13:08:53,31.17,25.57,5.6
MENRES000181_0,2023-10-13T20:25:38,29.76,23.9,5.86
MENRES000181_1,2023-09-12T18:31:14,19.92,17.23,2.69
MENRES000181_3,2023-05-11T02:06:13,30.65,26.5,4.15
MENRES000182_5,2023-04-20T09:04:12,22.52,18.23,4.29
MENRES000182_13,2023-05-26T06:16:46,17.67,16.45,1.22
MENRES000182_15,2023-09-06T14:11:01,25.44,23.14,2.3
MENRES000183_2,2023-12-28T23:58:07,48.69,39.53,9.16
MENRES000183_6,2023-11-18T18:08:58,66.61,56.32,10.29
MENRES000183_11,2023-07-25T00:17:50,55.97,50.87,5.1
MENRES000183_15,2023-11-23T21:09:29,30.21,25.38,4.83
MENRES000184_0,2023-05-15T01:26:48,39.95,31.96,7.99
MENRES000184_3,2023-03-24T02:39:24,20.72,17.26,3.46
MENRES000184_4,2023-11-27T14:52:55,36.49,31.03,5.46
MENRES000185_7,2023-07-23T14:52:36,35.23,32.68,2.55
MENRES000186_1,2023-11-24T17:44:03,39.57,36.1,3.47
MENRES000187_0,2023-10-14T20:43:30,10.56,8.85,1.71
MENRES000187_1,2023-04-15T04:24:43,19.8,16.07,3.73
MENRES000187_2,2023-04-04T08:20:09,32.76,29.34,3.42
MENRES000187_6,2023-10-15T05:06:09,7.17,6.26,0.91
MENRES000188_2,2023-10-13T02:55:42,44.56,38.99,5.57
MENRES000188_4,2023-08-28T23:38:00,106.79,97.51,9.28
MENRES000188_6,2023-12-25T01:09:06,127.07,116.59,10.48
MENRES000188_8,2023-07-04T15:54:11,77.85,62.84,15.01
MENRES000188_9,2023-05-24T07:25:41,96.22,85.11,11.11
MENRES000188_11,2023-05-17T16:56:09,31.81,25.83,5.98
MENRES000189_0,2023-10-11T21:56:02,41.99,34.18,7.81
MENRES000189_1,2023-10-16T22:25:18,96.01,82.2,13.81
MENRES000189_3,2023-12-02T07:33:25,73.0,58.75,14.25
MENRES000189_5,2023-03-16T02:12:54,44.05,36.73,7.32
MENRES000189_8,2023-07-31T04:22:14,43.55,39.49,4.06
MENRES000190_0,2023-02-17T01:32:14,102.6,94.95,7.65
MENRES000190_5,2023-01-24T06:51:30,43.95,36.71,7.24
MENRES000190_7,2023-06-05T00:30:15,23.69,19.42,4.27
MENRES000192_0,2023-04-29T06:09:53,32.08,27.86,4.22
MENRES000192_2,2023-12-07T16:41:09,117.55,110.96,6.59
MENRES000192_3,2023-09-12T23:21:34,41.56,33.93,7.63
MENRES000192_6,2023-11-25T03:57:41,145.38,118.08,27.3
MENRES000192_8,2023-10-16T23:41:03,106.28,98.95,7.33
MENRES000193_0,2023-12-23T21:58:42,102.36,88.71,13.65
MENRES000193_1,2023-10-26T15:38:04,86.28,76.73,9.55
MENRES000193_6,2023-04-02T01:00:25,93.58,87.63,5.95
MENRES000193_7,2023-08-09T01:03:10,30.88,25.69,5.19
MENRES000193_11,2023-04-02T21:29:27,32.12,26.12,6.0
MENRES000193_13,2023-11-14T01:15:44,59.95,53.21,6.74
MENRES000193_15,2023-07-19T17:42:15,80.12,72.68,7.44
MENRES000193_17,2023-12-25T14:35:15,95.51,83.66,11.85
MENRES000194_0,2023-10-21T06:41:26,58.73,53.05,5.68
MENRES000194_2,2023-01-08T09:07:10,61.88,53.73,8.15
MENRES000194_4,2023-05-25T16:22:07,29.58,25.03,4.55
MENRES000194_7,2023-11-19T04:28:22,18.71,15.58,3.13
MENRES000194_8,2023-11-26T21:41:59,50.52,45.84,4.68
MENRES000194_15,2023-08-20T08:39:10,48.57,43.84,4.73
MENRES000195_0,2023-08-14T08:38:32,99.9,83.92,15.98
MENRES000195_5,2023-05-25T12:45:46,115.98,108.15,7.83
MENRES000195_9,2023-03-02T07:10:20,17.88,15.27,2.61
MENRES000196_5,2023-01-02T10:54:02,90.86,84.84,6.02
MENRES000196_6,2023-11-23T15:30:37,92.22,87.34,4.88
MENRES000196_7,2023-12-18T10:14:32,52.55,48.12,4.43
MENRES000196_8,2023-05-28T05:24:03,24.51,20.44,4.07
MENRES000196_11,2023-10-25T02:42:48,32.2,26.52,5.68
MENRES000197_7,2023-01-14T04:24:33,141.62,114.4,27.22
MENRES000197_8,2023-11-28T16:07:40,24.02,22.24,1.78
MENRES000197_12,2023-02-28T18:11:35,80.78,71.06,9.72
MENRES000197_16,2023-01-28T23:17:39,149.89,121.67,28.22
MENRES000197_18,2023-07-03T16:01:10,30.88,27.84,3.04
MENRES000198_1,2023-08-05T13:56:36,119.09,95.51,23.58
MENRES000198_2,2023-07-08T00:35:34,79.97,70.88,9.09
MENRES000198_4,2023-01-10T23:19:33,22.08,20.48,1.6
MENRES000198_7,2023-01-08T22:37:16,34.84,30.69,4.15
MENRES000199_4,2023-01-20T01:35:55,27.42,25.91,1.51
MENRES000199_9,2023-01-07T09:00:07,67.07,56.44,10.63
MENRES000199_10,2023-09-25T07:43:58,71.69,66.29,5.4
MENRES000199_11,2023-05-05T10:39:03,40.14,34.62,5.52
MENRES000200_0,2023-05-08T00:14:00,43.33,37.97,5.36
MENRES000200_2,2023-05-02T15:24:48,36.36,31.47,4.89
MENRES000200_4,2023-04-28T02:04:58,78.91,65.49,13.42
MENRES000200_6,2023-05-31T15:11:14,69.61,58.97,10.64
MENRES000200_10,2023-10-04T03:34:39,38.34,34.9,3.44
MENRES000200_14,2023-08-06T20:25:07,54.93,45.25,9.68
MENRES000200_15,2023-09-30T02:53:26,65.2,59.96,5.24
MENRES000200_16,2023-10-06T15:54:05,74.76,69.15,5.61
MENRES000201_0,2023-09-30T18:41:04,52.22,43.41,8.81
MENRES000201_2,2023-09-25T06:43:22,60.76,55.81,4.95
MENRES000201_8,2023-06-23T19:24:01,15.39,14.53,0.86
MENRES000201_11,2023-08-23T09:03:44,44.41,36.37,8.04
MENRES000202_2,2023-09-02T07:35:49,34.4,32.46,1.94
MENRES000202_13,2023-10-12T10:26:35,21.96,18.47,3.49
MENRES000202_14,2023-08-08T21:36:50,30.82,27.56,3.26
MENRES000202_16,2023-01-31T20:21:35,23.77,20.66,3.11
MENRES000203_2,2023-11-11T16:40:50,18.56,15.3,3.26
MENRES000203_3,2023-03-07T18:47:25,51.57,43.67,7.9
MENRES000203_4,2023-01-02T09:00:47,65.56,58.34,7.22
MENRES000203_8,2023-02-08T13:13:33,53.44,45.77,7.67
MENRES000203_10,2023-12-23T02:17:07,57.15,50.1,7.05
MENRES000203_11,2023-01-30T06:42:34,35.09,32.37,2.72
MENRES000204_3,2023-05-24T21:23:01,78.28,65.63,12.65
MENRES000204_6,2023-06-21T00:19:54,33.19,29.86,3.33
MENRES000204_8,2023-02-28T23:33:25,53.03,43.08,9.95
MENRES000204_11,2023-04-30T21:03:22,62.73,52.19,10.54
MENRES000204_12,2023-08-22T00:21:58,20.14,16.15,3.99
MENRES000204_14,2023-04-24T23:13:35,59.34,52.49,6.85
MENRES000204_16,2023-05-27T08:52:26,12.23,10.9,1.33
MENRES000205_4,2023-12-05T05:14:36,22.62,19.16,3.46
MENRES000206_1,2023-01-20T11:46:29,6.42,5.88,0.54
MENRES000206_10,2023-04-02T10:43:20,23.74,19.77,3.97
MENRES000206_18,2023-11-15T10:26:39,22.25,20.94,1.31
MENRES000207_1,2023-07-06T20:04:17,65.47,55.48,9.99
MENRES000207_6,2023-04-17T19:55:17,69.42,57.83,11.59
MENRES000207_8,2023-08-07T13:12:57,81.44,74.92,6.52
MENRES000207_9,2023-06-17T23:46:21,68.61,57.87,10.74
MENRES000207_10,2023-05-03T10:09:48,75.29,61.5,13.79
MENRES000207_12,2023-04-02T07:32:33,64.22,56.94,7.28
MENRES000207_14,2023-08-30T22:00:27,59.46,48.82,10.64
MENRES000208_3,2023-06-21T08:36:17,119.13,96.67,22.46
MENRES000208_5,2023-08-14T09:09:12,147.17,138.73,8.44
MENRES000209_2,2023-11-05T02:39:53,69.53,56.59,12.94
MENRES000209_5,2023-12-26T14:39:34,33.84,27.13,6.71
MENRES000210_5,2023-05-05T04:56:22,22.98,18.72,4.26
MENRES000211_2,2023-04-24T13:08:23,11.44,9.23,2.21
MENRES000212_0,2023-08-05T00:20:22,153.93,128.32,25.61
MENRES000212_3,2023-02-08T07:53:42,116.84,102.21,14.63
MENRES000212_5,2023-03-21T01:21:44,133.53,112.52,21.01
MENRES000212_6,2023-01-24T06:08:42,130.06,118.29,11.77
MENRES000213_0,2023-11-29T06:52:19,23.5,19.11,4.39
MENRES000213_1,2023-03-01T08:25:44,94.31,83.35,10.96
MENRES000213_2,2023-05-04T09:32:56,39.25,33.27,5.98
MENRES000213_6,2023-02-28T02:00:44,17.97,15.24,2.73
MENRES000213_7,2023-01-24T21:18:57,90.38,79.37,11.01
MENRES000214_2,2023-03-18T12:48:28,129.23,122.6,6.63
MENRES000214_7,2023-03-27T12:19:59,94.58,87.9,6.68
MENRES000215_11,2023-06-21T12:03:43,8.52,7.09,1.43
MENRES000215_13,2023-03-12T13:52:55,9.14,7.72,1.42
MENRES000215_15,2023-03-27T16:00:23,20.51,17.39,3.12
MENRES000216_1,2023-05-10T12:54:28,37.47,32.71,4.76
MENRES000216_3,2023-08-14T14:06:35,21.98,17.73,4.25
MENRES000216_4,2023-04-29T02:15:18,33.57,29.5,4.07
MENRES000216_8,2023-02-05T21:56:44,6.12,5.6,0.52
MENRES000217_5,2023-02-14T08:46:40,30.93,28.99,1.94
MENRES000217_10,2023-02-19T16:43:01,21.44,18.28,3.16
MENRES000217_11,2023-06-10T09:45:19,71.24,60.77,10.47
MENRES000217_13,2023-09-20T04:27:13,12.04,10.53,1.51
MENRES000217_17,2023-09-26T02:38:19,12.11,11.29,0.82
MENRES000218_2,2023-03-15T09:13:40,118.67,109.74,8.93
MENRES000218_3,2023-09-04T01:05:48,39.24,32.71,6.53
MENRES000218_4,2023-02-02T06:09:44,110.05,104.51,5.54
MENRES000219_3,2023-12-12T01:09:44,88.38,82.93,5.45
MENRES000219_4,2023-04-12T08:28:17,41.33,34.9,6.43
MENRES000219_7,2023-03-24T13:47:56,103.74,87.92,15.82
MENRES000220_0,2023-05-18T04:12:01,30.99,26.73,4.26
MENRES000220_8,2023-04-05T16:37:02,35.94,29.99,5.95
MENRES000221_0,2023-06-06T14:23:42,16.14,13.33,2.81
MENRES000221_7,2023-01-28T22:41:37,104.36,92.5,11.86
MENRES000221_8,2023-06-14T03:55:05,110.99,101.8,9.19
MENRES000222_2,2023-11-12T06:24:54,76.52,61.62,14.9
MENRES000222_6,2023-12-26T00:54:04,132.81,119.6,13.21
MENRES000222_10,2023-11-13T14:55:13,155.02,145.97,9.05
MENRES000223_2,2023-12-19T11:52:20,100.58,87.82,12.76
MENRES000223_3,2023-11-23T11:33:52,122.98,115.02,7.96
MENRES000224_6,2023-02-08T19:10:38,85.12,69.68,15.44
MENRES000226_0,2023-04-24T15:34:40,18.51,16.49,2.02
MENRES000226_3,2023-01-06T16:26:16,35.09,32.34,2.75
MENRES000226_4,2023-06-26T02:15:31,22.87,20.24,2.63
MENRES000226_7,2023-05-16T13:34:39,9.2,7.64,1.56
MENRES000227_7,2023-04-14T06:56:33,107.78,88.57,19.21
MENRES000227_8,2023-08-06T02:11:07,88.03,77.71,10.32
MENRES000228_1,2023-05-07T23:01:15,28.22,25.79,2.43
MENRES000228_2,2023-07-17T22:45:34,46.5,39.61,6.89
MENRES000228_4,2023-01-07T06:54:27,74.1,66.96,7.14
MENRES000228_7,2023-08-08T04:39:46,83.4,67.46,15.94
MENRES000229_1,2023-04-02T06:04:53,106.58,91.35,15.23
MENRES000229_4,2023-09-15T11:18:30,27.09,23.68,3.41
MENRES000229_9,2023-11-04T16:13:17,109.38,96.07,13.31
MENRES000229_12,2023-06-02T13:49:36,51.04,42.87,8.17
MENRES000229_13,2023-10-13T17:27:54,94.67,78.22,16.45
MENRES000230_0,2023-12-15T03:13:51,27.59,25.71,1.88
MENRES000230_1,2023-08-20T16:21:32,29.4,24.36,5.04
MENRES000230_2,2023-12-15T03:23:27,118.89,109.4,9.49
MENRES000230_10,2023-10-07T03:21:51,50.87,44.21,6.66
MENRES000230_11,2023-08-31T09:27:43,16.84,14.24,2.6
MENRES000231_1,2023-06-23T07:58:38,41.71,34.7,7.01
MENRES000231_2,2023-12-11T10:11:51,75.77,63.41,12.36
MENRES000231_5,2023-03-09T15:57:51,11.24,9.27,1.97
MENRES000232_0,2023-09-01T16:25:00,71.06,63.83,7.23
MENRES000232_5,2023-02-04T01:01:31,28.78,25.03,3.75
MENRES000232_6,2023-12-20T05:43:09,26.86,25.24,1.62
MENRES000232_13,2023-05-18T21:47:51,30.79,26.67,4.12
MENRES000233_0,2023-08-04T19:57:39,136.57,111.49,25.08
MENRES000233_10,2023-03-02T08:01:17,129.83,113.05,16.78
MENRES000233_15,2023-10-18T04:07:39,120.41,101.03,19.38
MENRES000234_5,2023-05-31T13:00:17,61.09,53.51,7.58
MENRES000234_8,2023-07-07T00:37:00,36.02,30.57,5.45
MENRES000234_9,2023-01-20T18:04:02,70.01,57.38,12.63
MENRES000234_12,2023-09-22T04:30:21,74.25,60.81,13.44
MENRES000234_13,2023-07-11T03:06:40,40.09,34.23,5.86
MENRES000235_0,2023-05-25T05:52:34,111.03,97.56,13.47
MENRES000235_1,2023-07-03T22:44:26,44.5,37.47,7.03
MENRES000235_2,2023-11-21T15:36:29,32.28,25.93,6.35
MENRES000235_5,2023-01-28T22:32:54,103.72,87.55,16.17
MENRES000235_6,2023-08-06T20:33:25,86.68,75.51,11.17
MENRES000236_0,2023-04-22T18:52:49,88.68,75.4,13.28
MENRES000236_1,2023-06-13T09:59:53,63.29,58.32,4.97
MENRES000236_3,2023-12-01T06:54:29,42.57,35.67,6.9
MENRES000236_10,2023-06-26T00:31:30,42.23,39.83,2.4
MENRES000236_13,2023-06-28T23:11:05,92.45,79.92,12.53
MENRES000236_15,2023-03-05T08:50:49,42.46,34.97,7.49
MENRES000236_16,2023-05-30T00:04:02,68.71,59.93,8.78
MENRES000236_17,2023-02-17T11:12:32,37.84,31.65,6.19
MENRES000237_4,2023-07-04T12:22:11,31.85,29.19,2.66
MENRES000237_6,2023-02-08T05:43:01,7.94,6.49,1.45
MENRES000237_7,2023-02-10T19:04:48,35.37,29.2,6.17
MENRES000237_8,2023-03-27T04:14:36,19.74,15.85,3.89
MENRES000237_10,2023-01-04T20:49:11,27.24,23.04,4.2
MENRES000237_13,2023-09-05T23:18:34,16.9,14.89,2.01
MENRES000237_17,2023-07-10T05:31:31,11.22,9.21,2.01
MENRES000238_2,2023-08-27T06:36:23,100.57,93.16,7.41
MENRES000238_6,2023-04-12T00:19:29,84.38,75.52,8.86
MENRES000238_8,2023-03-04T02:30:57,107.87,99.54,8.33
MENRES000238_11,2023-06-07T05:16:53,19.81,16.47,3.34
MENRES000238_13,2023-07-17T01:39:57,101.83,92.47,9.36
MENRES000240_0,2023-12-03T21:15:22,11.83,10.04,1.79
MENRES000240_2,2023-09-13T12:25:45,44.68,41.25,3.43
MENRES000240_11,2023-11-23T05:37:16,25.06,20.06,5.0
MENRES000240_12,2023-09-11T17:06:04,74.96,62.35,12.61
MENRES000241_0,2023-09-16T17:43:47,103.72,87.96,15.76
MENRES000241_2,2023-09-23T23:26:47,69.73,59.28,10.45
MENRES000241_3,2023-11-19T22:57:30,106.67,97.96,8.71
MENRES000241_8,2023-11-18T04:47:52,19.37,18.34,1.03
MENRES000241_9,2023-07-25T04:11:25,94.34,87.68,6.66
MENRES000242_0,2023-01-06T12:45:29,26.44,21.81,4.63
MENRES000242_3,2023-09-06T14:30:35,25.15,21.27,3.88
MENRES000243_3,2023-05-20T16:58:45,16.81,14.48,2.33
MENRES000243_6,2023-06-11T19:57:25,36.89,34.08,2.81
MENRES000243_7,2023-09-14T18:57:41,23.81,19.39,4.42
MENRES000243_9,2023-08-24T02:36:58,32.99,29.87,3.12
MENRES000243_10,2023-10-30T01:12:14,31.24,28.48,2.76
MENRES000243_16,2023-07-24T10:37:41,6.51,5.25,1.26
MENRES000244_3,2023-03-20T14:09:51,27.16,24.32,2.84
MENRES000244_5,2023-11-07T11:33:13,13.09,11.26,1.83
MENRES000244_19,2023-06-12T19:00:29,36.57,33.75,2.82
MENRES000245_6,2023-01-26T22:01:29,39.08,35.42,3.66
MENRES000245_10,2023-06-19T07:14:52,12.31,10.16,2.15
MENRES000245_13,2023-08-27T23:19:34,26.33,24.71,1.62
MENRES000246_2,2023-02-07T21:27:30,53.93,43.51,10.42
MENRES000246_5,2023-03-18T01:26:11,25.1,21.29,3.81
MENRES000246_10,2023-03-27T19:32:13,39.92,33.75,6.17
MENRES000246_12,2023-01-17T03:06:51,39.63,31.97,7.66
MENRES000247_1,2023-07-19T11:23:08,56.23,46.23,10.0
MENRES000247_2,2023-04-08T20:56:13,34.59,28.75,5.84
MENRES000247_6,2023-11-04T10:15:17,51.54,44.51,7.03
MENRES000247_8,2023-10-30T12:55:49,14.76,12.12,2.64
MENRES000248_1,2023-04-12T01:50:14,39.58,35.93,3.65
MENRES000248_2,2023-04-11T16:10:33,29.01,23.53,5.48
MENRES000248_4,2023-04-29T00:03:00,37.35,29.96,7.39
MENRES000248_7,2023-04-22T21:47:36,11.22,10.02,1.2
MENRES000248_8,2023-07-13T13:51:20,11.62,9.81,1.81
MENRES000248_12,2023-04-14T21:32:38,34.23,31.93,2.3
MENRES000248_14,2023-03-15T05:56:54,31.48,27.32,4.16
MENRES000249_2,2023-07-02T20:31:15,37.18,33.77,3.41
MENRES000249_5,2023-05-22T23:50:51,40.95,36.56,4.39
MENRES000249_14,2023-06-08T19:31:55,102.28,88.24,14.04
MENRES000249_15,2023-08-02T14:51:38,72.73,67.7,5.03
MENRES000249_16,2023-10-04T12:38:18,103.94,97.34,6.6
MENRES000250_3,2023-07-28T04:36:36,58.32,51.02,7.3
MENRES000250_5,2023-09-12T17:20:55,37.96,32.31,5.65
MENRES000250_6,2023-07-30T14:33:57,43.89,37.94,5.95
MENRES000250_11,2023-12-02T11:48:18,50.7,47.16,3.54
MENRES000250_14,2023-10-07T16:25:30,32.36,26.48,5.88
MENRES000251_1,2023-09-17T21:26:10,83.11,74.53,8.58
MENRES000251_4,2023-08-18T21:33:46,46.75,41.71,5.04
MENRES000252_5,2023-05-03T09:09:25,15.48,12.57,2.91
MENRES000252_9,2023-01-25T13:50:13,63.85,56.92,6.93
MENRES000253_3,2023-12-03T17:42:57,20.61,19.48,1.13
MENRES000253_4,2023-10-07T21:34:31,8.55,7.01,1.54
MENRES000254_0,2023-04-09T14:02:12,43.38,36.46,6.92
MENRES000254_2,2023-07-02T16:33:54,78.06,69.62,8.44
MENRES000254_4,2023-11-06T17:51:22,25.23,23.56,1.67
MENRES000254_5,2023-12-14T11:13:31,42.49,35.82,6.67
MENRES000254_7,2023-05-16T17:23:06,24.4,21.06,3.34
MENRES000254_15,2023-08-11T01:37:07,10.38,9.53,0.85
MENRES000254_19,2023-10-20T08:29:05,57.45,46.29,11.16
MENRES000255_4,2023-09-14T01:54:33,22.12,19.28,2.84
MENRES000255_7,2023-01-16T07:14:02,11.13,10.37,0.76
MENRES000255_9,2023-01-15T16:36:20,14.88,13.4,1.48
MENRES000255_13,2023-03-29T15:47:45,39.56,33.61,5.95
MENRES000256_0,2023-01-10T06:24:56,15.76,13.26,2.5
MENRES000256_2,2023-10-22T04:33:43,22.81,20.45,2.36
MENRES000256_4,2023-11-26T10:43:57,8.99,8.19,0.8
MENRES000256_5,2023-10-08T17:34:13,17.54,15.73,1.81
MENRES000256_12,2023-11-01T01:20:14,10.38,8.37,2.01
MENRES000257_2,2023-10-23T17:02:39,65.96,57.16,8.8
MENRES000257_4,2023-11-29T19:49:35,40.38,37.84,2.54
MENRES000257_6,2023-12-04T19:27:55,84.04,71.36,12.68
MENRES000257_12,2023-09-26T01:22:11,109.6,94.1,15.5
MENRES000258_2,2023-03-02T11:30:31,59.21,52.69,6.52
MENRES000258_4,2023-07-31T01:28:16,129.84,122.0,7.84
MENRES000258_7,2023-08-22T14:24:22,78.04,70.92,7.12
MENRES000258_10,2023-12-14T14:02:32,72.4,59.31,13.09
MENRES000259_1,2023-07-21T12:13:45,136.1,125.73,10.37
MENRES000259_3,2023-11-15T21:06:11,65.48,57.24,8.24
MENRES000259_4,2023-01-29T18:29:48,98.08,81.14,16.94
MENRES000259_7,2023-05-16T21:14:01,36.83,33.51,3.32
MENRES000259_14,2023-09-11T11:48:01,44.43,35.65,8.78
MENRES000259_16,2023-11-09T13:27:02,127.94,107.44,20.5
MENRES000260_1,2023-03-29T17:28:29,14.68,13.0,1.68
MENRES000260_11,2023-03-14T19:09:07,36.51,31.49,5.02
MENRES000260_12,2023-05-02T10:49:54,29.82,28.2,1.62
MENRES000261_0,2023-08-15T22:27:35,34.07,28.68,5.39
MENRES000261_1,2023-08-29T23:15:37,59.0,50.06,8.94
MENRES000261_2,2023-08-16T23:33:49,61.23,52.75,8.48
MENRES000261_4,2023-01-25T02:30:07,68.97,60.29,8.68
MENRES000261_9,2023-02-14T05:59:57,49.19,42.63,6.56
MENRES000262_4,2023-02-18T09:21:27,20.18,16.19,3.99
MENRES000262_7,2023-12-19T16:04:04,88.13,70.53,17.6
MENRES000262_10,2023-12-10T04:44:51,36.23,33.41,2.82
MENRES000262_11,2023-09-10T12:52:27,106.42,93.32,13.1
MENRES000262_12,2023-05-18T17:55:30,44.46,37.0,7.46
MENRES000262_13,2023-03-21T19:24:48,81.03,72.89,8.14
MENRES000262_15,2023-08-27T18:06:39,126.12,101.46,24.66
MENRES000262_16,2023-05-03T12:13:09,33.04,27.82,5.22
MENRES000263_0,2023-05-13T14:08:27,55.95,51.22,4.73
MENRES000263_5,2023-11-20T17:50:17,55.96,48.07,7.89
MENRES000263_7,2023-06-24T16:53:39,48.75,39.75,9.0
MENRES000263_8,2023-04-16T11:34:26,31.41,25.45,5.96
MENRES000264_0,2023-12-21T15:00:32,75.71,64.7,11.01
MENRES000264_1,2023-10-31T09:54:15,108.44,88.01,20.43
MENRES000264_3,2023-06-07T03:49:40,55.88,47.13,8.75
MENRES000264_5,2023-07-24T21:52:31,70.16,65.95,4.21
MENRES000264_6,2023-03-03T05:15:48,63.56,54.62,8.94
MENRES000264_7,2023-08-07T03:02:35,84.99,80.69,4.3
MENRES000264_10,2023-12-22T07:39:42,19.29,16.57,2.72
MENRES000265_2,2023-03-22T07:14:21,15.28,13.86,1.42
MENRES000265_3,2023-05-08T13:54:36,54.25,46.28,7.97
MENRES000265_6,2023-11-17T12:28:04,51.6,45.37,6.23
MENRES000265_7,2023-11-02T21:40:48,72.29,64.77,7.52
MENRES000266_0,2023-05-29T20:12:36,29.86,27.22,2.64
MENRES000266_4,2023-02-23T05:38:58,26.31,21.3,5.01
MENRES000266_6,2023-07-02T11:12:59,20.42,17.17,3.25
MENRES000266_7,2023-11-14T03:46:40,24.21,22.66,1.55
MENRES000267_5,2023-08-25T15:15:16,38.56,34.1,4.46
MENRES000267_7,2023-03-16T09:59:29,30.29,26.09,4.2
MENRES000267_9,2023-08-17T22:22:25,27.17,24.65,2.52
MENRES000267_11,2023-09-05T11:24:37,22.45,21.11,1.34
MENRES000267_12,2023-06-27T11:04:27,31.15,29.01,2.14
MENRES000267_13,2023-07-09T21:37:36,7.61,7.05,0.56
MENRES000267_14,2023-01-20T00:54:36,6.71,6.02,0.69
MENRES000268_2,2023-08-14T22:11:13,51.36,48.49,2.87
MENRES000268_3,2023-07-01T20:32:19,35.77,30.43,5.34
MENRES000268_4,2023-07-17T23:53:40,42.96,40.41,2.55
MENRES000269_2,2023-04-09T03:24:19,20.7,19.14,1.56
MENRES000269_4,2023-11-25T09:01:56,12.4,11.07,1.33
MENRES000269_13,2023-12-10T07:21:49,37.48,33.36,4.12
MENRES000269_14,2023-10-08T20:08:40,12.89,10.74,2.15
MENRES000269_17,2023-06-01T14:01:42,11.55,9.9,1.65
MENRES000270_4,2023-04-24T09:25:29,80.92,67.92,13.0
MENRES000271_5,2023-03-15T05:08:38,29.87,26.92,2.95
MENRES000271_6,2023-11-04T10:29:51,25.05,21.04,4.01
MENRES000272_3,2023-05-26T11:52:21,65.79,58.05,7.74
MENRES000272_7,2023-04-14T06:07:45,130.32,110.54,19.78
MENRES000272_10,2023-01-04T13:38:40,91.72,86.61,5.11
MENRES000273_3,2023-03-06T23:47:07,126.37,101.51,24.86
MENRES000273_9,2023-10-08T02:30:17,147.38,121.01,26.37
MENRES000273_11,2023-06-21T22:42:33,135.78,117.5,18.28
MENRES000274_2,2023-01-10T11:08:18,22.74,20.69,2.05
MENRES000275_1,2023-10-06T01:23:14,14.93,12.48,2.45
MENRES000275_2,2023-12-09T02:49:42,18.02,14.5,3.52
MENRES000275_4,2023-09-19T01:43:06,32.69,29.81,2.88
MENRES000276_0,2023-12-03T19:00:19,34.82,28.52,6.3
MENRES000276_3,2023-10-02T05:10:49,9.4,8.77,0.63
MENRES000276_6,2023-10-27T14:01:51,10.42,8.34,2.08
MENRES000277_0,2023-12-17T15:01:57,50.47,43.26,7.21
MENRES000277_3,2023-08-02T09:03:22,48.28,42.24,6.04
MENRES000278_2,2023-01-22T01:10:46,30.8,28.95,1.85
MENRES000278_4,2023-02-14T20:20:31,44.72,39.13,5.59
MENRES000278_6,2023-11-08T23:46:05,152.48,133.34,19.14
MENRES000278_7,2023-11-23T20:16:49,125.07,118.0,7.07
MENRES000279_2,2023-02-06T13:37:21,117.84,110.13,7.71
MENRES000279_3,2023-12-08T15:38:00,106.77,95.95,10.82
MENRES000279_6,2023-06-06T18:20:50,56.37,48.85,7.52
MENRES000279_11,2023-09-25T02:51:30,27.73,25.63,2.1
MENRES000279_12,2023-07-20T12:17:06,25.37,21.8,3.57
MENRES000279_13,2023-05-02T03:24:17,77.18,65.88,11.3
MENRES000279_14,2023-12-25T05:46:47,39.31,36.19,3.12
MENRES000279_15,2023-03-06T01:57:47,41.01,33.84,7.17
MENRES000280_9,2023-11-21T12:21:05,44.76,38.46,6.3
MENRES000280_11,2023-01-02T16:01:17,77.34,62.67,14.67
MENRES000281_1,2023-04-03T19:49:51,157.99,127.37,30.62
MENRES000281_2,2023-03-08T13:34:32,115.0,102.96,12.04
MENRES000281_3,2023-03-27T04:11:40,155.82,140.55,15.27
MENRES000282_0,2023-01-25T04:55:17,34.52,32.71,1.81
MENRES000282_1,2023-03-29T08:55:36,28.52,23.79,4.73
MENRES000282_2,2023-08-12T13:18:16,12.12,11.04,1.08
MENRES000282_4,2023-05-12T05:41:26,15.54,13.12,2.42
MENRES000282_10,2023-02-09T23:46:03,33.12,28.59,4.53
MENRES000283_0,2023-11-18T23:12:27,9.0,8.29,0.71
MENRES000284_1,2023-08-19T01:42:50,121.11,108.35,12.76
MENRES000284_3,2023-06-14T07:42:20,38.78,35.88,2.9
MENRES000284_4,2023-04-09T00:24:43,95.61,85.84,9.77
MENRES000284_5,2023-01-12T10:04:39,142.45,127.74,14.71
MENRES000284_10,2023-01-17T15:53:23,146.2,127.5,18.7
MENRES000284_15,2023-05-02T08:28:35,89.34,74.77,14.57
MENRES000285_1,2023-08-23T14:16:51,41.33,38.54,2.79
MENRES000285_2,2023-12-01T07:47:55,38.71,32.95,5.76
MENRES000286_0,2023-12-06T00:51:10,25.72,22.14,3.58
MENRES000286_1,2023-04-13T15:49:44,17.26,14.21,3.05
MENRES000286_4,2023-12-10T20:55:15,16.09,13.74,2.35
MENRES000286_7,2023-05-24T04:44:19,8.65,8.1,0.55
MENRES000286_8,2023-08-18T13:33:18,15.76,14.59,1.17
MENRES000287_2,2023-02-11T06:59:24,73.01,64.77,8.24
MENRES000287_5,2023-05-21T11:27:32,46.47,42.53,3.94
MENRES000288_1,2023-11-08T14:32:21,61.86,56.98,4.88
MENRES000288_3,2023-09-01T14:23:07,50.4,45.52,4.88
MENRES000288_5,2023-06-12T00:56:16,83.03,78.44,4.59
MENRES000288_7,2023-04-23T07:43:02,85.36,77.08,8.28
MENRES000288_9,2023-03-29T06:15:43,25.96,22.61,3.35
MENRES000288_12,2023-01-06T18:31:34,80.12,67.56,12.56
MENRES000289_5,2023-12-01T07:15:39,35.55,31.03,4.52
MENRES000289_15,2023-05-27T13:33:20,35.57,28.86,6.71
MENRES000289_16,2023-06-29T13:57:12,156.7,144.26,12.44
MENRES000289_17,2023-05-23T05:13:05,133.51,112.58,20.93
MENRES000290_4,2023-11-18T08:45:37,107.44,86.46,20.98
MENRES000291_3,2023-10-28T22:43:38,23.9,19.72,4.18
MENRES000291_4,2023-01-13T03:52:55,12.99,10.92,2.07
MENRES000291_6,2023-09-02T15:33:17,11.01,8.83,2.18
MENRES000291_16,2023-02-01T04:53:01,26.9,23.41,3.49
MENRES000292_0,2023-06-05T02:10:14,14.77,12.48,2.29
MENRES000292_3,2023-06-25T23:00:10,31.48,27.89,3.59
MENRES000292_9,2023-12-09T00:17:28,25.9,21.26,4.64
MENRES000292_13,2023-02-09T16:16:01,22.01,19.54,2.47
MENRES000292_15,2023-06-17T21:25:46,19.86,17.96,1.9
MENRES000293_11,2023-04-04T01:55:04,59.88,49.89,9.99
MENRES000293_18,2023-12-10T08:50:15,149.59,131.72,17.87
MENRES000293_19,2023-08-23T09:33:38,127.39,119.89,7.5
MENRES000294_1,2023-08-17T23:49:39,38.64,31.78,6.86
MENRES000296_3,2023-10-03T15:05:40,38.5,33.47,5.03
MENRES000296_4,2023-08-03T17:10:28,24.07,20.94,3.13
MENRES000296_8,2023-07-26T13:34:32,35.02,31.63,3.39
MENRES000296_10,2023-05-21T02:55:49,27.53,22.48,5.05
MENRES000296_13,2023-09-01T09:17:55,38.14,30.58,7.56
MENRES000297_4,2023-10-17T19:38:19,62.97,57.55,5.42
MENRES000297_5,2023-05-06T16:58:20,108.83,101.69,7.14
MENRES000297_6,2023-03-16T16:35:01,59.6,51.18,8.42
MENRES000297_9,2023-11-08T22:56:20,93.08,81.72,11.36
MENRES000297_12,2023-05-09T17:24:09,31.61,29.57,2.04
MENRES000297_13,2023-05-11T15:44:43,62.02,52.29,9.73
MENRES000298_2,2023-11-08T13:02:26,48.84,43.6,5.24
MENRES000298_3,2023-10-29T18:06:00,99.96,82.98,16.98
MENRES000298_7,2023-09-22T23:24:42,85.36,75.58,9.78
MENRES000298_11,2023-08-04T16:27:40,36.1,29.79,6.31
MENRES000298_12,2023-11-08T17:44:21,76.76,67.36,9.4
MENRES000298_13,2023-01-01T19:12:09,43.74,40.5,3.24
MENRES000298_14,2023-05-07T07:38:14,62.97,53.52,9.45
MENRES000298_15,2023-11-02T15:56:26,105.75,90.92,14.83
MENRES000298_16,2023-03-07T16:38:35,104.0,91.43,12.57
MENRES000298_18,2023-09-09T10:30:41,40.89,36.25,4.64
MENRES000299_0,2023-07-01T14:35:50,44.17,40.08,4.09
MENRES000299_7,2023-06-25T18:17:04,67.74,61.78,5.96
MENRES000299_8,2023-06-02T04:01:35,67.29,63.61,3.68
MENRES000299_10,2023-07-25T00:13:36,58.02,48.97,9.05
MENRES000300_1,2023-08-15T01:47:58,76.21,62.87,13.34
MENRES000300_6,2023-06-24T18:16:50,104.28,89.97,14.31
MENRES000301_1,2023-05-13T20:13:28,17.43,15.17,2.26
MENRES000301_2,2023-10-21T02:04:19,21.77,19.02,2.75
MENRES000301_10,2023-07-08T18:56:23,77.37,63.15,14.22
MENRES000302_6,2023-10-17T04:44:41,80.22,65.96,14.26
MENRES000303_2,2023-01-07T06:44:53,53.66,46.01,7.65
MENRES000303_7,2023-05-31T20:04:05,70.76,60.36,10.4
MENRES000304_2,2023-04-12T03:42:27,59.84,56.34,3.5
MENRES000304_3,2023-07-22T20:24:02,42.89,40.74,2.15
MENRES000304_4,2023-11-12T00:51:54,37.9,31.05,6.85
MENRES000304_5,2023-11-24T19:01:40,92.69,85.61,7.08
MENRES000305_4,2023-03-28T06:09:17,50.94,41.03,9.91
MENRES000305_6,2023-05-01T18:16:03,37.28,29.85,7.43
MENRES000306_8,2023-07-15T05:42:02,102.08,86.08,16.0
MENRES000307_0,2023-01-14T13:19:26,17.01,15.48,1.53
MENRES000307_2,2023-11-06T12:54:48,35.13,28.64,6.49
MENRES000307_4,2023-08-24T06:26:38,36.1,31.17,4.93
MENRES000307_7,2023-02-02T00:13:40,5.43,4.78,0.65
MENRES000307_10,2023-03-17T07:44:42,38.82,32.34,6.48
MENRES000308_0,2023-04-15T09:07:33,24.8,22.37,2.43
MENRES000308_11,2023-10-22T16:25:55,31.46,25.18,6.28
MENRES000309_1,2023-02-02T19:28:18,22.33,18.69,3.64
MENRES000309_4,2023-01-10T06:56:44,131.86,113.88,17.98
MENRES000309_8,2023-05-18T20:28:15,76.47,61.48,14.99
MENRES000309_9,2023-09-27T21:19:07,151.88,139.45,12.43
MENRES000309_11,2023-10-24T21:34:40,119.98,100.02,19.96
MENRES000309_12,2023-04-25T14:59:12,159.16,148.63,10.53
MENRES000309_16,2023-07-03T09:26:06,141.53,114.53,27.0
MENRES000310_0,2023-05-19T13:28:33,118.49,105.89,12.6
MENRES000310_1,2023-05-03T01:39:11,123.6,110.78,12.82
MENRES000310_2,2023-05-06T09:06:06,63.18,56.81,6.37
MENRES000310_3,2023-02-03T09:45:20,52.26,45.88,6.38
MENRES000310_8,2023-01-03T19:51:46,28.65,25.43,3.22
MENRES000310_10,2023-09-20T20:35:20,137.75,127.65,10.1
MENRES000310_12,2023-05-14T20:11:28,89.2,73.85,15.35
MENRES000310_17,2023-12-08T02:15:34,48.99,43.66,5.33
MENRES000310_18,2023-09-15T04:16:56,57.07,47.42,9.65
MENRES000311_2,2023-11-16T01:02:42,30.55,27.82,2.73
MENRES000311_9,2023-02-19T02:26:17,12.19,10.67,1.52
MENRES000311_11,2023-02-10T19:36:18,23.05,19.23,3.82
MENRES000311_12,2023-04-14T21:01:58,24.6,19.84,4.76
MENRES000312_3,2023-04-06T17:42:55,40.97,34.43,6.54
MENRES000312_6,2023-07-15T13:16:51,68.74,58.8,9.94
MENRES000313_4,2023-05-06T17:33:57,79.8,70.56,9.24
MENRES000313_6,2023-06-13T04:49:28,41.41,38.66,2.75
MENRES000314_3,2023-05-25T05:47:46,72.09,62.12,9.97
MENRES000314_4,2023-06-10T09:28:52,38.72,33.39,5.33
MENRES000314_5,2023-10-31T18:24:34,66.34,54.31,12.03
MENRES000314_7,2023-08-04T08:31:23,48.98,46.15,2.83
MENRES000314_9,2023-06-23T03:37:21,45.48,40.08,5.4
MENRES000315_2,2023-02-10T08:17:54,65.32,62.02,3.3
MENRES000315_12,2023-05-01T18:18:32,20.84,17.37,3.47
MENRES000315_16,2023-11-09T08:36:20,23.0,18.46,4.54
MENRES000315_17,2023-10-03T16:08:27,62.15,54.16,7.99
MENRES000316_1,2023-12-20T11:00:55,23.9,21.4,2.5
MENRES000316_4,2023-05-08T06:40:41,24.96,20.84,4.12
MENRES000316_5,2023-05-23T08:44:39,39.56,37.54,2.02
MENRES000316_13,2023-07-31T22:44:44,14.15,12.7,1.45
MENRES000316_14,2023-04-24T23:44:50,39.34,35.94,3.4
MENRES000316_15,2023-05-31T13:37:25,5.48,4.67,0.81
MENRES000317_4,2023-08-10T21:17:14,106.32,88.88,17.44
MENRES000317_5,2023-07-26T13:50:57,56.15,53.24,2.91
MENRES000317_12,2023-08-12T14:47:38,71.87,67.8,4.07
MENRES000318_3,2023-02-11T17:07:28,67.76,55.66,12.1
MENRES000318_6,2023-09-17T00:38:17,11.59,10.22,1.37
MENRES000319_2,2023-12-23T13:03:52,106.18,90.59,15.59
MENRES000319_4,2023-02-12T13:14:38,116.52,103.24,13.28
MENRES000319_12,2023-07-19T23:42:44,58.64,49.51,9.13
MENRES000319_13,2023-05-28T14:08:36,39.56,34.85,4.71
MENRES000320_5,2023-04-02T04:49:37,21.17,18.56,2.61
MENRES000321_0,2023-08-02T18:31:11,96.36,84.32,12.04
MENRES000321_2,2023-11-10T23:55:06,20.57,18.22,2.35
MENRES000321_6,2023-12-24T23:44:51,55.3,44.59,10.71
MENRES000322_1,2023-09-03T01:52:08,109.28,87.73,21.55
MENRES000322_3,2023-12-02T12:29:04,50.38,44.78,5.6
MENRES000322_4,2023-11-12T18:43:49,48.97,40.57,8.4
MENRES000322_5,2023-01-09T23:56:23,72.72,59.23,13.49
MENRES000322_6,2023-06-02T15:46:37,66.75,54.9,11.85
MENRES000322_8,2023-04-01T06:25:25,117.97,95.89,22.08
MENRES000323_3,2023-10-27T20:05:39,61.95,57.68,4.27
MENRES000324_0,2023-12-07T01:55:55,144.03,128.93,15.1
MENRES000324_1,2023-07-28T13:46:16,140.38,132.83,7.55
MENRES000324_2,2023-06-30T06:48:37,108.1,101.02,7.08
MENRES000324_4,2023-08-17T15:17:19,95.9,84.32,11.58
MENRES000324_8,2023-10-06T08:06:37,21.54,18.24,3.3
MENRES000324_12,2023-12-25T00:58:25,60.72,52.1,8.62
MENRES000325_6,2023-07-29T21:03:22,93.84,77.83,16.01
MENRES000325_7,2023-06-27T10:42:37,119.72,108.7,11.02
MENRES000325_13,2023-02-25T12:19:47,100.15,82.86,17.29
MENRES000325_14,2023-07-26T23:13:03,113.88,96.29,17.59
MENRES000325_16,2023-10-26T11:57:48,64.61,58.0,6.61
MENRES000325_17,2023-07-16T14:04:07,62.54,56.94,5.6
MENRES000326_0,2023-02-24T08:36:49,112.48,97.92,14.56
MENRES000326_4,2023-04-22T18:02:29,99.76,90.7,9.06
MENRES000326_8,2023-02-13T20:10:00,106.49,89.2,17.29
MENRES000327_0,2023-09-26T09:38:31,87.95,78.73,9.22
MENRES000327_1,2023-05-15T09:20:01,147.24,133.58,13.66
MENRES000327_2,2023-12-18T16:37:39,62.77,52.9,9.87
MENRES000327_3,2023-02-13T01:10:26,110.15,98.15,12.0
MENRES000327_12,2023-08-13T18:24:47,116.03,99.68,16.35
MENRES000327_14,2023-09-14T17:23:12,86.28,69.91,16.37
MENRES000328_1,2023-06-03T17:41:40,49.91,44.08,5.83
MENRES000328_2,2023-05-31T11:48:20,20.71,17.98,2.73
MENRES000328_6,2023-05-22T10:25:21,81.25,72.87,8.38
MENRES000328_8,2023-10-26T18:47:13,115.09,102.24,12.85
MENRES000328_9,2023-08-20T11:11:04,73.67,62.43,11.24
MENRES000328_10,2023-10-01T01:45:34,27.6,25.79,1.81
MENRES000328_12,2023-08-26T10:14:44,59.11,53.62,5.49
MENRES000328_19,2023-07-24T18:03:29,65.01,59.55,5.46
MENRES000330_4,2023-10-27T07:59:29,122.56,109.98,12.58
MENRES000330_8,2023-06-30T18:39:20,51.44,43.07,8.37
MENRES000332_1,2023-10-01T19:14:22,35.83,29.19,6.64
MENRES000332_2,2023-03-18T01:40:09,37.4,34.87,2.53
MENRES000332_7,2023-07-15T23:54:39,5.56,4.46,1.1
MENRES000332_9,2023-04-19T19:18:33,12.63,10.22,2.41
MENRES000332_10,2023-09-23T06:49:31,35.61,31.77,3.84
MENRES000332_12,2023-12-20T16:22:30,19.89,16.28,3.61
MENRES000333_1,2023-09-24T12:13:47,14.96,13.69,1.27
MENRES000333_3,2023-05-29T10:48:37,18.78,15.92,2.86
MENRES000334_3,2023-04-24T15:35:34,26.73,25.27,1.46
MENRES000334_4,2023-01-15T18:35:40,17.43,15.93,1.5
MENRES000334_10,2023-07-10T17:15:32,27.47,24.48,2.99
MENRES000334_11,2023-01-01T17:58:51,13.04,10.73,2.31
MENRES000334_14,2023-11-12T02:22:11,9.85,9.08,0.77
MENRES000335_0,2023-06-21T06:12:00,18.98,16.64,2.34
MENRES000335_2,2023-11-13T08:03:21,32.33,28.93,3.4
MENRES000335_4,2023-06-19T14:28:00,34.63,32.41,2.22
MENRES000335_6,2023-11-30T04:30:04,30.67,28.43,2.24
MENRES000336_4,2023-09-10T16:15:30,106.71,87.67,19.04
MENRES000336_8,2023-07-01T10:02:58,95.97,89.82,6.15
MENRES000336_11,2023-07-12T06:41:36,44.33,41.72,2.61
MENRES000336_12,2023-02-11T11:24:46,67.65,63.88,3.77
MENRES000337_0,2023-05-16T11:14:51,37.33,34.16,3.17
MENRES000337_1,2023-12-02T11:50:44,96.3,77.95,18.35
MENRES000338_1,2023-03-26T19:34:23,19.29,18.26,1.03
MENRES000338_5,2023-11-03T06:54:18,85.08,72.19,12.89
MENRES000339_2,2023-01-13T16:03:55,156.73,146.86,9.87
MENRES000339_4,2023-01-12T11:55:27,158.79,142.73,16.06
MENRES000339_7,2023-01-31T04:41:16,86.92,74.78,12.14
MENRES000339_8,2023-06-14T23:36:17,48.17,42.36,5.81
MENRES000339_13,2023-05-09T09:45:46,102.69,89.0,13.69
MENRES000339_15,2023-11-03T23:26:17,64.21,59.39,4.82
MENRES000340_1,2023-08-28T05:11:18,37.63,34.07,3.56
MENRES000340_5,2023-05-31T19:01:14,100.44,92.27,8.17
MENRES000340_6,2023-12-29T22:39:59,18.1,17.03,1.07
MENRES000340_8,2023-06-29T08:07:52,119.21,96.98,22.23
MENRES000340_11,2023-09-13T14:19:49,16.75,14.78,1.97
MENRES000340_12,2023-06-17T12:22:23,22.84,18.5,4.34
MENRES000341_1,2023-01-12T14:25:18,111.91,99.58,12.33
MENRES000341_3,2023-01-30T06:27:32,24.25,22.29,1.96
MENRES000341_8,2023-10-06T04:06:49,67.4,61.31,6.09
MENRES000342_6,2023-06-04T09:13:35,30.31,26.52,3.79
MENRES000343_1,2023-01-20T14:30:05,26.29,22.7,3.59
MENRES000343_5,2023-04-12T17:53:33,93.57,77.89,15.68
MENRES000343_6,2023-07-23T21:38:02,18.24,14.63,3.61
MENRES000343_9,2023-12-08T09:03:31,75.68,66.13,9.55
MENRES000343_10,2023-11-05T03:39:46,18.57,16.49,2.08
MENRES000344_3,2023-08-20T01:10:25,7.57,6.42,1.15
MENRES000344_7,2023-12-08T05:00:27,13.02,11.11,1.91
MENRES000344_9,2023-01-14T06:40:24,27.4,22.75,4.65
MENRES000345_0,2023-03-20T03:08:53,28.38,23.75,4.63
MENRES000345_4,2023-03-14T06:29:53,38.37,33.0,5.37
MENRES000346_0,2023-11-17T12:21:53,76.54,64.84,11.7
MENRES000346_5,2023-07-06T20:27:56,40.5,37.94,2.56
MENRES000347_1,2023-12-22T08:56:23,24.76,21.85,2.91
MENRES000347_4,2023-02-07T03:20:12,13.7,11.41,2.29
MENRES000347_5,2023-06-20T00:24:02,7.0,6.5,0.5
MENRES000347_6,2023-11-07T05:05:01,22.06,20.45,1.61
MENRES000347_11,2023-11-24T00:51:39,29.88,26.27,3.61
MENRES000347_14,2023-04-04T14:02:43,31.18,25.96,5.22
MENRES000348_0,2023-03-14T05:30:06,65.32,57.15,8.17
MENRES000348_2,2023-06-09T03:59:40,27.21,23.96,3.25
MENRES000348_4,2023-04-07T21:31:14,25.96,23.92,2.04
MENRES000348_5,2023-03-10T10:30:23,10.61,10.06,0.55
MENRES000348_6,2023-01-16T01:48:04,60.47,52.28,8.19
MENRES000348_8,2023-02-14T08:31:32,55.2,50.59,4.61
MENRES000349_1,2023-12-01T07:50:17,40.24,37.91,2.33
MENRES000349_3,2023-10-13T03:41:02,27.98,22.96,5.02
MENRES000349_5,2023-06-01T17:02:27,66.02,56.26,9.76
MENRES000349_8,2023-10-21T17:35:47,45.91,42.25,3.66
MENRES000349_10,2023-06-10T17:34:59,90.19,82.51,7.68
MENRES000349_11,2023-02-11T01:33:00,15.76,14.15,1.61
MENRES000349_13,2023-10-16T10:32:02,47.42,38.94,8.48
MENRES000350_5,2023-07-12T20:02:41,57.99,46.49,11.5
MENRES000350_6,2023-05-12T05:15:21,30.84,25.94,4.9
MENRES000350_9,2023-01-28T01:58:18,118.28,102.02,16.26
MENRES000351_0,2023-10-03T17:14:22,100.75,88.11,12.64
MENRES000351_3,2023-03-23T03:06:04,40.34,36.76,3.58
MENRES000351_7,2023-10-16T05:29:11,48.83,42.75,6.08
MENRES000351_9,2023-02-07T16:18:19,29.75,26.81,2.94
MENRES000351_10,2023-09-24T08:16:06,104.8,87.47,17.33
MENRES000352_0,2023-05-19T13:04:11,70.62,65.29,5.33
MENRES000352_2,2023-01-09T21:28:03,55.39,44.35,11.04
MENRES000352_4,2023-01-26T12:06:15,52.93,47.42,5.51
MENRES000352_6,2023-03-30T23:33:48,20.69,17.26,3.43
MENRES000352_7,2023-07-10T19:55:42,77.09,66.62,10.47
MENRES000352_11,2023-06-15T10:02:53,27.02,22.79,4.23
MENRES000352_12,2023-06-19T14:23:55,27.46,25.12,2.34
MENRES000352_15,2023-07-06T07:39:21,37.95,35.4,2.55
MENRES000352_19,2023-05-26T10:31:25,18.3,15.09,3.21
MENRES000353_0,2023-11-15T15:33:53,33.31,29.22,4.09
MENRES000353_1,2023-08-08T13:08:32,63.28,56.2,7.08
MENRES000354_0,2023-05-10T01:48:36,68.51,60.12,8.39
MENRES000354_1,2023-02-09T18:02:15,48.83,46.0,2.83
MENRES000354_6,2023-04-22T23:53:43,51.04,48.13,2.91
MENRES000354_10,2023-01-03T00:02:07,20.65,16.8,3.85
MENRES000355_4,2023-05-11T11:19:12,128.56,107.21,21.35
MENRES000355_5,2023-06-19T17:24:13,93.85,75.81,18.04
MENRES000355_15,2023-01-22T00:51:49,97.36,82.29,15.07
MENRES000355_17,2023-09-02T03:17:02,25.83,22.19,3.64
MENRES000356_2,2023-08-08T09:20:29,19.97,17.49,2.48
MENRES000356_3,2023-11-08T17:53:59,62.38,50.72,11.66
MENRES000356_4,2023-05-30T04:36:57,51.28,45.34,5.94
MENRES000357_2,2023-05-13T16:20:33,34.07,29.04,5.03
MENRES000357_7,2023-05-19T23:29:53,22.02,20.18,1.84
MENRES000357_8,2023-01-09T21:00:09,12.16,11.27,0.89
MENRES000357_9,2023-08-02T09:19:23,39.26,36.24,3.02
MENRES000358_6,2023-03-03T06:47:16,60.14,50.57,9.57
MENRES000358_8,2023-08-16T21:35:09,76.05,71.1,4.95
MENRES000358_9,2023-04-24T09:04:37,18.42,16.77,1.65
MENRES000358_12,2023-02-03T09:47:14,16.1,15.01,1.09
MENRES000359_2,2023-07-14T23:23:48,106.32,100.07,6.25
MENRES000359_5,2023-07-09T22:53:42,62.87,50.62,12.25
MENRES000359_8,2023-07-05T07:00:13,50.7,46.49,4.21
MENRES000360_10,2023-04-21T20:13:09,8.54,7.46,1.08
MENRES000361_4,2023-12-09T18:50:39,13.31,10.87,2.44
MENRES000361_12,2023-04-18T10:33:22,9.56,8.65,0.91
MENRES000362_2,2023-01-15T22:00:29,53.15,43.02,10.13
MENRES000362_7,2023-04-22T14:25:20,61.94,50.38,11.56
MENRES000362_10,2023-12-01T15:55:41,47.48,39.08,8.4
MENRES000362_15,2023-03-09T13:11:56,65.15,57.59,7.56
MENRES000362_17,2023-03-19T14:49:16,54.82,46.51,8.31
MENRES000363_2,2023-02-02T18:51:43,33.4,28.94,4.46
MENRES000363_5,2023-12-07T11:36:07,18.49,15.73,2.76
MENRES000364_10,2023-09-11T01:49:17,49.0,41.58,7.42
MENRES000364_12,2023-10-17T08:32:00,105.15,84.81,20.34
MENRES000365_4,2023-06-21T09:22:32,64.28,56.7,7.58
MENRES000365_13,2023-07-19T01:28:10,100.24,92.04,8.2
MENRES000365_15,2023-02-02T11:04:06,52.73,47.19,5.54
MENRES000366_9,2023-04-26T00:46:48,37.24,34.95,2.29
MENRES000366_11,2023-03-16T20:49:21,9.48,8.09,1.39
MENRES000366_12,2023-02-24T10:43:30,29.99,27.89,2.1
MENRES000366_13,2023-08-17T02:05:32,6.78,5.97,0.81
MENRES000366_14,2023-06-23T10:45:13,16.5,13.37,3.13
MENRES000366_15,2023-10-26T21:58:55,27.48,23.95,3.53
MENRES000366_17,2023-05-14T22:44:57,17.07,15.87,1.2
MENRES000367_2,2023-06-03T09:04:54,20.65,17.06,3.59
MENRES000367_3,2023-07-24T06:05:35,16.04,13.44,2.6
MENRES000367_8,2023-09-18T22:24:03,37.21,33.12,4.09
MENRES000368_0,2023-09-07T22:35:27,61.37,54.11,7.26
MENRES000368_5,2023-02-14T19:54:46,60.87,52.23,8.64
MENRES000368_6,2023-11-23T21:43:09,56.04,47.1,8.94
MENRES000368_10,2023-01-10T21:30:48,98.01,91.77,6.24
MENRES000368_11,2023-01-06T01:47:02,139.23,131.21,8.02
MENRES000369_3,2023-11-26T01:21:53,54.17,46.92,7.25
MENRES000369_5,2023-04-10T22:42:40,36.86,33.0,3.86
MENRES000369_10,2023-10-16T23:38:16,54.23,50.47,3.76
MENRES000369_11,2023-08-15T02:55:39,30.31,27.04,3.27
MENRES000370_0,2023-01-21T02:54:39,17.16,15.75,1.41
MENRES000370_4,2023-09-17T05:50:23,15.71,14.47,1.24
MENRES000370_5,2023-01-31T12:26:41,57.71,53.48,4.23
MENRES000370_7,2023-05-13T19:08:06,15.34,12.58,2.76
MENRES000370_8,2023-01-06T20:48:56,43.47,38.2,5.27
MENRES000370_10,2023-09-04T17:17:22,27.49,23.48,4.01
MENRES000371_3,2023-12-29T13:59:40,42.8,39.74,3.06
MENRES000371_6,2023-11-13T04:05:48,38.64,32.54,6.1
MENRES000371_8,2023-05-31T20:14:03,73.15,61.76,11.39
MENRES000371_15,2023-10-05T16:33:44,24.21,21.42,2.79
MENRES000371_17,2023-07-01T21:19:31,31.21,28.72,2.49
MENRES000372_6,2023-02-14T14:02:29,22.84,20.29,2.55
MENRES000372_11,2023-02-08T23:36:11,33.1,30.23,2.87
MENRES000373_0,2023-03-18T22:18:23,64.07,60.19,3.88
MENRES000373_1,2023-03-13T16:55:31,51.63,44.6,7.03
MENRES000374_2,2023-04-02T23:41:51,22.01,18.11,3.9
MENRES000374_4,2023-11-27T00:41:21,33.72,29.73,3.99
MENRES000374_6,2023-03-13T11:53:38,35.43,28.45,6.98
MENRES000374_12,2023-08-26T13:26:12,34.24,30.41,3.83
MENRES000374_14,2023-11-12T20:39:38,5.85,5.46,0.39
MENRES000374_18,2023-11-13T21:49:44,30.84,27.0,3.84
MENRES000375_0,2023-09-30T10:37:58,42.61,36.96,5.65
MENRES000375_4,2023-12-20T17:31:47,117.6,106.96,10.64
MENRES000375_5,2023-03-21T13:26:26,117.4,101.21,16.19
MENRES000375_8,2023-06-04T15:10:54,76.64,63.32,13.32
MENRES000375_9,2023-11-01T13:56:08,22.36,19.05,3.31
MENRES000375_13,2023-04-19T01:50:41,67.87,57.28,10.59
MENRES000376_1,2023-01-30T14:21:50,24.17,22.04,2.13
MENRES000376_4,2023-05-30T21:02:19,18.8,16.3,2.5
MENRES000376_7,2023-01-27T06:16:08,24.58,21.48,3.1
MENRES000376_8,2023-10-06T19:49:24,21.32,18.83,2.49
MENRES000376_9,2023-12-14T21:41:02,30.89,25.16,5.73
MENRES000376_10,2023-01-15T08:41:05,35.94,31.25,4.69
MENRES000377_4,2023-04-10T13:51:50,25.3,22.3,3.0
MENRES000378_2,2023-04-29T05:41:09,62.78,52.4,10.38
MENRES000378_4,2023-09-14T00:43:22,77.92,71.83,6.09
MENRES000378_8,2023-05-20T22:59:11,75.51,68.62,6.89
MENRES000378_12,2023-12-18T16:37:51,40.79,34.39,6.4
MENRES000379_3,2023-05-19T10:35:56,117.8,105.84,11.96
MENRES000379_5,2023-04-13T21:35:28,35.7,33.09,2.61
MENRES000379_7,2023-12-14T01:25:55,79.33,75.25,4.08
MENRES000379_8,2023-12-27T07:35:31,83.47,73.84,9.63
MENRES000379_12,2023-07-26T17:00:08,26.26,24.25,2.01
MENRES000379_13,2023-07-08T04:51:51,114.56,107.35,7.21
MENRES000379_17,2023-10-17T07:56:12,58.48,52.85,5.63
MENRES000380_3,2023-10-21T10:04:47,69.6,61.15,8.45
MENRES000380_4,2023-07-09T16:50:57,10.2,9.25,0.95
MENRES000381_1,2023-01-12T01:36:44,15.72,13.96,1.76
MENRES000381_3,2023-12-22T12:56:51,10.21,9.07,1.14
MENRES000381_7,2023-02-10T13:21:35,26.64,24.48,2.16
MENRES000381_15,2023-06-13T11:44:03,30.54,26.08,4.46
MENRES000382_1,2023-11-07T15:31:27,30.96,28.96,2.0
MENRES000382_3,2023-05-18T08:29:44,25.69,21.08,4.61
MENRES000382_5,2023-03-07T13:52:40,15.29,13.51,1.78
MENRES000383_0,2023-10-07T07:21:30,23.28,20.18,3.1
MENRES000383_2,2023-03-27T03:52:43,8.3,6.66,1.64
MENRES000383_6,2023-09-20T14:53:38,38.91,32.58,6.33
MENRES000383_7,2023-01-16T19:46:54,28.28,26.33,1.95
MENRES000383_13,2023-03-30T06:33:15,30.85,25.56,5.29
MENRES000383_14,2023-11-30T16:22:59,26.97,22.14,4.83
MENRES000384_2,2023-11-29T10:53:57,150.1,123.68,26.42
MENRES000384_4,2023-10-20T22:23:10,60.45,51.05,9.4
MENRES000384_5,2023-06-07T10:35:01,99.35,88.06,11.29
MENRES000384_9,2023-04-08T16:46:38,66.71,56.61,10.1
MENRES000384_12,2023-06-29T08:42:16,33.89,27.37,6.52
MENRES000384_14,2023-06-05T04:56:47,123.53,109.44,14.09
MENRES000385_1,2023-01-27T23:45:09,133.41,107.27,26.14
MENRES000385_5,2023-08-09T10:24:29,119.84,101.25,18.59
MENRES000385_7,2023-01-19T03:11:47,113.55,107.23,6.32
MENRES000385_8,2023-11-29T18:38:41,39.56,33.63,5.93
MENRES000386_3,2023-12-11T01:21:26,62.25,56.55,5.7
MENRES000386_6,2023-01-13T18:03:05,12.74,11.21,1.53
MENRES000386_8,2023-05-30T11:08:05,12.58,10.29,2.29
MENRES000387_0,2023-05-28T05:54:30,42.31,37.24,5.07
MENRES000387_2,2023-02-03T11:13:25,20.73,19.0,1.73
MENRES000387_6,2023-10-24T04:52:43,29.95,24.7,5.25
MENRES000388_9,2023-07-06T06:35:51,75.43,70.83,4.6
MENRES000389_4,2023-11-02T12:28:56,34.17,28.03,6.14
MENRES000390_6,2023-07-28T13:41:25,34.13,27.58,6.55
MENRES000390_8,2023-06-01T09:23:33,24.05,19.49,4.56
MENRES000391_1,2023-03-05T16:15:29,26.98,24.07,2.91
MENRES000391_4,2023-09-21T09:44:38,43.16,36.44,6.72
MENRES000391_6,2023-07-29T18:08:01,31.83,29.95,1.88
MENRES000391_8,2023-02-15T22:47:43,72.01,67.01,5.0
MENRES000392_3,2023-06-08T00:09:21,6.56,5.48,1.08
MENRES000392_9,2023-03-27T04:05:29,9.53,8.61,0.92
MENRES000392_10,2023-12-06T14:38:36,21.54,19.35,2.19
MENRES000392_13,2023-12-14T07:50:10,24.93,21.22,3.71
MENRES000392_14,2023-06-03T18:47:39,16.81,13.5,3.31
MENRES000392_16,2023-11-04T23:23:56,28.45,24.88,3.57
MENRES000392_17,2023-06-06T20:18:49,9.29,7.49,1.8
MENRES000392_18,2023-06-17T14:43:59,19.23,16.53,2.7
MENRES000393_0,2023-04-08T18:42:05,10.24,9.15,1.09
MENRES000393_2,2023-04-17T02:21:24,6.75,5.96,0.79
MENRES000394_13,2023-06-22T04:41:50,57.53,54.41,3.12
MENRES000394_15,2023-09-21T04:28:10,101.82,85.18,16.64
MENRES000395_2,2023-08-18T11:26:40,43.19,34.92,8.27
MENRES000395_7,2023-02-01T22:12:16,72.24,67.88,4.36
MENRES000395_9,2023-07-13T19:20:36,31.33,27.68,3.65
MENRES000395_15,2023-07-01T13:33:45,19.1,16.96,2.14
MENRES000396_0,2023-02-14T14:56:08,124.3,117.02,7.28
MENRES000396_1,2023-07-16T18:04:59,46.13,37.87,8.26
MENRES000396_4,2023-05-12T16:25:25,147.3,127.69,19.61
MENRES000396_6,2023-05-02T03:47:01,93.58,86.08,7.5
MENRES000396_9,2023-08-21T15:08:18,71.26,58.41,12.85
MENRES000397_1,2023-03-11T05:12:01,62.36,54.97,7.39
MENRES000397_2,2023-08-19T06:00:27,38.05,33.94,4.11
MENRES000397_3,2023-01-19T22:38:21,116.48,105.25,11.23
MENRES000397_5,2023-07-02T21:27:11,115.29,109.16,6.13
MENRES000397_6,2023-04-04T14:24:26,95.45,82.47,12.98
MENRES000397_8,2023-10-13T01:33:07,44.05,36.29,7.76
MENRES000397_12,2023-07-16T05:35:34,35.21,32.72,2.49
MENRES000398_0,2023-06-02T06:57:12,99.27,89.14,10.13
MENRES000398_1,2023-05-27T00:15:54,74.07,64.85,9.22
MENRES000398_5,2023-04-30T07:58:38,99.9,94.27,5.63
MENRES000398_6,2023-11-21T22:16:44,109.73,98.19,11.54
MENRES000398_10,2023-06-29T13:33:37,75.86,67.43,8.43
MENRES000399_4,2023-09-12T00:04:33,68.25,62.86,5.39
MENRES000399_7,2023-07-30T23:25:54,61.97,56.43,5.54
MENRES000400_1,2023-03-03T21:34:07,36.07,32.86,3.21
MENRES000400_4,2023-08-16T19:35:26,42.2,37.82,4.38
MENRES000400_5,2023-05-10T22:45:45,66.14,54.91,11.23
MENRES000400_12,2023-02-10T19:02:38,33.85,31.75,2.1
MENRES000400_13,2023-08-26T13:18:03,19.29,15.99,3.3
MENRES000400_17,2023-02-11T19:05:43,47.46,44.65,2.81
MENRES000401_2,2023-08-09T00:46:08,22.22,19.37,2.85
MENRES000401_6,2023-10-28T09:50:29,12.84,11.64,1.2
MENRES000401_7,2023-12-09T19:56:08,33.63,29.93,3.7
MENRES000401_10,2023-09-16T15:35:16,23.29,18.99,4.3
MENRES000401_12,2023-10-15T23:22:43,19.67,16.92,2.75
MENRES000401_13,2023-01-04T03:29:53,29.83,25.38,4.45
MENRES000402_0,2023-07-08T09:37:10,103.41,87.02,16.39
MENRES000402_2,2023-09-27T02:05:06,35.39,33.11,2.28
MENRES000402_5,2023-12-04T13:44:21,66.62,54.64,11.98
MENRES000402_8,2023-03-03T10:04:10,145.63,128.68,16.95
MENRES000402_11,2023-12-08T09:02:41,67.86,60.05,7.81
MENRES000402_15,2023-03-12T09:48:12,151.18,129.9,21.28
MENRES000402_18,2023-10-30T10:04:17,125.63,101.71,23.92
MENRES000403_4,2023-09-12T21:37:17,30.92,26.83,4.09
MENRES000404_3,2023-07-08T18:18:52,159.88,139.88,20.0
MENRES000404_4,2023-05-17T23:41:38,67.33,57.89,9.44
MENRES000405_2,2023-08-03T20:26:28,129.77,107.38,22.39
MENRES000405_3,2023-01-19T21:13:34,151.75,131.1,20.65
MENRES000405_6,2023-03-20T01:08:54,84.14,71.24,12.9
MENRES000405_7,2023-09-08T17:49:03,119.42,107.14,12.28
MENRES000405_9,2023-05-19T23:26:40,39.13,35.32,3.81
MENRES000405_12,2023-12-18T03:13:14,144.23,127.86,16.37
MENRES000406_0,2023-03-22T07:11:26,89.0,77.06,11.94
MENRES000406_2,2023-10-08T19:25:06,136.13,109.59,26.54
MENRES000406_3,2023-06-29T13:38:19,42.72,39.35,3.37
MENRES000406_5,2023-11-07T02:32:13,138.65,114.2,24.45
MENRES000407_1,2023-08-17T01:22:32,110.28,99.21,11.07
MENRES000407_4,2023-07-22T23:10:01,72.81,63.12,9.69
MENRES000407_5,2023-12-07T14:42:59,102.9,92.31,10.59
MENRES000408_0,2023-05-14T16:26:16,32.02,27.97,4.05
MENRES000408_3,2023-10-08T12:06:44,20.56,16.74,3.82
MENRES000408_7,2023-05-31T09:45:44,16.1,13.63,2.47
MENRES000408_8,2023-10-14T10:50:48,35.63,30.31,5.32
MENRES000408_12,2023-08-08T11:21:03,22.58,18.71,3.87
MENRES000408_14,2023-12-20T08:36:02,9.44,8.5,0.94
MENRES000409_0,2023-12-12T05:18:14,6.34,5.12,1.22
MENRES000409_3,2023-01-06T04:34:45,16.72,13.48,3.24
MENRES000409_5,2023-05-27T11:23:29,26.58,24.42,2.16
MENRES000409_6,2023-02-23T08:15:13,33.73,29.01,4.72
MENRES000410_1,2023-10-28T23:58:36,7.11,6.23,0.88
MENRES000410_4,2023-01-23T21:28:34,24.38,21.91,2.47
MENRES000410_14,2023-03-21T05:48:35,33.33,28.22,5.11
MENRES000411_3,2023-10-14T21:29:54,59.64,52.59,7.05
MENRES000411_6,2023-07-01T11:48:36,79.75,71.8,7.95
MENRES000412_0,2023-03-16T17:43:33,15.95,14.65,1.3
MENRES000412_3,2023-10-02T16:16:59,17.98,16.19,1.79
MENRES000412_4,2023-09-29T00:51:05,46.5,43.77,2.73
MENRES000413_0,2023-07-04T18:43:58,65.16,53.98,11.18
MENRES000413_5,2023-10-16T21:39:32,97.94,90.44,7.5
MENRES000413_12,2023-03-25T02:28:57,44.85,39.36,5.49
MENRES000413_13,2023-09-03T21:26:28,16.46,15.41,1.05
MENRES000414_0,2023-01-21T23:04:11,54.57,50.82,3.75
MENRES000414_5,2023-03-29T16:47:54,82.44,74.22,8.22
MENRES000415_3,2023-08-20T13:54:45,11.85,11.12,0.73
MENRES000415_4,2023-01-06T02:18:09,31.31,25.14,6.17
MENRES000415_10,2023-03-09T05:42:46,23.59,19.37,4.22
MENRES000415_11,2023-01-14T06:01:55,10.92,8.95,1.97
MENRES000415_13,2023-05-11T18:49:48,36.66,32.48,4.18
MENRES000415_14,2023-11-14T20:22:21,13.16,11.5,1.66
MENRES000415_15,2023-09-17T00:20:19,11.56,10.8,0.76
MENRES000416_1,2023-04-12T07:53:57,34.55,30.95,3.6
MENRES000416_3,2023-04-08T10:36:03,47.52,39.04,8.48
MENRES000416_4,2023-01-13T18:58:27,74.37,68.63,5.74
MENRES000416_7,2023-05-03T02:33:18,48.33,45.88,2.45
MENRES000417_0,2023-11-05T20:13:36,11.52,10.17,1.35
MENRES000418_0,2023-10-02T19:11:58,49.48,39.89,9.59
MENRES000418_4,2023-02-17T09:02:12,38.8,34.37,4.43
MENRES000418_7,2023-08-30T19:25:39,30.67,25.18,5.49
MENRES000418_9,2023-01-07T20:05:52,149.48,126.6,22.88
MENRES000418_11,2023-01-10T00:01:21,113.62,100.94,12.68
MENRES000418_16,2023-10-22T20:21:13,37.33,30.81,6.52
MENRES000419_2,2023-03-27T16:26:22,49.69,41.2,8.49
MENRES000419_3,2023-06-26T05:04:00,76.5,68.02,8.48
MENRES000419_7,2023-09-04T15:40:26,41.82,38.96,2.86
MENRES000419_10,2023-01-14T15:37:32,69.06,56.98,12.08
MENRES000419_12,2023-01-11T10:26:17,25.08,20.21,4.87
MENRES000419_13,2023-06-01T08:36:59,64.37,52.98,11.39
MENRES000420_3,2023-05-10T12:03:24,33.74,27.1,6.64
MENRES000420_4,2023-06-17T20:46:45,7.48,6.93,0.55
MENRES000420_9,2023-08-31T08:41:47,29.17,24.01,5.16
MENRES000420_13,2023-10-13T23:32:46,15.32,14.09,1.23
MENRES000420_14,2023-12-07T05:35:13,32.34,27.03,5.31
MENRES000421_1,2023-12-19T09:17:05,52.93,48.47,4.46
MENRES000421_5,2023-02-18T13:28:43,92.22,83.83,8.39
MENRES000422_0,2023-02-23T11:04:05,42.0,36.44,5.56
MENRES000422_1,2023-08-26T00:38:28,10.9,10.07,0.83
MENRES000422_5,2023-07-27T16:11:40,24.75,22.36,2.39
MENRES000422_9,2023-09-11T11:02:57,28.1,23.19,4.91
MENRES000422_10,2023-10-14T23:20:56,33.68,30.36,3.32
MENRES000422_12,2023-12-27T06:32:14,12.3,11.36,0.94
MENRES000423_0,2023-10-13T07:18:54,31.73,27.79,3.94
MENRES000423_3,2023-07-10T14:31:44,18.56,16.1,2.46
MENRES000423_4,2023-12-13T18:07:56,7.6,6.75,0.85
MENRES000423_5,2023-09-03T02:25:36,12.4,10.06,2.34
MENRES000423_10,2023-07-26T02:14:19,37.45,31.73,5.72
MENRES000424_2,2023-05-17T17:37:35,115.99,98.83,17.16
MENRES000424_3,2023-07-19T13:48:21,39.39,34.8,4.59
MENRES000424_6,2023-10-05T05:03:35,81.85,71.89,9.96
MENRES000424_14,2023-04-22T06:56:29,81.02,72.84,8.18
MENRES000424_16,2023-12-19T11:17:59,85.26,72.86,12.4
MENRES000425_0,2023-04-23T12:18:29,32.81,30.02,2.79
MENRES000425_4,2023-01-17T07:53:55,54.3,43.73,10.57
MENRES000425_5,2023-05-22T03:20:09,22.08,20.95,1.13
MENRES000425_9,2023-09-29T09:41:39,14.42,12.72,1.7
MENRES000426_0,2023-07-10T20:31:48,34.23,31.85,2.38
MENRES000426_1,2023-11-29T11:30:42,68.2,54.59,13.61
MENRES000426_4,2023-11-19T03:48:30,69.98,65.57,4.41
MENRES000426_5,2023-01-17T02:08:04,99.01,85.45,13.56
MENRES000426_7,2023-05-27T10:09:15,42.67,37.33,5.34
MENRES000426_13,2023-03-31T18:37:53,113.99,107.37,6.62
MENRES000427_2,2023-02-11T13:28:55,45.75,40.99,4.76
MENRES000427_4,2023-12-02T05:29:10,109.93,97.0,12.93
MENRES000427_10,2023-11-26T11:20:15,109.15,91.54,17.61
MENRES000427_12,2023-07-19T02:41:04,50.06,45.86,4.2
MENRES000428_0,2023-03-31T21:49:58,19.26,16.94,2.32
MENRES000428_3,2023-07-14T13:11:03,39.22,35.53,3.69
MENRES000428_4,2023-09-19T07:53:49,10.37,8.39,1.98
MENRES000428_12,2023-02-27T20:32:52,13.83,12.65,1.18
MENRES000429_3,2023-01-04T19:29:41,65.61,53.73,11.88
MENRES000431_5,2023-05-13T02:02:51,16.49,14.02,2.47
MENRES000431_6,2023-03-25T11:55:01,12.66,11.3,1.36
MENRES000431_7,2023-01-18T03:49:01,34.56,32.0,2.56
MENRES000431_8,2023-01-23T15:13:23,37.46,32.73,4.73
MENRES000431_13,2023-10-08T21:28:23,20.18,18.82,1.36
MENRES000432_1,2023-02-11T12:30:44,37.17,31.55,5.62
MENRES000432_5,2023-08-03T21:42:34,14.2,11.47,2.73
MENRES000433_0,2023-11-27T09:06:48,156.43,139.1,17.33
MENRES000433_1,2023-08-11T14:57:20,85.33,75.69,9.64
MENRES000433_3,2023-09-24T21:51:45,125.23,104.42,20.81
MENRES000433_6,2023-10-14T17:57:51,92.51,79.34,13.17
MENRES000433_8,2023-06-28T09:51:07,93.44,74.93,18.51
MENRES000433_12,2023-06-22T00:16:46,23.24,21.85,1.39
MENRES000435_2,2023-08-15T02:18:59,54.37,46.24,8.13
MENRES000435_4,2023-04-10T21:32:28,25.16,20.54,4.62
MENRES000435_6,2023-11-05T19:53:47,111.03,99.9,11.13
MENRES000435_8,2023-11-12T03:58:30,55.03,49.24,5.79
MENRES000436_1,2023-08-02T09:45:10,5.58,4.58,1.0
MENRES000436_3,2023-07-13T04:12:53,9.39,8.54,0.85
MENRES000436_4,2023-07-27T16:33:11,18.55,17.33,1.22
MENRES000436_6,2023-11-13T10:21:40,16.08,13.25,2.83
MENRES000436_12,2023-05-20T08:55:46,17.15,14.09,3.06
MENRES000436_13,2023-01-30T02:37:06,39.03,34.68,4.35
MENRES000437_1,2023-02-20T20:00:13,38.99,32.42,6.57
MENRES000437_3,2023-11-28T01:55:55,28.24,24.34,3.9
MENRES000437_5,2023-04-17T18:53:29,148.35,120.37,27.98
MENRES000437_8,2023-09-17T03:04:52,72.78,64.82,7.96
MENRES000438_2,2023-06-21T18:42:15,35.95,33.74,2.21
MENRES000438_3,2023-04-25T11:38:47,56.61,46.54,10.07
MENRES000438_4,2023-06-13T15:40:23,18.6,15.93,2.67
MENRES000438_5,2023-08-25T11:39:17,44.87,41.64,3.23
MENRES000438_8,2023-12-18T14:25:37,29.79,28.0,1.79
MENRES000438_11,2023-04-18T05:03:39,41.54,39.22,2.32
MENRES000438_12,2023-11-08T02:54:49,59.59,49.63,9.96
MENRES000439_2,2023-05-24T00:14:42,38.37,32.87,5.5
MENRES000439_4,2023-08-01T22:08:57,18.18,16.19,1.99
MENRES000439_8,2023-11-16T04:12:07,39.96,37.72,2.24
MENRES000439_10,2023-10-08T12:50:36,11.4,9.57,1.83
MENRES000440_0,2023-08-25T12:03:23,16.0,13.64,2.36
MENRES000440_2,2023-12-18T12:51:37,19.1,15.56,3.54
MENRES000440_3,2023-10-10T20:37:37,25.3,23.89,1.41
MENRES000441_0,2023-05-08T22:48:56,32.62,27.15,5.47
MENRES000441_2,2023-11-20T21:00:15,147.7,129.96,17.74
MENRES000441_10,2023-12-07T14:11:18,43.91,38.66,5.25
MENRES000442_0,2023-12-24T04:32:24,46.05,42.34,3.71
MENRES000442_1,2023-03-28T05:29:45,103.55,89.79,13.76
MENRES000442_3,2023-01-22T15:56:42,79.49,66.7,12.79
MENRES000442_4,2023-01-09T03:35:30,73.25,68.82,4.43
MENRES000442_7,2023-10-14T03:28:31,106.49,87.63,18.86
MENRES000442_10,2023-03-03T22:17:04,68.83,59.87,8.96
MENRES000443_2,2023-01-02T10:19:37,37.96,30.88,7.08
MENRES000444_1,2023-09-14T19:57:03,57.99,55.01,2.98
MENRES000444_3,2023-08-30T09:02:58,42.15,33.75,8.4
MENRES000444_6,2023-01-30T00:10:13,26.31,21.58,4.73
MENRES000444_8,2023-04-11T12:28:06,75.18,61.56,13.62
MENRES000445_0,2023-07-09T07:45:27,62.35,57.27,5.08
MENRES000445_3,2023-04-17T06:35:22,26.34,23.49,2.85
MENRES000445_6,2023-10-12T23:44:27,25.23,20.38,4.85
MENRES000446_7,2023-11-13T11:35:34,132.97,125.07,7.9
MENRES000446_9,2023-04-02T09:26:54,52.09,47.2,4.89
MENRES000446_11,2023-10-08T14:17:16,91.95,79.04,12.91
MENRES000447_5,2023-01-03T16:27:52,118.53,106.09,12.44
MENRES000448_2,2023-12-07T02:49:41,70.86,60.5,10.36
MENRES000448_9,2023-09-22T07:47:38,12.43,11.49,0.94
MENRES000449_4,2023-02-04T15:59:11,71.84,58.55,13.29
MENRES000450_0,2023-08-04T16:50:03,40.67,34.66,6.01
MENRES000450_3,2023-10-12T13:22:42,148.69,130.36,18.33
MENRES000450_8,2023-01-13T08:05:10,116.66,103.5,13.16
MENRES000450_10,2023-01-16T19:03:20,46.12,39.06,7.06
MENRES000450_11,2023-07-10T22:25:55,105.71,89.71,16.0
MENRES000450_14,2023-07-05T02:39:15,125.2,102.4,22.8
MENRES000450_15,2023-01-31T07:17:50,121.23,107.45,13.78
MENRES000450_16,2023-12-14T14:12:09,51.6,45.61,5.99
MENRES000451_3,2023-12-19T09:10:56,42.15,37.26,4.89
MENRES000453_2,2023-12-23T12:59:39,112.5,102.79,9.71
MENRES000453_6,2023-05-28T12:19:40,33.41,28.63,4.78
MENRES000453_8,2023-09-08T17:41:56,53.46,47.45,6.01
MENRES000453_10,2023-12-14T04:18:42,53.6,45.47,8.13
MENRES000453_15,2023-04-25T01:58:57,100.46,81.37,19.09
MENRES000453_16,2023-11-28T06:34:33,20.35,17.58,2.77
MENRES000454_1,2023-07-16T02:41:18,21.12,18.54,2.58
MENRES000454_5,2023-10-27T01:22:36,33.99,30.31,3.68
MENRES000454_7,2023-01-23T13:17:56,18.08,16.67,1.41
MENRES000454_8,2023-02-22T18:01:36,17.72,15.4,2.32
MENRES000455_0,2023-09-20T13:24:54,92.38,85.2,7.18
MENRES000455_2,2023-03-24T23:30:54,38.32,35.71,2.61
MENRES000455_5,2023-11-22T15:45:39,24.46,21.0,3.46
MENRES000455_9,2023-01-09T21:02:06,94.25,79.59,14.66
MENRES000455_14,2023-02-12T07:49:34,20.05,17.97,2.08
MENRES000455_15,2023-07-19T18:43:09,61.11,53.88,7.23
MENRES000456_2,2023-06-17T11:00:23,39.12,35.06,4.06
MENRES000456_6,2023-11-09T00:41:43,136.3,110.53,25.77
MENRES000456_9,2023-06-25T08:05:17,57.93,51.87,6.06
MENRES000456_17,2023-10-17T05:07:10,23.65,19.1,4.55
MENRES000456_18,2023-12-29T00:29:42,26.26,24.03,2.23
MENRES000457_3,2023-09-12T22:42:15,28.01,22.72,5.29
MENRES000457_4,2023-06-26T20:10:51,109.9,96.4,13.5
MENRES000457_6,2023-07-25T16:55:41,116.67,102.99,13.68
MENRES000457_13,2023-10-08T18:07:32,26.53,21.77,4.76
MENRES000457_14,2023-11-01T17:59:21,89.34,81.59,7.75
MENRES000457_17,2023-11-28T06:25:54,79.99,68.9,11.09
MENRES000457_18,2023-01-29T03:36:57,60.02,53.61,6.41
MENRES000458_0,2023-11-07T07:41:35,46.2,42.65,3.55
MENRES000458_3,2023-01-08T12:11:58,64.34,56.83,7.51
MENRES000458_9,2023-06-07T09:20:49,116.87,104.75,12.12
MENRES000458_11,2023-02-22T08:45:36,81.95,74.76,7.19
MENRES000458_13,2023-11-15T12:17:28,68.79,58.43,10.36
MENRES000458_17,2023-02-16T23:59:49,103.04,96.32,6.72
MENRES000458_18,2023-01-19T02:02:46,64.15,59.37,4.78
MENRES000458_19,2023-05-20T23:51:37,75.87,70.64,5.23
MENRES000459_1,2023-03-14T13:05:08,6.54,5.45,1.09
MENRES000459_2,2023-12-28T05:50:21,37.29,35.03,2.26
MENRES000459_7,2023-11-17T11:14:46,32.03,28.07,3.96
MENRES000459_10,2023-06-08T03:13:11,7.78,6.93,0.85
MENRES000460_3,2023-09-14T00:50:30,103.49,83.37,20.12
MENRES000460_7,2023-02-09T11:34:40,80.6,66.75,13.85
MENRES000460_11,2023-01-11T20:50:07,61.08,53.99,7.09
MENRES000460_12,2023-06-06T18:22:02,126.39,107.75,18.64
MENRES000461_10,2023-11-02T10:22:54,25.34,23.99,1.35
MENRES000461_11,2023-03-29T10:43:29,138.56,125.05,13.51
MENRES000461_12,2023-08-14T02:07:47,92.58,77.01,15.57
MENRES000461_14,2023-06-29T17:22:26,93.9,84.2,9.7
MENRES000461_16,2023-08-13T11:29:31,33.49,27.39,6.1
MENRES000462_3,2023-05-19T22:00:40,88.4,73.12,15.28
MENRES000462_4,2023-04-30T00:13:05,68.83,55.11,13.72
MENRES000463_7,2023-08-03T06:39:28,121.78,99.62,22.16
MENRES000463_10,2023-10-21T03:28:23,107.32,92.23,15.09
MENRES000463_11,2023-11-14T20:30:58,155.17,128.44,26.73
MENRES000464_0,2023-09-14T00:33:38,25.04,21.44,3.6
MENRES000464_3,2023-07-09T18:32:31,35.07,31.12,3.95
MENRES000464_4,2023-08-26T04:32:38,21.86,18.36,3.5
MENRES000464_6,2023-11-15T15:40:02,31.36,28.01,3.35
MENRES000464_8,2023-03-24T23:57:23,30.74,25.73,5.01
MENRES000464_12,2023-12-09T06:09:53,30.76,25.27,5.49
MENRES000464_13,2023-06-03T21:13:41,15.7,13.95,1.75
MENRES000465_1,2023-03-25T04:23:22,30.62,24.95,5.67
MENRES000465_2,2023-04-18T10:57:34,71.86,66.09,5.77
MENRES000465_3,2023-10-23T23:28:36,147.31,136.78,10.53
MENRES000466_6,2023-12-02T15:58:06,103.71,89.39,14.32
MENRES000466_8,2023-10-23T10:48:25,98.48,92.38,6.1
MENRES000466_9,2023-06-10T13:53:50,30.36,27.84,2.52
MENRES000466_11,2023-04-19T10:57:12,37.79,34.49,3.3
MENRES000467_2,2023-11-05T08:07:08,53.67,47.99,5.68
MENRES000467_3,2023-09-14T14:26:35,21.97,18.0,3.97
MENRES000467_6,2023-07-12T03:59:34,74.65,68.41,6.24
MENRES000468_1,2023-02-11T05:29:54,18.67,16.67,2.0
MENRES000468_9,2023-04-03T04:53:07,30.18,25.51,4.67
MENRES000469_3,2023-06-22T21:54:55,49.24,43.02,6.22
MENRES000469_7,2023-07-17T12:57:38,19.11,16.37,2.74
MENRES000469_8,2023-10-21T13:55:22,59.32,54.21,5.11
MENRES000469_9,2023-04-03T10:19:53,78.19,68.13,10.06
MENRES000469_11,2023-11-24T08:56:23,76.46,70.98,5.48
MENRES000469_13,2023-12-09T21:17:02,71.89,67.46,4.43
MENRES000469_14,2023-12-06T13:06:39,51.33,42.36,8.97
MENRES000469_18,2023-11-17T22:47:41,71.24,58.63,12.61
MENRES000470_2,2023-06-03T19:04:07,61.05,48.93,12.12
MENRES000470_4,2023-03-20T20:21:20,34.87,31.71,3.16
MENRES000470_5,2023-10-12T07:36:45,20.13,17.48,2.65
MENRES000471_1,2023-08-11T23:39:06,39.23,32.12,7.11
MENRES000471_8,2023-03-03T02:02:32,14.17,12.44,1.73
MENRES000471_12,2023-05-14T21:37:19,16.51,15.42,1.09
MENRES000471_13,2023-05-25T04:51:11,13.24,12.03,1.21
MENRES000472_4,2023-04-25T09:56:50,77.66,62.79,14.87
MENRES000472_6,2023-06-27T01:24:19,52.81,46.27,6.54
MENRES000472_13,2023-05-17T00:00:01,17.54,15.66,1.88
MENRES000472_15,2023-11-30T20:24:52,55.84,46.9,8.94
MENRES000472_16,2023-10-09T15:45:45,33.76,30.87,2.89
MENRES000473_1,2023-01-09T22:07:26,12.52,10.9,1.62
MENRES000473_9,2023-12-05T18:24:24,13.12,10.57,2.55
MENRES000473_10,2023-12-14T20:41:48,12.22,10.8,1.42
MENRES000473_15,2023-01-31T21:51:14,8.69,7.22,1.47
MENRES000473_17,2023-10-11T17:07:10,11.44,9.82,1.62
MENRES000474_4,2023-05-02T06:04:48,18.36,16.24,2.12
MENRES000474_5,2023-04-21T21:54:58,36.3,31.27,5.03
MENRES000474_7,2023-06-08T08:08:27,39.71,36.08,3.63
MENRES000475_0,2023-09-20T19:05:48,15.64,14.1,1.54
MENRES000475_1,2023-04-18T17:44:28,19.24,16.45,2.79
MENRES000475_2,2023-01-19T01:30:01,29.17,23.56,5.61
MENRES000475_4,2023-07-30T23:45:34,29.82,24.77,5.05
MENRES000476_5,2023-05-15T04:55:48,24.3,22.46,1.84
MENRES000477_0,2023-03-17T09:28:52,11.7,9.91,1.79
MENRES000477_2,2023-06-23T09:17:31,61.85,53.38,8.47
MENRES000477_4,2023-06-14T17:09:30,14.24,13.02,1.22
MENRES000477_5,2023-12-19T12:21:27,63.27,59.68,3.59
MENRES000478_8,2023-09-24T20:12:53,43.06,36.24,6.82
MENRES000478_9,2023-09-06T01:01:29,124.52,100.2,24.32
MENRES000478_11,2023-05-30T19:49:50,96.36,80.95,15.41
MENRES000478_14,2023-12-18T03:32:13,99.28,87.12,12.16
MENRES000479_0,2023-08-29T12:50:39,12.98,11.26,1.72
MENRES000479_1,2023-01-11T19:15:55,32.98,29.71,3.27
MENRES000479_3,2023-12-08T14:56:18,38.57,33.25,5.32
MENRES000479_5,2023-07-22T03:45:45,19.78,16.22,3.56
MENRES000479_7,2023-08-15T07:23:00,15.07,12.46,2.61
MENRES000479_9,2023-09-21T07:17:57,29.01,27.37,1.64
MENRES000479_12,2023-05-16T01:26:22,7.6,7.17,0.43
MENRES000479_13,2023-02-24T12:46:24,34.77,33.0,1.77
MENRES000480_1,2023-09-02T15:03:39,74.22,64.33,9.89
MENRES000480_6,2023-12-15T00:39:25,20.57,18.91,1.66
MENRES000481_0,2023-08-02T18:07:24,67.7,54.79,12.91
MENRES000481_1,2023-05-04T22:42:02,82.5,66.64,15.86
MENRES000481_5,2023-09-14T06:47:44,43.01,40.14,2.87
MENRES000481_6,2023-01-31T21:40:02,18.17,17.24,0.93
MENRES000482_0,2023-11-30T23:47:44,94.04,78.52,15.52
MENRES000482_1,2023-03-28T14:24:30,101.46,89.89,11.57
MENRES000482_2,2023-12-10T13:29:49,115.85,99.89,15.96
MENRES000482_3,2023-07-01T20:26:02,22.11,18.34,3.77
MENRES000482_11,2023-11-10T10:50:52,92.07,79.14,12.93
MENRES000483_3,2023-03-18T08:08:32,54.69,51.25,3.44
MENRES000483_4,2023-03-08T11:08:13,13.14,11.06,2.08
MENRES000483_8,2023-11-30T12:45:35,28.93,27.47,1.46
MENRES000483_9,2023-07-13T17:25:22,58.96,48.31,10.65
MENRES000483_12,2023-04-28T11:12:28,69.2,65.7,3.5
MENRES000484_0,2023-09-07T09:04:22,33.4,28.77,4.63
MENRES000484_1,2023-09-13T19:38:09,35.85,33.84,2.01
MENRES000485_4,2023-10-19T21:29:56,23.18,21.39,1.79
MENRES000485_12,2023-04-26T03:56:27,9.27,8.51,0.76
MENRES000485_14,2023-05-25T09:59:34,8.94,7.62,1.32
MENRES000485_16,2023-06-11T03:53:12,9.69,8.79,0.9
MENRES000485_17,2023-02-24T01:55:17,32.36,29.08,3.28
MENRES000486_1,2023-06-23T20:05:05,87.33,71.29,16.04
MENRES000486_3,2023-05-28T20:20:56,33.23,28.18,5.05
MENRES000487_0,2023-05-06T22:21:43,107.6,88.65,18.95
MENRES000487_3,2023-11-18T20:41:03,112.26,95.72,16.54
MENRES000488_0,2023-07-04T11:44:39,42.46,35.57,6.89
MENRES000488_5,2023-02-05T04:10:29,43.84,41.58,2.26
MENRES000489_1,2023-04-06T20:33:56,20.56,19.25,1.31
MENRES000489_2,2023-12-23T12:08:53,38.48,31.64,6.84
MENRES000489_3,2023-10-05T11:07:32,29.93,24.16,5.77
MENRES000489_6,2023-10-24T17:52:13,18.81,16.75,2.06
MENRES000489_8,2023-08-06T21:53:57,36.95,34.29,2.66
MENRES000490_2,2023-05-20T16:53:04,90.25,73.74,16.51
MENRES000490_5,2023-10-04T21:51:07,125.9,112.1,13.8
MENRES000491_3,2023-05-24T23:25:01,66.7,62.03,4.67
MENRES000491_5,2023-02-02T05:49:21,68.39,63.15,5.24
MENRES000491_6,2023-08-18T05:12:29,38.56,32.42,6.14
MENRES000491_10,2023-01-15T13:11:05,11.62,9.71,1.91
MENRES000492_2,2023-07-19T05:17:39,74.42,66.11,8.31
MENRES000493_7,2023-03-03T17:45:02,19.8,17.62,2.18
MENRES000493_9,2023-04-15T20:59:53,35.77,29.22,6.55
MENRES000493_10,2023-11-21T15:52:32,7.42,6.94,0.48
MENRES000493_14,2023-10-09T20:03:47,23.58,19.17,4.41
MENRES000494_11,2023-11-05T20:36:06,32.48,26.85,5.63
MENRES000494_15,2023-01-03T21:39:11,14.96,14.02,0.94
MENRES000495_4,2023-04-28T10:26:31,73.84,68.36,5.48
MENRES000495_5,2023-04-05T03:50:51,68.47,57.77,10.7
MENRES000496_0,2023-08-27T10:33:06,11.92,11.31,0.61
MENRES000496_5,2023-08-29T19:54:36,19.57,16.32,3.25
MENRES000496_6,2023-11-20T18:43:21,36.22,33.68,2.54
MENRES000496_10,2023-12-10T02:05:03,23.66,19.88,3.78
MENRES000497_1,2023-11-13T22:59:12,117.67,98.32,19.35
MENRES000497_4,2023-02-07T12:25:22,115.92,104.7,11.22
MENRES000497_12,2023-08-26T23:33:59,117.86,109.17,8.69
MENRES000498_2,2023-12-13T18:45:36,38.06,34.46,3.6
MENRES000498_5,2023-02-14T20:27:14,60.23,56.79,3.44
MENRES000498_6,2023-11-24T04:19:08,77.22,66.23,10.99
MENRES000498_11,2023-05-26T03:04:04,46.26,39.67,6.59
MENRES000498_12,2023-09-01T02:18:58,36.72,30.43,6.29
MENRES000498_14,2023-10-14T20:53:04,90.49,83.72,6.77
MENRES000498_15,2023-02-10T05:47:07,87.52,77.25,10.27
MENRES000499_1,2023-04-28T23:41:03,44.2,40.89,3.31
MENRES000499_5,2023-11-20T17:01:02,42.38,36.62,5.76
MENRES000500_6,2023-06-22T01:28:18,22.16,19.85,2.31
MENRES000500_7,2023-03-29T08:10:07,33.45,31.47,1.98
MENRES000500_13,2023-01-17T11:43:42,7.52,6.8,0.72
MENRES000500_16,2023-04-12T11:15:54,22.8,18.8,4.0
MENRES000501_0,2023-08-11T18:54:22,25.15,22.57,2.58
MENRES000501_2,2023-03-04T11:24:17,19.46,18.19,1.27
MENRES000501_3,2023-09-01T07:09:58,24.42,21.8,2.62
MENRES000501_4,2023-09-28T04:51:02,12.97,10.63,2.34
MENRES000501_5,2023-01-07T02:36:56,7.51,6.93,0.58
MENRES000501_11,2023-12-29T06:35:30,18.0,14.45,3.55
MENRES000501_13,2023-10-30T12:54:58,20.88,19.41,1.47
MENRES000501_15,2023-01-24T05:05:34,14.44,13.62,0.82
MENRES000503_0,2023-08-12T23:04:20,22.4,19.79,2.61
MENRES000503_2,2023-09-14T22:50:23,113.25,97.52,15.73
MENRES000503_6,2023-01-09T05:02:45,41.64,33.88,7.76
MENRES000503_7,2023-11-09T12:57:46,103.65,87.8,15.85
MENRES000503_8,2023-06-13T11:11:19,89.94,77.49,12.45
MENRES000504_1,2023-03-22T19:01:18,101.36,94.03,7.33
MENRES000504_4,2023-05-16T13:27:11,63.53,59.51,4.02
MENRES000505_0,2023-02-26T19:17:14,31.07,26.89,4.18
MENRES000505_1,2023-08-19T14:49:45,30.55,27.98,2.57
MENRES000505_2,2023-10-07T04:29:47,11.99,9.75,2.24
MENRES000506_3,2023-06-27T17:48:01,68.89,55.47,13.42
MENRES000506_5,2023-06-02T03:29:41,63.94,59.05,4.89
MENRES000507_1,2023-03-08T22:14:47,27.17,23.37,3.8
MENRES000507_3,2023-07-11T21:35:07,66.4,60.59,5.81
MENRES000507_5,2023-10-19T23:38:26,14.67,12.48,2.19
MENRES000507_6,2023-10-15T19:52:56,58.2,51.59,6.61
MENRES000507_7,2023-08-16T19:56:49,28.12,26.28,1.84
MENRES000507_13,2023-12-23T07:20:46,10.22,8.28,1.94
MENRES000508_0,2023-08-06T01:13:07,60.15,53.42,6.73
MENRES000508_4,2023-02-06T13:49:08,40.41,35.08,5.33
MENRES000510_3,2023-08-15T23:36:39,38.3,32.75,5.55
MENRES000510_4,2023-07-19T15:15:46,18.19,17.04,1.15
MENRES000511_0,2023-07-06T14:53:06,19.59,16.04,3.55
MENRES000511_1,2023-01-16T11:13:54,20.87,17.35,3.52
MENRES000511_2,2023-07-14T20:22:23,9.62,8.0,1.62
MENRES000511_5,2023-01-26T22:30:55,20.17,17.89,2.28
MENRES000512_0,2023-02-14T02:09:51,12.84,10.92,1.92
MENRES000512_4,2023-03-07T16:33:47,54.66,44.13,10.53
MENRES000512_12,2023-02-02T00:57:19,21.64,18.37,3.27
MENRES000512_16,2023-04-07T17:14:15,79.82,65.53,14.29
MENRES000513_3,2023-12-28T09:09:13,67.33,61.45,5.88
MENRES000514_0,2023-12-07T03:42:55,102.47,96.82,5.65
MENRES000514_5,2023-05-28T09:28:10,26.75,23.17,3.58
MENRES000515_0,2023-03-01T07:11:14,37.58,30.89,6.69
MENRES000515_1,2023-10-02T15:05:13,34.64,29.65,4.99
MENRES000515_4,2023-02-26T20:18:59,27.11,22.81,4.3
MENRES000515_5,2023-02-06T02:02:16,13.13,12.25,0.88
MENRES000515_10,2023-03-18T18:13:43,48.51,45.69,2.82
MENRES000515_13,2023-05-23T00:36:53,68.5,63.34,5.16
MENRES000515_16,2023-08-30T01:43:30,57.72,50.2,7.52
MENRES000516_0,2023-01-13T14:19:46,97.02,90.64,6.38
MENRES000516_3,2023-06-20T14:01:25,102.67,89.78,12.89
MENRES000516_4,2023-06-19T22:45:13,100.58,90.58,10.0
MENRES000516_7,2023-08-07T01:28:46,100.1,91.89,8.21
MENRES000516_8,2023-10-24T01:07:08,120.02,106.77,13.25
MENRES000516_9,2023-04-10T13:58:26,113.16,98.32,14.84
MENRES000517_1,2023-08-30T21:02:45,121.7,106.8,14.9
MENRES000517_2,2023-03-24T15:07:07,124.28,101.22,23.06
MENRES000517_3,2023-10-25T16:29:05,56.97,53.49,3.48
MENRES000517_4,2023-06-14T07:28:47,66.95,57.78,9.17
MENRES000517_5,2023-01-29T21:25:03,114.47,104.68,9.79
MENRES000517_6,2023-10-09T00:38:43,83.31,78.61,4.7
MENRES000517_7,2023-12-05T13:44:22,33.85,28.64,5.21
MENRES000518_3,2023-12-04T04:56:29,49.06,44.43,4.63
MENRES000518_5,2023-02-08T10:56:13,41.45,37.53,3.92
MENRES000518_7,2023-05-05T11:48:36,19.78,18.64,1.14
MENRES000519_0,2023-03-05T07:22:05,67.0,58.1,8.9
MENRES000519_2,2023-10-27T01:39:53,114.7,103.76,10.94
MENRES000520_0,2023-01-26T07:48:33,79.43,73.93,5.5
MENRES000520_8,2023-05-23T14:17:02,56.97,47.29,9.68
MENRES000520_11,2023-03-07T06:02:46,66.3,58.14,8.16
MENRES000520_14,2023-04-06T20:17:12,33.86,27.95,5.91
MENRES000520_16,2023-10-15T00:32:24,15.83,14.2,1.63
MENRES000521_0,2023-06-07T11:53:29,59.73,51.77,7.96
MENRES000521_6,2023-06-09T02:18:17,87.2,73.68,13.52
MENRES000522_3,2023-08-23T22:48:07,39.65,36.87,2.78
MENRES000522_8,2023-10-09T07:27:48,77.84,65.64,12.2
MENRES000522_16,2023-10-06T07:59:44,44.09,41.58,2.51
MENRES000523_1,2023-10-12T20:26:00,35.74,32.62,3.12
MENRES000523_2,2023-05-28T12:26:49,103.88,90.07,13.81
MENRES000523_3,2023-12-21T00:37:56,39.15,33.21,5.94
MENRES000523_4,2023-12-02T18:58:54,78.71,71.1,7.61
MENRES000523_5,2023-10-24T14:05:00,102.76,88.76,14.0
MENRES000523_9,2023-07-04T23:52:28,41.31,36.04,5.27
MENRES000523_10,2023-12-27T18:24:49,94.92,86.3,8.62
MENRES000524_0,2023-05-08T09:25:21,32.73,30.42,2.31
MENRES000525_0,2023-09-25T17:11:14,20.88,18.93,1.95
MENRES000525_4,2023-01-06T03:24:35,37.9,32.16,5.74
MENRES000525_9,2023-10-03T15:52:16,13.8,12.99,0.81
MENRES000525_10,2023-03-18T08:48:53,39.87,31.92,7.95
MENRES000525_12,2023-09-02T23:53:47,20.36,17.39,2.97
MENRES000525_13,2023-08-11T19:13:07,33.03,28.45,4.58
MENRES000525_14,2023-12-21T12:27:33,25.75,23.93,1.82
MENRES000525_15,2023-08-11T01:01:47,7.04,5.83,1.21
MENRES000526_3,2023-08-07T12:23:24,91.9,78.71,13.19
MENRES000527_2,2023-06-10T00:28:24,71.98,64.67,7.31
MENRES000527_3,2023-02-23T03:40:11,72.9,63.54,9.36
MENRES000527_4,2023-06-13T03:24:22,60.74,50.61,10.13
MENRES000527_5,2023-05-19T21:59:07,48.15,39.26,8.89
MENRES000527_6,2023-05-07T12:57:06,86.23,80.8,5.43
MENRES000527_8,2023-09-01T12:18:59,40.91,37.93,2.98
MENRES000527_13,2023-05-05T09:49:36,105.56,96.46,9.1
MENRES000528_0,2023-02-03T18:34:10,30.42,28.45,1.97
MENRES000528_1,2023-07-27T05:47:45,27.64,23.77,3.87
MENRES000528_7,2023-03-19T18:27:52,6.74,5.43,1.31
MENRES000529_0,2023-04-24T04:17:24,59.51,48.31,11.2
MENRES000529_3,2023-04-22T21:48:18,56.02,48.58,7.44
MENRES000529_4,2023-01-22T23:28:16,62.92,57.84,5.08
MENRES000530_0,2023-12-29T18:02:38,39.73,34.96,4.77
MENRES000530_2,2023-01-25T06:43:30,83.1,76.96,6.14
MENRES000530_4,2023-05-18T09:48:37,61.62,54.94,6.68
MENRES000530_7,2023-05-24T13:26:12,97.88,78.75,19.13
MENRES000530_10,2023-01-22T17:55:39,79.96,75.56,4.4
MENRES000530_13,2023-05-17T01:39:44,71.7,61.58,10.12
MENRES000530_17,2023-08-30T13:57:03,46.55,37.71,8.84
MENRES000530_18,2023-08-31T15:36:39,22.89,21.47,1.42
MENRES000531_7,2023-07-05T03:12:16,102.31,82.03,20.28
MENRES000531_8,2023-03-18T00:28:57,85.65,76.84,8.81
MENRES000531_11,2023-10-07T10:07:32,51.57,48.64,2.93
MENRES000531_12,2023-01-14T22:25:03,78.17,71.4,6.77
MENRES000531_18,2023-04-08T19:08:27,29.61,26.72,2.89
MENRES000532_0,2023-02-26T20:42:39,76.91,70.39,6.52
MENRES000532_4,2023-11-30T19:57:11,100.96,94.68,6.28
MENRES000532_6,2023-07-20T20:19:17,64.54,60.6,3.94
MENRES000533_3,2023-07-27T23:27:49,59.98,48.82,11.16
MENRES000533_4,2023-07-03T05:19:44,43.62,36.36,7.26
MENRES000533_13,2023-08-22T07:24:42,143.96,116.69,27.27
MENRES000533_14,2023-09-19T19:57:33,38.63,32.0,6.63
MENRES000533_16,2023-07-12T23:19:43,101.52,94.86,6.66
MENRES000534_0,2023-08-20T04:15:56,33.98,28.57,5.41
MENRES000534_1,2023-08-06T18:21:13,67.27,58.87,8.4
MENRES000535_0,2023-08-06T05:11:35,44.12,35.85,8.27
MENRES000535_1,2023-09-18T21:55:28,71.95,63.29,8.66
MENRES000535_5,2023-05-13T02:17:36,61.37,55.49,5.88
MENRES000535_9,2023-11-10T14:18:56,58.16,49.5,8.66
MENRES000535_10,2023-05-04T21:59:54,28.71,27.0,1.71
MENRES000535_11,2023-09-12T16:29:56,84.19,69.53,14.66
MENRES000535_15,2023-06-25T18:00:14,95.62,83.32,12.3
MENRES000535_16,2023-08-25T22:16:54,118.06,105.0,13.06
MENRES000536_1,2023-08-10T21:26:12,105.79,92.06,13.73
MENRES000536_7,2023-09-14T10:32:11,90.66,83.25,7.41
MENRES000537_5,2023-09-12T01:12:55,91.13,83.15,7.98
MENRES000537_6,2023-08-09T12:55:07,21.17,17.48,3.69
MENRES000537_8,2023-06-01T07:14:50,54.2,43.65,10.55
MENRES000538_1,2023-08-28T07:17:00,19.34,16.27,3.07
MENRES000538_3,2023-10-11T21:26:28,19.37,15.82,3.55
MENRES000538_5,2023-10-02T17:31:03,33.01,29.25,3.76
MENRES000538_6,2023-02-23T13:17:22,38.97,33.79,5.18
MENRES000538_13,2023-11-01T03:37:54,22.99,21.46,1.53
MENRES000539_2,2023-06-21T10:51:20,60.0,53.08,6.92
MENRES000539_3,2023-01-17T18:26:21,53.08,42.69,10.39
MENRES000539_8,2023-10-14T21:06:48,57.39,50.9,6.49
MENRES000539_11,2023-04-23T23:10:39,66.17,58.64,7.53
MENRES000539_12,2023-04-28T22:34:18,79.43,75.1,4.33
MENRES000541_0,2023-08-02T23:47:19,98.77,88.48,10.29
MENRES000541_1,2023-11-05T09:06:16,130.87,112.58,18.29
MENRES000541_2,2023-03-07T12:43:11,80.36,73.32,7.04
MENRES000541_5,2023-08-26T03:48:21,139.41,131.29,8.12
MENRES000542_2,2023-11-30T23:40:25,36.84,33.35,3.49
MENRES000542_4,2023-05-27T17:32:52,25.39,23.49,1.9
MENRES000542_6,2023-04-13T21:16:37,20.71,18.22,2.49
MENRES000542_7,2023-02-06T10:44:19,32.92,27.24,5.68
MENRES000542_8,2023-01-13T00:47:30,29.58,27.63,1.95
MENRES000542_10,2023-01-29T08:07:39,34.82,30.91,3.91
MENRES000542_12,2023-03-05T14:41:51,39.8,37.27,2.53
MENRES000542_13,2023-07-16T02:54:38,28.91,25.2,3.71
MENRES000543_0,2023-04-07T02:37:44,74.42,68.12,6.3
MENRES000543_1,2023-12-29T01:05:36,17.1,14.66,2.44
MENRES000543_2,2023-10-16T00:57:53,11.17,9.46,1.71
MENRES000543_4,2023-04-18T05:56:59,53.23,47.43,5.8
MENRES000543_5,2023-04-30T05:36:39,35.94,28.85,7.09
MENRES000544_1,2023-04-08T13:08:49,45.96,43.47,2.49
MENRES000544_3,2023-08-28T22:37:48,40.27,34.52,5.75
MENRES000544_5,2023-06-12T04:52:44,55.94,44.76,11.18
MENRES000544_7,2023-06-13T11:57:55,63.63,59.1,4.53
MENRES000544_9,2023-07-07T11:47:12,53.48,48.11,5.37
MENRES000544_10,2023-06-22T04:40:33,79.82,65.72,14.1
MENRES000544_12,2023-12-19T03:27:17,40.38,37.2,3.18
MENRES000545_1,2023-02-19T07:15:05,21.24,17.78,3.46
MENRES000545_4,2023-05-30T13:01:52,94.88,84.71,10.17
MENRES000545_11,2023-10-31T08:31:32,70.06,59.1,10.96
MENRES000545_12,2023-06-20T19:36:08,145.91,128.62,17.29
MENRES000545_14,2023-12-07T13:57:37,36.91,33.06,3.85
MENRES000546_3,2023-08-26T09:09:22,109.26,100.6,8.66
MENRES000546_11,2023-05-17T19:01:38,98.08,82.3,15.78
MENRES000546_13,2023-12-23T21:36:58,150.0,138.97,11.03
MENRES000546_14,2023-11-03T07:10:48,78.07,67.4,10.67
MENRES000547_0,2023-09-21T18:16:25,40.93,38.87,2.06
MENRES000547_1,2023-05-15T19:47:34,64.53,59.43,5.1
MENRES000547_3,2023-02-15T15:15:24,45.72,39.37,6.35
MENRES000547_4,2023-12-10T17:11:20,37.9,30.85,7.05
MENRES000547_16,2023-07-19T09:15:14,54.77,46.71,8.06
MENRES000547_18,2023-12-10T20:42:39,34.48,27.76,6.72
MENRES000548_2,2023-02-07T03:08:21,19.64,17.03,2.61
MENRES000548_9,2023-06-05T04:33:31,114.51,102.14,12.37
MENRES000548_10,2023-05-06T03:53:42,44.93,36.02,8.91
MENRES000548_12,2023-09-04T22:04:11,79.45,69.28,10.17
MENRES000549_0,2023-12-20T00:00:17,24.79,22.06,2.73
MENRES000549_3,2023-07-22T19:05:32,19.11,17.9,1.21
MENRES000549_4,2023-06-27T15:50:42,7.3,6.15,1.15
MENRES000549_10,2023-10-15T18:15:09,29.01,23.73,5.28
MENRES000550_2,2023-11-12T15:50:33,65.81,53.93,11.88
MENRES000550_4,2023-04-23T13:53:01,68.48,61.69,6.79
MENRES000550_5,2023-01-13T14:22:31,119.25,111.19,8.06
MENRES000550_6,2023-02-26T02:21:21,106.48,89.86,16.62
MENRES000550_9,2023-01-30T12:49:23,106.46,88.61,17.85
MENRES000550_12,2023-03-09T02:08:05,64.04,56.48,7.56
MENRES000550_14,2023-09-26T06:25:33,77.27,65.71,11.56
MENRES000550_16,2023-05-21T18:03:43,137.76,118.51,19.25
MENRES000551_2,2023-07-07T23:17:55,26.9,24.91,1.99
MENRES000552_4,2023-04-02T01:27:07,144.51,125.23,19.28
MENRES000552_6,2023-01-11T14:34:55,154.99,145.05,9.94
MENRES000552_7,2023-01-10T02:01:10,120.82,108.17,12.65
MENRES000552_8,2023-03-26T18:09:31,80.39,66.98,13.41
MENRES000553_3,2023-11-14T20:40:03,104.74,90.31,14.43
MENRES000553_4,2023-09-18T01:20:12,20.22,17.28,2.94
MENRES000553_8,2023-09-15T16:36:04,54.42,51.28,3.14
MENRES000553_15,2023-02-16T21:34:19,28.73,24.89,3.84
MENRES000553_17,2023-05-06T23:49:18,52.08,47.32,4.76
MENRES000554_5,2023-12-05T04:24:59,111.28,100.85,10.43
MENRES000555_7,2023-11-12T10:16:32,26.17,22.99,3.18
MENRES000555_8,2023-09-08T18:07:46,30.44,28.78,1.66
MENRES000555_14,2023-03-05T08:26:28,51.21,48.14,3.07
MENRES000556_6,2023-10-09T15:04:29,139.53,129.96,9.57
MENRES000556_7,2023-10-06T08:46:55,101.63,90.51,11.12
MENRES000556_10,2023-03-01T05:33:49,82.61,72.47,10.14
MENRES000557_1,2023-11-28T20:36:01,155.11,137.73,17.38
MENRES000557_4,2023-01-20T00:56:02,91.89,73.91,17.98
MENRES000557_7,2023-08-22T21:34:21,81.41,71.58,9.83
MENRES000558_1,2023-03-14T02:30:13,49.54,43.9,5.64
MENRES000558_2,2023-11-21T14:52:11,111.03,95.32,15.71
MENRES000558_5,2023-08-18T18:20:42,31.05,26.08,4.97
MENRES000558_6,2023-02-23T22:09:10,21.93,20.03,1.9
MENRES000558_7,2023-08-07T08:54:54,85.81,79.83,5.98
MENRES000558_13,2023-09-07T21:06:54,129.67,114.03,15.64
MENRES000559_11,2023-02-16T23:57:11,72.88,58.68,14.2
MENRES000560_2,2023-08-29T20:30:26,76.14,70.07,6.07
MENRES000560_5,2023-03-24T22:30:04,115.17,106.39,8.78
MENRES000561_0,2023-10-25T17:27:07,119.14,104.46,14.68
MENRES000561_2,2023-04-10T20:46:07,92.81,76.13,16.68
MENRES000561_8,2023-06-20T22:45:27,102.45,88.89,13.56
MENRES000561_9,2023-11-17T03:35:43,93.55,77.57,15.98
MENRES000562_2,2023-05-03T17:51:04,48.81,44.97,3.84
MENRES000562_4,2023-07-04T04:26:22,38.42,33.69,4.73
MENRES000563_3,2023-07-12T18:22:06,49.78,40.89,8.89
MENRES000563_5,2023-01-07T23:38:21,59.42,47.64,11.78
MENRES000563_7,2023-10-03T07:31:38,140.74,115.39,25.35
MENRES000563_10,2023-07-25T19:34:51,23.74,19.35,4.39
MENRES000563_11,2023-05-19T03:49:47,90.7,81.12,9.58
MENRES000564_11,2023-06-01T07:25:41,37.58,35.2,2.38
MENRES000564_14,2023-10-28T18:31:42,50.55,45.94,4.61
MENRES000565_1,2023-03-30T01:38:45,18.09,14.62,3.47
MENRES000565_3,2023-08-24T05:39:50,11.06,9.87,1.19
MENRES000565_6,2023-08-31T21:12:27,11.35,9.24,2.11
MENRES000566_1,2023-02-28T08:33:27,23.89,22.03,1.86
MENRES000566_10,2023-12-16T14:50:47,24.47,22.68,1.79
MENRES000566_12,2023-07-19T23:28:32,27.65,26.03,1.62
MENRES000567_8,2023-07-14T23:17:28,25.25,22.36,2.89
MENRES000567_9,2023-04-30T23:14:28,47.37,43.85,3.52
MENRES000567_10,2023-10-08T21:03:38,71.85,64.13,7.72
MENRES000568_7,2023-11-14T18:05:19,20.97,17.82,3.15
MENRES000568_9,2023-07-27T14:53:55,38.99,36.37,2.62
MENRES000568_14,2023-01-30T07:12:45,95.91,80.89,15.02
MENRES000569_0,2023-11-29T17:08:47,56.33,53.02,3.31
MENRES000569_2,2023-04-20T17:37:35,41.07,36.47,4.6
MENRES000569_3,2023-05-30T00:23:12,45.62,37.66,7.96
MENRES000569_5,2023-05-12T12:18:31,26.26,24.16,2.1
MENRES000569_9,2023-08-31T12:25:43,54.15,44.33,9.82
MENRES000569_14,2023-10-25T20:19:58,64.29,58.11,6.18
MENRES000570_0,2023-04-04T12:01:59,56.8,50.63,6.17
MENRES000570_1,2023-09-28T14:30:22,68.83,63.41,5.42
MENRES000570_3,2023-07-05T08:34:44,53.4,45.91,7.49
MENRES000570_4,2023-05-28T11:39:01,17.93,14.4,3.53
MENRES000571_1,2023-06-18T04:52:16,152.82,127.29,25.53
MENRES000571_4,2023-01-15T07:15:26,50.8,44.76,6.04
MENRES000571_7,2023-12-02T11:44:34,156.57,134.66,21.91
MENRES000571_8,2023-07-11T15:30:13,95.58,84.49,11.09
MENRES000571_11,2023-08-05T02:35:14,83.46,78.14,5.32
MENRES000572_5,2023-08-28T05:57:01,73.68,66.77,6.91
MENRES000573_0,2023-09-03T15:29:28,39.9,36.45,3.45
MENRES000573_7,2023-07-08T07:23:09,55.12,48.43,6.69
MENRES000573_9,2023-09-26T22:29:13,55.5,46.21,9.29
MENRES000573_14,2023-08-15T13:40:45,48.92,45.69,3.23
MENRES000574_1,2023-01-17T01:07:27,116.03,108.57,7.46
MENRES000574_4,2023-12-08T13:05:35,97.8,81.78,16.02
MENRES000574_5,2023-05-06T17:51:23,113.01,101.23,11.78
MENRES000574_7,2023-04-24T19:42:23,53.88,45.34,8.54
MENRES000575_2,2023-12-14T07:11:01,6.95,6.28,0.67
MENRES000575_5,2023-01-24T19:09:28,7.06,5.79,1.27
MENRES000575_6,2023-10-17T19:07:53,30.52,28.38,2.14
MENRES000576_3,2023-03-02T14:17:36,6.58,6.05,0.53
MENRES000576_4,2023-10-03T08:43:36,6.67,5.37,1.3
MENRES000576_6,2023-06-10T15:19:01,21.09,17.39,3.7
MENRES000576_7,2023-07-14T02:46:03,22.22,18.1,4.12
MENRES000577_5,2023-12-14T06:26:31,9.23,7.71,1.52
MENRES000577_6,2023-01-02T08:29:26,22.33,19.62,2.71
MENRES000577_7,2023-11-28T00:00:50,14.86,13.06,1.8
MENRES000577_8,2023-01-04T19:05:26,37.74,34.77,2.97
MENRES000577_13,2023-08-11T02:12:05,16.64,13.63,3.01
MENRES000578_2,2023-08-18T06:53:25,25.62,20.89,4.73
MENRES000578_4,2023-11-20T04:06:14,25.68,23.21,2.47
MENRES000578_11,2023-03-23T13:58:59,43.61,41.06,2.55
MENRES000578_12,2023-03-14T21:27:51,61.42,57.18,4.24
MENRES000578_13,2023-05-06T19:21:16,47.23,42.15,5.08
MENRES000580_1,2023-01-11T05:22:37,64.29,57.66,6.63
MENRES000580_2,2023-06-11T06:47:42,75.39,66.59,8.8
MENRES000580_4,2023-03-20T02:55:07,31.91,29.94,1.97
MENRES000580_9,2023-01-11T16:28:46,37.25,33.23,4.02
MENRES000580_12,2023-04-08T14:33:22,27.62,24.78,2.84
MENRES000580_13,2023-02-18T08:49:03,26.11,23.5,2.61
MENRES000580_14,2023-06-14T22:52:14,83.97,77.46,6.51
MENRES000581_3,2023-05-05T22:41:49,14.02,12.71,1.31
MENRES000581_7,2023-10-29T21:24:18,6.06,5.28,0.78
MENRES000582_6,2023-05-03T19:31:27,6.99,6.0,0.99
MENRES000583_2,2023-06-07T04:13:20,48.89,44.4,4.49
MENRES000583_3,2023-10-05T12:04:05,70.54,61.81,8.73
MENRES000583_6,2023-08-04T20:11:52,18.77,16.89,1.88
MENRES000583_8,2023-02-22T21:18:34,79.39,65.68,13.71
MENRES000583_13,2023-04-15T11:07:21,10.15,9.37,0.78
MENRES000583_17,2023-11-08T21:44:23,26.45,22.75,3.7
MENRES000583_19,2023-02-16T18:37:56,28.74,24.75,3.99
MENRES000584_2,2023-01-31T02:51:52,52.6,49.28,3.32
MENRES000584_11,2023-02-02T08:32:08,57.34,50.87,6.47
MENRES000584_13,2023-11-11T17:53:34,10.85,9.52,1.33
MENRES000584_15,2023-11-18T04:59:00,43.55,37.31,6.24
MENRES000584_17,2023-01-02T03:25:25,73.65,69.89,3.76
MENRES000585_4,2023-02-08T11:51:22,46.87,39.15,7.72
MENRES000585_7,2023-05-09T20:44:43,119.66,99.37,20.29
MENRES000585_8,2023-08-15T17:44:39,64.24,55.78,8.46
MENRES000585_9,2023-08-03T05:20:28,76.74,67.0,9.74
MENRES000585_10,2023-01-16T18:49:27,103.62,97.45,6.17
MENRES000586_8,2023-08-11T06:33:29,39.2,33.76,5.44
MENRES000586_9,2023-12-20T18:02:44,69.02,62.92,6.1
MENRES000586_10,2023-03-16T07:50:50,61.15,55.3,5.85
MENRES000586_12,2023-12-15T01:37:17,90.16,80.45,9.71
MENRES000587_2,2023-05-03T16:06:56,79.36,69.39,9.97
MENRES000587_6,2023-09-29T02:27:57,53.81,43.9,9.91
MENRES000587_12,2023-06-07T19:13:02,35.33,32.38,2.95
MENRES000588_7,2023-01-16T12:22:17,65.14,53.85,11.29
MENRES000588_9,2023-09-26T10:27:58,119.74,106.39,13.35
MENRES000588_12,2023-06-22T08:34:43,66.41,56.39,10.02
MENRES000588_15,2023-08-12T08:30:58,49.79,42.72,7.07
MENRES000588_16,2023-04-12T05:15:47,121.89,112.64,9.25
MENRES000588_18,2023-08-07T08:31:19,40.65,38.57,2.08
MENRES000588_19,2023-04-24T19:23:00,67.18,53.99,13.19
MENRES000589_0,2023-09-09T00:28:35,130.25,122.98,7.27
MENRES000589_3,2023-05-19T20:01:12,94.45,86.18,8.27
MENRES000589_4,2023-05-16T16:40:32,42.11,37.2,4.91
MENRES000589_8,2023-06-13T01:07:35,70.46,62.63,7.83
MENRES000589_10,2023-11-24T20:45:03,125.43,101.12,24.31
MENRES000589_12,2023-11-17T17:12:22,154.27,144.92,9.35
MENRES000589_13,2023-02-25T13:46:52,119.24,107.93,11.31
MENRES000590_6,2023-08-13T23:56:25,55.19,44.99,10.2
MENRES000590_14,2023-08-12T17:16:55,26.87,24.6,2.27
MENRES000590_16,2023-11-03T14:27:05,25.54,21.57,3.97
MENRES000590_17,2023-05-08T06:28:18,59.55,56.2,3.35
MENRES000590_19,2023-05-27T08:15:34,50.36,47.63,2.73
MENRES000591_0,2023-12-20T19:14:33,69.11,61.48,7.63
MENRES000591_6,2023-11-27T13:57:23,28.21,23.36,4.85
MENRES000591_11,2023-05-16T18:09:45,25.6,23.4,2.2
MENRES000591_13,2023-11-18T03:05:37,68.71,63.53,5.18
MENRES000592_1,2023-05-13T14:15:58,27.96,24.22,3.74
MENRES000592_6,2023-06-18T05:52:35,92.99,74.64,18.35
MENRES000592_10,2023-05-25T09:54:17,76.12,67.09,9.03
MENRES000592_11,2023-03-17T11:57:41,92.83,81.52,11.31
MENRES000592_14,2023-03-18T03:13:57,63.87,51.82,12.05
MENRES000593_1,2023-01-05T16:07:10,50.16,45.38,4.78
MENRES000593_7,2023-04-27T17:54:29,79.6,69.75,9.85
MENRES000593_10,2023-08-03T20:35:25,78.78,69.45,9.33
MENRES000593_11,2023-02-16T03:29:36,18.56,15.13,3.43
MENRES000593_13,2023-02-21T17:27:47,28.21,25.19,3.02
MENRES000594_0,2023-07-12T21:32:38,34.05,29.83,4.22
MENRES000594_2,2023-02-18T03:19:24,149.53,127.11,22.42
MENRES000594_7,2023-10-25T16:11:10,68.68,58.99,9.69
MENRES000596_2,2023-12-15T07:16:54,33.2,29.08,4.12
MENRES000596_8,2023-08-23T07:17:37,10.44,9.23,1.21
MENRES000597_4,2023-09-05T05:15:43,47.26,42.61,4.65
MENRES000597_6,2023-09-04T19:36:21,48.6,40.46,8.14
MENRES000597_9,2023-08-09T23:57:35,53.0,48.68,4.32
MENRES000597_10,2023-10-01T03:27:15,74.9,60.88,14.02
MENRES000597_13,2023-04-27T14:40:06,46.07,38.59,7.48
MENRES000598_2,2023-08-12T19:56:00,94.04,81.74,12.3
MENRES000598_4,2023-02-22T18:21:54,25.32,21.61,3.71
MENRES000598_6,2023-02-25T01:09:50,58.62,55.68,2.94
MENRES000598_7,2023-09-20T08:48:59,64.23,55.59,8.64
MENRES000598_9,2023-10-18T21:08:52,95.04,80.9,14.14
MENRES000598_11,2023-05-01T14:01:21,53.37,46.21,7.16
MENRES000598_13,2023-03-26T21:12:32,47.15,40.46,6.69
MENRES000599_1,2023-01-22T07:47:14,137.35,126.32,11.03
MENRES000599_7,2023-06-18T07:02:51,135.39,126.13,9.26
MENRES000599_10,2023-05-25T14:12:39,70.49,66.53,3.96
MENRES000600_2,2023-05-17T06:28:59,64.14,57.07,7.07
MENRES000600_5,2023-07-12T07:07:43,18.28,15.81,2.47
MENRES000600_7,2023-05-06T19:18:45,68.55,62.09,6.46
MENRES000600_9,2023-05-17T02:07:39,111.53,93.62,17.91
MENRES000600_10,2023-06-02T00:21:20,54.03,48.48,5.55
MENRES000600_13,2023-04-04T03:34:06,56.32,48.37,7.95
MENRES000601_2,2023-10-11T11:06:01,15.11,12.96,2.15
MENRES000601_9,2023-08-21T09:22:08,101.05,87.3,13.75
MENRES000601_17,2023-08-18T06:06:53,25.29,22.9,2.39
MENRES000602_2,2023-08-12T01:54:41,150.36,138.47,11.89
MENRES000602_5,2023-09-11T11:05:02,142.19,120.45,21.74
MENRES000602_10,2023-11-06T21:46:27,55.98,49.78,6.2
MENRES000603_1,2023-10-04T23:18:19,9.79,9.3,0.49
MENRES000603_3,2023-06-22T19:57:43,26.28,22.52,3.76
MENRES000603_4,2023-05-19T13:54:21,36.04,32.68,3.36
MENRES000604_3,2023-07-25T00:51:39,47.65,41.27,6.38
MENRES000604_4,2023-10-09T03:47:36,61.74,54.57,7.17
MENRES000604_6,2023-10-20T00:54:41,75.66,62.9,12.76
MENRES000605_1,2023-11-06T06:36:46,53.12,45.72,7.4
MENRES000605_3,2023-03-12T16:29:35,47.22,38.48,8.74
MENRES000605_4,2023-05-08T17:36:01,52.58,49.91,2.67
MENRES000605_6,2023-09-29T19:19:39,59.27,51.91,7.36
MENRES000605_9,2023-01-26T02:33:12,28.52,23.52,5.0
MENRES000606_3,2023-02-05T02:01:48,84.39,79.79,4.6
MENRES000606_4,2023-09-09T22:43:38,86.06,77.53,8.53
MENRES000607_4,2023-02-05T05:04:32,22.12,20.66,1.46
MENRES000607_9,2023-05-06T18:14:05,8.49,7.31,1.18
MENRES000607_14,2023-11-14T01:23:52,36.11,33.92,2.19
MENRES000608_3,2023-08-07T14:30:07,23.39,21.06,2.33
MENRES000609_1,2023-01-26T19:56:14,52.73,49.54,3.19
MENRES000609_2,2023-07-06T04:18:20,88.95,77.11,11.84
MENRES000609_4,2023-07-02T09:09:36,41.48,35.4,6.08
MENRES000610_4,2023-10-03T21:22:38,114.05,105.83,8.22
MENRES000611_0,2023-04-23T12:17:13,10.39,9.04,1.35
MENRES000611_1,2023-03-31T21:52:56,6.32,5.42,0.9
MENRES000611_2,2023-08-01T01:32:08,18.76,15.05,3.71
MENRES000611_3,2023-08-11T07:12:10,34.16,29.1,5.06
MENRES000611_7,2023-02-13T07:18:48,30.71,26.66,4.05
MENRES000612_1,2023-04-01T18:18:42,71.71,60.65,11.06
MENRES000612_15,2023-05-21T20:20:34,104.07,91.58,12.49
MENRES000613_0,2023-10-17T03:54:06,52.23,45.06,7.17
MENRES000613_4,2023-07-21T13:53:20,137.45,117.21,20.24
MENRES000614_0,2023-10-17T11:04:42,80.0,72.56,7.44
MENRES000614_2,2023-04-07T04:47:46,107.14,88.49,18.65
MENRES000614_10,2023-09-27T08:45:43,39.01,35.79,3.22
MENRES000615_0,2023-05-12T15:13:31,30.79,29.23,1.56
MENRES000615_1,2023-01-25T18:49:00,24.9,20.73,4.17
MENRES000615_3,2023-02-13T21:29:53,39.04,34.87,4.17
MENRES000615_4,2023-03-29T09:13:18,10.59,9.35,1.24
MENRES000615_13,2023-05-11T16:25:19,21.41,19.05,2.36
MENRES000616_4,2023-06-23T20:03:29,60.55,50.25,10.3
MENRES000616_5,2023-08-22T00:25:40,33.44,30.09,3.35
MENRES000616_7,2023-04-12T07:19:55,107.61,100.97,6.64
MENRES000616_9,2023-05-15T07:01:00,45.04,37.18,7.86
MENRES000616_10,2023-04-19T10:31:48,114.32,100.8,13.52
MENRES000616_14,2023-12-03T03:17:48,45.38,42.74,2.64
MENRES000616_16,2023-10-28T09:58:55,53.24,45.25,7.99
MENRES000617_0,2023-07-04T21:44:38,122.61,104.51,18.1
MENRES000617_1,2023-01-06T03:35:28,130.47,113.3,17.17
MENRES000618_3,2023-07-11T06:03:49,65.59,55.73,9.86
MENRES000618_15,2023-05-03T18:34:12,22.99,20.85,2.14
MENRES000618_16,2023-06-13T09:28:27,101.68,87.71,13.97
MENRES000618_17,2023-02-02T17:04:18,28.96,24.22,4.74
MENRES000619_0,2023-02-25T21:08:47,114.19,92.52,21.67
MENRES000619_1,2023-11-29T09:53:23,74.66,62.93,11.73
MENRES000619_2,2023-01-27T19:26:45,125.48,116.21,9.27
MENRES000619_3,2023-06-23T23:59:09,147.09,129.94,17.15
MENRES000619_5,2023-07-20T06:03:25,21.22,18.59,2.63
MENRES000619_10,2023-06-21T06:41:18,75.91,71.84,4.07
MENRES000619_16,2023-12-06T05:25:25,150.59,120.98,29.61
MENRES000619_18,2023-01-21T07:33:33,48.29,42.4,5.89
MENRES000619_19,2023-11-25T08:21:33,57.68,51.91,5.77
MENRES000620_6,2023-11-08T19:46:53,147.05,125.6,21.45
MENRES000620_7,2023-05-30T15:30:33,106.27,95.96,10.31
MENRES000620_13,2023-04-19T17:30:56,63.17,56.88,6.29
MENRES000621_5,2023-06-02T08:50:17,65.25,58.35,6.9
MENRES000622_1,2023-09-20T13:06:22,51.03,42.85,8.18
MENRES000622_3,2023-08-24T16:43:04,16.21,13.28,2.93
MENRES000622_5,2023-08-05T21:31:15,23.24,19.43,3.81
MENRES000622_12,2023-11-14T13:35:46,78.86,72.23,6.63
MENRES000623_2,2023-06-29T17:03:04,24.95,21.95,3.0
MENRES000623_4,2023-09-14T22:51:15,103.93,90.38,13.55
MENRES000623_7,2023-08-10T08:09:12,36.49,32.96,3.53
MENRES000623_10,2023-10-05T09:04:18,78.88,70.58,8.3
MENRES000624_0,2023-09-13T04:58:14,75.75,62.31,13.44
MENRES000625_4,2023-09-05T08:14:18,15.98,15.16,0.82
MENRES000625_8,2023-04-02T21:24:27,27.4,25.56,1.84
MENRES000625_9,2023-12-19T10:14:59,69.61,65.49,4.12
MENRES000625_10,2023-11-09T02:59:21,20.27,17.69,2.58
MENRES000626_0,2023-03-05T14:52:21,70.13,56.17,13.96
MENRES000626_3,2023-03-07T06:14:08,29.57,24.2,5.37
MENRES000626_5,2023-04-16T00:57:54,41.8,39.14,2.66
MENRES000626_10,2023-01-02T15:58:48,31.18,29.6,1.58
MENRES000626_14,2023-08-14T15:52:55,71.68,57.53,14.15
MENRES000627_4,2023-10-05T11:22:07,104.36,84.76,19.6
MENRES000628_1,2023-08-04T15:38:14,43.66,37.02,6.64
MENRES000628_2,2023-11-01T15:51:57,72.49,62.95,9.54
MENRES000628_11,2023-06-11T20:55:14,27.05,25.63,1.42
MENRES000629_1,2023-11-09T22:12:49,33.65,28.08,5.57
MENRES000629_5,2023-01-17T12:41:41,77.23,70.93,6.3
MENRES000629_10,2023-09-23T13:18:30,72.8,58.4,14.4
MENRES000629_11,2023-06-24T16:51:37,31.85,29.75,2.1
MENRES000629_14,2023-10-15T17:45:53,71.59,60.52,11.07
MENRES000630_0,2023-10-03T12:20:38,16.63,13.77,2.86
MENRES000630_5,2023-01-12T10:58:25,37.66,33.35,4.31
MENRES000630_9,2023-10-25T15:39:37,13.04,11.96,1.08
MENRES000630_10,2023-01-21T05:23:42,13.65,11.3,2.35
MENRES000630_19,2023-05-12T16:30:46,13.43,11.71,1.72
MENRES000631_0,2023-01-13T08:08:32,46.12,41.51,4.61
MENRES000631_5,2023-09-17T10:06:09,22.66,20.19,2.47
MENRES000631_7,2023-09-04T22:19:43,41.16,36.79,4.37
MENRES000631_8,2023-06-17T21:07:28,60.09,54.62,5.47
MENRES000631_10,2023-02-12T00:10:57,79.37,64.56,14.81
MENRES000631_14,2023-02-05T11:35:35,24.47,19.82,4.65
MENRES000632_4,2023-05-19T18:49:15,68.74,57.1,11.64
MENRES000632_5,2023-09-06T04:22:41,58.25,47.12,11.13
MENRES000632_9,2023-09-17T18:09:20,112.12,92.74,19.38
MENRES000632_11,2023-02-14T11:33:39,99.13,84.96,14.17
MENRES000632_15,2023-11-24T12:53:39,68.52,55.95,12.57
MENRES000633_0,2023-04-07T08:05:12,99.81,91.21,8.6
MENRES000633_6,2023-06-12T16:17:31,65.73,54.02,11.71
MENRES000633_8,2023-09-13T21:25:01,111.23,98.32,12.91
MENRES000633_12,2023-10-07T12:50:29,110.78,93.48,17.3
MENRES000634_8,2023-11-27T08:53:44,147.28,124.32,22.96
MENRES000635_1,2023-05-21T05:14:26,29.79,24.9,4.89
MENRES000635_4,2023-07-05T00:29:12,27.6,23.47,4.13
MENRES000635_6,2023-09-16T06:40:10,17.52,15.21,2.31
MENRES000635_9,2023-03-05T01:42:06,31.12,29.01,2.11
MENRES000635_10,2023-05-30T02:46:10,36.28,32.89,3.39
MENRES000635_11,2023-11-18T13:03:32,30.27,26.19,4.08
MENRES000636_3,2023-04-14T22:06:09,36.16,31.82,4.34
MENRES000636_4,2023-05-07T09:57:31,39.83,37.5,2.33
MENRES000636_6,2023-06-12T14:35:20,18.85,17.29,1.56
MENRES000636_8,2023-01-29T00:05:32,30.58,24.82,5.76
MENRES000636_9,2023-07-27T11:36:27,7.96,7.09,0.87
MENRES000636_15,2023-07-04T17:32:56,16.27,15.45,0.82
MENRES000637_6,2023-11-23T16:52:19,32.32,25.9,6.42
MENRES000638_0,2023-12-13T17:52:38,51.82,44.4,7.42
MENRES000638_5,2023-09-28T18:02:59,62.86,57.03,5.83
MENRES000638_7,2023-03-10T00:38:12,67.77,56.87,10.9
MENRES000638_12,2023-04-29T16:42:10,28.89,24.77,4.12
MENRES000639_5,2023-10-21T05:17:07,13.53,11.29,2.24
MENRES000640_2,2023-08-03T06:20:16,22.6,20.08,2.52
MENRES000640_3,2023-02-18T17:12:37,67.39,63.83,3.56
MENRES000640_6,2023-01-09T22:07:32,33.87,27.89,5.98
MENRES000640_10,2023-06-03T15:50:33,41.19,37.12,4.07
MENRES000640_17,2023-11-17T14:01:05,39.94,32.59,7.35
MENRES000640_18,2023-07-31T00:58:11,98.57,88.91,9.66
MENRES000641_2,2023-07-08T09:35:33,95.33,89.9,5.43
MENRES000641_3,2023-05-13T08:20:27,41.93,36.31,5.62
MENRES000641_5,2023-06-29T04:44:23,47.76,39.32,8.44
MENRES000641_7,2023-05-08T03:27:46,39.25,35.44,3.81
MENRES000642_0,2023-02-20T19:21:06,27.94,23.85,4.09
MENRES000642_3,2023-01-20T17:39:27,23.86,20.01,3.85
MENRES000642_4,2023-09-07T20:41:24,12.33,10.72,1.61
MENRES000643_10,2023-08-28T08:55:53,26.74,22.32,4.42
MENRES000644_0,2023-03-10T12:23:59,83.0,69.26,13.74
MENRES000644_1,2023-04-29T14:45:14,131.22,120.59,10.63
MENRES000644_10,2023-07-24T04:58:05,34.41,31.41,3.0
MENRES000645_0,2023-12-26T08:45:15,64.47,53.98,10.49
MENRES000645_2,2023-04-05T04:24:13,56.79,47.9,8.89
MENRES000646_3,2023-11-25T02:31:23,29.05,24.49,4.56
MENRES000646_10,2023-11-28T00:13:46,6.92,5.89,1.03
MENRES000646_13,2023-03-07T22:58:14,34.89,32.71,2.18
MENRES000647_8,2023-04-19T06:18:53,11.97,9.79,2.18
MENRES000647_9,2023-09-01T11:27:49,11.09,10.01,1.08
MENRES000648_5,2023-11-18T01:32:13,19.88,16.78,3.1
MENRES000648_11,2023-12-06T00:12:13,12.4,10.32,2.08
MENRES000648_15,2023-03-21T23:43:58,11.69,9.99,1.7
MENRES000648_17,2023-08-12T06:31:29,14.72,12.0,2.72
MENRES000649_11,2023-04-28T09:47:15,27.75,24.79,2.96
MENRES000649_12,2023-05-19T11:00:34,44.31,37.5,6.81
MENRES000649_13,2023-01-16T06:33:13,77.44,67.45,9.99
MENRES000650_1,2023-09-17T18:22:44,33.29,27.55,5.74
MENRES000650_3,2023-01-13T04:40:36,32.12,30.13,1.99
MENRES000651_2,2023-08-05T17:57:50,39.56,37.2,2.36
MENRES000651_3,2023-05-14T20:18:16,101.32,89.51,11.81
MENRES000651_4,2023-09-11T09:48:49,119.53,104.73,14.8
MENRES000651_12,2023-05-27T21:20:09,74.5,69.4,5.1
MENRES000651_14,2023-02-15T20:58:19,154.39,137.91,16.48
MENRES000651_15,2023-08-21T03:48:04,102.29,89.3,12.99
MENRES000651_17,2023-10-21T10:07:47,41.24,37.93,3.31
MENRES000652_3,2023-03-29T22:10:14,66.59,59.66,6.93
MENRES000652_4,2023-12-20T02:10:56,19.72,18.7,1.02
MENRES000652_6,2023-08-09T22:58:27,63.58,55.45,8.13
MENRES000652_9,2023-11-28T06:49:27,37.01,34.64,2.37
MENRES000652_11,2023-06-17T00:35:13,67.58,63.32,4.26
MENRES000652_12,2023-11-29T03:16:16,59.78,54.91,4.87
MENRES000652_14,2023-08-17T14:47:51,65.49,55.73,9.76
MENRES000653_1,2023-07-17T11:42:43,28.22,24.41,3.81
MENRES000653_2,2023-05-30T12:33:12,61.81,55.85,5.96
MENRES000653_3,2023-12-07T15:17:20,59.06,53.28,5.78
MENRES000653_4,2023-07-02T09:32:05,38.69,32.55,6.14
MENRES000653_6,2023-12-14T04:01:00,53.53,49.12,4.41
MENRES000653_11,2023-12-22T20:25:40,70.71,58.76,11.95
MENRES000653_13,2023-04-10T00:09:51,73.52,68.71,4.81
MENRES000654_0,2023-01-24T16:39:52,27.66,23.98,3.68
MENRES000654_1,2023-12-17T10:40:41,72.89,65.79,7.1
MENRES000654_4,2023-05-29T03:28:28,99.16,81.28,17.88
MENRES000654_5,2023-01-22T02:58:35,107.97,91.21,16.76
MENRES000654_6,2023-12-29T12:33:30,89.99,78.07,11.92
MENRES000655_2,2023-10-16T09:36:34,58.66,55.05,3.61
MENRES000655_4,2023-11-16T03:58:14,48.41,39.26,9.15
MENRES000656_1,2023-12-19T16:46:39,32.11,28.45,3.66
MENRES000656_2,2023-09-20T20:51:39,18.64,15.34,3.3
MENRES000656_3,2023-06-29T19:43:50,39.76,36.36,3.4
MENRES000657_3,2023-05-04T06:03:46,19.84,16.15,3.69
MENRES000657_10,2023-06-21T02:59:25,57.1,52.44,4.66
MENRES000657_11,2023-02-09T00:09:06,22.96,18.67,4.29
MENRES000657_12,2023-06-03T20:26:18,52.81,47.93,4.88
MENRES000657_13,2023-12-06T16:59:58,30.5,25.57,4.93
MENRES000658_0,2023-10-20T04:15:25,16.18,14.07,2.11
MENRES000658_2,2023-06-07T17:25:31,17.96,14.45,3.51
MENRES000658_4,2023-01-10T03:22:40,24.07,20.07,4.0
MENRES000658_5,2023-02-16T18:16:08,18.83,16.27,2.56
MENRES000659_0,2023-05-12T23:13:09,12.54,11.74,0.8
MENRES000659_3,2023-04-25T22:05:28,38.22,36.31,1.91
MENRES000659_4,2023-12-28T17:46:55,37.41,32.71,4.7
MENRES000659_6,2023-03-10T22:34:10,27.61,22.79,4.82
MENRES000660_3,2023-12-06T02:50:14,42.37,34.4,7.97
MENRES000660_6,2023-02-28T14:17:35,118.87,106.0,12.87
MENRES000660_7,2023-06-20T23:12:03,67.33,63.27,4.06
MENRES000660_11,2023-01-05T21:56:43,28.24,24.31,3.93
MENRES000661_7,2023-02-04T17:04:59,13.31,11.08,2.23
MENRES000661_14,2023-06-04T21:06:13,32.78,26.79,5.99
MENRES000661_15,2023-07-07T07:20:01,12.28,11.18,1.1
MENRES000662_0,2023-03-14T11:10:51,51.51,42.05,9.46
MENRES000662_3,2023-06-16T23:36:39,47.54,40.2,7.34
MENRES000662_4,2023-06-13T15:22:48,21.79,18.56,3.23
MENRES000662_6,2023-01-09T10:42:26,45.88,37.05,8.83
MENRES000662_10,2023-05-17T05:54:32,17.26,15.6,1.66
MENRES000662_11,2023-09-29T20:24:57,38.48,32.17,6.31
MENRES000662_14,2023-05-29T04:05:05,30.99,24.96,6.03
MENRES000663_1,2023-11-24T03:21:13,42.69,37.94,4.75
MENRES000664_3,2023-06-15T15:34:23,60.63,51.24,9.39
MENRES000664_4,2023-03-19T10:29:07,59.14,53.85,5.29
MENRES000664_6,2023-01-07T17:02:18,54.51,43.67,10.84
MENRES000665_3,2023-04-05T19:12:42,17.86,14.54,3.32
MENRES000665_5,2023-12-19T01:15:51,8.93,7.55,1.38
MENRES000665_7,2023-08-11T02:15:02,9.19,7.63,1.56
MENRES000665_9,2023-09-28T03:40:24,36.53,31.62,4.91
MENRES000665_10,2023-02-13T08:29:55,28.5,27.07,1.43
MENRES000665_14,2023-03-28T17:01:44,15.35,13.67,1.68
MENRES000666_0,2023-02-26T09:34:00,18.06,15.47,2.59
MENRES000666_1,2023-09-21T23:27:19,26.62,24.54,2.08
MENRES000666_2,2023-09-08T13:46:55,24.56,23.19,1.37
MENRES000667_2,2023-06-18T03:22:03,88.26,81.15,7.11
MENRES000667_4,2023-01-25T13:34:10,105.67,87.52,18.15
MENRES000667_8,2023-03-12T22:23:11,95.4,82.75,12.65
MENRES000668_4,2023-01-17T18:43:17,43.65,39.78,3.87
MENRES000668_6,2023-10-11T12:25:09,24.17,21.17,3.0
MENRES000669_0,2023-03-13T17:24:24,77.93,70.36,7.57
MENRES000669_3,2023-05-18T14:37:43,77.49,66.05,11.44
MENRES000669_5,2023-01-11T11:52:07,53.1,50.37,2.73
MENRES000669_7,2023-06-30T17:21:33,27.96,23.42,4.54
MENRES000669_10,2023-01-21T09:52:28,105.21,98.4,6.81
MENRES000670_9,2023-08-02T05:19:08,9.36,8.66,0.7
MENRES000672_7,2023-09-07T08:55:49,36.67,29.64,7.03
MENRES000672_9,2023-04-16T06:35:31,100.0,80.03,19.97
MENRES000672_10,2023-09-04T05:31:45,27.24,24.13,3.11
MENRES000673_4,2023-11-14T03:21:39,122.92,107.19,15.73
MENRES000673_8,2023-04-09T08:49:05,47.79,39.81,7.98
MENRES000673_11,2023-08-24T11:06:43,80.58,69.49,11.09
MENRES000673_15,2023-04-04T23:22:44,108.81,87.54,21.27
MENRES000674_10,2023-08-16T11:21:36,102.53,83.48,19.05
MENRES000675_8,2023-12-07T21:20:09,55.77,52.88,2.89
MENRES000675_9,2023-11-03T10:11:00,98.04,85.27,12.77
MENRES000675_13,2023-02-13T01:30:43,115.91,103.02,12.89
MENRES000675_16,2023-04-21T11:07:15,16.52,14.09,2.43
MENRES000676_1,2023-06-26T22:54:09,91.39,74.97,16.42
MENRES000676_4,2023-06-22T05:58:45,133.32,121.13,12.19
MENRES000677_3,2023-04-22T23:46:46,80.58,66.9,13.68
MENRES000677_4,2023-02-01T00:07:59,53.13,44.93,8.2
MENRES000677_7,2023-12-18T04:42:29,91.37,86.22,5.15
MENRES000677_8,2023-01-19T12:54:40,52.07,49.4,2.67
MENRES000677_11,2023-10-08T06:58:39,110.5,104.39,6.11
MENRES000677_12,2023-02-18T17:55:46,93.53,77.53,16.0
MENRES000677_18,2023-10-22T19:56:04,113.08,92.41,20.67
MENRES000678_0,2023-07-07T14:50:52,26.56,21.88,4.68
MENRES000678_5,2023-05-24T13:29:02,74.71,65.39,9.32
MENRES000678_12,2023-02-25T03:00:33,79.84,67.11,12.73
MENRES000678_13,2023-12-23T18:31:52,68.78,58.95,9.83
MENRES000678_16,2023-06-04T20:46:57,40.98,35.84,5.14
MENRES000678_17,2023-10-16T09:01:35,44.34,41.44,2.9
MENRES000679_1,2023-09-30T00:26:03,58.11,52.03,6.08
MENRES000679_5,2023-10-29T22:49:20,55.94,48.8,7.14
MENRES000679_9,2023-03-23T15:53:01,39.24,33.29,5.95
MENRES000679_13,2023-03-04T19:05:32,73.74,62.52,11.22
MENRES000679_14,2023-02-15T09:45:49,49.41,43.2,6.21
MENRES000680_0,2023-08-03T15:26:29,126.67,115.66,11.01
MENRES000680_1,2023-04-11T19:05:35,154.37,139.99,14.38
MENRES000680_11,2023-10-31T08:11:19,141.53,126.61,14.92
MENRES000681_1,2023-09-23T11:50:39,54.84,48.15,6.69
MENRES000681_2,2023-04-12T20:04:34,31.42,27.14,4.28
MENRES000681_4,2023-06-09T02:36:10,32.15,26.23,5.92
MENRES000681_5,2023-09-06T14:10:36,18.68,16.84,1.84
MENRES000681_9,2023-04-20T12:41:54,20.12,18.17,1.95
MENRES000681_11,2023-04-21T02:45:02,46.22,37.01,9.21
MENRES000682_0,2023-08-13T03:27:20,11.79,10.23,1.56
MENRES000682_1,2023-04-11T21:55:55,17.5,15.04,2.46
MENRES000682_5,2023-12-10T20:49:50,69.64,57.05,12.59
MENRES000682_8,2023-11-26T08:41:17,55.01,50.37,4.64
MENRES000683_0,2023-07-07T08:57:21,105.03,85.41,19.62
MENRES000683_14,2023-02-15T07:45:02,140.5,133.17,7.33
MENRES000684_2,2023-06-22T07:13:31,15.93,14.15,1.78
MENRES000684_4,2023-05-07T00:39:59,40.09,33.21,6.88
MENRES000685_2,2023-10-15T20:29:42,14.81,12.39,2.42
MENRES000685_3,2023-06-04T12:20:53,55.78,50.31,5.47
MENRES000685_5,2023-08-07T22:20:14,70.47,58.3,12.17
MENRES000685_8,2023-07-03T03:06:09,14.76,12.92,1.84
MENRES000685_10,2023-12-23T02:37:01,16.46,15.59,0.87
MENRES000685_14,2023-07-15T01:18:17,47.98,39.29,8.69
MENRES000686_3,2023-08-15T23:20:01,8.18,7.67,0.51
MENRES000686_5,2023-05-19T01:46:35,36.73,32.24,4.49
MENRES000686_9,2023-10-10T16:19:04,13.51,11.54,1.97
MENRES000686_12,2023-04-03T21:13:09,24.01,22.66,1.35
MENRES000687_1,2023-02-21T07:59:11,33.71,29.14,4.57
MENRES000687_3,2023-03-05T08:06:01,70.49,59.12,11.37
MENRES000687_5,2023-05-22T07:05:03,75.95,67.73,8.22
MENRES000687_9,2023-04-20T04:40:19,34.3,27.89,6.41
MENRES000687_11,2023-11-22T15:11:09,55.54,45.45,10.09
MENRES000687_12,2023-03-28T00:51:39,58.47,48.2,10.27
MENRES000687_13,2023-02-12T23:58:41,99.92,83.68,16.24
MENRES000688_0,2023-07-21T02:20:09,60.26,55.71,4.55
MENRES000688_2,2023-02-25T03:58:37,14.81,14.06,0.75
MENRES000688_3,2023-10-30T10:22:04,26.92,22.09,4.83
MENRES000688_4,2023-02-20T09:52:42,27.75,24.96,2.79
MENRES000688_5,2023-11-08T21:24:06,41.88,36.9,4.98
MENRES000688_6,2023-01-16T20:36:10,68.35,56.8,11.55
MENRES000688_7,2023-07-09T10:43:50,72.07,65.21,6.86
MENRES000688_8,2023-05-02T19:11:54,21.73,18.67,3.06
MENRES000688_14,2023-08-03T09:19:10,23.54,21.55,1.99
MENRES000689_4,2023-09-13T14:57:11,17.33,14.9,2.43
MENRES000690_1,2023-06-02T14:39:10,27.75,23.61,4.14
MENRES000690_2,2023-07-24T04:50:58,59.37,49.08,10.29
MENRES000690_4,2023-09-25T16:21:52,47.36,43.06,4.3
MENRES000691_0,2023-10-25T18:13:23,53.48,47.6,5.88
MENRES000691_3,2023-06-19T05:43:27,92.0,85.45,6.55
MENRES000692_6,2023-02-22T06:20:57,76.27,65.86,10.41
MENRES000692_9,2023-01-08T08:28:23,61.31,55.6,5.71
MENRES000692_11,2023-11-23T00:56:23,22.82,19.36,3.46
MENRES000692_13,2023-04-16T00:19:27,40.48,34.96,5.52
MENRES000693_1,2023-07-12T20:22:28,10.2,8.27,1.93
MENRES000693_3,2023-10-19T09:31:27,33.14,31.26,1.88
MENRES000693_4,2023-07-27T23:30:41,22.66,20.4,2.26
MENRES000694_4,2023-09-20T19:57:39,8.18,7.19,0.99
MENRES000694_5,2023-08-26T10:03:48,9.16,7.49,1.67
MENRES000694_6,2023-11-27T14:33:48,8.92,7.21,1.71
MENRES000694_8,2023-11-26T12:02:35,27.77,24.15,3.62
MENRES000694_14,2023-12-29T07:17:56,36.01,33.85,2.16
MENRES000695_1,2023-06-20T17:55:36,15.8,12.65,3.15
MENRES000695_6,2023-06-11T16:48:33,34.45,31.39,3.06
MENRES000695_7,2023-02-05T08:53:02,30.14,25.26,4.88
MENRES000695_12,2023-08-27T03:11:25,32.83,31.01,1.82
MENRES000696_5,2023-07-22T19:33:50,53.04,43.18,9.86
MENRES000696_7,2023-12-11T10:39:00,53.64,47.53,6.11
MENRES000696_12,2023-11-01T10:16:16,42.35,34.46,7.89
MENRES000697_4,2023-06-08T10:48:50,77.39,62.44,14.95
MENRES000697_7,2023-06-23T08:07:41,17.43,15.61,1.82
MENRES000697_8,2023-11-17T06:16:48,76.86,71.13,5.73
MENRES000697_10,2023-10-22T16:34:21,96.55,85.79,10.76
MENRES000698_2,2023-10-15T19:37:50,33.66,30.1,3.56
MENRES000698_4,2023-03-28T00:17:51,77.99,62.93,15.06
MENRES000699_3,2023-12-17T01:09:13,19.56,17.99,1.57
MENRES000699_4,2023-09-05T20:31:42,29.5,27.73,1.77
MENRES000699_5,2023-04-30T09:46:07,52.33,47.46,4.87
MENRES000699_6,2023-11-16T01:18:53,25.96,21.92,4.04
MENRES000700_3,2023-07-14T02:09:42,58.39,50.21,8.18
MENRES000700_4,2023-11-22T06:42:52,91.88,81.53,10.35
MENRES000700_8,2023-05-29T22:40:31,63.63,52.55,11.08
MENRES000701_1,2023-09-14T00:23:48,74.28,64.91,9.37
MENRES000701_3,2023-09-14T20:48:43,16.57,14.93,1.64
MENRES000701_4,2023-08-17T01:54:31,20.29,16.25,4.04
MENRES000701_13,2023-04-06T20:56:28,13.2,11.22,1.98
MENRES000701_15,2023-01-21T09:34:01,45.24,40.87,4.37
MENRES000701_16,2023-07-23T04:32:39,24.21,19.54,4.67
MENRES000702_0,2023-06-10T09:57:18,12.34,10.47,1.87
MENRES000703_0,2023-07-07T15:49:13,46.46,41.64,4.82
MENRES000703_3,2023-04-11T13:49:11,43.21,36.45,6.76
MENRES000703_4,2023-05-25T09:02:24,131.33,106.56,24.77
MENRES000703_6,2023-04-05T09:26:02,25.93,22.19,3.74
MENRES000703_8,2023-03-27T03:06:47,67.56,55.95,11.61
MENRES000703_12,2023-09-04T12:13:41,105.87,97.64,8.23
MENRES000703_13,2023-01-15T11:07:36,144.79,137.49,7.3
MENRES000703_16,2023-01-02T04:35:27,100.88,87.47,13.41
MENRES000704_0,2023-04-20T20:24:46,155.28,131.23,24.05
MENRES000704_1,2023-03-31T20:55:38,69.09,58.02,11.07
MENRES000704_3,2023-06-23T14:22:08,72.71,65.31,7.4
MENRES000704_5,2023-10-16T17:24:23,40.92,36.31,4.61
MENRES000704_6,2023-03-22T15:52:39,155.53,146.53,9.0
MENRES000704_8,2023-12-04T21:44:20,110.13,98.45,11.68
MENRES000704_9,2023-10-13T21:39:00,95.27,85.28,9.99
MENRES000705_0,2023-01-06T18:34:07,7.5,6.46,1.04
MENRES000705_3,2023-06-02T05:54:25,26.08,23.53,2.55
MENRES000706_6,2023-08-21T14:56:10,45.02,38.57,6.45
MENRES000706_7,2023-06-20T05:30:01,44.79,38.95,5.84
MENRES000707_2,2023-11-23T15:01:18,35.56,30.84,4.72
MENRES000707_3,2023-11-29T17:24:28,27.61,23.26,4.35
MENRES000707_4,2023-07-16T13:55:00,5.68,4.96,0.72
MENRES000707_8,2023-12-07T21:08:17,7.33,6.85,0.48
MENRES000707_9,2023-11-13T04:28:38,35.21,30.3,4.91
MENRES000708_0,2023-06-27T21:16:30,27.86,24.25,3.61
MENRES000709_7,2023-04-21T12:48:54,22.78,21.17,1.61
MENRES000709_9,2023-06-18T22:15:54,17.49,15.26,2.23
MENRES000709_11,2023-03-08T08:43:54,49.64,42.33,7.31
MENRES000710_5,2023-08-02T17:46:32,40.56,33.05,7.51
MENRES000710_7,2023-12-17T04:41:53,98.64,83.99,14.65
MENRES000710_10,2023-10-04T10:00:20,97.23,89.34,7.89
MENRES000710_14,2023-05-19T07:27:09,131.51,123.48,8.03
MENRES000710_15,2023-08-03T01:37:39,109.23,94.39,14.84
MENRES000711_0,2023-01-16T11:56:36,113.69,99.73,13.96
MENRES000711_5,2023-10-19T15:54:21,103.64,87.18,16.46
MENRES000711_7,2023-04-06T23:40:16,79.89,69.96,9.93
MENRES000712_2,2023-06-02T00:48:41,29.65,23.77,5.88
MENRES000712_5,2023-08-30T14:43:43,21.3,17.3,4.0
MENRES000712_6,2023-02-03T02:21:13,26.05,21.51,4.54
MENRES000712_7,2023-12-17T04:00:05,18.24,17.2,1.04
MENRES000713_4,2023-01-11T20:42:31,68.81,58.17,10.64
MENRES000713_8,2023-08-29T09:31:45,106.61,94.47,12.14
MENRES000713_9,2023-04-19T14:21:49,64.49,59.96,4.53
MENRES000713_11,2023-11-28T02:46:10,100.96,87.51,13.45
MENRES000713_12,2023-05-16T10:14:02,59.87,49.88,9.99
MENRES000714_1,2023-01-02T09:58:22,63.03,56.55,6.48
MENRES000714_3,2023-05-26T06:36:38,24.09,22.54,1.55
MENRES000714_4,2023-04-09T15:02:37,69.51,62.8,6.71
MENRES000714_5,2023-07-09T20:38:34,61.31,50.88,10.43
MENRES000714_6,2023-04-04T21:14:39,54.24,50.13,4.11
MENRES000714_7,2023-09-07T15:05:59,35.85,31.11,4.74
MENRES000714_10,2023-02-13T01:22:45,63.09,55.42,7.67
MENRES000714_12,2023-07-11T03:56:44,69.63,61.12,8.51
MENRES000715_0,2023-07-31T03:54:08,61.02,56.11,4.91
MENRES000715_1,2023-05-04T10:27:03,111.1,98.03,13.07
MENRES000715_2,2023-01-27T23:23:18,75.76,64.41,11.35
MENRES000715_4,2023-01-20T13:50:06,91.46,83.47,7.99
MENRES000716_1,2023-07-12T23:30:28,13.52,12.55,0.97
MENRES000716_2,2023-06-13T17:03:06,21.07,19.49,1.58
MENRES000716_6,2023-07-19T01:08:01,23.72,21.22,2.5
MENRES000716_7,2023-11-09T04:55:35,33.67,30.47,3.2
MENRES000716_8,2023-09-17T19:59:00,14.03,11.97,2.06
MENRES000716_11,2023-03-31T17:48:49,10.98,10.25,0.73
MENRES000716_14,2023-10-05T15:31:37,36.79,30.57,6.22
MENRES000716_15,2023-07-08T06:59:21,30.0,25.59,4.41
MENRES000716_17,2023-01-26T06:37:44,28.6,23.45,5.15
MENRES000717_0,2023-02-13T04:46:32,65.2,55.64,9.56
MENRES000717_1,2023-01-11T17:43:33,102.34,83.99,18.35
MENRES000717_2,2023-10-30T12:00:25,85.91,77.52,8.39
MENRES000717_5,2023-12-06T11:53:53,110.46,89.96,20.5
MENRES000717_6,2023-06-18T05:42:30,34.88,31.49,3.39
MENRES000717_10,2023-09-26T06:37:02,33.78,31.77,2.01
MENRES000719_9,2023-04-13T04:32:20,25.5,22.0,3.5
MENRES000720_3,2023-06-28T19:15:23,75.9,69.37,6.53
MENRES000720_4,2023-03-05T08:31:12,41.01,34.39,6.62
MENRES000720_13,2023-08-02T08:34:12,54.86,45.86,9.0
MENRES000721_0,2023-04-17T14:16:38,27.05,22.21,4.84
MENRES000721_3,2023-02-12T10:52:23,20.34,16.76,3.58
MENRES000721_4,2023-09-13T00:05:02,23.03,20.29,2.74
MENRES000721_6,2023-11-06T17:27:35,20.92,17.77,3.15
MENRES000721_8,2023-01-08T11:47:59,9.93,9.01,0.92
MENRES000721_9,2023-03-02T05:24:44,20.71,17.95,2.76
MENRES000721_11,2023-09-12T18:34:34,9.1,7.48,1.62
MENRES000721_12,2023-07-02T23:05:49,25.16,21.76,3.4
MENRES000721_13,2023-05-23T20:56:28,29.67,24.55,5.12
MENRES000722_2,2023-09-25T20:10:49,85.66,78.44,7.22
MENRES000722_4,2023-02-04T09:09:40,24.84,20.16,4.68
MENRES000722_5,2023-12-15T08:45:40,23.04,21.73,1.31
MENRES000723_1,2023-11-29T20:35:39,34.89,29.55,5.34
MENRES000723_2,2023-03-20T07:39:42,25.36,21.55,3.81
MENRES000723_3,2023-02-14T15:41:27,13.9,12.82,1.08
MENRES000723_4,2023-10-28T03:51:03,17.25,15.53,1.72
MENRES000723_9,2023-02-16T02:11:24,29.37,25.49,3.88
MENRES000724_0,2023-02-11T07:36:12,35.98,30.53,5.45
MENRES000724_7,2023-06-03T00:54:35,14.52,12.61,1.91
MENRES000724_13,2023-03-06T19:08:32,29.25,23.67,5.58
MENRES000724_16,2023-02-11T11:13:15,21.8,20.6,1.2
MENRES000725_0,2023-06-01T12:17:52,22.84,21.0,1.84
MENRES000725_1,2023-07-27T07:24:39,42.43,36.93,5.5
MENRES000725_2,2023-08-18T17:13:53,39.9,36.7,3.2
MENRES000725_4,2023-12-08T15:41:26,20.73,18.69,2.04
MENRES000726_0,2023-11-12T04:17:36,117.33,96.63,20.7
MENRES000726_3,2023-09-20T01:05:38,28.46,25.72,2.74
MENRES000726_4,2023-06-14T14:32:41,110.38,96.91,13.47
MENRES000726_5,2023-04-13T15:18:38,53.33,48.01,5.32
MENRES000726_7,2023-01-21T23:17:53,78.2,72.04,6.16
MENRES000727_1,2023-10-30T14:14:49,64.31,53.14,11.17
MENRES000727_3,2023-06-18T14:44:33,152.42,140.86,11.56
MENRES000727_7,2023-05-01T22:07:24,110.17,91.04,19.13
MENRES000727_9,2023-12-23T15:54:02,116.0,109.96,6.04
MENRES000727_11,2023-11-21T12:44:40,105.71,90.34,15.37
MENRES000728_1,2023-08-17T01:53:06,93.87,88.02,5.85
MENRES000729_0,2023-01-28T16:34:30,65.57,53.9,11.67
MENRES000729_3,2023-10-26T21:38:21,29.68,25.34,4.34
MENRES000729_5,2023-09-11T10:04:46,17.77,15.72,2.05
MENRES000729_8,2023-02-15T07:56:30,11.62,10.72,0.9
MENRES000730_2,2023-07-15T04:53:18,8.43,6.98,1.45
MENRES000730_4,2023-08-09T23:46:40,35.74,31.32,4.42
MENRES000730_7,2023-04-02T10:54:16,31.49,28.02,3.47
MENRES000730_9,2023-12-15T09:37:34,38.38,34.5,3.88
MENRES000730_10,2023-11-21T20:58:41,35.45,30.97,4.48
MENRES000731_5,2023-02-09T13:26:36,21.23,19.24,1.99
MENRES000731_8,2023-07-09T15:08:43,32.0,30.24,1.76
MENRES000732_1,2023-01-09T12:01:52,42.95,39.55,3.4
MENRES000732_4,2023-10-06T10:49:55,18.84,15.5,3.34
MENRES000732_5,2023-12-23T21:48:40,56.21,48.96,7.25
MENRES000732_11,2023-10-20T20:05:13,60.88,53.85,7.03
MENRES000732_17,2023-02-09T12:02:01,56.37,48.51,7.86
MENRES000733_12,2023-09-25T21:38:15,81.4,71.69,9.71
MENRES000733_13,2023-01-20T06:11:54,57.44,47.42,10.02
MENRES000733_15,2023-05-18T12:47:35,31.94,26.43,5.51
MENRES000733_17,2023-10-26T13:19:07,74.77,68.21,6.56
MENRES000733_19,2023-09-10T02:26:17,54.05,48.01,6.04
MENRES000734_1,2023-01-09T00:48:52,21.76,20.56,1.2
MENRES000734_3,2023-03-09T23:00:51,14.22,11.83,2.39
MENRES000734_9,2023-05-14T19:33:36,12.22,11.26,0.96
MENRES000735_0,2023-12-22T06:33:13,52.1,44.94,7.16
MENRES000735_2,2023-03-13T21:56:18,36.93,33.59,3.34
MENRES000735_4,2023-07-30T12:57:39,35.63,28.63,7.0
MENRES000735_8,2023-10-25T13:26:19,69.42,56.75,12.67
MENRES000735_9,2023-10-06T18:17:57,57.19,49.95,7.24
MENRES000735_12,2023-05-05T13:02:08,63.74,54.72,9.02
MENRES000735_15,2023-08-03T09:52:07,10.91,9.0,1.91
MENRES000735_16,2023-05-13T12:28:10,54.65,45.25,9.4
MENRES000736_1,2023-02-11T08:57:52,140.06,123.42,16.64
MENRES000737_0,2023-06-29T12:07:44,19.53,16.5,3.03
MENRES000737_1,2023-12-02T02:01:22,15.65,13.5,2.15
MENRES000737_4,2023-10-07T00:22:43,6.08,5.68,0.4
MENRES000737_5,2023-06-11T07:42:55,21.23,17.87,3.36
MENRES000737_6,2023-06-05T02:43:11,19.98,16.51,3.47
MENRES000738_3,2023-10-12T11:48:21,43.38,39.94,3.44
MENRES000738_6,2023-05-20T14:57:23,112.67,95.87,16.8
MENRES000739_2,2023-03-09T05:51:01,95.3,82.82,12.48
MENRES000739_3,2023-06-27T02:37:10,112.7,92.86,19.84
MENRES000739_5,2023-05-27T14:47:36,91.29,82.67,8.62
MENRES000739_8,2023-06-26T12:25:57,59.13,50.4,8.73
MENRES000739_16,2023-01-23T13:15:42,154.77,139.02,15.75
MENRES000740_1,2023-09-22T07:50:19,16.16,14.83,1.33
MENRES000740_9,2023-09-18T15:36:32,15.3,14.23,1.07
MENRES000741_3,2023-03-11T21:24:37,104.34,95.08,9.26
MENRES000741_4,2023-01-21T10:12:15,104.58,96.35,8.23
MENRES000741_6,2023-02-15T10:10:34,62.24,49.95,12.29
MENRES000741_7,2023-01-01T18:50:15,56.81,51.17,5.64
MENRES000741_8,2023-03-30T08:39:24,93.86,86.3,7.56
MENRES000742_9,2023-05-14T02:42:40,128.14,106.32,21.82
MENRES000743_0,2023-11-24T14:47:41,124.91,117.38,7.53
MENRES000743_2,2023-04-16T06:21:26,128.97,108.85,20.12
MENRES000743_9,2023-03-01T23:15:39,63.49,52.21,11.28
MENRES000744_3,2023-01-27T15:47:13,60.9,57.69,3.21
MENRES000744_4,2023-08-06T07:39:42,109.05,95.35,13.7
MENRES000745_0,2023-02-18T13:26:48,13.18,12.14,1.04
MENRES000745_3,2023-08-03T06:07:04,34.64,27.98,6.66
MENRES000746_0,2023-07-19T17:53:29,49.29,41.92,7.37
MENRES000746_3,2023-11-14T10:46:29,45.46,39.3,6.16
MENRES000746_6,2023-09-17T23:58:04,73.39,64.04,9.35
MENRES000746_7,2023-09-30T10:56:13,14.98,13.63,1.35
MENRES000746_11,2023-11-09T12:19:25,65.19,57.81,7.38
MENRES000746_14,2023-05-18T23:29:48,18.98,17.09,1.89
MENRES000748_4,2023-11-22T18:45:18,42.28,38.9,3.38
MENRES000749_3,2023-12-03T19:54:35,56.37,48.89,7.48
MENRES000749_12,2023-02-10T18:25:55,84.25,75.71,8.54
MENRES000749_15,2023-06-13T23:08:33,34.17,31.31,2.86
MENRES000749_16,2023-04-30T08:19:36,40.55,34.14,6.41
MENRES000750_0,2023-06-05T18:59:13,37.25,30.59,6.66
MENRES000750_5,2023-05-05T18:46:42,35.02,30.91,4.11
MENRES000751_1,2023-08-07T10:03:38,72.8,60.1,12.7
MENRES000751_3,2023-10-18T12:27:23,78.24,62.85,15.39
MENRES000751_4,2023-12-26T10:59:10,96.03,85.84,10.19
MENRES000751_9,2023-02-23T16:06:52,95.75,85.21,10.54
MENRES000751_10,2023-02-10T13:09:20,50.34,45.0,5.34
MENRES000751_12,2023-07-06T13:44:36,42.56,37.8,4.76
MENRES000752_1,2023-02-08T00:20:24,40.53,33.22,7.31
MENRES000752_9,2023-12-30T01:15:52,96.95,84.21,12.74
MENRES000752_10,2023-01-11T15:48:56,112.16,102.98,9.18
MENRES000752_11,2023-04-26T08:38:47,88.71,73.09,15.62
MENRES000753_6,2023-10-29T19:22:59,38.97,33.63,5.34
MENRES000754_2,2023-09-12T04:20:06,78.46,72.83,5.63
MENRES000754_3,2023-10-16T03:17:49,46.22,39.54,6.68
MENRES000754_5,2023-09-23T03:53:23,38.2,33.23,4.97
MENRES000754_6,2023-04-25T16:33:43,19.39,17.65,1.74
MENRES000754_7,2023-03-09T12:14:01,40.13,32.9,7.23
MENRES000754_12,2023-06-26T22:08:32,72.66,67.57,5.09
MENRES000755_2,2023-07-07T13:47:09,49.94,46.48,3.46
MENRES000755_7,2023-11-09T01:36:23,30.58,26.41,4.17
MENRES000756_4,2023-01-14T16:33:55,43.86,39.17,4.69
MENRES000757_1,2023-02-10T00:00:50,112.7,98.8,13.9
MENRES000757_7,2023-06-08T11:40:43,58.98,52.39,6.59
MENRES000758_0,2023-06-18T17:28:26,25.97,24.64,1.33
MENRES000758_2,2023-08-07T16:24:30,36.39,31.63,4.76
MENRES000758_7,2023-12-22T06:39:36,55.52,47.34,8.18
MENRES000758_8,2023-07-31T09:47:14,29.84,28.23,1.61
MENRES000759_0,2023-08-11T08:42:44,43.65,35.46,8.19
MENRES000759_6,2023-06-02T13:21:18,20.67,19.37,1.3
MENRES000759_7,2023-10-18T02:39:53,41.21,37.43,3.78
MENRES000759_12,2023-08-09T10:29:10,108.29,92.26,16.03
MENRES000760_4,2023-06-04T06:46:06,40.37,38.29,2.08
MENRES000760_9,2023-09-02T09:53:22,61.56,56.13,5.43
MENRES000760_10,2023-02-26T19:37:08,47.1,42.26,4.84
MENRES000760_11,2023-03-09T01:43:42,135.3,123.9,11.4
MENRES000761_0,2023-02-12T02:13:10,20.17,18.59,1.58
MENRES000761_2,2023-12-08T13:41:05,36.95,30.65,6.3
MENRES000761_4,2023-08-09T02:33:10,27.54,24.05,3.49
MENRES000761_9,2023-09-10T04:40:41,13.24,12.33,0.91
MENRES000762_2,2023-08-04T16:36:11,111.83,104.29,7.54
MENRES000762_5,2023-06-15T22:27:44,34.97,31.65,3.32
MENRES000763_0,2023-11-20T22:38:35,145.24,131.3,13.94
MENRES000763_2,2023-11-21T17:06:53,25.66,22.74,2.92
MENRES000763_3,2023-07-11T01:19:22,107.77,90.15,17.62
MENRES000763_5,2023-12-26T21:44:52,117.45,101.18,16.27
MENRES000764_5,2023-12-09T20:36:47,28.04,25.55,2.49
MENRES000764_11,2023-05-06T22:47:59,26.55,23.97,2.58
MENRES000764_17,2023-02-25T00:20:21,30.12,26.9,3.22
MENRES000765_2,2023-06-03T23:16:10,95.92,90.43,5.49
MENRES000765_9,2023-12-12T23:55:57,37.88,31.06,6.82
MENRES000765_11,2023-03-14T02:47:03,73.64,68.68,4.96
MENRES000765_12,2023-07-16T17:58:17,104.42,83.86,20.56
MENRES000766_2,2023-07-02T04:37:03,47.45,44.69,2.76
MENRES000766_4,2023-05-18T10:57:35,59.32,53.41,5.91
MENRES000766_6,2023-08-13T09:21:37,33.55,29.72,3.83
MENRES000767_0,2023-02-13T11:38:36,11.57,10.69,0.88
MENRES000767_1,2023-04-14T20:02:51,37.13,34.81,2.32
MENRES000767_3,2023-03-06T04:44:47,39.79,34.57,5.22
MENRES000767_4,2023-01-03T09:29:20,30.36,28.55,1.81
MENRES000767_8,2023-07-05T02:25:37,28.65,25.68,2.97
MENRES000767_11,2023-12-07T11:28:30,31.67,27.68,3.99
MENRES000768_12,2023-05-07T05:56:30,106.9,97.12,9.78
MENRES000769_5,2023-05-23T20:21:45,24.38,22.98,1.4
MENRES000769_6,2023-05-12T00:33:20,77.06,66.15,10.91
MENRES000770_1,2023-06-25T20:29:06,110.46,91.46,19.0
MENRES000770_3,2023-04-28T02:28:37,110.88,100.84,10.04
MENRES000770_5,2023-09-22T22:42:28,70.02,64.82,5.2
MENRES000771_2,2023-01-27T14:45:31,110.62,102.97,7.65
MENRES000771_6,2023-06-28T11:40:40,53.22,43.19,10.03
MENRES000771_7,2023-05-22T23:28:32,31.93,26.06,5.87
MENRES000771_9,2023-03-10T12:39:43,61.66,52.53,9.13
MENRES000771_11,2023-05-12T14:05:38,66.14,61.44,4.7
MENRES000771_12,2023-04-04T01:41:20,55.1,47.06,8.04
MENRES000771_16,2023-04-28T18:57:55,41.1,36.9,4.2
MENRES000772_2,2023-01-30T16:35:12,35.63,31.98,3.65
MENRES000773_0,2023-10-03T17:11:22,23.53,22.35,1.18
MENRES000773_3,2023-07-03T04:15:02,9.22,8.26,0.96
MENRES000774_0,2023-09-19T02:41:28,11.52,10.6,0.92
MENRES000774_6,2023-08-12T11:01:26,22.2,17.95,4.25
MENRES000774_7,2023-05-02T22:45:50,21.77,19.16,2.61
MENRES000774_8,2023-11-20T06:56:20,32.59,26.37,6.22
MENRES000774_9,2023-09-23T22:06:21,70.72,59.79,10.93
MENRES000774_13,2023-01-10T12:14:55,14.0,12.6,1.4
MENRES000774_14,2023-08-01T07:09:00,29.04,24.37,4.67
MENRES000776_0,2023-12-25T11:10:59,31.52,29.07,2.45
MENRES000776_5,2023-04-12T07:46:21,32.13,26.97,5.16
MENRES000776_6,2023-09-07T13:32:21,19.88,17.3,2.58
MENRES000777_0,2023-06-14T06:15:52,33.38,31.36,2.02
MENRES000777_2,2023-04-05T05:56:42,33.52,27.59,5.93
MENRES000777_5,2023-01-28T20:49:01,39.7,32.25,7.45
MENRES000778_2,2023-04-19T05:37:00,6.82,6.35,0.47
MENRES000778_3,2023-09-26T15:53:29,23.01,19.32,3.69
MENRES000778_6,2023-05-28T12:05:45,19.72,18.31,1.41
MENRES000778_11,2023-06-28T23:12:24,9.35,8.55,0.8
MENRES000778_12,2023-03-15T00:18:18,32.56,30.22,2.34
MENRES000778_13,2023-09-28T23:19:29,25.81,22.84,2.97
MENRES000780_2,2023-03-23T08:32:48,13.27,11.25,2.02
MENRES000780_5,2023-02-05T04:22:19,15.12,12.54,2.58
MENRES000781_2,2023-04-23T01:08:28,78.67,73.03,5.64
MENRES000781_3,2023-02-21T15:12:03,66.48,55.74,10.74
MENRES000781_6,2023-07-31T04:52:34,88.31,83.81,4.5
MENRES000781_8,2023-06-06T13:36:06,58.72,55.31,3.41
MENRES000781_13,2023-05-22T20:59:16,48.74,39.85,8.89
MENRES000782_1,2023-02-03T08:02:56,31.93,27.88,4.05
MENRES000782_2,2023-05-21T12:08:27,34.31,31.99,2.32
MENRES000782_4,2023-11-26T08:09:56,39.89,33.77,6.12
MENRES000783_4,2023-07-30T04:27:35,13.56,11.37,2.19
MENRES000784_0,2023-05-10T18:19:00,34.39,30.83,3.56
MENRES000784_5,2023-06-16T06:17:56,36.05,30.49,5.56
MENRES000784_6,2023-10-21T22:39:06,32.42,28.97,3.45
MENRES000784_8,2023-07-15T09:45:24,16.61,14.9,1.71
MENRES000784_9,2023-06-10T21:04:27,17.55,15.97,1.58
MENRES000785_0,2023-03-22T14:09:25,77.6,67.16,10.44
MENRES000785_3,2023-01-10T01:26:00,30.65,27.42,3.23
MENRES000785_15,2023-09-21T03:48:38,143.21,132.03,11.18
MENRES000786_1,2023-07-05T15:13:53,115.66,100.12,15.54
MENRES000786_2,2023-09-04T04:21:28,85.45,68.79,16.66
MENRES000786_3,2023-07-19T07:01:22,80.43,70.32,10.11
MENRES000786_4,2023-09-06T02:45:05,22.11,18.72,3.39
MENRES000786_6,2023-07-18T05:34:19,80.1,69.24,10.86
MENRES000788_2,2023-04-22T16:12:05,137.16,124.1,13.06
MENRES000788_4,2023-10-02T08:37:23,151.58,124.34,27.24
MENRES000788_12,2023-04-25T08:09:47,33.51,27.14,6.37
MENRES000788_13,2023-12-17T15:40:57,72.99,64.35,8.64
MENRES000788_14,2023-10-19T22:10:53,97.42,91.56,5.86
MENRES000788_15,2023-07-01T21:37:47,68.14,59.15,8.99
MENRES000789_2,2023-05-20T07:42:33,40.99,36.51,4.48
MENRES000789_4,2023-08-15T04:29:58,88.25,83.4,4.85
MENRES000789_7,2023-01-25T03:03:47,87.87,83.35,4.52
MENRES000789_9,2023-09-04T17:16:30,144.46,135.82,8.64
MENRES000789_10,2023-10-01T14:42:27,108.81,101.31,7.5
MENRES000789_12,2023-10-10T05:15:14,83.69,67.42,16.27
MENRES000790_0,2023-10-14T13:35:00,38.48,35.26,3.22
MENRES000790_1,2023-03-18T19:12:51,26.48,24.77,1.71
MENRES000790_4,2023-08-11T07:52:41,15.7,13.17,2.53
MENRES000790_6,2023-04-22T21:09:24,25.6,23.3,2.3
MENRES000790_8,2023-08-03T13:21:16,6.95,6.11,0.84
MENRES000790_10,2023-07-11T06:15:56,19.06,18.09,0.97
MENRES000790_13,2023-04-01T14:42:05,26.56,21.84,4.72
MENRES000790_16,2023-02-25T00:58:11,11.72,10.58,1.14
MENRES000791_4,2023-06-26T03:40:53,102.33,97.02,5.31
MENRES000792_8,2023-12-13T15:45:21,46.22,37.16,9.06
MENRES000792_10,2023-02-15T20:08:51,53.25,49.57,3.68
MENRES000793_0,2023-06-21T04:13:23,81.8,73.67,8.13
MENRES000793_1,2023-10-13T01:56:22,37.12,34.41,2.71
MENRES000793_3,2023-11-17T18:14:39,106.14,97.43,8.71
MENRES000793_5,2023-04-13T12:52:44,103.72,90.46,13.26
MENRES000794_0,2023-12-08T17:33:20,72.72,65.63,7.09
MENRES000794_1,2023-04-13T21:51:20,26.81,24.84,1.97
MENRES000794_2,2023-07-10T09:36:50,29.3,26.21,3.09
MENRES000794_5,2023-10-31T10:07:40,12.79,10.64,2.15
MENRES000794_8,2023-12-26T22:01:52,40.46,38.25,2.21
MENRES000794_10,2023-10-13T14:19:40,36.99,34.47,2.52
MENRES000794_11,2023-09-12T13:28:38,61.3,53.7,7.6
MENRES000795_3,2023-10-05T16:26:18,38.25,36.15,2.1
MENRES000795_4,2023-10-04T04:42:58,84.79,79.72,5.07
MENRES000795_7,2023-06-01T01:34:03,42.36,35.02,7.34
MENRES000796_4,2023-12-17T22:04:18,97.79,90.92,6.87
MENRES000797_3,2023-03-22T20:53:13,69.86,59.34,10.52
MENRES000797_4,2023-01-04T10:27:25,29.83,25.55,4.28
MENRES000798_0,2023-12-06T04:28:50,36.61,32.99,3.62
MENRES000798_1,2023-07-20T02:31:36,56.08,47.11,8.97
MENRES000798_2,2023-07-30T11:09:41,73.54,68.84,4.7
MENRES000798_3,2023-01-16T10:40:51,66.44,61.28,5.16
MENRES000798_4,2023-10-21T11:21:39,74.05,63.3,10.75
MENRES000798_7,2023-03-25T00:42:15,53.49,45.56,7.93
MENRES000798_8,2023-03-22T02:06:43,47.05,40.78,6.27
MENRES000798_9,2023-04-05T23:34:17,72.61,65.58,7.03
MENRES000798_10,2023-07-04T07:04:24,67.24,63.43,3.81
MENRES000799_3,2023-05-14T12:54:52,58.5,48.85,9.65
MENRES000799_4,2023-11-09T18:44:40,11.22,10.43,0.79
MENRES000799_5,2023-03-23T12:05:16,59.01,50.01,9.0
MENRES000799_10,2023-05-01T02:30:04,12.0,9.68,2.32
MENRES000799_11,2023-08-13T01:16:14,23.03,21.26,1.77
MENRES000799_16,2023-06-27T11:07:03,74.3,65.81,8.49
MENRES000800_1,2023-03-27T07:46:56,70.62,61.83,8.79
MENRES000800_3,2023-01-24T13:00:38,109.1,103.39,5.71
MENRES000800_5,2023-05-02T14:58:41,110.37,102.34,8.03
MENRES000800_11,2023-08-16T06:53:54,30.82,27.21,3.61
MENRES000801_4,2023-01-01T23:17:13,12.52,10.27,2.25
MENRES000801_6,2023-01-13T19:26:37,27.07,23.28,3.79
MENRES000801_9,2023-01-07T05:31:47,14.96,13.89,1.07
MENRES000802_4,2023-02-24T16:14:57,32.45,30.47,1.98
MENRES000802_6,2023-04-05T05:19:21,34.2,29.55,4.65
MENRES000802_7,2023-08-27T20:22:43,46.15,37.84,8.31
MENRES000802_12,2023-07-20T08:23:36,30.71,27.54,3.17
MENRES000803_1,2023-11-18T01:35:29,38.53,35.75,2.78
MENRES000804_4,2023-12-30T01:04:41,20.67,19.45,1.22
MENRES000805_0,2023-06-30T19:27:35,50.62,41.31,9.31
MENRES000805_3,2023-10-29T21:12:17,98.11,80.09,18.02
MENRES000805_4,2023-06-29T10:19:05,89.4,80.86,8.54
MENRES000805_5,2023-10-07T09:02:15,42.22,34.73,7.49
MENRES000805_10,2023-05-15T10:15:35,63.34,59.44,3.9
MENRES000805_11,2023-10-26T03:37:52,113.47,93.36,20.11
MENRES000805_12,2023-07-22T23:18:30,89.93,74.78,15.15
MENRES000806_2,2023-03-18T01:17:08,19.16,16.64,2.52
MENRES000806_9,2023-08-14T03:26:43,13.77,12.77,1.0
MENRES000807_2,2023-09-19T13:35:37,32.15,29.85,2.3
MENRES000807_4,2023-04-04T23:29:13,39.05,34.75,4.3
MENRES000807_5,2023-11-25T10:40:35,29.35,25.08,4.27
MENRES000807_9,2023-05-10T16:20:26,31.7,28.97,2.73
MENRES000807_12,2023-05-18T10:48:04,21.36,19.42,1.94
MENRES000807_18,2023-02-01T00:38:11,70.07,56.21,13.86
MENRES000808_1,2023-11-07T15:30:20,29.08,26.45,2.63
MENRES000808_2,2023-10-16T04:55:38,63.57,55.98,7.59
MENRES000808_3,2023-07-19T03:04:06,53.48,50.1,3.38
MENRES000808_4,2023-12-06T06:53:51,31.45,25.35,6.1
MENRES000809_0,2023-10-12T19:37:54,76.82,70.96,5.86
MENRES000809_1,2023-05-01T20:39:05,97.79,88.23,9.56
MENRES000809_2,2023-06-10T06:14:58,134.68,116.84,17.84
MENRES000809_5,2023-01-27T15:05:23,99.82,80.5,19.32
MENRES000809_8,2023-11-08T15:52:58,69.36,63.26,6.1
MENRES000809_9,2023-09-19T09:19:26,52.35,45.86,6.49
MENRES000809_14,2023-12-04T02:54:59,63.9,55.57,8.33
MENRES000809_16,2023-05-07T22:14:43,143.73,124.69,19.04
MENRES000810_1,2023-03-08T02:59:20,86.49,74.79,11.7
MENRES000810_2,2023-09-28T18:12:59,118.59,105.47,13.12
MENRES000810_3,2023-09-18T11:42:38,16.34,14.08,2.26
MENRES000810_6,2023-05-07T08:34:43,47.95,41.72,6.23
MENRES000810_9,2023-03-28T20:06:39,80.62,72.52,8.1
MENRES000811_1,2023-03-15T16:51:38,37.96,33.11,4.85
MENRES000811_2,2023-11-24T02:45:02,22.55,19.77,2.78
MENRES000811_4,2023-06-17T09:33:02,6.96,6.11,0.85
MENRES000811_5,2023-11-21T20:17:21,6.38,5.44,0.94
MENRES000811_6,2023-05-03T10:49:25,38.93,32.19,6.74
MENRES000811_11,2023-09-14T19:22:35,29.9,27.61,2.29
MENRES000812_3,2023-12-13T12:46:56,137.44,111.28,26.16
MENRES000812_7,2023-04-20T07:18:33,78.44,72.47,5.97
MENRES000812_8,2023-11-24T17:17:17,64.5,52.8,11.7
MENRES000813_1,2023-02-21T15:32:12,106.8,99.05,7.75
MENRES000814_1,2023-09-19T05:23:29,87.8,73.99,13.81
MENRES000814_2,2023-03-02T14:41:49,15.28,12.62,2.66
MENRES000814_4,2023-10-06T18:25:12,15.3,14.17,1.13
MENRES000814_8,2023-08-28T18:47:12,51.03,46.8,4.23
MENRES000814_11,2023-05-05T08:37:29,21.03,19.13,1.9
MENRES000815_2,2023-09-07T05:14:11,63.6,58.66,4.94
MENRES000816_0,2023-01-30T13:39:00,19.07,17.96,1.11
MENRES000816_2,2023-01-15T07:38:35,9.71,7.85,1.86
MENRES000816_3,2023-10-01T12:28:00,31.11,29.38,1.73
MENRES000817_13,2023-10-12T18:30:05,101.68,96.55,5.13
MENRES000817_14,2023-03-25T21:00:38,108.03,86.8,21.23
MENRES000818_1,2023-08-17T15:20:48,34.66,30.48,4.18
MENRES000818_5,2023-07-05T21:54:22,119.47,100.76,18.71
MENRES000818_15,2023-07-02T09:49:15,112.54,106.44,6.1
MENRES000819_0,2023-08-27T05:52:51,57.53,54.4,3.13
MENRES000819_3,2023-04-11T12:40:00,76.92,71.74,5.18
MENRES000820_0,2023-03-03T04:31:20,117.14,110.83,6.31
MENRES000820_1,2023-07-04T11:57:18,32.98,29.32,3.66
MENRES000820_2,2023-09-02T04:22:07,149.67,138.42,11.25
MENRES000820_4,2023-10-15T12:08:28,29.13,26.67,2.46
MENRES000820_7,2023-03-11T12:18:21,130.31,105.36,24.95
MENRES000820_9,2023-12-19T17:13:39,129.55,116.73,12.82
MENRES000820_13,2023-01-21T20:18:44,147.98,136.96,11.02
MENRES000821_2,2023-07-05T07:54:14,21.32,20.15,1.17
MENRES000821_7,2023-05-26T15:07:56,11.52,10.44,1.08
MENRES000821_10,2023-07-22T11:13:37,20.65,17.6,3.05
MENRES000821_13,2023-07-08T22:26:56,28.43,23.17,5.26
MENRES000821_15,2023-02-12T14:04:10,18.57,15.79,2.78
MENRES000821_17,2023-09-08T21:18:06,27.25,21.81,5.44
MENRES000822_1,2023-10-26T19:27:09,31.26,27.15,4.11
MENRES000822_7,2023-07-24T14:48:04,28.15,24.38,3.77
MENRES000822_9,2023-09-05T11:02:45,72.09,63.06,9.03
MENRES000822_10,2023-10-09T05:43:13,77.53,68.14,9.39
MENRES000822_11,2023-12-20T08:00:07,42.15,39.22,2.93
MENRES000823_3,2023-03-05T23:45:59,89.62,83.96,5.66
MENRES000823_6,2023-08-30T15:32:03,151.74,130.84,20.9
MENRES000824_1,2023-09-06T07:19:45,59.67,55.84,3.83
MENRES000824_6,2023-05-14T21:02:11,92.78,76.3,16.48
MENRES000824_7,2023-07-14T09:44:33,33.08,28.13,4.95
MENRES000825_1,2023-12-19T21:14:18,42.08,33.68,8.4
MENRES000825_4,2023-09-01T10:32:07,40.95,35.01,5.94
MENRES000825_5,2023-07-01T00:22:37,47.14,38.06,9.08
MENRES000825_11,2023-10-27T17:30:19,38.9,31.78,7.12
MENRES000826_1,2023-11-07T18:42:23,76.53,68.95,7.58
MENRES000826_3,2023-10-12T19:21:35,76.37,68.31,8.06
MENRES000827_3,2023-04-08T08:14:07,35.79,29.18,6.61
MENRES000827_7,2023-11-08T23:38:02,23.54,20.84,2.7
MENRES000828_0,2023-06-14T18:05:36,53.95,44.58,9.37
MENRES000828_2,2023-02-23T13:41:24,66.84,55.66,11.18
MENRES000828_9,2023-02-21T14:08:44,92.55,75.24,17.31
MENRES000828_10,2023-05-21T19:49:52,96.96,83.36,13.6
MENRES000829_0,2023-08-24T14:08:03,89.11,74.07,15.04
MENRES000829_1,2023-05-08T04:35:43,50.25,46.95,3.3
MENRES000829_3,2023-06-19T10:16:49,76.76,61.66,15.1
MENRES000829_5,2023-06-18T23:19:10,27.89,22.66,5.23
MENRES000829_9,2023-03-14T15:32:36,82.41,67.9,14.51
MENRES000829_11,2023-12-12T20:43:43,74.59,62.86,11.73
MENRES000829_12,2023-02-08T18:01:06,102.19,86.22,15.97
MENRES000829_17,2023-12-19T05:57:10,112.9,99.27,13.63
MENRES000830_3,2023-04-19T14:54:14,48.98,44.7,4.28
MENRES000830_6,2023-06-02T14:32:05,77.36,63.21,14.15
MENRES000830_8,2023-04-08T15:49:13,30.33,25.17,5.16
MENRES000830_11,2023-04-28T07:41:43,47.2,44.29,2.91
MENRES000830_13,2023-08-22T11:28:27,72.61,58.37,14.24
MENRES000831_1,2023-09-10T15:27:43,88.88,72.94,15.94
MENRES000831_2,2023-04-14T13:38:52,59.67,52.94,6.73
MENRES000831_4,2023-02-03T14:01:13,90.27,80.17,10.1
MENRES000831_9,2023-08-21T07:34:31,90.23,82.78,7.45
MENRES000832_2,2023-11-10T07:02:02,54.63,49.09,5.54
MENRES000832_5,2023-11-21T20:48:00,91.04,76.86,14.18
MENRES000832_6,2023-01-31T00:16:21,19.7,16.58,3.12
MENRES000833_0,2023-09-11T03:14:55,42.7,35.18,7.52
MENRES000833_6,2023-02-09T14:00:05,18.94,16.78,2.16
MENRES000833_8,2023-11-17T15:52:02,71.13,64.4,6.73
MENRES000833_13,2023-03-30T19:05:06,16.04,15.14,0.9
MENRES000834_1,2023-10-13T08:36:17,38.05,35.61,2.44
MENRES000834_3,2023-11-27T14:57:08,68.26,60.53,7.73
MENRES000834_5,2023-12-10T04:31:20,32.05,26.49,5.56
MENRES000835_3,2023-07-05T11:58:41,25.78,23.27,2.51
MENRES000835_7,2023-06-02T09:13:11,135.45,126.73,8.72
MENRES000835_9,2023-07-08T07:17:25,71.39,60.63,10.76
MENRES000836_0,2023-11-05T20:28:38,26.53,24.5,2.03
MENRES000836_6,2023-06-26T02:46:22,17.65,14.16,3.49
MENRES000836_8,2023-08-28T12:16:51,26.92,23.68,3.24
MENRES000837_2,2023-05-13T17:16:31,35.07,33.11,1.96
MENRES000838_1,2023-05-17T12:09:13,62.25,51.45,10.8
MENRES000838_5,2023-07-15T02:44:00,30.88,28.92,1.96
MENRES000838_10,2023-05-23T02:32:56,72.58,64.99,7.59
MENRES000838_15,2023-11-05T20:38:52,50.15,45.14,5.01
MENRES000839_0,2023-06-26T02:35:16,35.94,31.57,4.37
MENRES000839_4,2023-11-12T10:31:39,26.64,22.96,3.68
MENRES000839_8,2023-12-12T09:48:21,17.62,14.68,2.94
MENRES000839_11,2023-01-22T07:23:07,60.87,55.56,5.31
MENRES000840_3,2023-08-10T07:34:38,11.9,9.9,2.0
MENRES000840_4,2023-04-12T18:47:09,36.13,29.75,6.38
MENRES000840_8,2023-10-11T21:28:17,39.95,32.38,7.57
MENRES000841_2,2023-12-13T18:25:17,113.17,99.83,13.34
MENRES000842_5,2023-10-07T00:22:09,52.43,43.92,8.51
MENRES000843_2,2023-04-23T16:56:26,46.56,40.85,5.71
MENRES000843_10,2023-10-13T01:23:22,81.41,69.47,11.94
MENRES000844_2,2023-07-04T00:59:14,27.99,25.29,2.7
MENRES000844_3,2023-02-13T16:09:22,43.04,39.35,3.69
MENRES000844_5,2023-07-06T10:06:51,18.09,16.74,1.35
MENRES000844_7,2023-09-29T12:35:35,45.15,38.58,6.57
MENRES000844_8,2023-02-10T09:29:48,51.79,41.68,10.11
MENRES000844_12,2023-03-21T22:14:06,75.67,63.27,12.4
MENRES000845_0,2023-06-09T03:38:51,61.39,55.93,5.46
MENRES000845_10,2023-03-10T03:36:01,138.29,125.02,13.27
MENRES000846_3,2023-08-16T01:50:20,16.67,14.76,1.91
MENRES000846_4,2023-11-26T02:45:34,39.33,37.02,2.31
MENRES000847_4,2023-07-06T19:19:05,132.15,124.16,7.99
MENRES000847_11,2023-10-03T00:43:24,39.6,32.11,7.49
MENRES000848_0,2023-08-13T15:42:27,26.88,22.35,4.53
MENRES000848_3,2023-09-05T11:15:37,14.29,12.52,1.77
MENRES000848_7,2023-04-23T02:04:07,6.82,5.73,1.09
MENRES000848_14,2023-01-05T02:18:54,16.17,15.06,1.11
MENRES000849_4,2023-06-03T16:36:04,111.42,90.95,20.47
MENRES000850_4,2023-01-06T16:19:53,66.61,62.46,4.15
MENRES000850_8,2023-11-07T08:26:38,23.77,20.63,3.14
MENRES000850_9,2023-05-08T08:53:54,60.05,52.91,7.14
MENRES000851_0,2023-10-25T04:37:23,69.09,57.96,11.13
MENRES000851_6,2023-03-21T08:48:25,100.15,80.37,19.78
MENRES000851_8,2023-05-15T07:52:34,34.52,30.38,4.14
MENRES000852_0,2023-01-07T13:36:13,78.78,73.37,5.41
MENRES000852_3,2023-12-03T05:45:25,68.31,63.44,4.87
MENRES000853_0,2023-09-21T07:12:15,47.85,38.35,9.5
MENRES000853_1,2023-06-08T01:49:39,139.02,130.64,8.38
MENRES000853_2,2023-11-16T03:02:27,81.28,72.7,8.58
MENRES000853_10,2023-08-31T16:04:58,119.31,102.52,16.79
MENRES000853_15,2023-05-18T15:21:56,61.54,54.62,6.92
MENRES000853_19,2023-06-25T22:57:22,50.11,43.17,6.94
MENRES000854_1,2023-10-24T10:18:11,100.87,82.83,18.04
MENRES000854_2,2023-11-27T11:00:10,119.62,103.75,15.87
MENRES000854_3,2023-08-03T16:28:30,42.26,34.86,7.4
MENRES000854_12,2023-01-24T12:21:16,55.37,45.81,9.56
MENRES000855_0,2023-07-01T06:34:31,10.95,8.91,2.04
MENRES000855_4,2023-06-04T19:49:14,31.23,28.86,2.37
MENRES000855_7,2023-06-09T10:51:07,6.38,5.53,0.85
MENRES000855_9,2023-12-14T09:13:43,18.14,16.04,2.1
MENRES000855_11,2023-11-26T16:43:34,25.97,22.64,3.33
MENRES000856_5,2023-06-04T16:24:27,23.37,22.19,1.18
MENRES000856_9,2023-11-13T03:32:46,12.48,10.06,2.42
MENRES000856_11,2023-03-14T05:20:07,15.52,12.58,2.94
MENRES000856_15,2023-03-09T18:29:58,8.0,7.14,0.86
MENRES000856_16,2023-06-24T01:59:49,22.43,20.87,1.56
MENRES000856_17,2023-05-03T10:12:27,33.68,31.15,2.53
MENRES000857_0,2023-02-24T11:10:09,109.59,98.99,10.6
MENRES000857_2,2023-09-30T10:08:59,89.77,75.61,14.16
MENRES000857_4,2023-08-25T18:51:04,103.81,89.62,14.19
MENRES000857_6,2023-01-05T11:14:19,135.87,115.05,20.82
MENRES000857_7,2023-10-13T15:57:31,108.45,97.04,11.41
MENRES000857_8,2023-01-31T18:05:44,49.26,41.19,8.07
MENRES000857_13,2023-08-30T10:57:47,143.32,133.78,9.54
MENRES000857_17,2023-09-14T06:33:46,22.63,21.15,1.48
MENRES000857_18,2023-05-07T19:38:32,49.9,41.19,8.71
MENRES000858_0,2023-10-23T09:13:30,22.62,21.1,1.52
MENRES000858_14,2023-12-22T11:16:18,28.76,23.01,5.75
MENRES000858_15,2023-11-10T06:07:40,18.93,17.14,1.79
MENRES000858_16,2023-10-27T10:56:53,19.63,17.39,2.24
MENRES000859_5,2023-03-05T14:02:53,28.63,26.63,2.0
MENRES000859_9,2023-12-16T07:12:58,32.21,26.09,6.12
MENRES000859_11,2023-10-09T08:47:13,117.72,96.61,21.11
MENRES000859_12,2023-11-04T01:28:01,70.02,66.2,3.82
MENRES000859_13,2023-01-01T22:33:26,19.29,16.5,2.79
MENRES000859_16,2023-02-14T06:38:42,86.67,76.51,10.16
MENRES000860_1,2023-01-31T11:12:08,30.98,26.19,4.79
MENRES000860_2,2023-11-20T15:16:36,103.49,83.19,20.3
MENRES000860_6,2023-01-31T03:34:23,105.23,99.16,6.07
MENRES000860_9,2023-08-28T09:05:36,36.46,34.15,2.31
MENRES000861_1,2023-06-24T02:12:44,66.09,59.45,6.64
MENRES000862_1,2023-10-27T14:39:27,9.85,9.01,0.84
MENRES000862_6,2023-08-13T16:58:41,11.94,9.89,2.05
MENRES000862_7,2023-03-10T16:53:59,10.68,9.82,0.86
MENRES000862_11,2023-06-28T18:42:40,31.72,29.13,2.59
MENRES000862_12,2023-07-14T03:52:49,26.87,23.98,2.89
MENRES000862_13,2023-12-28T10:20:31,6.93,6.57,0.36
MENRES000863_2,2023-04-01T09:33:10,28.43,23.48,4.95
MENRES000863_4,2023-12-18T13:07:43,17.83,14.31,3.52
MENRES000863_8,2023-08-28T05:27:17,23.22,21.52,1.7
MENRES000864_6,2023-09-24T11:27:17,83.64,72.82,10.82
MENRES000864_7,2023-03-30T00:45:52,104.65,97.04,7.61
MENRES000865_1,2023-11-16T18:49:29,84.78,68.55,16.23
MENRES000865_3,2023-04-08T15:23:03,143.86,131.3,12.56
MENRES000865_4,2023-12-24T02:35:30,71.08,58.08,13.0
MENRES000865_12,2023-07-06T15:46:27,140.65,125.99,14.66
MENRES000866_0,2023-05-23T23:10:49,60.32,48.4,11.92
MENRES000866_6,2023-08-08T11:58:55,135.09,124.75,10.34
MENRES000866_8,2023-10-04T15:21:29,151.71,122.53,29.18
MENRES000866_13,2023-05-17T05:51:40,36.65,30.84,5.81
MENRES000866_14,2023-01-28T13:51:30,76.84,72.54,4.3
MENRES000866_15,2023-04-21T12:28:53,76.59,65.56,11.03
MENRES000866_17,2023-03-23T18:33:52,121.85,110.43,11.42
MENRES000867_5,2023-06-13T15:52:39,60.05,56.29,3.76
MENRES000868_0,2023-12-11T05:01:25,32.73,26.84,5.89
MENRES000868_1,2023-05-19T10:41:54,7.07,6.48,0.59
MENRES000868_2,2023-02-14T03:44:07,20.96,19.89,1.07
MENRES000868_3,2023-10-03T04:29:00,23.76,22.26,1.5
MENRES000868_5,2023-05-15T14:55:42,6.74,5.98,0.76
MENRES000869_0,2023-12-15T10:02:38,16.92,15.01,1.91
MENRES000869_6,2023-02-04T01:14:39,6.87,5.92,0.95
MENRES000869_11,2023-10-28T16:13:58,35.66,28.76,6.9
MENRES000869_13,2023-05-18T12:42:08,15.45,12.81,2.64
MENRES000870_2,2023-02-23T14:14:28,71.05,61.75,9.3
MENRES000870_4,2023-08-09T19:38:57,103.13,88.44,14.69
MENRES000870_6,2023-04-19T06:48:42,32.29,27.39,4.9
MENRES000870_10,2023-04-10T17:12:30,45.96,43.26,2.7
MENRES000870_12,2023-07-26T10:33:31,132.3,116.98,15.32
MENRES000870_16,2023-10-20T23:34:36,58.76,55.61,3.15
MENRES000871_0,2023-11-26T00:04:55,20.0,18.96,1.04
MENRES000871_3,2023-02-11T22:21:56,55.57,44.7,10.87
MENRES000871_6,2023-05-08T11:34:03,17.87,14.38,3.49
MENRES000872_5,2023-12-04T09:51:48,7.35,6.67,0.68
MENRES000873_2,2023-05-06T12:51:28,142.95,115.29,27.66
MENRES000873_7,2023-09-18T05:33:12,118.74,105.82,12.92
MENRES000873_10,2023-12-19T11:04:34,143.25,122.82,20.43
MENRES000873_11,2023-06-17T21:04:01,118.33,102.37,15.96
MENRES000873_17,2023-12-01T01:54:24,103.29,85.17,18.12
MENRES000874_1,2023-12-23T00:43:03,9.17,8.7,0.47
MENRES000874_5,2023-03-01T04:28:55,10.32,9.21,1.11
MENRES000874_10,2023-08-09T23:21:36,32.82,26.6,6.22
MENRES000874_15,2023-06-02T00:22:59,5.56,4.62,0.94
MENRES000876_1,2023-03-29T16:29:16,22.23,20.72,1.51
MENRES000876_3,2023-03-07T11:35:54,13.08,11.58,1.5
MENRES000876_7,2023-08-16T02:50:14,31.55,29.76,1.79
MENRES000877_3,2023-06-24T13:28:01,78.88,74.34,4.54
MENRES000878_4,2023-03-12T01:59:07,8.35,6.71,1.64
MENRES000878_10,2023-07-22T18:03:17,13.21,11.81,1.4
MENRES000879_2,2023-04-07T03:28:42,73.26,60.99,12.27
MENRES000880_3,2023-11-30T01:04:41,71.98,66.6,5.38
MENRES000880_5,2023-09-02T16:27:14,51.91,43.06,8.85
MENRES000880_6,2023-05-22T15:11:00,49.16,44.3,4.86
MENRES000881_2,2023-05-30T11:20:55,87.4,70.75,16.65
MENRES000881_3,2023-03-31T04:07:58,76.4,67.34,9.06
MENRES000881_5,2023-07-05T16:30:51,154.42,144.72,9.7
MENRES000881_6,2023-11-27T19:03:17,20.63,18.78,1.85
MENRES000881_7,2023-01-05T23:54:25,146.21,137.11,9.1
MENRES000881_13,2023-12-15T02:03:46,89.62,76.64,12.98
MENRES000881_17,2023-08-09T16:34:57,156.12,141.12,15.0
MENRES000881_18,2023-03-08T22:39:11,28.03,23.31,4.72
MENRES000882_2,2023-03-17T09:01:18,45.35,38.33,7.02
MENRES000882_8,2023-05-07T13:39:45,75.92,66.38,9.54
MENRES000882_9,2023-10-15T13:48:25,116.05,103.24,12.81
MENRES000882_10,2023-10-14T21:00:59,56.42,51.74,4.68
MENRES000882_12,2023-11-12T03:35:59,96.76,80.24,16.52
MENRES000882_13,2023-09-20T01:38:39,84.54,71.33,13.21
MENRES000882_15,2023-05-05T08:33:40,23.09,18.65,4.44
MENRES000882_17,2023-02-25T07:27:20,59.72,52.52,7.2
MENRES000882_19,2023-03-14T13:08:13,43.33,39.65,3.68
MENRES000883_2,2023-05-14T12:53:50,22.94,20.87,2.07
MENRES000884_7,2023-10-24T21:09:50,111.68,99.54,12.14
MENRES000885_1,2023-01-29T03:54:20,36.21,33.83,2.38
MENRES000885_15,2023-03-25T07:14:28,21.2,19.71,1.49
MENRES000886_0,2023-03-08T15:45:37,105.94,84.86,21.08
MENRES000886_2,2023-07-26T22:07:30,65.48,61.52,3.96
MENRES000886_7,2023-03-23T11:32:10,101.14,87.08,14.06
MENRES000886_12,2023-04-24T00:51:50,100.81,93.02,7.79
MENRES000886_13,2023-09-15T06:37:49,41.57,37.18,4.39
MENRES000886_14,2023-06-03T09:15:34,110.26,90.72,19.54
MENRES000886_15,2023-12-22T14:30:30,75.67,65.91,9.76
MENRES000886_17,2023-10-10T22:55:32,109.38,88.32,21.06
MENRES000887_4,2023-01-16T23:26:12,31.9,29.08,2.82
MENRES000887_5,2023-01-11T02:43:39,64.17,52.98,11.19
MENRES000887_7,2023-09-16T18:45:12,72.25,63.43,8.82
MENRES000887_8,2023-08-14T06:37:22,71.86,58.76,13.1
MENRES000887_12,2023-11-09T07:14:31,79.68,69.41,10.27
MENRES000888_3,2023-01-01T01:28:02,118.83,112.83,6.0
MENRES000888_10,2023-02-26T20:15:55,67.69,62.04,5.65
MENRES000889_0,2023-06-09T01:23:06,25.65,22.36,3.29
MENRES000889_2,2023-10-14T00:51:50,31.52,29.0,2.52
MENRES000889_3,2023-08-23T03:11:37,22.72,18.26,4.46
MENRES000889_4,2023-01-05T20:49:28,5.87,5.06,0.81
MENRES000889_5,2023-05-06T03:55:30,36.59,32.53,4.06
MENRES000890_0,2023-05-24T00:08:37,30.54,28.19,2.35
MENRES000890_3,2023-02-12T22:45:21,8.67,7.11,1.56
MENRES000890_6,2023-05-22T04:35:04,21.91,19.4,2.51
MENRES000890_7,2023-01-22T06:36:31,38.94,33.32,5.62
MENRES000890_10,2023-06-25T14:09:14,10.94,9.41,1.53
MENRES000890_11,2023-05-18T12:12:49,29.95,23.99,5.96
MENRES000891_2,2023-12-10T11:35:08,117.34,96.04,21.3
MENRES000891_3,2023-03-30T06:57:40,50.46,47.02,3.44
MENRES000891_5,2023-09-15T12:54:39,57.05,51.56,5.49
MENRES000891_6,2023-01-02T05:27:39,114.0,101.76,12.24
MENRES000891_9,2023-10-17T08:50:45,93.65,75.95,17.7
MENRES000892_2,2023-11-29T18:31:28,31.95,27.75,4.2
MENRES000892_4,2023-09-13T22:58:42,36.93,31.77,5.16
MENRES000892_8,2023-11-25T10:46:59,7.43,6.51,0.92
MENRES000892_11,2023-10-18T06:15:18,25.46,21.47,3.99
MENRES000892_14,2023-08-01T13:49:50,36.55,33.04,3.51
MENRES000893_2,2023-11-15T10:24:43,20.56,18.97,1.59
MENRES000893_3,2023-11-02T16:53:45,20.43,19.15,1.28
MENRES000893_6,2023-01-09T03:15:33,34.09,28.8,5.29
MENRES000894_5,2023-08-13T05:41:57,32.68,30.97,1.71
MENRES000894_6,2023-06-05T08:16:59,13.56,12.76,0.8
MENRES000894_7,2023-09-22T16:31:37,26.17,22.33,3.84
MENRES000895_4,2023-01-22T00:34:45,6.53,6.02,0.51
MENRES000895_6,2023-03-21T01:05:15,29.89,28.16,1.73
MENRES000895_13,2023-04-23T04:18:57,36.04,29.58,6.46
MENRES000896_4,2023-06-28T11:58:41,136.55,117.34,19.21
MENRES000896_7,2023-04-12T19:05:04,43.42,36.25,7.17
MENRES000896_9,2023-10-05T20:59:46,32.21,30.11,2.1
MENRES000896_11,2023-05-29T00:17:07,125.44,111.2,14.24
MENRES000897_0,2023-08-26T12:40:24,30.75,26.45,4.3
MENRES000897_2,2023-01-07T10:42:53,43.87,35.6,8.27
MENRES000897_5,2023-07-19T03:12:36,105.22,91.87,13.35
MENRES000897_9,2023-12-23T13:02:00,98.09,86.95,11.14
MENRES000897_12,2023-09-09T09:13:05,59.46,52.05,7.41
MENRES000897_13,2023-01-08T08:38:33,41.73,37.17,4.56
MENRES000898_3,2023-07-14T05:26:58,61.09,49.18,11.91
MENRES000898_5,2023-03-21T14:26:50,37.5,33.56,3.94
MENRES000898_6,2023-07-16T03:37:37,67.11,54.56,12.55
MENRES000898_9,2023-08-15T23:39:04,71.2,59.51,11.69
MENRES000899_3,2023-03-26T09:51:35,22.46,20.25,2.21
MENRES000899_6,2023-12-07T00:35:46,14.24,12.23,2.01
MENRES000899_7,2023-10-05T21:08:28,23.71,19.65,4.06
MENRES000899_8,2023-04-12T03:36:38,5.22,4.44,0.78
MENRES000899_9,2023-03-09T16:29:18,35.35,33.3,2.05
MENRES000900_0,2023-01-17T21:56:02,118.76,105.58,13.18
MENRES000900_3,2023-02-25T11:56:18,105.11,89.08,16.03
MENRES000900_8,2023-05-06T07:29:06,22.33,20.49,1.84
MENRES000900_9,2023-06-21T15:10:00,110.76,88.94,21.82
MENRES000901_5,2023-08-01T20:54:26,61.05,56.35,4.7
MENRES000902_0,2023-05-08T01:26:51,30.82,27.24,3.58
MENRES000902_3,2023-08-28T08:09:16,50.41,41.71,8.7
MENRES000902_6,2023-05-14T02:18:56,21.59,18.76,2.83
MENRES000902_7,2023-05-31T05:21:26,12.19,10.41,1.78
MENRES000903_1,2023-09-19T01:16:46,15.34,12.62,2.72
MENRES000903_3,2023-09-16T12:01:27,45.44,39.61,5.83
MENRES000903_5,2023-09-29T16:31:19,57.09,46.08,11.01
MENRES000903_8,2023-05-06T01:01:02,50.83,45.95,4.88
MENRES000903_13,2023-08-15T20:56:52,69.19,65.65,3.54
MENRES000904_0,2023-12-02T14:08:11,39.73,35.1,4.63
MENRES000904_1,2023-02-27T15:38:50,22.01,20.16,1.85
MENRES000904_5,2023-07-23T13:51:33,31.24,28.48,2.76
MENRES000904_12,2023-11-09T11:23:39,28.02,25.38,2.64
MENRES000905_0,2023-06-02T22:22:00,145.62,122.03,23.59
MENRES000905_7,2023-10-01T20:59:34,107.91,87.6,20.31
MENRES000905_14,2023-02-10T23:17:51,28.14,22.61,5.53
MENRES000905_17,2023-04-13T12:08:04,154.44,136.67,17.77
MENRES000905_19,2023-10-16T10:35:37,106.64,96.48,10.16
MENRES000907_0,2023-10-10T03:37:49,12.94,11.68,1.26
MENRES000907_1,2023-06-30T11:21:07,32.51,27.43,5.08
MENRES000907_8,2023-12-28T19:40:53,16.39,14.91,1.48
MENRES000907_13,2023-09-19T08:00:20,26.92,22.1,4.82
MENRES000907_19,2023-12-05T06:05:55,16.57,13.77,2.8
MENRES000908_3,2023-08-25T23:11:12,65.26,61.76,3.5
MENRES000909_0,2023-10-25T20:40:12,13.65,12.7,0.95
MENRES000910_6,2023-01-27T22:27:50,17.9,15.89,2.01
MENRES000911_2,2023-12-07T10:38:58,64.47,52.34,12.13
MENRES000911_4,2023-11-18T14:57:22,79.36,65.04,14.32
MENRES000912_1,2023-07-16T13:46:41,22.62,19.97,2.65
MENRES000912_3,2023-07-20T12:48:42,35.05,31.01,4.04
MENRES000912_5,2023-05-19T02:32:30,14.78,13.31,1.47
MENRES000913_0,2023-01-05T10:49:56,5.84,5.03,0.81
MENRES000913_1,2023-10-06T20:48:17,9.08,8.6,0.48
MENRES000913_3,2023-09-16T00:11:39,17.95,15.57,2.38
MENRES000913_5,2023-07-30T17:56:27,15.13,13.38,1.75
MENRES000914_0,2023-12-04T18:28:53,25.69,21.14,4.55
MENRES000914_7,2023-10-05T12:20:32,9.42,8.38,1.04
MENRES000914_11,2023-11-28T10:27:57,37.16,33.6,3.56
MENRES000914_14,2023-09-28T23:43:07,35.02,29.4,5.62
MENRES000914_16,2023-12-05T20:03:20,15.36,13.52,1.84
MENRES000915_3,2023-01-25T20:55:13,15.28,13.33,1.95
MENRES000915_7,2023-05-26T13:41:29,109.59,98.55,11.04
MENRES000915_8,2023-09-25T22:43:42,41.52,34.47,7.05
MENRES000915_9,2023-02-10T18:44:58,67.53,58.43,9.1
MENRES000916_2,2023-04-30T19:12:10,45.74,39.1,6.64
MENRES000916_7,2023-01-03T14:06:23,104.98,97.86,7.12
MENRES000916_8,2023-05-22T06:03:14,27.37,22.57,4.8
MENRES000916_11,2023-11-26T14:49:01,74.12,70.05,4.07
MENRES000916_14,2023-01-20T18:29:32,25.89,22.56,3.33
MENRES000917_7,2023-10-24T15:06:31,104.13,94.62,9.51
MENRES000917_9,2023-11-12T07:48:42,75.29,60.37,14.92
MENRES000917_11,2023-04-05T16:50:34,27.08,25.51,1.57
MENRES000918_3,2023-03-30T13:46:48,48.0,44.47,3.53
MENRES000918_8,2023-06-20T20:35:30,147.83,122.61,25.22
MENRES000919_5,2023-06-12T18:34:11,48.52,41.18,7.34
MENRES000919_7,2023-10-21T17:00:03,41.94,35.5,6.44
MENRES000920_2,2023-10-17T16:49:09,92.97,81.73,11.24
MENRES000921_0,2023-05-13T20:24:56,34.81,30.79,4.02
MENRES000921_2,2023-09-18T04:20:07,27.75,24.23,3.52
MENRES000922_0,2023-08-23T12:39:06,13.19,11.78,1.41
MENRES000922_1,2023-07-16T21:34:10,33.26,28.34,4.92
MENRES000922_2,2023-03-20T01:14:58,36.99,30.68,6.31
MENRES000922_7,2023-12-24T15:56:29,29.91,28.07,1.84
MENRES000922_8,2023-10-18T16:30:29,15.1,13.41,1.69
MENRES000922_9,2023-06-07T01:04:00,30.49,25.63,4.86
MENRES000922_13,2023-11-14T18:41:15,7.39,6.96,0.43
MENRES000923_0,2023-10-29T10:11:37,77.2,70.44,6.76
MENRES000923_5,2023-09-20T10:44:30,45.64,40.55,5.09
MENRES000923_7,2023-03-02T17:52:46,53.78,50.31,3.47
MENRES000924_1,2023-09-29T10:46:16,10.51,9.09,1.42
MENRES000924_2,2023-09-03T12:44:59,30.03,27.91,2.12
MENRES000924_6,2023-07-02T19:35:28,18.04,16.81,1.23
MENRES000924_9,2023-07-06T16:09:00,7.34,6.79,0.55
MENRES000924_10,2023-07-09T03:35:27,16.37,13.3,3.07
MENRES000924_11,2023-10-12T11:46:28,26.84,22.88,3.96
MENRES000925_0,2023-11-06T14:22:04,113.09,106.65,6.44
MENRES000925_1,2023-06-26T12:58:18,92.3,83.72,8.58
MENRES000925_2,2023-02-28T20:31:46,60.16,53.4,6.76
MENRES000925_6,2023-03-31T10:32:02,54.98,45.23,9.75
MENRES000925_7,2023-12-09T17:57:24,102.55,89.94,12.61
MENRES000925_15,2023-03-28T16:48:07,75.35,70.07,5.28
MENRES000925_16,2023-03-16T10:18:13,61.55,53.75,7.8
MENRES000925_17,2023-09-03T12:36:30,94.33,85.32,9.01
MENRES000926_1,2023-08-21T10:15:19,129.23,120.64,8.59
MENRES000926_2,2023-02-28T14:24:15,128.38,114.42,13.96
MENRES000926_5,2023-07-06T15:20:00,33.84,30.28,3.56
MENRES000926_6,2023-03-07T02:50:34,145.36,122.44,22.92
MENRES000926_7,2023-09-20T18:38:43,116.85,106.57,10.28
MENRES000926_9,2023-10-08T08:45:46,83.15,68.64,14.51
MENRES000926_10,2023-01-09T14:03:12,56.84,48.8,8.04
MENRES000927_1,2023-11-17T23:29:04,100.79,84.44,16.35
MENRES000927_6,2023-02-19T18:27:39,155.07,124.34,30.73
MENRES000927_11,2023-11-27T03:16:53,50.83,41.43,9.4
MENRES000927_13,2023-03-14T12:12:04,158.84,128.34,30.5
MENRES000928_2,2023-10-27T18:01:16,38.18,31.29,6.89
MENRES000928_6,2023-02-08T00:21:34,26.88,24.56,2.32
MENRES000929_1,2023-11-27T06:35:00,28.12,25.16,2.96
MENRES000930_5,2023-11-23T23:51:35,39.63,34.35,5.28
MENRES000931_2,2023-03-19T01:16:30,10.62,8.53,2.09
MENRES000931_11,2023-03-10T15:00:52,22.09,20.01,2.08
MENRES000931_17,2023-11-20T09:59:21,9.79,8.57,1.22
MENRES000932_2,2023-06-18T05:54:45,36.64,30.6,6.04
MENRES000933_0,2023-12-09T14:36:13,14.08,13.25,0.83
MENRES000933_2,2023-01-02T21:58:25,19.82,16.58,3.24
MENRES000933_3,2023-07-15T14:28:13,35.72,29.23,6.49
MENRES000933_4,2023-09-24T18:51:10,14.13,11.79,2.34
MENRES000933_5,2023-04-24T00:41:01,37.37,33.97,3.4
MENRES000933_11,2023-08-29T20:53:00,24.96,22.33,2.63
MENRES000934_1,2023-10-07T22:29:00,59.4,50.08,9.32
MENRES000934_8,2023-11-07T18:25:31,54.97,45.74,9.23
MENRES000934_13,2023-09-27T16:40:28,63.38,52.67,10.71
MENRES000935_1,2023-01-22T05:05:16,21.08,19.55,1.53
MENRES000935_2,2023-01-05T22:44:56,19.4,17.67,1.73
MENRES000936_6,2023-08-29T06:42:52,58.13,54.26,3.87
MENRES000936_9,2023-05-10T05:17:13,23.52,21.05,2.47
MENRES000936_11,2023-09-24T20:53:44,58.2,50.85,7.35
MENRES000936_13,2023-04-18T05:38:06,26.88,24.29,2.59
MENRES000936_14,2023-06-01T02:03:14,36.09,34.26,1.83
MENRES000937_3,2023-02-04T15:19:01,131.57,109.61,21.96
MENRES000937_4,2023-04-10T22:29:23,61.14,57.38,3.76
MENRES000937_5,2023-09-07T18:37:08,115.59,103.24,12.35
MENRES000937_6,2023-02-24T11:48:12,150.74,128.33,22.41
MENRES000938_0,2023-08-30T15:38:31,24.55,20.78,3.77
MENRES000938_7,2023-06-03T13:11:38,55.76,47.04,8.72
MENRES000938_10,2023-10-09T17:00:21,16.86,15.86,1.0
MENRES000939_1,2023-04-27T23:28:31,101.33,84.48,16.85
MENRES000939_2,2023-11-17T16:33:10,42.34,35.15,7.19
MENRES000939_6,2023-08-01T00:23:32,27.72,22.18,5.54
MENRES000940_0,2023-04-23T04:22:48,142.83,123.47,19.36
MENRES000940_3,2023-12-30T04:00:11,96.44,83.12,13.32
MENRES000940_8,2023-10-22T15:44:35,40.7,38.6,2.1
MENRES000940_14,2023-09-25T03:45:21,153.59,129.05,24.54
MENRES000941_1,2023-09-08T08:46:01,32.84,26.49,6.35
MENRES000941_7,2023-09-17T22:29:41,46.22,41.18,5.04
MENRES000942_4,2023-06-03T16:14:24,66.67,55.77,10.9
MENRES000942_6,2023-09-10T00:52:25,75.42,65.31,10.11
MENRES000942_8,2023-04-27T08:29:23,12.37,11.69,0.68
MENRES000942_13,2023-09-07T04:31:41,77.76,69.09,8.67
MENRES000942_15,2023-08-16T20:23:50,27.61,25.97,1.64
MENRES000943_5,2023-06-14T11:24:52,29.52,25.08,4.44
MENRES000944_1,2023-06-22T05:44:37,22.85,19.58,3.27
MENRES000944_3,2023-08-02T13:02:47,38.16,30.8,7.36
MENRES000944_4,2023-03-15T09:29:46,56.85,49.64,7.21
MENRES000944_8,2023-01-24T01:48:16,74.37,68.73,5.64
MENRES000945_5,2023-08-28T18:27:09,139.4,112.63,26.77
MENRES000945_10,2023-08-01T01:25:24,64.21,59.09,5.12
MENRES000945_16,2023-11-02T23:32:38,127.92,118.95,8.97
MENRES000945_19,2023-12-02T18:19:38,37.73,32.89,4.84
MENRES000946_0,2023-08-27T00:14:15,56.8,49.65,7.15
MENRES000946_1,2023-12-29T02:10:45,83.21,68.25,14.96
MENRES000946_4,2023-08-25T16:13:08,110.11,102.55,7.56
MENRES000946_6,2023-03-01T01:53:15,28.39,25.74,2.65
MENRES000946_9,2023-01-18T01:56:26,76.39,67.43,8.96
MENRES000946_13,2023-04-10T20:25:43,71.47,67.65,3.82
MENRES000946_14,2023-10-03T00:51:06,136.59,111.07,25.52
MENRES000947_1,2023-10-13T18:57:35,51.42,45.98,5.44
MENRES000947_4,2023-09-15T06:12:53,54.59,46.1,8.49
MENRES000948_1,2023-12-10T18:18:48,58.12,54.48,3.64
MENRES000948_2,2023-08-23T10:31:30,73.66,62.85,10.81
MENRES000948_4,2023-12-08T21:19:04,152.1,137.97,14.13
MENRES000948_7,2023-10-29T18:14:29,107.86,92.45,15.41
MENRES000949_3,2023-10-16T22:41:48,20.45,17.57,2.88
MENRES000949_10,2023-07-23T13:00:33,8.76,8.05,0.71
MENRES000950_0,2023-01-28T12:52:02,44.34,41.66,2.68
MENRES000951_0,2023-02-26T23:30:58,58.97,55.65,3.32
MENRES000951_2,2023-01-21T01:06:37,36.75,30.89,5.86
MENRES000951_3,2023-02-09T19:37:29,45.97,38.75,7.22
MENRES000951_4,2023-01-19T04:08:20,16.94,14.62,2.32
MENRES000951_6,2023-12-28T21:32:22,49.42,44.59,4.83
MENRES000951_7,2023-11-30T19:48:29,12.57,11.76,0.81
MENRES000951_8,2023-11-04T07:33:12,16.77,15.11,1.66
MENRES000951_9,2023-06-10T23:26:46,60.69,52.32,8.37
MENRES000951_10,2023-01-06T14:17:37,73.02,58.57,14.45
MENRES000951_11,2023-08-07T09:59:28,54.87,45.62,9.25
MENRES000952_1,2023-10-29T19:12:49,108.32,92.85,15.47
MENRES000952_3,2023-05-05T21:00:51,40.51,36.09,4.42
MENRES000952_9,2023-01-13T20:13:00,105.07,96.05,9.02
MENRES000952_10,2023-05-17T13:12:25,60.49,51.41,9.08
MENRES000952_12,2023-03-02T16:12:08,17.96,16.22,1.74
MENRES000952_13,2023-03-27T08:17:15,63.17,50.87,12.3
MENRES000952_14,2023-11-15T18:43:17,68.04,61.56,6.48
MENRES000952_16,2023-08-18T03:30:46,104.93,88.15,16.78
MENRES000952_19,2023-03-11T12:09:22,57.34,47.68,9.66
MENRES000953_2,2023-07-30T07:59:36,69.65,64.63,5.02
MENRES000953_9,2023-08-05T04:31:22,120.8,102.37,18.43
MENRES000953_13,2023-07-18T07:12:38,111.21,91.45,19.76
MENRES000954_4,2023-12-26T06:53:26,34.02,29.54,4.48
MENRES000955_1,2023-08-19T16:26:17,119.87,112.09,7.78
MENRES000955_2,2023-12-27T06:08:09,149.51,133.94,15.57
MENRES000955_3,2023-10-26T12:36:30,140.71,122.65,18.06
MENRES000955_5,2023-12-09T04:08:33,102.58,87.5,15.08
MENRES000955_6,2023-02-09T16:24:08,72.22,61.43,10.79
MENRES000955_9,2023-01-21T18:42:01,123.68,110.15,13.53
MENRES000955_10,2023-03-28T12:11:58,41.07,33.46,7.61
MENRES000955_11,2023-12-18T03:55:21,55.94,52.8,3.14
MENRES000956_1,2023-10-11T01:41:01,17.67,15.32,2.35
MENRES000956_6,2023-12-21T22:47:58,25.8,22.63,3.17
MENRES000956_9,2023-11-18T01:30:31,38.69,35.23,3.46
MENRES000957_3,2023-10-21T01:58:37,33.74,28.72,5.02
MENRES000957_5,2023-02-12T02:42:50,11.52,9.81,1.71
MENRES000957_7,2023-03-10T05:56:02,8.9,8.04,0.86
MENRES000957_8,2023-09-26T14:37:17,29.02,25.75,3.27
MENRES000957_10,2023-10-16T20:49:30,16.74,15.37,1.37
MENRES000958_0,2023-08-21T04:02:49,41.68,35.53,6.15
MENRES000958_3,2023-01-03T14:56:46,51.06,47.96,3.1
MENRES000959_0,2023-06-28T02:03:59,32.75,31.1,1.65
MENRES000959_1,2023-09-30T08:41:21,23.35,19.91,3.44
MENRES000960_0,2023-08-15T04:22:34,31.98,26.58,5.4
MENRES000960_1,2023-09-13T23:41:48,26.97,23.02,3.95
MENRES000960_4,2023-11-07T22:13:43,77.13,64.1,13.03
MENRES000960_10,2023-03-09T05:17:51,15.68,14.56,1.12
MENRES000960_13,2023-11-22T15:09:11,76.6,70.94,5.66
MENRES000960_15,2023-05-01T06:43:32,90.62,78.93,11.69
MENRES000961_0,2023-03-02T14:33:50,62.92,51.18,11.74
MENRES000961_3,2023-03-16T16:36:13,25.55,21.92,3.63
MENRES000962_0,2023-12-24T06:11:29,20.04,18.72,1.32
MENRES000962_2,2023-12-15T19:15:30,22.91,20.11,2.8
MENRES000962_3,2023-12-23T09:17:28,28.65,23.47,5.18
MENRES000962_8,2023-03-09T15:06:57,21.72,18.29,3.43
MENRES000962_9,2023-07-11T22:58:39,6.78,6.12,0.66
MENRES000962_11,2023-10-14T15:50:34,11.99,11.24,0.75
MENRES000962_12,2023-06-12T20:07:58,29.39,24.77,4.62
MENRES000962_13,2023-04-28T22:47:08,28.17,25.46,2.71
MENRES000962_17,2023-12-09T16:02:55,17.3,14.97,2.33
MENRES000962_18,2023-04-29T05:10:17,37.26,30.72,6.54
MENRES000963_3,2023-10-08T03:44:46,151.26,134.01,17.25
MENRES000963_4,2023-04-14T00:40:05,33.39,28.9,4.49
MENRES000963_6,2023-08-08T20:05:03,33.45,31.05,2.4
MENRES000963_8,2023-03-17T05:00:04,26.58,23.67,2.91
MENRES000963_12,2023-04-16T09:21:01,119.77,113.5,6.27
MENRES000963_16,2023-06-20T08:28:10,24.88,21.57,3.31
MENRES000964_2,2023-12-27T05:44:02,148.91,123.53,25.38
MENRES000964_7,2023-04-17T21:58:51,86.96,75.94,11.02
MENRES000964_10,2023-06-13T23:19:20,142.15,127.23,14.92
MENRES000964_11,2023-04-09T11:47:26,64.85,60.09,4.76
MENRES000964_12,2023-05-20T11:32:20,75.32,66.82,8.5
MENRES000964_18,2023-05-30T18:52:16,152.44,140.08,12.36
MENRES000965_2,2023-11-01T23:16:21,70.24,65.86,4.38
MENRES000965_3,2023-01-09T03:20:12,63.04,54.22,8.82
MENRES000965_8,2023-08-21T02:01:20,37.99,31.8,6.19
MENRES000965_9,2023-05-13T11:05:58,18.71,16.13,2.58
MENRES000966_1,2023-11-18T09:17:13,76.58,68.69,7.89
MENRES000966_14,2023-02-10T17:39:33,104.48,85.98,18.5
MENRES000967_2,2023-08-22T18:12:00,38.23,30.63,7.6
MENRES000967_5,2023-05-25T11:35:38,33.17,27.5,5.67
MENRES000967_6,2023-09-28T21:55:55,19.03,16.42,2.61
MENRES000968_2,2023-07-22T21:35:18,27.89,23.93,3.96
MENRES000968_3,2023-04-22T10:19:06,63.41,51.33,12.08
MENRES000968_8,2023-08-03T14:01:44,25.26,22.76,2.5
MENRES000969_1,2023-12-16T14:08:47,21.15,20.05,1.1
MENRES000969_3,2023-04-21T06:01:24,30.38,27.94,2.44
MENRES000969_5,2023-06-10T23:04:13,29.44,25.11,4.33
MENRES000969_6,2023-09-06T08:23:00,18.12,14.51,3.61
MENRES000969_8,2023-07-02T07:03:58,9.64,8.01,1.63
MENRES000970_0,2023-05-23T11:31:52,16.57,14.53,2.04
MENRES000970_2,2023-10-21T15:30:01,13.51,10.83,2.68
MENRES000970_4,2023-03-09T23:28:56,19.42,16.78,2.64
MENRES000970_6,2023-03-16T18:16:03,65.8,55.57,10.23
MENRES000971_1,2023-11-04T05:38:30,47.17,41.98,5.19
MENRES000971_3,2023-02-08T01:10:58,35.4,32.11,3.29
MENRES000971_7,2023-01-08T05:24:40,17.21,15.82,1.39
MENRES000971_9,2023-04-28T09:48:33,51.74,41.68,10.06
MENRES000971_11,2023-06-26T08:27:26,52.75,42.66,10.09
MENRES000972_0,2023-05-12T13:59:06,70.21,64.88,5.33
MENRES000972_7,2023-04-01T08:56:19,74.97,67.74,7.23
MENRES000972_8,2023-09-26T08:49:52,19.11,17.61,1.5
MENRES000972_9,2023-06-18T07:42:57,36.59,32.0,4.59
MENRES000972_10,2023-12-17T10:15:48,68.06,57.46,10.6
MENRES000972_11,2023-04-24T01:55:10,77.67,68.68,8.99
MENRES000973_5,2023-12-28T11:22:18,18.61,15.83,2.78
MENRES000973_8,2023-06-22T19:36:03,30.34,25.39,4.95
MENRES000974_2,2023-10-15T06:56:39,108.6,102.31,6.29
MENRES000974_3,2023-09-29T14:39:13,149.63,121.15,28.48
MENRES000975_1,2023-05-18T19:29:10,29.2,27.08,2.12
MENRES000975_2,2023-03-18T01:08:01,17.81,16.72,1.09
MENRES000975_3,2023-03-22T06:30:16,24.62,20.6,4.02
MENRES000975_4,2023-04-05T22:14:09,20.11,17.52,2.59
MENRES000975_6,2023-03-01T21:35:46,27.59,22.28,5.31
MENRES000975_7,2023-10-30T02:48:15,26.68,23.36,3.32
MENRES000975_8,2023-02-15T15:51:11,29.86,26.22,3.64
MENRES000975_10,2023-10-08T23:36:00,29.64,25.23,4.41
MENRES000976_4,2023-12-26T21:33:17,67.23,58.67,8.56
MENRES000977_3,2023-12-21T07:52:53,18.44,14.94,3.5
MENRES000978_4,2023-08-19T10:29:52,36.89,31.39,5.5
MENRES000978_5,2023-12-09T05:55:26,38.58,35.82,2.76
MENRES000978_7,2023-04-23T08:49:15,31.7,29.16,2.54
MENRES000978_8,2023-10-23T19:34:21,8.12,6.65,1.47
MENRES000979_0,2023-09-12T15:36:21,73.95,63.17,10.78
MENRES000979_1,2023-08-13T06:43:28,68.68,61.39,7.29
MENRES000979_4,2023-02-14T17:28:35,58.4,52.57,5.83
MENRES000979_5,2023-12-20T08:41:11,35.55,28.69,6.86
MENRES000979_9,2023-07-14T04:44:34,101.57,81.51,20.06
MENRES000979_12,2023-09-18T05:44:19,108.12,95.39,12.73
MENRES000979_15,2023-07-10T07:16:00,109.07,88.69,20.38
MENRES000979_16,2023-08-06T07:19:50,147.69,125.99,21.7
MENRES000980_1,2023-09-13T10:53:43,38.76,32.16,6.6
MENRES000980_3,2023-01-09T19:32:00,16.66,14.89,1.77
MENRES000980_4,2023-03-28T17:38:29,55.52,52.65,2.87
MENRES000980_8,2023-06-26T02:02:44,57.96,50.43,7.53
MENRES000980_15,2023-04-25T06:18:00,26.91,22.94,3.97
MENRES000981_1,2023-04-24T08:54:22,69.09,59.39,9.7
MENRES000982_0,2023-07-16T22:58:41,68.16,58.49,9.67
MENRES000982_1,2023-12-18T18:36:47,34.98,28.64,6.34
MENRES000982_8,2023-06-03T20:57:25,131.33,121.56,9.77
MENRES000982_10,2023-01-29T18:14:03,86.06,74.32,11.74
MENRES000983_0,2023-10-11T21:46:20,72.18,61.08,11.1
MENRES000984_2,2023-12-19T21:55:38,101.67,87.66,14.01
MENRES000984_3,2023-09-24T12:46:44,33.91,27.53,6.38
MENRES000984_9,2023-04-13T01:06:33,99.36,88.89,10.47
MENRES000984_12,2023-01-01T23:08:45,87.97,76.53,11.44
MENRES000984_14,2023-01-25T13:10:12,60.82,57.23,3.59
MENRES000985_0,2023-07-11T07:20:36,17.08,14.01,3.07
MENRES000985_3,2023-07-01T00:31:24,29.2,25.9,3.3
MENRES000985_4,2023-07-28T00:36:31,24.03,21.59,2.44
MENRES000985_7,2023-04-12T13:55:22,10.5,9.69,0.81
MENRES000985_8,2023-02-28T16:38:22,31.0,27.42,3.58
MENRES000985_12,2023-12-05T16:29:54,6.99,6.32,0.67
MENRES000985_15,2023-02-25T00:42:35,12.99,12.14,0.85
MENRES000985_16,2023-11-11T03:41:32,28.2,24.75,3.45
MENRES000986_0,2023-04-28T12:38:23,20.17,17.93,2.24
MENRES000986_2,2023-01-17T08:04:48,28.59,26.29,2.3
MENRES000987_0,2023-06-18T14:03:40,23.5,20.5,3.0
MENRES000988_1,2023-11-28T18:20:48,48.02,41.63,6.39
MENRES000988_3,2023-04-14T12:02:51,36.43,32.12,4.31
MENRES000988_13,2023-11-21T15:03:09,48.64,42.25,6.39
MENRES000988_14,2023-03-24T06:37:48,66.46,60.11,6.35
MENRES000988_15,2023-01-02T23:16:06,43.68,40.82,2.86
MENRES000988_17,2023-02-15T05:53:53,79.21,64.13,15.08
MENRES000989_0,2023-08-15T20:07:56,54.63,47.4,7.23
MENRES000989_1,2023-12-04T07:20:21,21.79,18.21,3.58
MENRES000989_3,2023-09-26T20:05:11,115.44,97.58,17.86
MENRES000989_9,2023-01-09T16:19:33,43.09,35.37,7.72
MENRES000989_12,2023-08-09T16:25:38,69.29,65.56,3.73
MENRES000989_14,2023-12-06T09:31:16,52.42,44.41,8.01
MENRES000990_0,2023-02-21T21:18:05,31.89,26.2,5.69
MENRES000990_1,2023-07-27T08:12:43,25.07,21.36,3.71
MENRES000990_2,2023-05-28T00:20:49,23.48,21.63,1.85
MENRES000990_12,2023-07-11T10:05:15,23.37,21.03,2.34
MENRES000990_13,2023-07-17T12:29:49,24.82,23.06,1.76
MENRES000991_2,2023-03-02T12:53:08,37.08,34.24,2.84
MENRES000991_4,2023-06-21T18:24:39,20.51,18.98,1.53
MENRES000991_6,2023-01-04T11:53:23,17.57,16.65,0.92
MENRES000991_7,2023-10-20T03:25:24,39.62,32.95,6.67
MENRES000991_13,2023-02-24T23:40:29,27.91,24.09,3.82
MENRES000992_0,2023-10-26T01:04:28,124.29,99.83,24.46
MENRES000992_1,2023-04-11T21:22:10,62.56,58.7,3.86
MENRES000992_3,2023-02-18T18:04:15,135.35,118.8,16.55
MENRES000992_6,2023-06-22T17:43:48,80.5,69.79,10.71
MENRES000992_7,2023-05-16T23:57:00,35.33,29.25,6.08
MENRES000992_15,2023-12-22T05:47:54,146.31,118.93,27.38
MENRES000993_0,2023-11-17T14:40:36,72.2,60.09,12.11
MENRES000993_1,2023-01-29T23:33:17,116.66,98.63,18.03
MENRES000993_2,2023-05-26T01:58:22,129.52,108.79,20.73
MENRES000993_7,2023-03-31T12:50:31,105.93,90.94,14.99
MENRES000993_9,2023-01-07T13:05:41,51.77,45.5,6.27
MENRES000993_10,2023-09-20T23:27:07,64.08,54.72,9.36
MENRES000993_11,2023-02-10T07:26:39,159.31,144.68,14.63
MENRES000993_18,2023-09-24T20:59:45,34.77,28.72,6.05
MENRES000994_2,2023-09-20T10:55:52,97.91,89.54,8.37
MENRES000994_5,2023-12-30T02:59:18,83.72,75.34,8.38
MENRES000994_7,2023-04-10T09:04:37,71.1,57.77,13.33
MENRES000994_8,2023-10-23T17:20:04,131.55,113.24,18.31
MENRES000994_9,2023-01-25T07:29:29,108.49,93.86,14.63
MENRES000994_10,2023-01-28T13:07:07,33.09,27.55,5.54
MENRES000994_12,2023-11-05T01:39:25,139.12,123.23,15.89
MENRES000995_1,2023-02-03T08:40:08,78.19,65.36,12.83
MENRES000995_5,2023-03-13T17:14:38,49.47,39.85,9.62
MENRES000996_6,2023-06-17T17:42:29,15.39,13.08,2.31
MENRES000996_9,2023-01-15T07:57:08,25.52,20.84,4.68
MENRES000996_10,2023-09-09T01:34:01,51.63,41.31,10.32
MENRES000996_17,2023-03-18T00:40:28,57.61,53.87,3.74
MENRES000996_18,2023-07-27T22:20:25,61.57,56.26,5.31
MENRES000997_2,2023-05-31T02:37:25,80.05,68.82,11.23
MENRES000997_4,2023-06-10T19:49:37,34.47,31.02,3.45
MENRES000997_5,2023-08-10T13:51:45,110.59,99.76,10.83
MENRES000997_11,2023-12-19T17:44:18,83.63,69.63,14.0
MENRES000997_12,2023-03-21T05:04:19,52.54,46.53,6.01
MENRES000997_15,2023-05-09T05:01:50,71.24,57.55,13.69
MENRES000998_0,2023-05-14T13:53:51,32.95,29.01,3.94
MENRES000998_1,2023-04-23T02:38:09,71.7,61.98,9.72
MENRES000998_2,2023-09-27T06:03:17,95.48,84.73,10.75
MENRES000998_3,2023-08-28T13:40:19,26.75,21.53,5.22
MENRES000998_4,2023-01-27T20:22:53,22.79,18.82,3.97
MENRES000998_5,2023-12-27T19:36:50,111.98,99.97,12.01
MENRES000998_6,2023-10-11T08:33:16,87.87,81.36,6.51
MENRES000998_9,2023-09-22T21:28:15,106.06,100.53,5.53
MENRES000998_11,2023-06-08T20:53:17,16.04,14.56,1.48
MENRES000998_13,2023-09-03T16:49:00,26.63,23.13,3.5
MENRES000999_0,2023-02-06T13:58:00,44.27,41.58,2.69
MENRES000999_4,2023-08-07T01:49:30,114.44,103.01,11.43
MENRES001000_0,2023-09-08T19:14:50,52.97,44.19,8.78
MENRES001000_5,2023-03-27T15:47:35,28.47,23.38,5.09
MENRES001000_6,2023-01-15T23:52:14,14.84,12.58,2.26
MENRES001000_7,2023-06-21T07:21:52,11.04,9.37,1.67
MENRES001000_9,2023-10-12T14:37:20,48.49,41.72,6.77
MENRES001000_12,2023-07-04T02:31:03,72.47,58.2,14.27
MENRES001000_13,2023-07-02T11:55:12,23.43,19.65,3.78
MENRES001000_14,2023-03-05T12:05:04,26.11,23.72,2.39
MENRES001001_2,2023-01-17T15:50:15,6.52,5.62,0.9
MENRES001002_0,2023-10-29T16:43:56,29.68,27.42,2.26
MENRES001002_2,2023-02-19T13:41:39,25.75,22.15,3.6
MENRES001002_8,2023-05-23T14:19:01,63.93,54.28,9.65
MENRES001002_11,2023-11-22T12:46:22,36.38,32.67,3.71
MENRES001003_0,2023-08-08T14:04:07,116.51,100.07,16.44
MENRES001003_4,2023-08-06T16:16:08,105.2,93.97,11.23
MENRES001003_5,2023-04-09T02:19:53,22.74,21.59,1.15
MENRES001003_6,2023-09-26T20:25:15,87.72,74.09,13.63
MENRES001003_8,2023-10-22T18:46:23,36.73,30.8,5.93
MENRES001004_3,2023-08-01T22:54:08,53.71,49.56,4.15
MENRES001005_1,2023-05-12T07:31:11,77.75,64.95,12.8
MENRES001005_4,2023-01-11T18:54:03,92.75,82.74,10.01
MENRES001006_0,2023-06-30T13:02:30,21.83,17.85,3.98
MENRES001006_2,2023-01-08T12:38:50,77.28,67.65,9.63
MENRES001007_0,2023-12-22T19:56:47,103.34,95.17,8.17
MENRES001007_7,2023-11-29T03:19:06,68.78,63.75,5.03
MENRES001007_15,2023-12-21T23:58:50,18.91,17.31,1.6
MENRES001007_16,2023-09-14T19:38:53,86.96,71.57,15.39
MENRES001008_0,2023-03-16T12:11:06,54.33,44.56,9.77
MENRES001008_1,2023-11-06T16:18:04,75.99,66.52,9.47
MENRES001008_2,2023-08-26T11:03:38,20.08,17.87,2.21
MENRES001008_4,2023-06-01T19:41:54,47.6,40.61,6.99
MENRES001008_5,2023-01-14T16:40:05,50.45,41.12,9.33
MENRES001008_6,2023-11-18T11:58:39,40.99,33.88,7.11
MENRES001008_13,2023-02-12T12:49:41,46.7,39.07,7.63
MENRES001008_15,2023-04-22T12:16:17,31.89,27.49,4.4
MENRES001008_17,2023-03-03T06:53:02,60.85,55.88,4.97
MENRES001009_1,2023-02-23T04:32:18,60.04,52.87,7.17
MENRES001009_5,2023-02-02T22:55:24,57.12,51.7,5.42
MENRES001009_8,2023-05-30T10:06:33,39.11,34.28,4.83
MENRES001009_11,2023-11-27T16:58:22,134.93,120.84,14.09
MENRES001010_2,2023-01-05T13:20:59,16.42,14.77,1.65
MENRES001010_3,2023-10-19T05:28:48,39.94,32.17,7.77
MENRES001010_5,2023-12-29T17:29:39,31.13,27.36,3.77
MENRES001010_6,2023-10-19T23:09:48,34.34,29.62,4.72
MENRES001010_10,2023-01-23T11:14:35,21.31,19.0,2.31
MENRES001010_12,2023-11-30T07:36:27,32.12,26.71,5.41
MENRES001010_13,2023-04-25T22:11:54,16.6,13.62,2.98
MENRES001010_17,2023-02-25T03:07:27,16.75,14.13,2.62
MENRES001011_4,2023-06-25T00:52:03,19.55,15.7,3.85
MENRES001011_5,2023-11-12T06:20:00,30.19,24.68,5.51
MENRES001012_2,2023-05-09T10:55:31,24.73,19.96,4.77
MENRES001012_3,2023-02-20T01:35:29,8.06,7.43,0.63
MENRES001012_8,2023-02-17T14:53:54,34.83,32.66,2.17
MENRES001012_9,2023-12-06T23:08:14,15.12,12.57,2.55
MENRES001012_10,2023-06-01T17:51:50,5.63,4.63,1.0
MENRES001012_13,2023-11-25T21:31:50,8.3,7.79,0.51
MENRES001012_15,2023-01-03T06:41:23,27.23,25.1,2.13
MENRES001012_17,2023-03-02T02:10:55,15.94,15.04,0.9
MENRES001013_6,2023-02-17T13:27:23,22.03,19.34,2.69
MENRES001013_8,2023-02-23T18:38:20,36.62,33.01,3.61
MENRES001013_11,2023-02-20T04:11:35,92.12,79.17,12.95
MENRES001013_13,2023-05-23T15:01:41,100.15,81.68,18.47
MENRES001014_0,2023-04-17T11:43:00,66.42,57.89,8.53
MENRES001014_1,2023-12-06T19:08:00,30.95,25.82,5.13
MENRES001014_2,2023-06-30T05:32:00,97.9,89.66,8.24
MENRES001015_4,2023-04-10T09:32:52,66.91,54.75,12.16
MENRES001015_5,2023-08-25T07:59:12,16.56,14.97,1.59
MENRES001015_6,2023-03-01T13:13:43,69.49,61.64,7.85
MENRES001016_2,2023-12-06T02:49:37,23.38,18.81,4.57
MENRES001016_3,2023-04-28T13:50:15,61.04,51.5,9.54
MENRES001016_4,2023-02-22T19:19:12,42.16,37.21,4.95
MENRES001017_1,2023-09-05T07:12:51,21.05,19.55,1.5
MENRES001017_2,2023-11-16T01:16:38,18.24,17.09,1.15
MENRES001017_10,2023-12-23T17:54:24,105.98,89.87,16.11
MENRES001017_12,2023-05-01T04:29:59,93.24,81.3,11.94
MENRES001018_10,2023-08-17T21:33:02,34.47,29.02,5.45
MENRES001018_12,2023-12-28T21:32:41,26.21,21.52,4.69
MENRES001019_3,2023-04-03T16:52:58,17.89,15.97,1.92
MENRES001019_5,2023-05-01T08:04:29,39.57,33.61,5.96
MENRES001020_0,2023-02-13T19:34:08,58.86,52.59,6.27
MENRES001020_2,2023-08-08T10:07:19,27.68,23.81,3.87
MENRES001020_5,2023-10-08T10:54:31,104.49,98.69,5.8
MENRES001021_2,2023-11-26T15:56:02,79.22,65.33,13.89
MENRES001021_3,2023-07-26T16:59:48,60.36,51.95,8.41
MENRES001021_4,2023-01-21T12:57:47,47.73,41.6,6.13
MENRES001021_8,2023-11-23T18:44:27,19.46,15.72,3.74
MENRES001021_11,2023-09-06T00:58:42,80.16,65.65,14.51
MENRES001021_16,2023-02-05T13:36:33,33.37,27.1,6.27
MENRES001022_3,2023-08-16T03:42:13,37.26,29.93,7.33
MENRES001023_0,2023-12-30T12:53:40,31.53,28.93,2.6
MENRES001023_3,2023-04-29T08:00:06,27.49,24.45,3.04
MENRES001023_7,2023-11-09T06:37:57,12.92,11.71,1.21
MENRES001023_11,2023-12-20T05:15:05,26.8,23.82,2.98
MENRES001024_7,2023-08-29T14:57:50,139.79,117.98,21.81
MENRES001025_0,2023-08-17T12:19:25,117.17,94.57,22.6
MENRES001025_2,2023-03-25T06:32:09,71.81,63.36,8.45
MENRES001025_4,2023-09-11T04:54:57,20.37,16.49,3.88
MENRES001025_15,2023-03-11T21:47:19,96.12,83.41,12.71
MENRES001025_16,2023-10-25T04:33:00,105.01,99.36,5.65
MENRES001026_3,2023-07-03T00:58:40,20.1,16.16,3.94
MENRES001026_4,2023-08-21T13:47:55,10.87,9.38,1.49
MENRES001026_7,2023-03-14T05:24:59,14.2,11.91,2.29
MENRES001026_14,2023-11-19T13:40:26,5.38,4.64,0.74
MENRES001027_5,2023-08-02T00:07:48,11.46,9.48,1.98
MENRES001027_6,2023-08-10T16:25:38,38.89,34.94,3.95
MENRES001027_7,2023-08-05T16:07:20,14.04,13.16,0.88
MENRES001027_8,2023-02-02T17:35:08,6.24,5.75,0.49
MENRES001028_0,2023-02-21T04:38:23,48.65,40.19,8.46
MENRES001028_1,2023-01-30T11:48:39,73.54,65.68,7.86
MENRES001028_8,2023-07-02T10:52:46,59.22,51.21,8.01
MENRES001029_4,2023-12-10T11:11:04,26.48,24.66,1.82
MENRES001029_11,2023-07-19T12:17:07,131.53,113.25,18.28
MENRES001031_4,2023-05-21T19:12:16,22.88,18.98,3.9
MENRES001032_2,2023-11-26T15:46:14,94.66,89.24,5.42
MENRES001033_2,2023-09-27T09:01:48,33.93,28.36,5.57
MENRES001033_11,2023-05-09T19:39:18,13.75,11.36,2.39
MENRES001033_13,2023-02-05T03:15:05,56.44,50.72,5.72
MENRES001034_0,2023-03-30T13:19:04,132.35,124.89,7.46
MENRES001034_5,2023-08-17T04:29:02,93.99,77.49,16.5
MENRES001034_10,2023-07-31T04:11:17,133.97,114.48,19.49
MENRES001034_14,2023-07-17T16:44:28,64.6,61.28,3.32
MENRES001035_0,2023-12-15T15:48:08,35.38,32.82,2.56
MENRES001035_1,2023-09-07T18:22:38,38.15,31.96,6.19
MENRES001035_3,2023-01-24T12:52:16,53.59,45.12,8.47
MENRES001036_0,2023-04-26T06:23:56,28.74,27.18,1.56
MENRES001036_3,2023-06-23T02:37:23,13.01,10.97,2.04
MENRES001036_4,2023-05-22T02:39:29,39.34,35.27,4.07
MENRES001036_6,2023-07-08T01:54:07,6.95,6.41,0.54
MENRES001036_7,2023-06-03T01:15:00,28.5,24.22,4.28
MENRES001036_8,2023-08-25T08:28:27,6.0,5.45,0.55
MENRES001036_9,2023-09-06T02:45:07,24.64,23.33,1.31
MENRES001037_3,2023-05-02T15:46:28,38.87,35.53,3.34
MENRES001037_4,2023-05-06T10:02:35,30.52,25.81,4.71
MENRES001037_12,2023-03-11T20:26:23,102.43,89.74,12.69
MENRES001037_13,2023-09-28T18:48:23,52.03,49.03,3.0
MENRES001037_14,2023-10-21T17:11:33,48.35,39.78,8.57
MENRES001037_16,2023-07-06T10:37:22,82.53,73.19,9.34
MENRES001038_6,2023-08-25T12:00:09,46.84,37.57,9.27
MENRES001038_8,2023-08-19T17:35:11,15.82,12.83,2.99
MENRES001038_11,2023-02-16T16:21:39,76.63,70.55,6.08
MENRES001038_14,2023-01-11T04:51:08,19.71,16.62,3.09
MENRES001038_16,2023-01-30T23:55:18,44.13,35.76,8.37
MENRES001039_0,2023-11-09T12:12:40,34.27,29.35,4.92
MENRES001039_2,2023-01-30T06:08:31,27.37,22.56,4.81
MENRES001039_3,2023-03-17T22:41:18,37.88,32.9,4.98
MENRES001039_4,2023-02-24T11:17:02,12.92,11.35,1.57
MENRES001039_13,2023-12-07T20:53:30,29.79,26.96,2.83
MENRES001040_0,2023-01-08T20:44:40,31.4,28.87,2.53
MENRES001040_1,2023-01-12T10:39:29,30.44,25.15,5.29
MENRES001040_3,2023-02-04T02:43:34,36.51,29.76,6.75
MENRES001040_4,2023-11-03T05:39:37,34.19,28.67,5.52
MENRES001040_5,2023-03-16T23:34:22,24.97,23.64,1.33
MENRES001040_8,2023-09-14T05:26:51,7.99,7.34,0.65
MENRES001041_0,2023-08-04T01:48:31,16.03,14.91,1.12
MENRES001041_1,2023-11-13T19:46:25,15.21,14.09,1.12
MENRES001041_9,2023-10-03T06:23:58,8.61,7.33,1.28
MENRES001042_1,2023-05-27T22:12:59,21.58,18.71,2.87
MENRES001042_3,2023-06-10T05:11:52,37.61,33.58,4.03
MENRES001042_5,2023-04-11T05:14:48,34.58,31.8,2.78
MENRES001042_6,2023-07-31T11:22:55,10.87,8.9,1.97
MENRES001043_0,2023-10-05T10:07:31,118.54,111.02,7.52
MENRES001043_2,2023-08-06T22:17:09,91.89,84.95,6.94
MENRES001043_3,2023-03-01T21:11:06,110.83,100.64,10.19
MENRES001043_4,2023-11-03T16:19:55,55.4,49.71,5.69
MENRES001043_5,2023-06-06T01:40:49,39.12,31.45,7.67
MENRES001044_0,2023-05-16T15:27:34,144.44,118.05,26.39
MENRES001044_1,2023-05-23T03:53:18,124.2,100.45,23.75
MENRES001044_3,2023-09-30T05:22:19,132.07,109.26,22.81
MENRES001044_4,2023-01-27T11:33:10,90.84,79.91,10.93
MENRES001047_0,2023-09-13T19:26:49,31.24,28.45,2.79
MENRES001047_9,2023-10-30T08:27:38,33.89,29.7,4.19
MENRES001047_10,2023-05-02T21:52:12,27.28,23.1,4.18
MENRES001047_12,2023-10-11T12:36:52,6.72,5.91,0.81
MENRES001048_2,2023-05-18T19:00:22,53.02,46.63,6.39
MENRES001048_3,2023-09-14T20:32:38,41.99,38.92,3.07
MENRES001048_4,2023-02-25T00:44:05,20.68,16.95,3.73
MENRES001048_6,2023-09-08T04:33:45,82.84,70.56,12.28
MENRES001048_7,2023-12-18T19:57:37,28.4,25.15,3.25
MENRES001049_0,2023-02-14T13:07:59,116.83,98.18,18.65
MENRES001049_2,2023-06-25T15:02:59,150.53,123.24,27.29
MENRES001049_4,2023-01-27T02:33:35,22.73,21.39,1.34
MENRES001049_6,2023-03-28T10:07:23,47.03,39.97,7.06
MENRES001049_12,2023-03-05T01:31:39,52.25,49.4,2.85
MENRES001050_0,2023-03-13T06:01:24,40.39,34.86,5.53
MENRES001050_1,2023-06-19T14:18:36,54.23,49.33,4.9
MENRES001050_4,2023-03-12T02:27:31,77.88,73.54,4.34
MENRES001050_6,2023-04-21T16:37:21,70.02,61.99,8.03
MENRES001050_8,2023-12-27T16:12:03,62.44,58.98,3.46
MENRES001051_0,2023-05-08T16:47:35,11.1,10.37,0.73
MENRES001051_4,2023-08-15T12:09:57,18.93,17.49,1.44
MENRES001051_5,2023-12-29T15:26:20,28.61,23.86,4.75
MENRES001051_9,2023-03-09T09:24:30,39.65,32.23,7.42
MENRES001051_11,2023-07-01T07:48:37,25.05,22.74,2.31
MENRES001052_0,2023-08-16T20:20:29,60.41,55.29,5.12
MENRES001052_3,2023-01-02T17:49:15,86.73,70.88,15.85
MENRES001052_5,2023-11-05T04:48:31,114.36,92.28,22.08
MENRES001052_7,2023-03-08T17:52:37,39.81,35.16,4.65
MENRES001052_8,2023-06-19T19:18:30,137.95,118.65,19.3
MENRES001054_9,2023-01-13T23:37:09,31.85,29.67,2.18
MENRES001054_11,2023-11-22T11:24:03,16.84,14.37,2.47
MENRES001055_1,2023-02-09T16:19:49,20.51,16.72,3.79
MENRES001055_2,2023-10-06T05:56:11,7.06,6.5,0.56
MENRES001055_9,2023-11-13T20:43:35,5.93,5.42,0.51
MENRES001056_1,2023-02-16T23:32:09,58.29,50.16,8.13
MENRES001056_2,2023-11-21T20:08:23,32.91,26.61,6.3
MENRES001057_0,2023-05-18T00:27:24,13.97,13.17,0.8
MENRES001057_5,2023-05-05T15:10:35,29.82,24.44,5.38
MENRES001057_9,2023-10-29T00:39:26,32.22,30.31,1.91
MENRES001057_14,2023-06-26T08:06:13,24.65,23.24,1.41
MENRES001058_4,2023-02-19T11:42:17,32.36,27.68,4.68
MENRES001058_5,2023-11-18T09:23:10,71.88,65.99,5.89
MENRES001058_6,2023-06-05T11:07:36,133.75,123.52,10.23
MENRES001058_8,2023-08-20T20:31:43,61.67,57.58,4.09
MENRES001059_1,2023-10-13T12:37:36,109.39,87.67,21.72
MENRES001059_2,2023-05-08T12:02:51,89.24,76.1,13.14
MENRES001059_8,2023-07-14T10:17:12,52.37,45.16,7.21
MENRES001059_9,2023-06-13T22:23:43,40.37,32.87,7.5
MENRES001061_1,2023-11-09T21:03:39,119.33,105.35,13.98
MENRES001061_5,2023-12-25T10:33:08,142.46,118.04,24.42
MENRES001061_6,2023-05-23T17:39:09,115.75,97.46,18.29
MENRES001061_7,2023-01-15T13:26:41,66.74,61.88,4.86
MENRES001061_8,2023-11-04T00:11:32,66.04,55.46,10.58
MENRES001061_9,2023-02-09T19:21:13,26.9,21.83,5.07
MENRES001061_10,2023-08-29T01:54:09,143.1,119.57,23.53
MENRES001061_12,2023-01-05T00:23:23,39.17,32.43,6.74
MENRES001062_0,2023-09-17T08:39:45,65.41,56.34,9.07
MENRES001062_7,2023-06-04T19:59:40,17.08,13.91,3.17
MENRES001062_9,2023-05-06T12:41:13,49.8,46.92,2.88
MENRES001063_0,2023-03-28T03:15:04,13.29,11.86,1.43
MENRES001063_1,2023-07-06T14:01:22,13.18,12.05,1.13
MENRES001063_3,2023-04-23T06:24:35,20.95,19.72,1.23
MENRES001063_6,2023-03-25T05:06:05,6.53,5.64,0.89
MENRES001064_8,2023-02-25T00:58:29,133.09,114.1,18.99
MENRES001064_12,2023-10-31T03:49:01,35.73,33.01,2.72
MENRES001065_0,2023-06-21T19:42:33,35.44,31.9,3.54
MENRES001065_7,2023-01-17T03:20:02,6.77,6.35,0.42
MENRES001066_5,2023-04-30T11:18:21,54.0,46.61,7.39
MENRES001066_8,2023-12-03T09:32:34,42.43,34.41,8.02
MENRES001066_9,2023-07-13T08:14:55,78.57,64.2,14.37
MENRES001066_11,2023-07-11T09:06:07,14.15,12.5,1.65
MENRES001066_17,2023-09-13T11:52:13,11.19,9.61,1.58
MENRES001067_0,2023-11-14T05:51:38,19.02,17.98,1.04
MENRES001067_5,2023-02-04T19:02:43,27.52,24.79,2.73
MENRES001067_8,2023-07-31T04:55:18,25.97,24.12,1.85
MENRES001068_4,2023-06-14T06:05:12,32.73,27.38,5.35
MENRES001068_7,2023-01-30T21:08:18,59.04,48.01,11.03
MENRES001068_8,2023-09-12T12:39:31,28.32,24.3,4.02
MENRES001068_9,2023-03-16T12:14:46,78.55,74.27,4.28
MENRES001068_14,2023-07-17T17:47:48,40.66,33.17,7.49
MENRES001068_15,2023-04-15T17:26:20,35.48,29.45,6.03
MENRES001068_17,2023-04-27T02:58:56,48.27,42.49,5.78
MENRES001069_3,2023-03-14T22:39:06,20.08,16.49,3.59
MENRES001069_4,2023-11-09T08:50:57,63.82,51.1,12.72
MENRES001069_9,2023-04-04T22:33:33,34.58,27.9,6.68
MENRES001070_0,2023-07-16T14:27:32,8.76,7.37,1.39
MENRES001070_4,2023-04-13T07:48:16,15.33,13.0,2.33
MENRES001070_5,2023-02-14T17:18:02,27.9,26.14,1.76
MENRES001070_6,2023-03-20T07:38:42,11.88,10.53,1.35
MENRES001070_7,2023-06-09T01:05:10,18.9,17.78,1.12
MENRES001070_9,2023-05-15T22:29:50,39.38,37.19,2.19
MENRES001071_1,2023-10-24T04:11:20,64.55,55.8,8.75
MENRES001071_3,2023-11-09T07:55:39,42.57,38.17,4.4
MENRES001071_12,2023-12-23T23:31:47,72.69,62.49,10.2
MENRES001071_13,2023-02-03T18:27:19,63.3,59.15,4.15
MENRES001072_8,2023-03-09T09:21:19,70.34,59.23,11.11
MENRES001072_9,2023-11-10T15:39:30,23.67,21.1,2.57
MENRES001072_12,2023-11-05T13:13:30,112.5,94.33,18.17
MENRES001072_13,2023-01-27T16:14:15,76.23,68.42,7.81
MENRES001072_16,2023-10-13T02:35:06,37.97,34.51,3.46
MENRES001073_0,2023-09-27T16:45:10,71.13,59.64,11.49
MENRES001074_1,2023-07-03T17:34:14,34.3,27.6,6.7
MENRES001074_4,2023-03-24T17:56:57,75.43,67.76,7.67
MENRES001074_5,2023-05-14T19:56:56,74.54,64.54,10.0
MENRES001075_14,2023-12-24T22:23:50,57.04,46.48,10.56
MENRES001075_16,2023-10-14T12:30:09,106.31,94.33,11.98
MENRES001076_1,2023-09-13T02:11:42,19.8,18.28,1.52
MENRES001076_2,2023-08-29T13:18:34,16.04,13.67,2.37
MENRES001076_3,2023-09-17T10:52:12,13.59,11.76,1.83
MENRES001076_4,2023-01-27T16:23:54,19.21,17.2,2.01
MENRES001077_6,2023-05-14T11:53:01,54.27,49.71,4.56
MENRES001077_7,2023-10-29T14:26:25,102.38,89.93,12.45
MENRES001077_11,2023-10-18T09:19:38,40.13,34.97,5.16
MENRES001078_4,2023-04-08T12:00:26,81.71,68.35,13.36
MENRES001078_10,2023-01-18T04:41:54,136.38,126.05,10.33
MENRES001078_13,2023-01-20T18:43:50,153.01,133.1,19.91
MENRES001079_0,2023-11-11T16:29:37,57.6,49.5,8.1
MENRES001079_2,2023-07-12T11:23:33,108.91,94.06,14.85
MENRES001079_3,2023-02-23T17:31:54,106.87,92.69,14.18
MENRES001079_11,2023-02-14T05:36:06,105.94,88.98,16.96
MENRES001079_12,2023-02-07T18:35:30,81.11,65.75,15.36
MENRES001079_15,2023-04-26T19:51:31,38.82,33.69,5.13
MENRES001080_3,2023-02-24T20:03:58,34.09,30.57,3.52
MENRES001080_7,2023-08-08T22:48:10,26.97,23.45,3.52
MENRES001080_8,2023-06-29T07:20:18,29.87,27.22,2.65
MENRES001080_12,2023-03-15T15:42:15,37.88,31.02,6.86
MENRES001080_15,2023-03-31T14:46:34,8.67,8.19,0.48
MENRES001081_0,2023-03-05T12:06:03,26.35,25.0,1.35
MENRES001081_2,2023-01-13T02:44:56,11.53,9.81,1.72
MENRES001081_7,2023-02-27T23:09:36,17.61,15.86,1.75
MENRES001081_9,2023-04-30T19:40:40,33.93,27.53,6.4
MENRES001081_12,2023-06-05T06:29:22,14.46,12.54,1.92
MENRES001081_13,2023-03-21T04:08:10,26.5,23.83,2.67
MENRES001082_6,2023-12-14T10:25:28,29.18,23.55,5.63
MENRES001082_8,2023-11-02T13:28:58,112.03,91.55,20.48
MENRES001082_10,2023-02-06T02:42:58,72.19,63.89,8.3
MENRES001084_0,2023-05-12T02:50:47,63.84,59.73,4.11
MENRES001084_2,2023-09-04T11:48:25,31.89,25.66,6.23
MENRES001086_6,2023-09-08T21:47:13,130.47,117.3,13.17
MENRES001087_4,2023-06-05T01:45:49,12.39,10.04,2.35
MENRES001087_5,2023-11-15T20:10:42,11.81,10.87,0.94
MENRES001087_6,2023-03-27T06:10:49,30.86,25.6,5.26
MENRES001088_10,2023-03-16T22:34:34,153.65,142.45,11.2
MENRES001089_2,2023-02-04T14:45:20,129.29,113.71,15.58
MENRES001089_10,2023-06-29T15:43:35,25.01,21.09,3.92
MENRES001089_11,2023-11-19T18:09:10,32.18,28.41,3.77
MENRES001089_16,2023-05-12T13:45:01,122.67,106.16,16.51
MENRES001089_17,2023-04-17T22:11:43,31.29,28.4,2.89
MENRES001089_19,2023-05-14T22:23:02,112.73,95.08,17.65
MENRES001090_2,2023-04-27T21:46:36,22.46,19.57,2.89
MENRES001090_3,2023-12-30T18:51:52,54.58,50.25,4.33
MENRES001090_4,2023-08-22T19:44:43,42.59,35.52,7.07
MENRES001090_10,2023-11-01T14:44:34,48.94,45.68,3.26
MENRES001091_4,2023-10-29T12:23:22,27.09,23.82,3.27
MENRES001091_10,2023-02-03T07:20:57,14.01,13.29,0.72
MENRES001092_3,2023-04-28T17:03:05,54.33,48.5,5.83
MENRES001093_8,2023-08-09T07:24:16,119.6,95.72,23.88
MENRES001093_9,2023-01-26T18:30:40,61.11,56.3,4.81
MENRES001094_2,2023-10-09T12:29:08,35.6,29.81,5.79
MENRES001095_1,2023-05-20T09:23:21,116.95,99.48,17.47
MENRES001095_4,2023-07-22T14:17:59,117.9,96.75,21.15
MENRES001096_7,2023-07-14T17:09:03,20.87,17.08,3.79
MENRES001097_3,2023-10-02T21:05:00,57.02,53.1,3.92
MENRES001097_7,2023-11-15T20:50:33,39.66,34.82,4.84
MENRES001097_8,2023-09-17T16:37:33,16.34,13.57,2.77
MENRES001097_10,2023-10-19T23:50:28,33.66,27.92,5.74
MENRES001097_12,2023-11-23T15:47:47,73.37,64.71,8.66
MENRES001097_16,2023-04-09T12:14:39,43.3,37.7,5.6
MENRES001097_17,2023-08-14T08:08:01,44.34,38.75,5.59
MENRES001097_18,2023-04-26T19:48:09,50.35,43.85,6.5
MENRES001098_0,2023-04-07T07:37:21,65.56,57.39,8.17
MENRES001098_2,2023-03-20T06:56:06,21.39,18.76,2.63
MENRES001098_4,2023-07-09T11:18:14,31.33,26.86,4.47
MENRES001098_5,2023-08-27T02:58:04,61.73,49.45,12.28
MENRES001100_4,2023-08-11T13:45:59,93.72,76.37,17.35
MENRES001100_9,2023-01-14T02:04:59,52.11,43.67,8.44
MENRES001101_3,2023-04-21T14:25:04,12.91,11.22,1.69
MENRES001102_0,2023-05-12T21:13:00,24.01,19.27,4.74
MENRES001102_5,2023-10-16T18:47:53,19.54,16.31,3.23
MENRES001102_13,2023-02-20T22:21:23,23.98,20.65,3.33
MENRES001102_15,2023-08-18T03:39:09,16.75,14.41,2.34
MENRES001103_0,2023-08-05T06:13:50,47.76,38.74,9.02
MENRES001103_2,2023-03-19T21:33:18,64.61,59.53,5.08
MENRES001103_4,2023-09-23T17:31:33,112.07,91.59,20.48
MENRES001103_6,2023-02-01T15:09:21,27.87,25.9,1.97
MENRES001104_0,2023-10-12T08:34:41,49.07,40.33,8.74
MENRES001104_3,2023-11-11T03:58:27,22.62,19.54,3.08
MENRES001104_9,2023-08-07T09:10:27,91.21,84.74,6.47
MENRES001105_0,2023-02-28T20:52:33,37.43,32.01,5.42
MENRES001105_4,2023-02-01T09:54:53,16.49,14.3,2.19
MENRES001105_6,2023-08-28T06:56:49,11.85,10.9,0.95
MENRES001105_7,2023-05-10T13:49:28,23.09,20.08,3.01
MENRES001105_9,2023-01-18T11:46:39,11.73,10.13,1.6
MENRES001105_11,2023-09-12T15:03:40,33.94,29.98,3.96
MENRES001106_4,2023-11-16T02:34:31,60.46,51.21,9.25
MENRES001106_6,2023-09-03T16:04:04,59.43,52.25,7.18
MENRES001106_7,2023-08-02T02:00:15,48.81,44.15,4.66
MENRES001106_8,2023-04-20T06:14:52,59.79,56.68,3.11
MENRES001106_10,2023-11-26T22:41:03,36.45,34.51,1.94
MENRES001106_12,2023-05-09T13:33:21,78.37,68.63,9.74
MENRES001106_13,2023-11-14T19:45:05,11.77,9.58,2.19
MENRES001106_14,2023-09-29T14:28:31,12.79,12.01,0.78
MENRES001106_16,2023-04-25T08:15:49,30.5,27.58,2.92
MENRES001106_17,2023-11-16T05:04:02,79.37,63.75,15.62
MENRES001107_0,2023-10-07T13:06:41,10.36,9.29,1.07
MENRES001107_4,2023-01-29T05:48:28,31.07,27.88,3.19
MENRES001107_7,2023-05-19T11:30:51,8.81,7.75,1.06
MENRES001107_8,2023-08-08T15:22:31,8.26,7.75,0.51
MENRES001107_12,2023-11-07T01:16:48,18.1,16.67,1.43
MENRES001108_0,2023-02-16T20:16:41,33.9,32.1,1.8
MENRES001108_7,2023-06-11T19:50:22,5.91,5.19,0.72
MENRES001108_9,2023-05-10T06:16:29,19.42,17.79,1.63
MENRES001108_10,2023-04-16T21:40:38,21.4,18.27,3.13
MENRES001108_13,2023-10-30T16:35:54,11.9,10.74,1.16
MENRES001109_5,2023-05-17T21:20:53,28.45,24.01,4.44
MENRES001110_1,2023-04-03T20:40:49,67.53,54.72,12.81
MENRES001110_2,2023-11-24T10:35:20,100.06,92.2,7.86
MENRES001110_10,2023-11-18T05:56:01,34.54,31.0,3.54
MENRES001110_15,2023-05-27T13:29:25,46.53,41.51,5.02
MENRES001111_4,2023-01-30T09:06:06,63.69,57.61,6.08
MENRES001112_3,2023-08-16T18:03:33,61.6,51.85,9.75
MENRES001112_5,2023-11-25T05:38:58,12.71,11.25,1.46
MENRES001112_8,2023-03-09T23:24:47,17.01,13.99,3.02
MENRES001113_2,2023-05-28T00:17:18,25.65,21.84,3.81
MENRES001113_3,2023-06-06T03:47:49,11.79,9.97,1.82
MENRES001113_5,2023-05-27T08:56:15,15.4,13.69,1.71
MENRES001113_10,2023-04-15T10:13:06,38.43,34.5,3.93
MENRES001113_11,2023-08-12T02:13:34,22.76,18.8,3.96
MENRES001114_0,2023-11-08T18:02:41,29.4,25.06,4.34
MENRES001114_7,2023-03-10T18:06:52,96.89,89.05,7.84
MENRES001114_9,2023-11-08T05:37:29,27.24,22.91,4.33
MENRES001114_10,2023-06-21T16:46:22,114.21,103.46,10.75
MENRES001115_1,2023-01-14T07:58:22,33.08,29.51,3.57
MENRES001115_4,2023-12-14T12:52:27,24.98,23.0,1.98
MENRES001116_1,2023-05-28T20:52:32,56.36,49.97,6.39
MENRES001116_2,2023-12-01T23:46:56,153.98,137.03,16.95
MENRES001116_4,2023-12-02T05:59:18,22.68,19.12,3.56
MENRES001116_5,2023-07-07T04:10:56,149.27,140.3,8.97
MENRES001117_0,2023-04-14T19:19:57,39.6,35.17,4.43
MENRES001118_1,2023-02-15T01:49:21,25.01,22.45,2.56
MENRES001118_3,2023-09-01T18:33:01,17.28,14.2,3.08
MENRES001118_8,2023-12-24T17:02:15,54.36,48.53,5.83
MENRES001118_9,2023-05-11T17:43:34,14.46,12.43,2.03
MENRES001118_11,2023-10-11T00:46:15,24.85,22.91,1.94
MENRES001119_5,2023-03-22T03:57:41,85.3,71.98,13.32
MENRES001119_8,2023-10-27T20:49:04,99.9,87.87,12.03
MENRES001119_13,2023-03-17T07:23:37,25.42,22.15,3.27
MENRES001119_15,2023-06-30T11:25:54,63.44,53.13,10.31
MENRES001120_2,2023-08-12T18:27:09,112.92,105.54,7.38
MENRES001120_6,2023-12-28T20:16:43,58.66,54.34,4.32
MENRES001120_10,2023-04-07T17:04:14,103.73,95.48,8.25
MENRES001120_13,2023-01-18T06:20:36,60.5,50.05,10.45
MENRES001120_16,2023-03-20T00:46:15,38.28,35.78,2.5
MENRES001120_19,2023-11-25T19:51:22,92.01,78.81,13.2
MENRES001121_2,2023-08-31T13:42:19,19.01,16.78,2.23
MENRES001121_7,2023-07-19T09:21:19,26.43,24.9,1.53
MENRES001121_8,2023-07-31T20:39:59,37.28,35.4,1.88
MENRES001121_13,2023-02-13T10:42:48,20.69,18.03,2.66
MENRES001122_0,2023-10-09T03:30:06,25.4,22.79,2.61
MENRES001122_2,2023-01-10T08:28:03,139.94,122.85,17.09
MENRES001122_4,2023-10-10T19:30:32,110.88,98.46,12.42
MENRES001122_6,2023-08-27T14:15:16,148.42,133.68,14.74
MENRES001122_10,2023-09-27T02:09:29,48.01,43.83,4.18
MENRES001123_1,2023-01-23T05:31:40,18.55,16.18,2.37
MENRES001123_3,2023-09-08T04:43:40,39.79,34.62,5.17
MENRES001123_4,2023-06-09T07:37:56,19.42,18.12,1.3
MENRES001124_13,2023-12-27T10:18:35,69.39,62.27,7.12
MENRES001124_16,2023-08-04T16:14:07,66.7,60.77,5.93
MENRES001124_18,2023-10-08T05:44:22,151.19,140.64,10.55
MENRES001125_3,2023-01-23T10:50:37,39.38,31.52,7.86
MENRES001125_9,2023-06-20T06:01:21,29.34,25.18,4.16
MENRES001125_10,2023-08-27T21:10:13,30.3,24.69,5.61
MENRES001125_12,2023-11-23T15:49:49,36.01,32.08,3.93
MENRES001126_3,2023-09-11T22:16:58,86.25,74.37,11.88
MENRES001126_5,2023-04-10T02:52:07,113.76,101.01,12.75
MENRES001126_7,2023-03-08T01:38:47,74.23,65.32,8.91
MENRES001126_9,2023-08-16T20:38:38,105.06,88.24,16.82
MENRES001126_10,2023-09-05T20:20:45,36.6,32.01,4.59
MENRES001126_12,2023-11-13T11:50:30,97.54,89.85,7.69
MENRES001126_16,2023-02-12T21:45:54,94.47,89.43,5.04
MENRES001127_1,2023-12-18T01:35:36,96.67,84.6,12.07
MENRES001127_2,2023-04-10T01:34:32,129.23,114.85,14.38
MENRES001127_8,2023-09-22T08:55:39,157.11,135.06,22.05
MENRES001127_11,2023-07-26T13:12:33,87.01,81.12,5.89
MENRES001127_12,2023-12-22T09:08:36,158.63,129.44,29.19
MENRES001127_16,2023-03-19T14:58:00,38.97,36.07,2.9
MENRES001127_18,2023-09-27T20:33:08,132.41,124.19,8.22
MENRES001128_0,2023-07-14T16:50:51,46.78,39.89,6.89
MENRES001128_1,2023-05-01T16:02:24,49.1,43.26,5.84
MENRES001128_2,2023-01-26T18:51:58,26.08,24.7,1.38
MENRES001128_5,2023-07-15T11:24:27,53.6,43.77,9.83
MENRES001128_10,2023-02-19T15:20:25,71.57,60.96,10.61
MENRES001128_12,2023-08-18T18:22:20,19.99,17.33,2.66
MENRES001129_0,2023-07-22T16:11:12,60.08,52.55,7.53
MENRES001129_4,2023-01-30T20:46:42,59.73,52.39,7.34
MENRES001129_5,2023-01-28T09:45:58,48.05,42.32,5.73
MENRES001129_6,2023-08-31T05:56:44,46.98,44.47,2.51
MENRES001129_7,2023-04-02T21:16:49,62.53,59.34,3.19
MENRES001130_2,2023-09-24T17:07:33,58.59,53.95,4.64
MENRES001130_9,2023-05-01T20:21:50,83.15,68.36,14.79
MENRES001130_11,2023-08-06T04:24:12,130.31,122.27,8.04
MENRES001130_13,2023-09-06T23:55:06,114.71,99.96,14.75
MENRES001131_0,2023-06-17T15:10:15,42.74,35.04,7.7
MENRES001131_4,2023-02-23T04:18:24,62.27,51.96,10.31
MENRES001131_7,2023-01-11T10:21:41,94.79,80.42,14.37
MENRES001131_9,2023-03-28T05:15:45,109.45,93.25,16.2
MENRES001132_1,2023-04-08T16:34:35,37.83,31.02,6.81
MENRES001132_8,2023-03-07T00:54:46,72.52,64.91,7.61
MENRES001132_10,2023-01-21T18:52:56,21.57,18.04,3.53
MENRES001132_11,2023-12-10T08:56:22,34.33,30.92,3.41
MENRES001133_4,2023-11-25T04:24:47,156.25,125.11,31.14
MENRES001133_5,2023-04-21T18:15:39,75.88,71.78,4.1
MENRES001133_10,2023-07-18T04:01:29,72.26,62.43,9.83
MENRES001134_3,2023-12-12T18:40:36,109.79,90.04,19.75
MENRES001134_4,2023-03-26T11:39:05,53.33,47.34,5.99
MENRES001134_5,2023-06-20T01:55:35,51.72,46.13,5.59
MENRES001135_2,2023-04-18T10:41:01,21.79,19.47,2.32
MENRES001135_4,2023-07-29T14:15:48,15.92,14.8,1.12
MENRES001135_7,2023-07-07T11:54:32,26.62,24.96,1.66
MENRES001137_3,2023-06-26T21:49:38,13.61,11.65,1.96
MENRES001137_9,2023-01-14T13:23:33,38.33,34.26,4.07
MENRES001137_10,2023-07-23T04:17:01,15.76,12.79,2.97
MENRES001137_11,2023-12-23T23:51:02,32.5,26.29,6.21
MENRES001138_0,2023-11-10T09:16:40,35.8,33.35,2.45
MENRES001138_1,2023-06-25T09:03:37,36.19,30.43,5.76
MENRES001138_2,2023-07-28T16:48:25,31.0,26.18,4.82
MENRES001138_6,2023-02-05T05:13:38,15.61,14.43,1.18
MENRES001138_13,2023-02-13T23:59:49,13.72,11.38,2.34
MENRES001138_16,2023-02-12T05:24:55,39.25,35.29,3.96
MENRES001138_18,2023-11-26T18:00:10,21.05,16.93,4.12
MENRES001138_19,2023-07-10T10:23:41,17.65,14.31,3.34
MENRES001139_1,2023-10-12T22:45:39,121.11,102.49,18.62
MENRES001139_2,2023-08-20T12:22:13,126.56,106.28,20.28
MENRES001139_4,2023-10-07T14:25:33,61.34,55.65,5.69
MENRES001139_6,2023-12-21T04:48:02,136.04,117.08,18.96
MENRES001139_7,2023-03-09T16:27:33,81.08,74.85,6.23
MENRES001139_12,2023-11-22T00:22:05,101.73,85.05,16.68
MENRES001140_0,2023-05-16T08:00:46,39.75,33.47,6.28
MENRES001140_7,2023-04-12T14:03:30,92.75,77.41,15.34
MENRES001140_9,2023-03-17T20:04:01,72.37,64.64,7.73
MENRES001141_0,2023-11-09T19:42:21,22.64,19.31,3.33
MENRES001141_2,2023-02-14T14:24:28,62.39,54.93,7.46
MENRES001141_3,2023-06-04T11:46:24,61.17,56.69,4.48
MENRES001142_0,2023-10-03T03:47:55,90.61,74.34,16.27
MENRES001142_4,2023-08-06T02:09:53,43.63,36.61,7.02
MENRES001142_5,2023-06-26T19:51:50,51.89,46.83,5.06
MENRES001142_6,2023-05-24T17:41:41,90.74,73.73,17.01
MENRES001142_9,2023-02-10T16:13:29,117.76,96.68,21.08
MENRES001142_11,2023-07-08T19:00:49,93.52,79.43,14.09
MENRES001143_0,2023-04-29T23:19:00,44.46,41.92,2.54
MENRES001143_4,2023-09-27T15:43:19,80.74,72.02,8.72
MENRES001143_10,2023-08-09T14:42:44,111.23,98.35,12.88
MENRES001143_14,2023-05-02T20:38:48,71.44,62.74,8.7
MENRES001144_0,2023-01-05T14:59:11,46.81,44.36,2.45
MENRES001144_4,2023-05-02T13:23:04,63.08,57.29,5.79
MENRES001144_5,2023-04-27T00:29:25,89.63,83.97,5.66
MENRES001144_6,2023-04-13T23:38:11,69.15,61.63,7.52
MENRES001144_10,2023-08-05T23:02:18,64.46,52.87,11.59
MENRES001144_11,2023-08-09T19:51:31,28.47,24.41,4.06
MENRES001144_14,2023-09-20T02:28:51,95.86,79.19,16.67
MENRES001146_3,2023-02-27T02:47:11,23.98,22.06,1.92
MENRES001147_0,2023-11-29T08:44:34,98.47,86.0,12.47
MENRES001147_2,2023-03-29T12:04:54,96.56,83.19,13.37
MENRES001148_6,2023-07-10T12:48:04,49.77,42.92,6.85
MENRES001148_8,2023-11-15T03:17:03,72.38,58.09,14.29
MENRES001148_10,2023-08-13T00:21:46,56.17,45.58,10.59
MENRES001149_4,2023-06-16T08:01:45,97.77,78.81,18.96
MENRES001149_5,2023-10-22T04:50:23,34.55,31.05,3.5
MENRES001150_1,2023-10-15T11:36:48,58.18,54.86,3.32
MENRES001150_8,2023-06-19T07:07:36,44.28,39.54,4.74
MENRES001150_9,2023-05-10T22:37:01,53.19,49.11,4.08
MENRES001150_11,2023-01-14T02:10:05,10.43,8.4,2.03
MENRES001151_1,2023-07-26T23:27:14,102.6,84.05,18.55
MENRES001152_0,2023-10-12T08:18:22,27.79,25.63,2.16
MENRES001152_1,2023-09-24T19:58:28,37.7,30.95,6.75
MENRES001152_2,2023-09-12T23:19:54,13.82,12.59,1.23
MENRES001152_6,2023-03-06T05:14:19,53.06,46.1,6.96
MENRES001152_8,2023-07-29T14:10:41,43.3,35.76,7.54
MENRES001152_9,2023-09-29T11:42:44,13.51,11.56,1.95
MENRES001152_10,2023-02-14T03:11:13,38.08,34.33,3.75
MENRES001152_11,2023-10-13T04:09:06,14.81,12.87,1.94
MENRES001152_12,2023-04-20T15:31:50,18.69,15.04,3.65
MENRES001153_1,2023-10-06T03:37:41,21.84,19.76,2.08
MENRES001153_5,2023-09-09T22:39:42,33.48,31.09,2.39
MENRES001153_6,2023-04-03T19:28:29,14.38,12.48,1.9
MENRES001153_8,2023-10-14T01:56:32,39.14,34.08,5.06
MENRES001153_16,2023-11-10T12:22:04,16.05,13.62,2.43
MENRES001154_0,2023-06-02T20:34:49,34.69,29.86,4.83
MENRES001154_1,2023-02-25T05:48:06,35.77,31.38,4.39
MENRES001154_9,2023-06-20T01:40:38,17.07,15.04,2.03
MENRES001155_0,2023-02-01T04:44:12,59.28,47.82,11.46
MENRES001155_5,2023-07-01T17:34:34,53.94,43.9,10.04
MENRES001155_6,2023-12-13T08:04:51,37.06,34.42,2.64
MENRES001155_7,2023-07-14T20:54:38,55.6,51.81,3.79
MENRES001155_12,2023-02-11T23:07:48,27.37,24.27,3.1
MENRES001155_14,2023-10-15T12:53:21,33.04,31.11,1.93
MENRES001155_18,2023-07-22T22:25:51,110.71,98.43,12.28
MENRES001156_3,2023-11-08T10:24:06,159.94,139.9,20.04
MENRES001156_4,2023-11-14T02:36:56,153.46,128.69,24.77
MENRES001156_6,2023-06-24T03:55:43,77.73,71.16,6.57
MENRES001156_7,2023-01-14T04:32:51,85.94,78.09,7.85
MENRES001156_8,2023-05-18T15:22:29,128.47,111.06,17.41
MENRES001156_10,2023-09-05T04:12:49,32.45,26.18,6.27
MENRES001156_11,2023-12-01T22:49:26,88.46,72.72,15.74
MENRES001156_12,2023-02-26T11:04:59,112.6,98.72,13.88
MENRES001156_14,2023-11-27T01:00:19,80.29,71.27,9.02
MENRES001156_15,2023-01-20T22:45:46,27.64,22.35,5.29
MENRES001156_16,2023-12-20T19:03:59,25.75,24.33,1.42
MENRES001157_0,2023-09-15T15:25:25,53.92,45.13,8.79
MENRES001157_5,2023-03-30T08:10:55,27.29,25.08,2.21
MENRES001157_9,2023-11-14T21:44:13,119.94,96.43,23.51
MENRES001157_11,2023-07-01T18:19:44,19.87,18.28,1.59
MENRES001158_3,2023-11-12T01:55:30,58.4,48.0,10.4
MENRES001158_4,2023-01-05T12:36:49,27.53,23.9,3.63
MENRES001158_12,2023-08-10T03:34:52,60.0,55.75,4.25
MENRES001159_0,2023-02-16T15:33:30,5.87,5.53,0.34
MENRES001159_1,2023-04-20T01:39:30,12.85,12.16,0.69
MENRES001159_3,2023-01-25T22:13:48,11.05,10.03,1.02
MENRES001159_5,2023-06-22T19:58:42,21.69,17.97,3.72
MENRES001159_14,2023-08-09T08:30:44,18.42,15.99,2.43
MENRES001159_17,2023-05-05T07:07:36,9.08,8.0,1.08
MENRES001160_1,2023-10-20T16:43:52,51.02,41.23,9.79
MENRES001160_3,2023-03-22T18:30:20,70.91,59.46,11.45
MENRES001160_6,2023-12-20T19:34:10,11.37,9.99,1.38
MENRES001161_1,2023-02-15T14:48:16,70.47,63.98,6.49
MENRES001161_3,2023-05-09T02:02:24,74.31,63.96,10.35
MENRES001161_5,2023-03-20T12:29:23,31.64,29.06,2.58
MENRES001161_7,2023-01-04T04:55:47,22.23,20.32,1.91
MENRES001161_8,2023-04-21T18:25:18,37.3,30.36,6.94
MENRES001161_10,2023-10-12T10:36:32,29.84,26.65,3.19
MENRES001161_11,2023-10-15T23:47:43,28.57,26.99,1.58
MENRES001161_13,2023-02-22T08:42:13,29.37,26.15,3.22
MENRES001162_0,2023-04-07T21:20:50,118.33,95.07,23.26
MENRES001162_7,2023-06-13T11:00:08,27.1,21.9,5.2
MENRES001162_10,2023-08-04T17:07:33,87.4,73.75,13.65
MENRES001162_15,2023-04-22T00:39:09,21.52,17.68,3.84
MENRES001162_19,2023-03-08T17:06:44,56.02,50.37,5.65
MENRES001163_1,2023-09-22T05:00:19,31.01,27.11,3.9
MENRES001163_5,2023-04-18T07:35:58,24.71,22.48,2.23
MENRES001163_8,2023-08-12T04:34:16,35.74,28.87,6.87
MENRES001163_15,2023-09-06T08:08:36,15.94,14.93,1.01
MENRES001163_17,2023-02-11T05:13:08,44.28,37.46,6.82
MENRES001164_2,2023-08-04T01:20:56,14.34,13.1,1.24
MENRES001164_4,2023-10-05T16:02:24,24.94,21.06,3.88
MENRES001164_7,2023-08-17T10:25:43,22.14,18.54,3.6
MENRES001164_9,2023-10-02T00:37:43,9.8,8.99,0.81
MENRES001164_10,2023-11-11T15:14:24,12.01,9.61,2.4
MENRES001164_18,2023-01-18T22:39:39,38.73,33.88,4.85
MENRES001164_19,2023-02-08T07:00:29,9.15,8.21,0.94
MENRES001165_1,2023-07-01T00:52:58,25.53,22.74,2.79
MENRES001165_7,2023-12-18T15:17:04,15.02,14.12,0.9
MENRES001165_9,2023-06-15T05:14:14,35.2,32.63,2.57
MENRES001166_10,2023-08-18T19:05:36,22.79,20.06,2.73
MENRES001167_1,2023-06-30T06:25:39,82.44,66.29,16.15
MENRES001167_5,2023-04-20T14:15:53,101.81,82.86,18.95
MENRES001167_8,2023-04-10T02:07:09,101.02,82.35,18.67
MENRES001167_9,2023-06-30T21:56:13,63.38,56.49,6.89
MENRES001167_12,2023-07-24T11:21:37,16.8,13.9,2.9
MENRES001167_15,2023-01-06T09:07:40,41.36,33.85,7.51
MENRES001168_0,2023-10-28T23:45:48,108.0,97.01,10.99
MENRES001168_3,2023-07-29T11:30:31,51.8,45.29,6.51
MENRES001168_4,2023-07-29T04:51:09,52.01,46.88,5.13
MENRES001169_1,2023-05-04T15:21:21,6.08,5.77,0.31
MENRES001169_2,2023-07-31T09:50:17,37.31,30.03,7.28
MENRES001169_4,2023-12-20T22:46:40,26.73,22.54,4.19
MENRES001170_0,2023-05-14T11:15:22,7.44,6.92,0.52
MENRES001170_4,2023-05-15T13:58:16,37.4,34.81,2.59
MENRES001171_0,2023-07-07T15:37:31,84.51,73.81,10.7
MENRES001171_7,2023-07-21T19:32:20,119.02,105.4,13.62
MENRES001171_9,2023-05-08T22:20:48,101.13,90.99,10.14
MENRES001171_11,2023-08-25T16:15:32,104.65,86.22,18.43
MENRES001172_1,2023-07-05T09:49:12,21.75,18.1,3.65
MENRES001172_6,2023-10-26T01:14:58,13.2,10.59,2.61
MENRES001172_8,2023-06-17T09:34:36,5.47,5.08,0.39
MENRES001172_10,2023-12-05T17:59:44,34.83,31.12,3.71
MENRES001172_11,2023-02-09T06:24:49,36.79,33.14,3.65
MENRES001173_1,2023-12-13T22:14:51,87.53,71.39,16.14
MENRES001174_1,2023-02-22T23:58:44,25.47,23.66,1.81
MENRES001174_2,2023-02-16T12:01:10,42.17,36.23,5.94
MENRES001174_3,2023-11-05T21:08:14,55.42,46.97,8.45
MENRES001174_4,2023-01-10T12:51:32,79.93,75.1,4.83
MENRES001175_5,2023-06-10T11:06:30,8.16,6.99,1.17
MENRES001175_13,2023-10-12T03:48:20,37.46,31.86,5.6
MENRES001176_3,2023-06-09T18:04:49,59.74,56.38,3.36
MENRES001176_5,2023-05-23T10:47:17,63.62,53.2,10.42
MENRES001178_0,2023-08-17T13:15:08,10.96,9.05,1.91
MENRES001178_2,2023-12-17T09:00:39,46.58,38.96,7.62
MENRES001178_5,2023-07-26T11:22:28,17.15,14.28,2.87
MENRES001178_6,2023-06-05T07:49:41,35.5,31.64,3.86
MENRES001178_7,2023-11-18T18:32:58,69.56,56.53,13.03
MENRES001178_8,2023-10-01T11:42:57,68.45,60.5,7.95
MENRES001178_10,2023-07-02T18:22:20,44.33,41.67,2.66
MENRES001178_13,2023-08-31T22:55:37,71.39,66.77,4.62
MENRES001179_0,2023-06-06T12:58:03,70.96,65.45,5.51
MENRES001179_5,2023-03-09T08:54:06,33.24,27.02,6.22
MENRES001179_6,2023-12-19T03:06:20,24.53,20.09,4.44
MENRES001179_10,2023-06-11T16:05:47,36.1,33.46,2.64
MENRES001179_12,2023-04-22T10:56:06,57.46,50.32,7.14
MENRES001179_14,2023-03-22T05:08:13,64.94,53.88,11.06
MENRES001180_6,2023-10-01T09:50:36,32.61,30.04,2.57
MENRES001180_9,2023-10-09T02:39:40,20.47,17.18,3.29
MENRES001180_16,2023-08-15T22:13:51,63.06,57.5,5.56
MENRES001181_1,2023-05-12T11:20:17,159.22,131.65,27.57
MENRES001181_3,2023-07-07T01:44:11,64.93,53.77,11.16
MENRES001181_7,2023-06-29T05:14:14,99.33,86.23,13.1
MENRES001181_10,2023-06-07T22:15:50,150.23,134.13,16.1
MENRES001182_4,2023-09-22T22:14:25,26.51,23.22,3.29
MENRES001182_5,2023-09-06T03:55:18,18.96,15.47,3.49
MENRES001182_12,2023-07-08T11:27:10,55.89,49.05,6.84
MENRES001183_1,2023-09-07T14:19:49,28.37,25.15,3.22
MENRES001183_5,2023-04-21T23:41:45,29.53,24.37,5.16
MENRES001183_7,2023-09-05T17:25:09,20.22,17.36,2.86
MENRES001184_1,2023-01-05T16:31:51,120.93,112.31,8.62
MENRES001184_5,2023-11-12T14:48:41,45.46,37.14,8.32
MENRES001185_4,2023-08-07T07:29:17,12.48,11.17,1.31
MENRES001185_5,2023-12-23T11:44:36,12.05,10.63,1.42
MENRES001185_8,2023-05-06T02:35:01,36.79,32.14,4.65
MENRES001185_12,2023-02-04T02:36:31,15.71,13.82,1.89
MENRES001185_17,2023-06-15T22:26:57,35.14,32.37,2.77
MENRES001186_0,2023-11-01T18:43:19,47.64,43.36,4.28
MENRES001186_2,2023-10-25T16:43:43,41.39,34.6,6.79
MENRES001186_3,2023-02-20T08:29:33,48.85,41.25,7.6
MENRES001186_4,2023-07-09T19:19:10,70.23,62.33,7.9
MENRES001187_0,2023-10-11T15:31:55,56.36,47.26,9.1
MENRES001188_1,2023-08-10T15:58:39,59.27,54.91,4.36
MENRES001188_6,2023-10-02T05:45:02,19.54,17.5,2.04
MENRES001188_11,2023-04-26T22:53:25,75.31,71.54,3.77
MENRES001188_13,2023-05-04T20:39:12,56.35,52.28,4.07
MENRES001188_14,2023-04-06T06:09:44,53.33,44.07,9.26
MENRES001189_1,2023-09-17T04:09:00,114.38,108.44,5.94
MENRES001189_4,2023-11-03T10:29:26,110.97,105.24,5.73
MENRES001190_1,2023-04-01T10:34:50,23.5,21.68,1.82
MENRES001190_4,2023-05-25T18:14:26,8.05,6.79,1.26
MENRES001190_10,2023-06-11T07:24:42,29.01,26.35,2.66
MENRES001190_11,2023-10-23T20:24:53,16.62,15.14,1.48
MENRES001190_12,2023-12-25T03:58:53,15.65,12.67,2.98
MENRES001190_16,2023-05-28T03:35:07,22.15,18.81,3.34
MENRES001191_2,2023-09-27T21:20:08,154.06,145.09,8.97
MENRES001191_5,2023-03-18T23:51:42,64.92,54.16,10.76
MENRES001191_13,2023-11-03T19:23:46,123.63,115.18,8.45
MENRES001192_3,2023-10-13T07:56:44,64.76,51.95,12.81
MENRES001192_4,2023-06-15T21:07:10,28.13,24.69,3.44
MENRES001193_0,2023-11-21T14:48:51,31.99,26.61,5.38
MENRES001193_2,2023-07-21T06:12:17,62.87,52.2,10.67
MENRES001193_4,2023-10-20T09:59:30,52.81,44.98,7.83
MENRES001193_6,2023-09-03T09:02:57,73.76,60.99,12.77
MENRES001193_9,2023-10-01T00:04:41,45.36,40.47,4.89
MENRES001194_1,2023-01-04T03:02:08,115.33,95.77,19.56
MENRES001194_9,2023-11-16T07:33:44,82.02,75.42,6.6
MENRES001194_12,2023-10-25T18:13:21,94.7,83.12,11.58
MENRES001194_13,2023-11-30T01:41:00,111.25,97.27,13.98
MENRES001194_14,2023-07-03T04:54:30,95.01,86.23,8.78
MENRES001194_16,2023-08-19T01:06:59,60.08,56.62,3.46
MENRES001195_2,2023-06-25T23:49:47,57.8,54.03,3.77
MENRES001195_9,2023-08-05T20:31:51,122.63,98.8,23.83
MENRES001195_11,2023-12-16T00:48:19,118.92,107.08,11.84
MENRES001196_3,2023-04-23T06:51:11,22.39,19.0,3.39
MENRES001196_4,2023-08-05T19:56:16,38.54,32.03,6.51
MENRES001196_5,2023-05-02T10:51:11,5.14,4.61,0.53
MENRES001197_0,2023-07-23T14:56:32,84.96,80.34,4.62
MENRES001197_6,2023-10-09T03:05:17,74.85,61.02,13.83
MENRES001198_3,2023-01-24T14:38:54,66.39,61.11,5.28
MENRES001198_4,2023-05-12T16:06:43,61.69,57.34,4.35
MENRES001198_10,2023-06-27T07:12:13,73.38,68.64,4.74
MENRES001198_14,2023-03-18T09:55:28,42.96,39.28,3.68
MENRES001200_1,2023-06-13T08:06:14,18.85,16.48,2.37
MENRES001200_5,2023-09-28T04:51:00,117.57,106.25,11.32
MENRES001200_6,2023-12-20T04:02:11,18.96,17.8,1.16
MENRES001200_9,2023-12-23T07:19:13,95.59,84.38,11.21
MENRES001200_13,2023-04-15T06:21:09,49.52,44.33,5.19
MENRES001200_14,2023-04-30T14:16:56,67.5,60.82,6.68
MENRES001200_15,2023-04-08T19:19:39,89.91,84.14,5.77
MENRES001201_0,2023-09-26T09:34:41,10.33,9.78,0.55
MENRES001201_11,2023-07-25T02:19:38,26.38,21.17,5.21
MENRES001202_0,2023-09-16T02:31:20,75.4,65.7,9.7
MENRES001202_1,2023-07-19T15:11:24,72.4,58.59,13.81
MENRES001203_1,2023-05-15T00:43:34,39.3,31.79,7.51
MENRES001203_3,2023-01-10T10:39:16,26.05,24.14,1.91
MENRES001203_7,2023-09-02T18:00:59,16.89,13.9,2.99
MENRES001203_8,2023-04-18T16:34:36,30.27,26.84,3.43
MENRES001203_10,2023-03-03T14:37:12,18.08,16.18,1.9
MENRES001204_1,2023-02-17T17:17:40,9.73,8.35,1.38
MENRES001204_2,2023-09-07T12:43:40,32.63,29.64,2.99
MENRES001204_8,2023-04-29T13:32:20,24.87,20.64,4.23
MENRES001204_9,2023-03-28T23:47:05,32.29,25.91,6.38
MENRES001205_1,2023-05-09T01:22:35,23.08,20.2,2.88
MENRES001205_4,2023-10-06T20:35:51,48.58,44.73,3.85
MENRES001205_5,2023-11-04T21:03:42,46.89,40.29,6.6
MENRES001205_6,2023-02-11T11:34:17,25.4,21.38,4.02
MENRES001205_13,2023-12-23T08:54:23,71.08,57.21,13.87
MENRES001205_14,2023-10-30T04:07:19,49.72,44.25,5.47
MENRES001205_18,2023-05-04T16:07:12,53.9,45.95,7.95
MENRES001206_5,2023-10-13T08:07:09,8.11,7.65,0.46
MENRES001208_12,2023-04-18T19:39:18,24.68,23.23,1.45
MENRES001208_15,2023-05-26T08:20:35,41.23,35.0,6.23
MENRES001208_17,2023-04-24T23:40:37,67.1,57.92,9.18
MENRES001209_3,2023-09-26T04:31:30,30.41,24.35,6.06
MENRES001209_4,2023-01-07T03:21:09,128.8,118.41,10.39
MENRES001209_8,2023-02-18T03:43:08,104.18,83.6,20.58
MENRES001210_1,2023-01-07T10:53:59,71.1,60.92,10.18
MENRES001210_5,2023-05-30T05:18:34,84.3,73.28,11.02
MENRES001210_9,2023-11-13T11:12:50,36.75,33.33,3.42
MENRES001210_14,2023-03-07T09:13:14,87.96,81.5,6.46
MENRES001211_3,2023-01-01T21:46:39,11.02,9.63,1.39
MENRES001212_4,2023-05-27T04:29:42,19.6,18.25,1.35
MENRES001212_10,2023-10-13T04:31:41,75.11,68.29,6.82
MENRES001212_11,2023-04-26T20:14:06,52.63,46.15,6.48
MENRES001212_13,2023-12-01T13:29:49,77.37,64.63,12.74
MENRES001213_0,2023-01-11T02:57:17,67.2,54.52,12.68
MENRES001214_8,2023-06-08T11:52:50,21.77,20.17,1.6
MENRES001215_0,2023-09-13T15:05:56,111.27,95.84,15.43
MENRES001215_9,2023-04-29T03:09:42,30.0,24.41,5.59
MENRES001216_1,2023-10-26T15:49:19,71.49,58.92,12.57
MENRES001216_6,2023-09-26T00:58:25,61.17,58.09,3.08
MENRES001216_8,2023-08-23T00:42:34,86.12,79.7,6.42
MENRES001216_10,2023-01-04T18:55:11,58.55,49.19,9.36
MENRES001216_12,2023-04-01T09:12:12,110.37,89.45,20.92
MENRES001216_13,2023-08-22T22:39:00,159.38,131.41,27.97
MENRES001216_16,2023-03-11T13:58:10,71.38,59.77,11.61
MENRES001217_0,2023-05-20T20:15:50,38.67,36.29,2.38
MENRES001217_2,2023-06-15T02:48:45,148.96,126.94,22.02
MENRES001217_6,2023-03-15T00:16:29,155.95,141.26,14.69
MENRES001217_7,2023-11-25T00:24:27,129.15,117.92,11.23
MENRES001217_11,2023-08-06T07:34:56,102.86,87.33,15.53
MENRES001217_12,2023-08-08T06:32:57,132.42,122.9,9.52
MENRES001218_1,2023-06-27T00:18:41,34.63,29.37,5.26
MENRES001218_4,2023-06-09T10:04:20,57.99,50.41,7.58
MENRES001218_8,2023-12-06T07:51:41,116.93,101.9,15.03
MENRES001218_11,2023-06-22T09:44:18,17.51,14.21,3.3
MENRES001219_3,2023-10-09T01:25:11,30.76,26.11,4.65
MENRES001219_6,2023-12-26T22:58:57,21.13,17.91,3.22
MENRES001219_8,2023-08-20T21:51:54,35.86,33.22,2.64
MENRES001219_9,2023-12-24T00:28:22,19.54,16.19,3.35
MENRES001219_12,2023-05-07T22:09:25,27.12,24.31,2.81
MENRES001219_15,2023-08-19T20:59:42,31.64,25.46,6.18
MENRES001220_3,2023-10-31T19:12:51,39.29,31.77,7.52
MENRES001220_6,2023-11-07T21:42:31,5.8,4.71,1.09
MENRES001221_0,2023-08-23T04:25:56,46.61,39.01,7.6
MENRES001221_2,2023-12-02T08:56:53,103.23,86.4,16.83
MENRES001222_1,2023-05-30T09:00:54,21.02,19.96,1.06
MENRES001222_2,2023-09-19T08:31:37,19.94,18.24,1.7
MENRES001222_11,2023-03-20T12:29:37,32.9,29.24,3.66
MENRES001222_14,2023-07-23T01:11:28,6.51,5.51,1.0
MENRES001222_15,2023-07-26T04:06:19,23.88,22.14,1.74
MENRES001223_1,2023-11-29T18:47:56,30.32,24.59,5.73
MENRES001224_7,2023-05-30T07:26:21,83.56,75.66,7.9
MENRES001224_10,2023-02-25T14:05:00,95.94,85.22,10.72
MENRES001224_11,2023-02-02T18:13:29,93.5,85.82,7.68
MENRES001224_13,2023-01-02T12:11:38,35.13,28.95,6.18
MENRES001225_3,2023-04-30T18:21:39,14.23,12.65,1.58
MENRES001225_5,2023-02-24T09:38:47,13.12,11.78,1.34
MENRES001225_6,2023-12-13T13:29:13,17.74,14.88,2.86
MENRES001225_10,2023-06-23T05:11:00,38.22,32.23,5.99
MENRES001225_14,2023-04-23T17:29:41,23.85,21.11,2.74
MENRES001226_2,2023-11-30T06:22:04,7.71,7.07,0.64
MENRES001226_8,2023-09-11T19:59:00,12.49,10.18,2.31
MENRES001226_9,2023-11-28T10:49:09,25.39,23.03,2.36
MENRES001226_11,2023-12-16T13:17:19,39.03,35.22,3.81
MENRES001226_13,2023-01-29T11:01:56,30.11,28.51,1.6
MENRES001226_14,2023-07-14T17:03:33,9.69,8.33,1.36
MENRES001226_17,2023-09-21T05:35:10,9.89,8.1,1.79
MENRES001227_0,2023-09-07T01:51:40,43.53,36.28,7.25
MENRES001227_3,2023-02-17T23:08:21,49.21,43.51,5.7
MENRES001228_0,2023-07-28T10:08:10,74.77,67.75,7.02
MENRES001228_1,2023-01-04T11:50:11,80.27,64.69,15.58
MENRES001228_3,2023-12-05T11:11:39,152.63,134.14,18.49
MENRES001228_5,2023-05-31T13:58:36,95.54,86.39,9.15
MENRES001229_0,2023-01-01T17:28:29,21.08,17.22,3.86
MENRES001229_1,2023-05-17T14:00:23,63.55,54.45,9.1
MENRES001229_4,2023-03-12T00:31:40,64.92,54.96,9.96
MENRES001229_6,2023-12-27T15:17:07,78.32,67.56,10.76
MENRES001230_2,2023-04-11T12:21:08,13.79,11.25,2.54
MENRES001230_3,2023-01-08T02:22:26,21.75,19.0,2.75
MENRES001231_2,2023-08-15T06:29:00,101.78,82.08,19.7
MENRES001232_1,2023-10-15T11:04:26,36.92,33.74,3.18
MENRES001232_2,2023-06-23T13:00:24,35.82,33.03,2.79
MENRES001232_3,2023-08-13T07:59:45,80.27,70.03,10.24
MENRES001233_2,2023-11-05T19:12:25,49.9,41.84,8.06
MENRES001234_0,2023-06-10T21:53:19,9.76,8.33,1.43
MENRES001234_5,2023-03-12T13:32:18,38.46,32.7,5.76
MENRES001234_10,2023-02-22T02:38:01,17.12,16.14,0.98
MENRES001234_14,2023-08-03T04:07:58,31.26,25.7,5.56
MENRES001235_0,2023-04-12T04:44:34,124.68,103.88,20.8
MENRES001235_2,2023-05-11T20:03:59,156.6,128.3,28.3
MENRES001235_3,2023-03-02T10:30:51,54.35,44.29,10.06
MENRES001236_5,2023-05-26T16:51:13,16.59,15.27,1.32
MENRES001236_6,2023-07-27T01:12:34,7.62,6.3,1.32
MENRES001236_8,2023-12-06T16:17:50,27.54,22.35,5.19
MENRES001236_13,2023-08-22T15:20:52,27.89,24.76,3.13
MENRES001236_14,2023-03-28T20:20:20,31.06,27.28,3.78
MENRES001236_15,2023-01-08T21:37:43,9.9,8.58,1.32
MENRES001237_3,2023-08-02T19:39:30,13.25,12.44,0.81
MENRES001237_5,2023-11-06T22:21:14,59.75,52.78,6.97
MENRES001237_6,2023-02-02T05:47:12,72.4,66.5,5.9
MENRES001237_7,2023-08-14T13:19:07,65.67,61.02,4.65
MENRES001237_11,2023-08-31T00:44:08,65.43,52.45,12.98
MENRES001238_0,2023-03-23T13:52:53,43.58,35.79,7.79
MENRES001238_1,2023-02-12T23:53:50,27.75,24.87,2.88
MENRES001238_3,2023-05-03T06:22:03,65.22,61.41,3.81
MENRES001238_8,2023-03-07T05:41:22,137.06,117.38,19.68
MENRES001238_9,2023-07-24T03:25:11,132.46,123.11,9.35
MENRES001238_10,2023-03-31T10:39:42,40.9,38.0,2.9
MENRES001238_12,2023-07-08T06:03:01,29.69,25.01,4.68
MENRES001238_13,2023-07-06T12:59:02,43.72,38.09,5.63
MENRES001239_1,2023-08-15T08:57:39,43.61,39.81,3.8
MENRES001239_6,2023-04-29T05:27:07,79.97,73.4,6.57
MENRES001239_9,2023-06-07T03:14:15,46.62,37.46,9.16
MENRES001239_10,2023-05-22T02:25:37,125.65,107.15,18.5
MENRES001239_12,2023-08-02T13:35:54,158.83,138.55,20.28
MENRES001239_13,2023-09-12T17:11:34,149.11,139.9,9.21
MENRES001240_1,2023-12-09T21:29:20,43.29,39.89,3.4
MENRES001240_6,2023-09-27T18:01:04,105.68,85.72,19.96
MENRES001241_3,2023-04-24T09:05:04,6.22,5.6,0.62
MENRES001241_4,2023-02-05T02:51:51,32.05,27.56,4.49
MENRES001241_6,2023-02-06T19:13:44,10.38,9.45,0.93
MENRES001241_12,2023-09-05T08:27:01,35.19,29.43,5.76
MENRES001241_13,2023-08-26T02:41:07,31.12,27.23,3.89
MENRES001242_5,2023-07-03T15:42:39,21.61,19.34,2.27
MENRES001242_7,2023-12-24T03:26:02,5.48,4.85,0.63
MENRES001242_12,2023-04-17T04:47:01,10.96,8.96,2.0
MENRES001242_17,2023-10-15T02:39:01,23.43,21.74,1.69
MENRES001243_1,2023-02-11T15:13:17,93.8,75.86,17.94
MENRES001243_6,2023-05-23T10:00:13,132.95,120.63,12.32
MENRES001243_9,2023-07-10T04:46:23,134.91,113.14,21.77
MENRES001244_3,2023-09-22T10:47:59,24.35,19.49,4.86
MENRES001244_4,2023-03-08T05:13:01,21.31,19.58,1.73
MENRES001246_2,2023-07-25T04:24:49,34.32,32.3,2.02
MENRES001246_3,2023-11-23T15:16:44,51.45,47.32,4.13
MENRES001246_4,2023-08-19T07:49:29,92.53,74.89,17.64
MENRES001246_5,2023-10-03T05:01:53,98.58,78.94,19.64
MENRES001247_2,2023-02-27T12:10:14,133.06,121.11,11.95
MENRES001247_3,2023-05-28T11:55:24,25.29,23.6,1.69
MENRES001247_6,2023-02-15T11:34:54,104.51,98.82,5.69
MENRES001248_0,2023-05-28T03:07:00,21.3,17.98,3.32
MENRES001248_1,2023-01-25T14:10:25,12.05,10.51,1.54
MENRES001249_0,2023-02-24T17:08:16,20.55,17.18,3.37
MENRES001249_1,2023-02-26T05:15:11,25.93,22.56,3.37
MENRES001249_3,2023-02-03T13:39:26,11.73,10.76,0.97
MENRES001249_4,2023-08-22T18:47:48,25.56,23.42,2.14
MENRES001249_9,2023-03-20T08:35:07,10.57,9.15,1.42
MENRES001249_13,2023-10-19T12:33:46,25.01,22.9,2.11
MENRES001250_9,2023-07-12T22:27:51,22.76,20.85,1.91
MENRES001250_10,2023-09-22T05:14:41,25.48,23.44,2.04
MENRES001251_3,2023-05-22T08:25:21,68.91,58.75,10.16
MENRES001251_5,2023-10-31T09:54:43,50.6,43.27,7.33
MENRES001251_6,2023-12-13T04:10:51,22.14,19.75,2.39
MENRES001251_15,2023-09-23T15:09:40,61.18,56.47,4.71
MENRES001251_17,2023-03-17T18:25:21,36.51,32.03,4.48
MENRES001252_1,2023-07-24T17:29:49,18.92,15.45,3.47
MENRES001252_7,2023-06-18T10:31:24,22.14,18.31,3.83
MENRES001252_10,2023-04-22T03:53:35,22.76,20.24,2.52
MENRES001253_1,2023-02-09T06:23:35,50.42,43.3,7.12
MENRES001253_2,2023-03-24T22:27:46,52.34,45.4,6.94
MENRES001253_4,2023-03-15T14:15:49,79.71,65.56,14.15
MENRES001254_3,2023-05-21T13:02:07,38.04,36.02,2.02
MENRES001254_4,2023-01-28T18:35:34,26.73,21.39,5.34
MENRES001254_14,2023-04-08T09:15:24,33.14,26.71,6.43
MENRES001254_15,2023-02-03T02:32:29,31.34,25.16,6.18
MENRES001254_17,2023-04-23T18:06:27,14.78,12.36,2.42
MENRES001254_18,2023-07-25T00:22:01,17.51,16.02,1.49
MENRES001255_3,2023-07-17T22:30:21,92.47,86.43,6.04
MENRES001255_4,2023-08-17T00:28:45,76.51,69.09,7.42
MENRES001255_8,2023-09-20T15:17:00,128.96,104.76,24.2
MENRES001255_9,2023-03-19T23:05:18,71.52,61.56,9.96
MENRES001255_12,2023-09-10T04:06:57,57.88,52.59,5.29
MENRES001256_1,2023-02-27T13:06:24,12.49,11.73,0.76
MENRES001256_3,2023-06-11T16:59:17,76.18,63.96,12.22
MENRES001256_6,2023-11-05T22:17:09,42.33,35.77,6.56
MENRES001256_8,2023-08-19T08:24:20,10.18,9.1,1.08
MENRES001256_14,2023-07-29T19:54:26,23.03,19.82,3.21
MENRES001257_1,2023-11-27T10:37:24,43.99,35.81,8.18
MENRES001257_8,2023-11-24T10:29:48,73.45,64.27,9.18
MENRES001257_12,2023-02-02T21:25:52,31.08,26.87,4.21
MENRES001258_0,2023-02-25T02:38:14,5.97,5.0,0.97
MENRES001258_3,2023-06-02T13:41:04,6.96,6.02,0.94
MENRES001259_2,2023-04-08T09:44:45,28.05,25.55,2.5
MENRES001259_5,2023-05-06T13:28:17,18.04,15.4,2.64
MENRES001259_6,2023-05-12T06:45:29,13.15,11.04,2.11
MENRES001259_7,2023-09-14T18:08:30,11.68,9.75,1.93
MENRES001259_9,2023-11-14T12:39:49,22.67,20.13,2.54
MENRES001259_10,2023-06-17T21:36:02,37.64,30.27,7.37
MENRES001259_11,2023-05-05T04:32:28,16.64,13.65,2.99
MENRES001260_0,2023-09-11T22:32:00,31.65,27.2,4.45
MENRES001260_5,2023-12-01T06:06:11,10.05,9.47,0.58
MENRES001261_6,2023-10-25T17:30:04,10.66,9.68,0.98
MENRES001261_7,2023-04-23T03:06:14,36.9,32.77,4.13
MENRES001261_8,2023-08-24T17:07:15,45.42,37.55,7.87
MENRES001261_9,2023-08-03T07:00:16,38.99,32.19,6.8
MENRES001262_6,2023-04-22T00:24:52,63.15,56.97,6.18
MENRES001262_11,2023-10-12T12:44:01,11.39,9.64,1.75
MENRES001262_12,2023-04-02T21:51:38,45.15,42.34,2.81
MENRES001262_13,2023-12-11T19:01:49,76.4,70.0,6.4
MENRES001263_0,2023-11-18T01:46:39,120.31,107.03,13.28
MENRES001263_3,2023-06-04T14:02:56,70.41,66.65,3.76
MENRES001263_5,2023-02-07T03:45:25,90.93,74.6,16.33
MENRES001263_6,2023-10-14T06:24:32,129.35,106.34,23.01
MENRES001263_8,2023-06-08T03:45:42,35.75,30.59,5.16
MENRES001263_12,2023-12-01T06:56:48,138.74,120.98,17.76
MENRES001263_13,2023-07-14T03:41:27,42.87,35.66,7.21
MENRES001263_14,2023-04-15T16:35:52,53.82,44.85,8.97
MENRES001263_15,2023-01-25T17:15:47,85.0,75.01,9.99
MENRES001263_16,2023-05-24T08:52:39,68.48,63.02,5.46
MENRES001263_17,2023-08-26T16:00:22,133.78,114.92,18.86
MENRES001264_0,2023-12-26T20:16:06,60.77,53.28,7.49
MENRES001264_2,2023-05-15T07:04:25,44.22,37.86,6.36
MENRES001264_4,2023-03-04T04:30:33,21.07,18.26,2.81
MENRES001264_7,2023-02-18T06:08:36,32.81,29.82,2.99
MENRES001264_8,2023-04-02T05:51:04,24.83,22.0,2.83
MENRES001266_4,2023-03-19T14:24:01,35.56,29.04,6.52
MENRES001266_17,2023-08-28T18:20:06,33.22,30.05,3.17
MENRES001267_2,2023-07-30T09:16:09,20.44,16.9,3.54
MENRES001268_9,2023-01-06T08:13:39,127.73,106.01,21.72
MENRES001268_14,2023-04-22T05:13:36,97.5,84.32,13.18
MENRES001268_15,2023-05-04T21:01:13,54.64,47.21,7.43
MENRES001269_0,2023-05-10T23:00:07,75.38,71.03,4.35
MENRES001269_1,2023-08-16T04:36:30,114.43,107.46,6.97
MENRES001269_3,2023-12-03T17:53:26,117.44,103.89,13.55
MENRES001270_0,2023-08-19T12:56:02,18.85,17.5,1.35
MENRES001270_3,2023-02-10T12:14:27,39.35,32.86,6.49
MENRES001270_8,2023-06-20T19:50:57,14.22,11.67,2.55
MENRES001271_6,2023-10-17T20:14:55,29.62,25.2,4.42
MENRES001272_0,2023-11-26T06:54:52,53.03,50.17,2.86
MENRES001272_5,2023-12-24T15:53:10,91.92,86.49,5.43
MENRES001272_8,2023-06-27T22:43:25,44.4,40.64,3.76
MENRES001272_9,2023-01-17T17:58:22,22.47,18.2,4.27
MENRES001273_4,2023-08-11T17:24:44,140.67,122.3,18.37
MENRES001273_8,2023-07-01T14:26:39,28.88,24.51,4.37
MENRES001273_10,2023-05-22T17:08:19,87.04,81.98,5.06
MENRES001274_4,2023-07-06T04:50:39,63.93,58.67,5.26
MENRES001274_5,2023-10-05T18:10:58,115.7,97.04,18.66
MENRES001274_8,2023-08-30T01:59:22,32.37,29.1,3.27
MENRES001275_4,2023-03-09T07:34:21,135.37,122.67,12.7
MENRES001275_5,2023-05-28T22:13:36,111.92,95.03,16.89
MENRES001276_1,2023-02-01T10:27:46,99.77,87.27,12.5
MENRES001276_2,2023-01-10T05:31:21,114.03,104.45,9.58
MENRES001276_4,2023-04-19T09:56:47,59.68,48.56,11.12
MENRES001276_8,2023-12-10T06:30:17,30.45,27.1,3.35
MENRES001276_9,2023-04-11T10:39:01,35.14,31.01,4.13
MENRES001276_11,2023-04-04T01:45:35,21.66,18.69,2.97
MENRES001276_13,2023-12-27T13:25:20,60.82,50.66,10.16
MENRES001276_19,2023-04-17T07:27:26,48.92,45.24,3.68
MENRES001277_6,2023-08-30T12:58:26,141.29,132.56,8.73
MENRES001277_7,2023-01-05T14:42:07,121.84,104.46,17.38
MENRES001277_11,2023-06-02T07:12:19,136.42,120.72,15.7
MENRES001277_12,2023-05-29T03:11:26,53.37,49.09,4.28
MENRES001278_2,2023-09-17T11:08:04,35.96,33.14,2.82
MENRES001279_4,2023-10-05T02:51:38,28.11,25.47,2.64
MENRES001279_8,2023-12-25T09:45:46,102.7,82.91,19.79
MENRES001279_9,2023-05-12T15:47:48,84.34,79.84,4.5
MENRES001279_10,2023-11-20T13:28:49,77.83,73.7,4.13
MENRES001279_11,2023-09-23T09:44:29,75.66,60.69,14.97
MENRES001279_12,2023-08-17T06:55:27,29.78,26.21,3.57
MENRES001280_0,2023-04-01T10:54:18,26.96,24.05,2.91
MENRES001280_2,2023-11-01T07:48:32,33.27,30.11,3.16
MENRES001280_3,2023-12-27T05:56:00,26.12,24.46,1.66
MENRES001281_1,2023-08-06T06:53:58,40.48,35.23,5.25
MENRES001281_2,2023-10-28T22:31:16,113.06,101.62,11.44
MENRES001281_9,2023-01-16T07:49:59,107.61,100.83,6.78
MENRES001281_10,2023-03-07T19:46:19,46.96,43.31,3.65
MENRES001281_12,2023-01-27T19:29:21,53.09,48.04,5.05
MENRES001282_3,2023-12-05T10:36:33,23.57,21.34,2.23
MENRES001282_4,2023-03-14T10:07:03,66.82,61.22,5.6
MENRES001282_5,2023-09-28T06:20:20,140.13,121.86,18.27
MENRES001282_7,2023-05-28T00:35:40,86.77,76.15,10.62
MENRES001282_9,2023-07-27T11:00:35,54.53,47.8,6.73
MENRES001282_10,2023-05-09T08:02:41,72.58,65.42,7.16
MENRES001282_13,2023-02-16T09:16:27,31.06,25.55,5.51
MENRES001282_14,2023-07-11T00:55:15,91.4,79.67,11.73
MENRES001283_2,2023-12-20T15:32:07,83.62,71.14,12.48
MENRES001283_4,2023-07-15T12:15:56,73.12,59.5,13.62
MENRES001283_7,2023-07-11T03:25:21,40.82,34.12,6.7
MENRES001283_10,2023-12-01T09:28:53,67.91,59.89,8.02
MENRES001283_12,2023-08-05T16:05:30,58.14,51.6,6.54
MENRES001283_14,2023-03-02T10:45:03,44.57,38.82,5.75
MENRES001283_16,2023-02-15T18:22:08,50.24,41.04,9.2
MENRES001283_19,2023-04-05T23:02:21,66.64,58.49,8.15
MENRES001284_3,2023-09-19T04:25:11,94.84,77.92,16.92
MENRES001284_5,2023-10-27T06:15:41,93.94,80.58,13.36
MENRES001284_6,2023-05-06T06:16:35,125.67,113.58,12.09
MENRES001285_1,2023-12-09T10:40:32,76.66,63.39,13.27
MENRES001285_6,2023-10-29T14:15:03,32.11,26.25,5.86
MENRES001285_7,2023-11-20T06:06:29,65.04,56.59,8.45
MENRES001285_16,2023-01-27T04:01:20,65.4,53.75,11.65
MENRES001285_17,2023-12-05T07:23:14,84.63,72.9,11.73
MENRES001285_18,2023-03-11T07:52:55,70.54,58.7,11.84
MENRES001285_19,2023-02-03T12:48:24,56.55,48.42,8.13
MENRES001286_4,2023-07-18T20:03:59,134.4,127.06,7.34
MENRES001286_5,2023-10-04T07:21:49,30.66,25.11,5.55
MENRES001287_0,2023-12-05T10:18:38,51.93,42.08,9.85
MENRES001288_3,2023-02-06T05:08:43,31.09,28.54,2.55
MENRES001288_8,2023-10-07T19:17:40,87.25,82.84,4.41
MENRES001288_12,2023-08-14T15:40:30,112.88,98.76,14.12
MENRES001289_0,2023-05-04T02:27:00,78.78,64.72,14.06
MENRES001289_2,2023-09-17T11:59:20,33.23,29.92,3.31
MENRES001289_3,2023-08-12T11:38:05,29.46,27.76,1.7
MENRES001289_4,2023-08-19T14:00:38,17.84,16.68,1.16
MENRES001289_5,2023-02-17T09:42:03,17.1,15.63,1.47
MENRES001289_6,2023-07-11T01:19:38,68.07,56.61,11.46
MENRES001289_7,2023-11-03T21:41:23,58.26,47.22,11.04
MENRES001289_17,2023-08-09T13:36:40,17.02,14.41,2.61
MENRES001290_0,2023-08-27T11:15:04,57.46,50.74,6.72
MENRES001290_7,2023-08-15T12:49:15,75.27,68.02,7.25
MENRES001290_8,2023-07-06T19:54:29,56.62,46.13,10.49
MENRES001290_14,2023-08-22T16:43:08,68.68,63.87,4.81
MENRES001291_1,2023-03-14T15:10:27,16.14,13.94,2.2
MENRES001291_3,2023-09-17T08:26:50,31.82,26.96,4.86
MENRES001292_0,2023-09-15T05:18:48,112.99,102.33,10.66
MENRES001292_2,2023-12-02T10:38:55,92.27,84.06,8.21
MENRES001292_7,2023-10-05T14:47:02,36.83,31.32,5.51
MENRES001293_4,2023-02-02T21:59:59,111.66,95.49,16.17
MENRES001293_6,2023-01-02T17:33:27,148.51,118.87,29.64
MENRES001293_10,2023-03-25T21:53:41,155.08,136.84,18.24
MENRES001293_12,2023-07-14T18:09:09,110.07,88.61,21.46
MENRES001293_14,2023-09-12T16:06:46,70.69,58.74,11.95
MENRES001293_15,2023-12-20T18:47:58,74.46,59.63,14.83
MENRES001293_16,2023-01-24T13:52:22,36.73,31.15,5.58
MENRES001293_18,2023-04-24T19:53:11,108.63,101.87,6.76
MENRES001294_2,2023-10-10T17:36:50,144.19,115.53,28.66
MENRES001294_4,2023-01-28T01:55:47,116.96,109.15,7.81
MENRES001294_6,2023-12-06T18:43:34,130.5,123.09,7.41
MENRES001295_3,2023-09-02T04:22:37,12.48,10.07,2.41
MENRES001296_4,2023-05-09T07:24:43,15.4,14.14,1.26
MENRES001296_7,2023-02-11T21:48:30,34.78,31.76,3.02
MENRES001296_9,2023-09-27T22:48:33,18.34,15.5,2.84
MENRES001296_10,2023-06-22T15:06:58,63.46,58.12,5.34
MENRES001297_6,2023-12-24T16:49:47,66.78,55.12,11.66
MENRES001297_7,2023-12-29T00:56:03,19.08,18.07,1.01
MENRES001298_2,2023-08-05T11:01:50,32.97,31.29,1.68
MENRES001298_7,2023-02-18T05:32:08,21.62,17.44,4.18
MENRES001298_8,2023-05-14T18:02:56,38.99,33.66,5.33
MENRES001298_9,2023-01-02T09:10:23,37.89,34.31,3.58
MENRES001299_1,2023-08-14T05:53:11,38.59,36.11,2.48
MENRES001299_6,2023-04-09T02:12:10,60.12,52.55,7.57
MENRES001299_8,2023-12-07T02:32:17,42.91,38.12,4.79
MENRES001299_10,2023-10-31T20:02:15,30.97,28.83,2.14
MENRES001300_3,2023-01-21T21:50:56,73.35,69.5,3.85
MENRES001300_4,2023-12-30T22:18:25,29.6,27.22,2.38
MENRES001300_5,2023-10-07T23:23:22,42.98,39.53,3.45
MENRES001300_8,2023-01-09T12:06:58,64.4,60.91,3.49
MENRES001300_10,2023-02-07T10:35:46,31.37,26.12,5.25
MENRES001300_11,2023-12-25T00:17:37,53.5,50.42,3.08
MENRES001301_0,2023-04-02T10:53:29,56.13,45.93,10.2
MENRES001301_4,2023-08-31T23:45:18,73.24,62.21,11.03
MENRES001302_2,2023-01-30T23:26:44,124.46,105.45,19.01
MENRES001302_4,2023-10-04T21:08:08,108.61,87.73,20.88
MENRES001302_7,2023-12-14T11:54:12,98.68,79.55,19.13
MENRES001302_9,2023-01-21T21:21:02,129.37,114.94,14.43
MENRES001303_3,2023-02-03T03:23:04,27.81,23.36,4.45
MENRES001303_5,2023-11-02T13:08:07,27.48,25.15,2.33
MENRES001304_0,2023-10-23T14:03:21,61.37,57.31,4.06
MENRES001304_5,2023-06-02T22:21:28,63.81,57.13,6.68
MENRES001304_13,2023-08-13T14:59:33,34.42,29.16,5.26
MENRES001304_14,2023-05-17T23:02:55,52.84,46.58,6.26
MENRES001304_15,2023-09-15T16:22:15,31.22,27.68,3.54
MENRES001305_3,2023-08-22T16:22:37,30.54,28.93,1.61
MENRES001305_5,2023-04-14T14:47:54,86.1,69.73,16.37
MENRES001306_0,2023-05-30T03:04:53,28.7,26.31,2.39
MENRES001306_5,2023-06-20T12:29:35,34.84,28.96,5.88
MENRES001306_6,2023-10-13T03:46:16,5.8,5.43,0.37
MENRES001307_11,2023-06-19T21:46:11,134.41,125.1,9.31
MENRES001307_12,2023-03-14T00:51:53,75.42,68.12,7.3
MENRES001307_14,2023-12-13T03:04:32,134.13,117.96,16.17
MENRES001307_15,2023-04-15T19:46:08,20.23,18.12,2.11
MENRES001308_2,2023-07-24T17:41:00,73.38,61.39,11.99
MENRES001308_4,2023-11-02T20:36:53,82.69,75.2,7.49
MENRES001308_9,2023-05-18T19:53:36,91.99,76.54,15.45
MENRES001308_10,2023-06-07T06:27:08,119.92,96.25,23.67
MENRES001308_11,2023-09-02T10:01:45,79.1,65.39,13.71
MENRES001308_12,2023-09-03T11:37:17,143.77,119.51,24.26
MENRES001308_17,2023-05-19T09:39:48,59.79,53.44,6.35
MENRES001309_0,2023-05-05T09:45:53,5.97,5.2,0.77
MENRES001309_2,2023-12-09T12:41:20,12.14,10.37,1.77
MENRES001309_4,2023-04-09T03:01:12,33.3,30.72,2.58
MENRES001309_6,2023-05-26T02:41:32,9.46,8.04,1.42
MENRES001309_7,2023-08-04T17:52:38,22.62,20.77,1.85
MENRES001309_8,2023-10-26T16:03:03,36.86,30.22,6.64
MENRES001309_9,2023-09-04T13:29:19,10.1,8.25,1.85
MENRES001310_0,2023-01-12T18:23:32,73.0,65.15,7.85
MENRES001310_5,2023-12-26T05:34:22,116.03,104.08,11.95
MENRES001310_7,2023-11-08T11:36:17,67.04,55.91,11.13
MENRES001310_9,2023-11-07T21:09:17,77.81,72.8,5.01
MENRES001310_11,2023-08-15T22:52:32,39.96,35.43,4.53
MENRES001310_12,2023-01-30T19:33:05,87.9,81.81,6.09
MENRES001310_17,2023-06-07T19:54:04,20.87,19.25,1.62
MENRES001311_0,2023-04-22T00:28:27,24.41,21.1,3.31
MENRES001311_2,2023-02-14T07:02:12,28.32,23.16,5.16
MENRES001311_3,2023-05-21T08:41:30,14.37,12.4,1.97
MENRES001312_1,2023-05-07T23:28:25,35.74,33.41,2.33
MENRES001312_2,2023-08-09T03:21:38,29.69,23.83,5.86
MENRES001312_4,2023-06-12T19:30:15,36.41,29.36,7.05
MENRES001312_9,2023-12-20T03:43:41,37.96,33.05,4.91
MENRES001313_2,2023-08-06T13:05:49,50.42,46.79,3.63
MENRES001313_5,2023-08-03T00:33:18,34.12,31.12,3.0
MENRES001313_6,2023-05-07T02:28:15,22.41,20.25,2.16
MENRES001314_1,2023-07-25T04:35:12,73.74,66.96,6.78
MENRES001314_3,2023-05-26T17:54:57,15.29,13.8,1.49
MENRES001314_7,2023-07-06T09:32:26,61.82,53.58,8.24
MENRES001314_13,2023-07-17T02:45:20,58.34,54.21,4.13
MENRES001315_1,2023-12-16T05:12:38,30.53,27.9,2.63
MENRES001316_6,2023-10-30T10:18:52,34.62,30.8,3.82
MENRES001316_9,2023-07-08T09:21:34,22.39,18.44,3.95
MENRES001317_1,2023-09-12T16:04:17,26.6,21.75,4.85
MENRES001317_5,2023-09-26T02:58:42,11.65,10.54,1.11
MENRES001317_6,2023-06-04T15:30:08,8.05,7.27,0.78
MENRES001317_7,2023-08-19T00:24:00,11.0,9.92,1.08
MENRES001317_10,2023-03-22T10:02:30,32.9,30.88,2.02
MENRES001317_14,2023-01-05T10:06:51,24.97,23.21,1.76
MENRES001317_15,2023-05-30T04:25:46,24.26,20.42,3.84
MENRES001318_1,2023-05-08T03:06:01,13.42,12.13,1.29
MENRES001318_2,2023-03-22T16:54:26,16.05,13.45,2.6
MENRES001318_4,2023-05-05T02:30:10,32.39,28.32,4.07
MENRES001318_5,2023-12-21T21:47:28,22.93,19.05,3.88
MENRES001318_6,2023-01-07T23:32:32,29.52,26.93,2.59
MENRES001318_8,2023-12-23T22:18:10,13.22,12.52,0.7
MENRES001318_14,2023-07-29T14:59:25,24.16,19.95,4.21
MENRES001319_1,2023-10-29T11:40:20,34.75,28.93,5.82
MENRES001319_3,2023-04-25T13:45:08,8.79,8.02,0.77
MENRES001319_10,2023-01-13T03:51:50,32.36,27.83,4.53
MENRES001320_0,2023-06-01T21:26:43,64.94,60.71,4.23
MENRES001320_2,2023-03-23T13:55:21,68.08,61.47,6.61
MENRES001320_4,2023-06-15T15:52:12,53.44,46.99,6.45
MENRES001320_5,2023-03-02T21:29:47,126.73,103.11,23.62
MENRES001321_4,2023-07-13T03:26:58,30.12,24.58,5.54
MENRES001321_5,2023-07-27T19:57:36,95.79,81.86,13.93
MENRES001321_9,2023-04-03T00:09:51,53.45,49.94,3.51
MENRES001321_15,2023-02-05T23:27:08,55.66,51.31,4.35
MENRES001321_16,2023-09-06T07:14:25,25.99,24.23,1.76
MENRES001321_17,2023-11-28T23:48:28,87.14,81.93,5.21
MENRES001321_18,2023-06-28T16:44:38,104.2,93.6,10.6
MENRES001321_19,2023-10-29T21:24:31,81.79,76.24,5.55
MENRES001322_2,2023-07-10T18:38:25,53.06,48.72,4.34
MENRES001322_4,2023-01-15T12:45:45,116.35,103.31,13.04
MENRES001322_5,2023-07-02T12:32:03,63.98,60.73,3.25
MENRES001323_2,2023-11-22T03:41:28,38.26,36.14,2.12
MENRES001323_4,2023-08-15T19:26:21,35.56,31.47,4.09
MENRES001323_10,2023-03-20T00:25:51,79.01,69.55,9.46
MENRES001323_17,2023-07-05T22:35:15,46.4,42.87,3.53
MENRES001323_18,2023-11-11T03:32:13,55.96,46.2,9.76
MENRES001325_2,2023-09-17T21:09:38,13.65,12.4,1.25
MENRES001325_7,2023-03-19T13:33:42,34.0,30.29,3.71
MENRES001325_10,2023-04-14T14:34:32,27.82,24.4,3.42
MENRES001325_12,2023-06-08T00:03:48,25.1,22.58,2.52
MENRES001326_2,2023-01-28T22:48:31,38.98,32.56,6.42
MENRES001326_7,2023-01-05T04:32:42,65.18,59.96,5.22
MENRES001327_5,2023-11-20T05:30:19,8.72,7.54,1.18
MENRES001328_1,2023-01-17T06:37:17,6.06,5.6,0.46
MENRES001328_4,2023-01-24T00:13:04,16.16,13.93,2.23
MENRES001328_6,2023-06-02T21:53:55,33.64,30.19,3.45
MENRES001328_7,2023-02-13T09:44:35,5.24,4.25,0.99
MENRES001328_16,2023-09-21T06:10:45,14.08,11.91,2.17
MENRES001329_0,2023-06-01T19:28:01,13.42,12.35,1.07
MENRES001329_1,2023-12-21T00:34:20,17.02,13.89,3.13
MENRES001330_1,2023-12-28T00:36:02,104.76,85.83,18.93
MENRES001330_2,2023-01-08T10:43:03,104.07,87.13,16.94
MENRES001330_6,2023-12-02T03:23:25,58.57,51.25,7.32
MENRES001330_8,2023-04-01T06:34:48,139.23,127.05,12.18
MENRES001330_13,2023-09-11T20:19:50,62.0,55.6,6.4
MENRES001331_2,2023-12-19T05:55:54,26.88,22.35,4.53
MENRES001331_3,2023-08-25T08:01:15,23.54,22.25,1.29
MENRES001331_4,2023-11-08T08:20:16,15.52,12.8,2.72
MENRES001331_6,2023-11-03T01:38:13,31.4,26.66,4.74
MENRES001332_4,2023-12-22T06:40:28,116.26,102.49,13.77
MENRES001332_6,2023-05-10T12:28:35,27.05,21.97,5.08
MENRES001332_8,2023-12-01T22:48:38,41.98,37.94,4.04
MENRES001333_1,2023-12-15T23:52:44,8.19,7.04,1.15
MENRES001333_7,2023-02-19T07:23:16,16.0,14.55,1.45
MENRES001333_9,2023-08-16T19:39:17,5.92,5.43,0.49
MENRES001333_12,2023-05-01T23:45:13,8.08,6.48,1.6
MENRES001333_16,2023-09-12T23:43:59,18.46,16.82,1.64
MENRES001333_17,2023-12-25T13:25:20,6.41,5.91,0.5
MENRES001334_10,2023-09-24T19:23:46,85.75,77.57,8.18
MENRES001334_12,2023-01-04T13:54:03,118.13,97.33,20.8
MENRES001335_6,2023-09-16T04:27:11,10.86,10.15,0.71
MENRES001335_7,2023-07-27T02:53:14,22.5,19.93,2.57
MENRES001335_8,2023-05-05T02:19:16,37.98,31.17,6.81
MENRES001335_9,2023-02-09T08:40:44,11.14,9.81,1.33
MENRES001335_13,2023-09-09T21:34:40,35.11,30.94,4.17
MENRES001335_16,2023-03-26T09:37:18,20.48,19.21,1.27
MENRES001335_19,2023-01-17T15:32:35,34.62,27.97,6.65
MENRES001336_2,2023-10-18T01:23:35,37.73,30.24,7.49
MENRES001337_0,2023-09-23T08:21:03,151.14,138.18,12.96
MENRES001337_2,2023-08-27T12:03:38,91.23,75.29,15.94
MENRES001337_5,2023-04-21T10:21:03,122.16,114.79,7.37
MENRES001337_15,2023-06-19T08:18:31,62.49,54.88,7.61
MENRES001337_17,2023-01-19T22:21:21,79.11,66.13,12.98
MENRES001338_0,2023-02-05T19:15:19,36.89,33.42,3.47
MENRES001338_4,2023-10-14T23:47:37,37.94,30.74,7.2
MENRES001338_11,2023-06-28T19:28:51,15.27,12.53,2.74
MENRES001338_13,2023-02-06T05:04:03,15.8,13.91,1.89
MENRES001338_17,2023-12-27T10:05:23,38.83,36.25,2.58
MENRES001339_1,2023-05-01T08:30:52,107.45,95.71,11.74
MENRES001339_2,2023-01-29T18:03:49,99.92,89.17,10.75
MENRES001339_4,2023-11-21T06:26:51,23.09,20.28,2.81
MENRES001339_6,2023-05-14T10:00:06,18.41,15.67,2.74
MENRES001339_7,2023-03-11T05:08:44,55.22,47.08,8.14
MENRES001339_8,2023-06-15T07:22:58,107.13,93.31,13.82
MENRES001340_0,2023-11-03T14:10:45,135.85,116.67,19.18
MENRES001340_4,2023-12-09T23:20:01,34.69,28.58,6.11
MENRES001340_5,2023-11-21T17:08:09,123.95,103.99,19.96
MENRES001340_10,2023-09-28T03:46:34,151.98,122.04,29.94
MENRES001340_12,2023-08-04T17:26:14,61.39,52.97,8.42
MENRES001340_14,2023-06-03T13:30:11,80.77,75.51,5.26
MENRES001341_2,2023-09-14T23:04:37,22.64,21.31,1.33
MENRES001341_8,2023-10-24T12:29:32,22.44,20.3,2.14
MENRES001341_11,2023-07-27T16:42:05,114.93,107.25,7.68
MENRES001341_12,2023-07-26T17:20:05,99.24,93.49,5.75
MENRES001341_13,2023-10-07T21:40:34,25.08,21.8,3.28
MENRES001341_14,2023-02-16T08:29:43,55.47,50.57,4.9
MENRES001341_15,2023-12-25T00:36:19,95.52,80.97,14.55
MENRES001342_2,2023-04-20T16:25:05,73.73,66.0,7.73
MENRES001342_3,2023-03-31T08:08:19,21.65,18.46,3.19
MENRES001342_4,2023-09-26T13:10:31,19.63,18.17,1.46
MENRES001342_5,2023-06-23T16:45:37,74.39,64.07,10.32
MENRES001342_6,2023-09-17T19:00:11,38.61,31.04,7.57
MENRES001342_7,2023-03-10T07:58:39,53.56,46.37,7.19
MENRES001343_4,2023-02-06T17:21:29,143.47,119.56,23.91
MENRES001343_9,2023-02-15T14:39:01,59.34,55.97,3.37
MENRES001344_2,2023-01-31T17:21:59,51.31,44.22,7.09
MENRES001344_3,2023-06-29T16:42:44,50.31,45.56,4.75
MENRES001344_8,2023-03-05T12:56:28,48.43,44.49,3.94
MENRES001344_9,2023-10-11T11:56:52,80.22,67.7,12.52
MENRES001345_0,2023-03-05T18:55:43,44.71,38.92,5.79
MENRES001345_5,2023-04-26T17:55:14,101.77,87.14,14.63
MENRES001345_6,2023-10-05T11:43:05,89.84,83.74,6.1
MENRES001345_10,2023-12-13T19:41:22,95.2,88.69,6.51
MENRES001345_13,2023-06-30T07:32:18,64.72,56.13,8.59
MENRES001346_3,2023-06-15T18:57:37,92.36,82.28,10.08
MENRES001346_6,2023-07-18T23:42:35,63.1,59.13,3.97
MENRES001347_0,2023-02-12T22:32:16,26.28,22.23,4.05
MENRES001347_3,2023-09-21T14:30:06,12.92,11.21,1.71
MENRES001347_7,2023-04-29T17:30:58,30.6,28.94,1.66
MENRES001347_9,2023-12-26T10:40:48,9.46,7.63,1.83
MENRES001347_11,2023-05-06T00:30:39,6.19,5.44,0.75
MENRES001348_4,2023-04-03T07:44:57,66.58,56.53,10.05
MENRES001349_2,2023-11-25T20:29:36,54.43,49.9,4.53
MENRES001349_3,2023-05-27T05:26:23,40.69,35.24,5.45
MENRES001349_4,2023-06-06T16:02:41,31.75,25.65,6.1
MENRES001349_5,2023-08-06T04:47:50,29.54,26.53,3.01
MENRES001349_8,2023-06-13T06:58:39,64.12,52.62,11.5
MENRES001349_12,2023-11-15T09:44:15,43.26,35.25,8.01
MENRES001349_13,2023-12-05T21:29:46,17.68,15.32,2.36
MENRES001349_14,2023-11-04T12:55:03,56.87,53.91,2.96
MENRES001350_2,2023-12-19T06:31:38,33.09,28.02,5.07
MENRES001350_3,2023-11-14T08:11:22,55.48,48.81,6.67
MENRES001351_4,2023-04-02T06:43:37,119.37,97.93,21.44
MENRES001352_1,2023-03-27T18:51:38,59.73,53.59,6.14
MENRES001352_9,2023-05-15T04:48:01,124.13,112.95,11.18
MENRES001352_10,2023-07-20T21:11:44,112.26,101.87,10.39
MENRES001352_11,2023-07-10T22:35:32,36.61,32.81,3.8
MENRES001352_12,2023-03-04T18:22:50,74.92,67.95,6.97
MENRES001353_0,2023-08-27T17:39:24,13.73,12.72,1.01
MENRES001353_13,2023-11-27T18:34:09,60.69,52.38,8.31
MENRES001353_14,2023-03-06T10:05:45,31.09,25.28,5.81
MENRES001353_15,2023-06-19T18:27:59,22.03,18.86,3.17
MENRES001354_0,2023-04-08T13:00:05,60.41,55.3,5.11
MENRES001354_1,2023-06-18T09:46:07,46.61,44.11,2.5
MENRES001355_0,2023-03-07T05:16:28,14.29,12.08,2.21
MENRES001355_2,2023-01-23T11:36:11,36.66,33.42,3.24
MENRES001355_6,2023-08-23T11:22:38,9.0,7.79,1.21
MENRES001355_9,2023-06-28T06:39:02,36.09,32.39,3.7
MENRES001356_6,2023-03-09T09:02:22,58.31,48.12,10.19
MENRES001357_1,2023-08-25T09:49:59,18.05,16.16,1.89
MENRES001357_6,2023-10-13T13:32:33,9.05,7.3,1.75
MENRES001357_17,2023-10-16T03:55:33,7.59,7.04,0.55
MENRES001358_0,2023-12-11T20:03:47,64.15,54.07,10.08
MENRES001358_14,2023-03-07T13:06:23,118.42,104.36,14.06
MENRES001359_1,2023-07-30T21:32:37,24.26,19.6,4.66
MENRES001359_2,2023-11-05T07:45:28,108.28,95.24,13.04
MENRES001359_3,2023-10-03T10:34:01,77.98,68.42,9.56
MENRES001360_3,2023-06-15T15:53:46,27.11,24.26,2.85
MENRES001361_1,2023-07-24T02:36:31,11.97,11.27,0.7
MENRES001361_2,2023-07-13T20:32:44,31.58,26.59,4.99
MENRES001361_5,2023-02-05T20:07:11,22.97,19.98,2.99
MENRES001361_6,2023-08-15T11:57:10,9.72,7.78,1.94
MENRES001361_10,2023-01-17T22:40:22,7.77,7.26,0.51
MENRES001361_12,2023-06-13T16:39:50,26.41,22.0,4.41
MENRES001361_13,2023-10-17T15:33:13,9.54,8.51,1.03
MENRES001362_0,2023-11-14T06:20:41,26.58,21.35,5.23
MENRES001362_2,2023-01-25T05:22:50,8.79,7.04,1.75
MENRES001363_0,2023-12-13T20:25:01,157.46,128.62,28.84
MENRES001363_6,2023-11-04T12:22:43,43.43,40.23,3.2
MENRES001363_8,2023-02-27T18:16:56,54.94,45.96,8.98
MENRES001364_4,2023-12-03T19:25:45,129.38,120.14,9.24
MENRES001364_7,2023-02-02T19:00:14,100.51,95.38,5.13
MENRES001364_9,2023-02-01T02:02:52,23.21,19.98,3.23
MENRES001364_13,2023-08-23T17:43:26,106.33,99.36,6.97
MENRES001364_16,2023-04-05T14:39:14,81.42,71.08,10.34
MENRES001365_10,2023-06-20T16:59:12,29.05,23.87,5.18
MENRES001366_1,2023-08-20T19:22:39,6.21,5.52,0.69
MENRES001366_2,2023-06-28T10:20:19,18.88,15.81,3.07
MENRES001366_5,2023-06-27T15:01:02,12.8,11.46,1.34
MENRES001366_7,2023-05-17T22:56:01,24.99,22.22,2.77
MENRES001367_1,2023-11-02T00:28:40,78.76,67.36,11.4
MENRES001367_3,2023-11-28T13:38:19,53.06,47.83,5.23
MENRES001367_6,2023-04-22T03:35:29,28.78,25.54,3.24
MENRES001367_9,2023-05-01T10:15:47,95.5,77.06,18.44
MENRES001368_4,2023-02-17T00:47:31,62.76,58.26,4.5
MENRES001368_5,2023-12-15T20:40:45,138.96,116.42,22.54
MENRES001368_8,2023-03-22T04:43:21,30.98,25.6,5.38
MENRES001369_5,2023-01-23T11:30:47,50.27,46.38,3.89
MENRES001369_7,2023-09-15T07:55:49,82.73,69.59,13.14
MENRES001369_11,2023-09-04T17:11:23,26.76,21.87,4.89
MENRES001369_13,2023-06-17T08:33:39,111.51,96.19,15.32
MENRES001370_3,2023-08-29T01:50:27,28.71,24.38,4.33
MENRES001371_3,2023-10-29T00:08:44,115.78,105.72,10.06
MENRES001371_4,2023-08-24T01:22:35,47.55,38.39,9.16
MENRES001372_4,2023-08-22T05:59:05,41.89,34.16,7.73
MENRES001372_9,2023-07-21T04:56:05,131.74,113.1,18.64
MENRES001372_11,2023-09-13T02:28:35,23.17,21.91,1.26
MENRES001372_13,2023-01-17T07:12:33,52.62,44.24,8.38
MENRES001372_14,2023-06-03T21:51:59,147.74,125.51,22.23
MENRES001373_0,2023-02-20T10:38:15,10.82,8.71,2.11
MENRES001373_2,2023-02-14T01:49:26,76.75,64.04,12.71
MENRES001373_6,2023-02-04T11:47:26,52.47,44.09,8.38
MENRES001373_8,2023-04-19T01:31:49,73.74,59.39,14.35
MENRES001373_9,2023-07-23T17:20:03,20.27,18.05,2.22
MENRES001374_0,2023-05-13T08:58:14,44.1,40.68,3.42
MENRES001374_5,2023-01-20T12:30:19,37.32,34.63,2.69
MENRES001375_4,2023-01-27T21:37:40,98.46,92.28,6.18
MENRES001375_6,2023-04-29T02:02:37,103.81,96.65,7.16
MENRES001375_11,2023-08-04T00:43:34,31.1,28.99,2.11
MENRES001375_12,2023-11-14T01:18:16,86.41,77.14,9.27
MENRES001376_6,2023-01-19T11:39:22,12.23,10.11,2.12
MENRES001376_7,2023-09-21T12:32:20,29.36,23.91,5.45
MENRES001376_9,2023-02-17T19:34:53,12.37,11.11,1.26
MENRES001376_10,2023-12-01T17:13:52,5.38,4.89,0.49
MENRES001376_11,2023-01-09T08:30:19,38.91,32.9,6.01
MENRES001376_13,2023-10-27T05:02:23,20.6,17.23,3.37
MENRES001376_16,2023-10-17T10:38:50,12.02,10.2,1.82
MENRES001376_17,2023-12-29T14:22:15,10.36,8.36,2.0
MENRES001377_0,2023-07-26T09:04:30,36.73,30.49,6.24
MENRES001377_6,2023-04-24T01:30:52,5.47,4.82,0.65
MENRES001377_7,2023-01-15T13:15:55,23.86,21.85,2.01
MENRES001377_9,2023-12-07T02:08:05,30.75,25.69,5.06
MENRES001377_10,2023-03-28T07:32:34,13.59,11.62,1.97
MENRES001377_12,2023-09-15T21:26:50,33.28,27.67,5.61
MENRES001377_13,2023-05-02T23:53:22,17.24,14.36,2.88
MENRES001377_16,2023-06-25T22:14:13,37.98,30.97,7.01
MENRES001378_1,2023-02-06T19:55:03,26.3,21.38,4.92
MENRES001378_2,2023-06-17T10:35:38,21.18,19.76,1.42
MENRES001378_6,2023-08-03T11:48:41,15.88,13.46,2.42
MENRES001379_0,2023-11-07T22:48:55,119.14,95.69,23.45
MENRES001379_4,2023-02-14T04:21:20,80.28,75.15,5.13
MENRES001379_6,2023-12-19T20:44:51,96.47,89.97,6.5
MENRES001379_12,2023-09-17T01:43:44,115.73,106.53,9.2
MENRES001379_18,2023-04-09T19:29:07,116.84,100.19,16.65
MENRES001380_1,2023-03-03T18:37:12,8.75,7.14,1.61
MENRES001380_4,2023-12-24T19:34:44,5.67,4.88,0.79
MENRES001380_5,2023-05-20T20:18:30,30.86,27.09,3.77
MENRES001380_6,2023-03-16T02:43:02,27.33,24.42,2.91
MENRES001380_9,2023-08-01T23:26:05,11.47,9.74,1.73
MENRES001381_7,2023-09-18T16:51:51,56.2,52.82,3.38
MENRES001381_9,2023-09-25T02:18:19,62.89,56.32,6.57
MENRES001381_10,2023-05-06T23:57:10,35.69,32.02,3.67
MENRES001382_1,2023-03-25T11:44:13,67.54,54.31,13.23
MENRES001382_10,2023-05-03T02:44:22,32.44,27.43,5.01
MENRES001383_7,2023-02-24T09:50:15,136.13,108.93,27.2
MENRES001383_11,2023-09-16T15:07:04,111.15,91.34,19.81
MENRES001383_12,2023-01-13T02:45:06,47.44,41.8,5.64
MENRES001384_2,2023-11-11T01:36:10,6.12,5.01,1.11
MENRES001384_5,2023-07-19T00:58:41,23.94,22.38,1.56
MENRES001384_7,2023-12-14T06:59:31,9.28,8.4,0.88
MENRES001384_9,2023-06-03T09:28:38,31.62,28.83,2.79
MENRES001384_10,2023-03-09T02:51:44,6.17,5.02,1.15
MENRES001384_12,2023-08-09T11:28:09,13.82,11.2,2.62
MENRES001385_0,2023-10-04T01:47:15,92.0,81.25,10.75
MENRES001385_2,2023-07-12T14:11:05,107.9,102.26,5.64
MENRES001385_6,2023-06-11T15:21:57,119.46,97.43,22.03
MENRES001386_0,2023-05-11T04:38:48,39.25,33.36,5.89
MENRES001386_4,2023-06-22T18:21:37,71.77,64.71,7.06
MENRES001387_1,2023-07-09T00:06:52,12.86,12.13,0.73
MENRES001387_5,2023-06-22T04:25:42,14.95,12.15,2.8
MENRES001387_8,2023-01-05T18:25:09,23.47,19.52,3.95
MENRES001388_0,2023-09-07T01:40:23,91.2,81.96,9.24
MENRES001388_3,2023-06-10T09:08:53,146.13,130.01,16.12
MENRES001388_10,2023-02-22T20:12:05,140.94,119.9,21.04
MENRES001388_13,2023-06-27T10:35:46,82.74,69.83,12.91
MENRES001388_14,2023-10-20T16:28:36,53.07,42.68,10.39
MENRES001388_18,2023-04-26T12:23:43,157.46,147.31,10.15
MENRES001389_7,2023-12-07T17:57:50,104.78,93.92,10.86
MENRES001390_0,2023-05-24T10:07:03,45.6,43.08,2.52
MENRES001390_2,2023-04-03T18:56:21,16.64,14.76,1.88
MENRES001390_3,2023-01-17T21:22:41,25.86,21.67,4.19
MENRES001390_6,2023-07-15T08:11:36,55.91,51.11,4.8
MENRES001390_7,2023-06-03T23:34:28,13.88,11.76,2.12
MENRES001390_10,2023-07-10T00:53:50,19.87,16.58,3.29
MENRES001391_4,2023-08-27T16:30:50,5.91,4.95,0.96
MENRES001391_5,2023-08-06T07:42:12,26.75,21.51,5.24
MENRES001391_6,2023-06-27T14:58:24,20.06,17.26,2.8
MENRES001391_9,2023-10-02T21:42:46,8.1,6.56,1.54
MENRES001391_10,2023-04-04T02:52:32,35.21,29.27,5.94
MENRES001392_0,2023-01-26T04:22:35,123.62,100.14,23.48
MENRES001392_1,2023-02-19T21:51:11,46.84,41.58,5.26
MENRES001392_2,2023-07-25T01:17:23,20.2,18.28,1.92
MENRES001393_5,2023-05-12T10:43:40,61.29,52.77,8.52
MENRES001393_7,2023-12-09T17:53:01,56.15,46.29,9.86
MENRES001393_18,2023-04-09T00:04:37,40.6,36.05,4.55
MENRES001393_19,2023-07-02T22:37:27,67.01,55.35,11.66
MENRES001394_1,2023-08-01T23:41:53,35.13,32.46,2.67
MENRES001394_3,2023-09-04T19:30:47,34.01,30.42,3.59
MENRES001394_6,2023-11-09T03:34:17,30.7,28.17,2.53
MENRES001394_10,2023-05-01T08:35:11,39.01,32.41,6.6
MENRES001395_3,2023-03-24T18:56:51,45.43,40.88,4.55
MENRES001395_5,2023-10-16T17:33:53,24.9,21.73,3.17
MENRES001395_8,2023-09-10T13:26:17,116.54,108.34,8.2
MENRES001395_9,2023-02-26T18:55:48,79.91,70.92,8.99
MENRES001396_3,2023-09-26T09:07:06,77.87,62.85,15.02
MENRES001396_4,2023-04-26T01:00:52,83.72,74.07,9.65
MENRES001396_10,2023-04-15T16:25:21,71.65,58.28,13.37
MENRES001396_12,2023-12-30T20:47:49,68.27,57.97,10.3
MENRES001396_13,2023-03-06T00:18:32,117.25,98.58,18.67
MENRES001397_0,2023-07-23T11:30:59,139.23,113.44,25.79
MENRES001397_2,2023-10-04T02:55:27,121.53,113.28,8.25
MENRES001397_8,2023-12-17T23:40:14,144.5,125.07,19.43
MENRES001397_11,2023-03-27T22:39:12,87.49,78.63,8.86
MENRES001398_1,2023-01-08T02:45:54,68.35,64.14,4.21
MENRES001398_10,2023-12-03T22:51:34,26.81,24.03,2.78
MENRES001399_2,2023-11-07T05:55:10,28.34,25.65,2.69
MENRES001399_3,2023-06-08T15:21:57,67.96,58.24,9.72
MENRES001399_10,2023-10-15T06:25:39,73.62,64.32,9.3
MENRES001400_0,2023-03-09T14:44:34,25.85,21.18,4.67
MENRES001400_1,2023-06-28T13:14:19,115.9,98.8,17.1
MENRES001400_9,2023-01-08T09:59:33,54.63,49.16,5.47
MENRES001400_10,2023-10-23T21:15:49,82.12,77.65,4.47
MENRES001400_11,2023-06-10T19:21:16,55.6,52.12,3.48
MENRES001400_14,2023-11-12T12:26:20,122.33,104.89,17.44
MENRES001400_17,2023-02-14T18:43:48,108.01,89.9,18.11
MENRES001401_0,2023-06-27T16:07:17,98.35,81.31,17.04
MENRES001401_5,2023-11-24T03:41:21,151.33,127.39,23.94
MENRES001401_8,2023-06-28T20:27:15,35.93,31.3,4.63
MENRES001401_11,2023-03-01T12:05:09,122.77,113.06,9.71
MENRES001401_13,2023-10-31T18:06:45,121.34,100.45,20.89
MENRES001401_14,2023-01-22T08:46:23,27.85,22.96,4.89
MENRES001401_16,2023-04-30T01:54:18,90.31,76.44,13.87
MENRES001402_1,2023-11-19T07:15:15,117.24,99.64,17.6
MENRES001402_2,2023-06-30T13:09:35,85.35,76.23,9.12
MENRES001403_0,2023-09-01T10:17:13,34.73,30.72,4.01
MENRES001403_6,2023-08-23T08:28:51,24.74,21.1,3.64
MENRES001403_17,2023-08-04T12:02:27,30.09,27.18,2.91
MENRES001404_7,2023-07-23T15:32:50,42.47,35.83,6.64
MENRES001404_10,2023-12-19T12:08:04,77.76,67.96,9.8
MENRES001404_13,2023-10-21T10:53:21,74.18,61.63,12.55
MENRES001405_0,2023-04-08T16:25:47,50.84,44.16,6.68
MENRES001405_1,2023-03-27T08:04:15,76.2,72.18,4.02
MENRES001405_3,2023-03-15T19:05:27,52.93,45.52,7.41
MENRES001405_6,2023-06-13T19:54:41,31.35,27.83,3.52
MENRES001405_11,2023-02-05T12:39:44,51.28,48.11,3.17
MENRES001405_13,2023-10-16T09:39:58,51.25,41.97,9.28
MENRES001406_1,2023-03-20T10:06:09,23.88,22.54,1.34
MENRES001406_4,2023-08-08T08:16:25,52.78,42.68,10.1
MENRES001406_7,2023-04-03T06:35:06,42.8,36.12,6.68
MENRES001406_10,2023-07-12T11:34:50,62.98,51.13,11.85
MENRES001406_14,2023-07-05T01:12:43,17.0,15.95,1.05
MENRES001407_7,2023-06-17T04:33:47,82.28,74.0,8.28
MENRES001408_1,2023-08-11T02:55:11,7.16,6.2,0.96
MENRES001408_2,2023-03-15T02:12:33,36.76,34.32,2.44
MENRES001409_2,2023-11-07T08:20:29,25.17,21.52,3.65
MENRES001409_3,2023-03-15T20:18:09,65.93,56.25,9.68
MENRES001409_4,2023-12-29T05:35:58,119.79,112.02,7.77
MENRES001409_8,2023-02-16T15:25:45,83.23,76.23,7.0
MENRES001409_11,2023-03-24T04:33:49,18.48,16.62,1.86
MENRES001410_2,2023-11-01T03:02:16,35.8,33.02,2.78
MENRES001410_6,2023-04-30T04:41:57,13.89,12.2,1.69
MENRES001410_10,2023-05-01T22:58:30,37.63,31.71,5.92
MENRES001410_11,2023-06-20T23:38:45,37.84,34.7,3.14
MENRES001410_18,2023-09-20T01:35:13,27.56,24.6,2.96
MENRES001411_3,2023-10-31T23:25:09,16.7,15.04,1.66
MENRES001412_1,2023-01-19T05:56:27,38.15,30.86,7.29
MENRES001412_7,2023-10-22T03:13:53,10.14,9.36,0.78
MENRES001413_0,2023-03-11T05:38:03,30.73,25.59,5.14
MENRES001413_2,2023-07-09T08:12:19,48.49,39.98,8.51
MENRES001414_4,2023-06-11T16:23:54,151.37,135.23,16.14
MENRES001414_7,2023-02-02T18:39:50,54.16,44.37,9.79
MENRES001414_9,2023-11-20T00:36:02,22.49,19.34,3.15
MENRES001414_10,2023-07-15T01:43:39,107.46,94.4,13.06
MENRES001414_13,2023-04-08T23:47:28,156.75,144.82,11.93
MENRES001414_14,2023-07-11T03:22:01,126.43,105.46,20.97
MENRES001414_15,2023-03-02T13:21:30,81.26,65.92,15.34
MENRES001414_17,2023-07-07T11:16:54,49.5,43.47,6.03
MENRES001415_5,2023-07-16T09:49:26,114.8,101.1,13.7
MENRES001415_10,2023-08-05T09:21:58,102.66,82.22,20.44
MENRES001415_11,2023-07-28T14:59:29,79.98,64.15,15.83
MENRES001415_14,2023-03-08T18:45:50,155.16,125.81,29.35
MENRES001415_17,2023-09-01T07:36:48,145.84,117.94,27.9
MENRES001416_1,2023-03-03T00:58:28,19.37,15.57,3.8
MENRES001416_4,2023-09-25T12:25:56,26.04,23.11,2.93
MENRES001416_7,2023-07-15T22:30:28,43.15,35.48,7.67
MENRES001416_12,2023-09-26T09:30:53,116.42,106.45,9.97
MENRES001416_16,2023-04-19T20:56:13,24.26,21.7,2.56
MENRES001417_0,2023-02-18T10:00:04,39.25,32.44,6.81
MENRES001417_1,2023-08-25T19:07:27,7.68,6.46,1.22
MENRES001417_3,2023-02-19T18:10:14,18.2,15.34,2.86
MENRES001417_6,2023-11-18T20:39:31,17.42,14.61,2.81
MENRES001417_9,2023-04-23T17:49:27,19.14,17.65,1.49
MENRES001417_10,2023-01-14T17:45:11,10.94,10.34,0.6
MENRES001418_4,2023-03-25T06:24:16,63.86,51.19,12.67
MENRES001419_0,2023-01-06T13:44:00,37.55,33.29,4.26
MENRES001419_2,2023-04-03T05:55:52,37.78,31.36,6.42
MENRES001419_3,2023-12-08T15:21:58,36.81,31.66,5.15
MENRES001419_5,2023-02-27T11:54:07,66.96,58.97,7.99
MENRES001419_10,2023-08-23T23:54:49,57.77,51.81,5.96
MENRES001419_11,2023-09-11T13:17:59,69.86,56.53,13.33
MENRES001419_12,2023-11-02T03:33:14,65.42,56.85,8.57
MENRES001419_15,2023-09-10T22:51:57,30.33,28.73,1.6
MENRES001419_16,2023-03-30T20:15:13,56.96,49.03,7.93
MENRES001419_17,2023-11-23T16:21:55,29.78,25.87,3.91
MENRES001420_0,2023-03-18T19:13:07,37.5,34.61,2.89
MENRES001420_4,2023-06-26T08:14:59,58.12,47.93,10.19
MENRES001420_7,2023-05-07T09:48:14,22.28,19.13,3.15
MENRES001422_0,2023-06-12T22:51:51,109.5,90.75,18.75
MENRES001422_2,2023-04-30T07:35:49,63.23,53.06,10.17
MENRES001422_11,2023-10-03T01:01:17,43.87,39.28,4.59
MENRES001422_12,2023-10-30T19:14:41,130.27,122.54,7.73
MENRES001423_5,2023-03-17T11:21:50,27.05,25.09,1.96
MENRES001423_6,2023-02-14T22:55:45,34.74,30.35,4.39
MENRES001424_0,2023-06-28T14:31:13,66.76,62.49,4.27
MENRES001424_1,2023-03-31T02:41:20,100.38,94.04,6.34
MENRES001424_2,2023-10-05T14:15:55,101.63,83.82,17.81
MENRES001424_5,2023-03-29T13:33:35,42.45,39.16,3.29
MENRES001424_7,2023-04-07T02:22:36,109.88,89.68,20.2
MENRES001424_9,2023-09-24T12:45:45,112.27,96.96,15.31
MENRES001424_13,2023-06-16T22:45:39,49.68,46.98,2.7
MENRES001424_15,2023-11-09T22:10:11,119.68,99.22,20.46
MENRES001425_2,2023-11-10T06:29:23,34.08,31.95,2.13
MENRES001425_8,2023-05-10T00:42:17,50.65,47.06,3.59
MENRES001425_9,2023-01-25T16:32:08,75.05,64.64,10.41
MENRES001426_5,2023-02-23T07:10:35,18.87,17.61,1.26
MENRES001426_6,2023-06-26T10:38:17,31.25,25.12,6.13
MENRES001427_1,2023-08-31T02:41:55,11.51,10.27,1.24
MENRES001427_4,2023-01-09T19:21:19,23.55,21.67,1.88
MENRES001429_2,2023-02-11T04:12:09,14.48,13.3,1.18
MENRES001429_5,2023-09-12T06:26:45,17.35,15.16,2.19
MENRES001430_3,2023-06-06T02:42:31,7.66,6.64,1.02
MENRES001430_6,2023-03-25T02:50:25,38.67,35.91,2.76
MENRES001431_2,2023-03-27T13:00:50,29.87,27.38,2.49
MENRES001431_4,2023-09-29T14:18:24,8.82,7.21,1.61
MENRES001431_6,2023-10-16T20:32:36,39.24,33.01,6.23
MENRES001431_7,2023-06-19T03:39:03,17.69,15.95,1.74
MENRES001431_8,2023-12-28T19:06:10,19.4,16.26,3.14
MENRES001431_9,2023-01-21T04:28:27,16.1,13.8,2.3
MENRES001431_10,2023-01-06T09:38:09,25.13,20.24,4.89
MENRES001432_0,2023-11-13T23:23:51,61.79,51.29,10.5
MENRES001432_1,2023-07-13T13:09:01,32.19,29.4,2.79
MENRES001432_2,2023-09-28T21:59:36,44.21,36.3,7.91
MENRES001432_3,2023-10-12T02:24:54,62.72,50.99,11.73
MENRES001432_5,2023-12-15T05:43:18,64.76,59.2,5.56
MENRES001432_10,2023-02-18T08:47:41,12.09,10.85,1.24
MENRES001432_11,2023-04-29T19:33:11,41.87,38.67,3.2
MENRES001432_17,2023-11-26T10:10:07,74.2,59.48,14.72
MENRES001433_0,2023-09-05T01:06:01,5.13,4.17,0.96
MENRES001433_5,2023-01-19T06:41:44,38.29,34.36,3.93
MENRES001433_6,2023-09-03T07:16:56,36.75,32.75,4.0
MENRES001434_4,2023-11-03T13:51:13,115.61,104.45,11.16
MENRES001434_5,2023-08-11T01:08:55,116.98,94.12,22.86
MENRES001434_9,2023-06-10T17:42:09,61.8,55.16,6.64
MENRES001434_10,2023-04-23T16:16:03,87.27,82.43,4.84
MENRES001435_1,2023-10-12T06:20:51,55.87,52.65,3.22
MENRES001435_9,2023-05-24T08:44:17,37.42,34.75,2.67
MENRES001436_3,2023-12-09T16:05:28,135.56,120.02,15.54
MENRES001436_5,2023-08-11T14:42:29,101.51,94.71,6.8
MENRES001436_11,2023-09-02T08:52:00,118.38,104.34,14.04
MENRES001436_12,2023-03-02T11:25:01,55.49,51.25,4.24
MENRES001436_16,2023-03-18T19:22:05,110.72,98.96,11.76
MENRES001437_2,2023-12-27T00:47:38,23.21,21.16,2.05
MENRES001437_5,2023-02-27T03:26:05,29.0,23.46,5.54
MENRES001438_2,2023-02-16T00:00:44,41.53,37.69,3.84
MENRES001438_3,2023-05-21T19:03:08,27.93,24.27,3.66
MENRES001438_6,2023-02-12T08:42:36,63.01,56.9,6.11
MENRES001438_9,2023-07-01T05:47:49,46.37,37.17,9.2
MENRES001439_3,2023-06-15T18:33:54,65.92,53.88,12.04
MENRES001439_4,2023-03-11T22:18:44,52.85,49.89,2.96
MENRES001439_11,2023-10-04T08:42:06,101.97,91.14,10.83
MENRES001439_18,2023-02-19T16:06:29,51.73,43.41,8.32
MENRES001440_3,2023-12-08T23:28:23,40.58,37.25,3.33
MENRES001440_4,2023-05-18T00:53:54,85.12,71.06,14.06
MENRES001440_5,2023-11-01T08:59:50,42.63,35.43,7.2
MENRES001440_11,2023-05-29T05:43:21,79.29,74.01,5.28
MENRES001440_13,2023-09-20T02:22:12,38.76,35.58,3.18
MENRES001440_15,2023-02-01T04:51:53,69.62,57.58,12.04
MENRES001441_1,2023-02-19T01:12:42,34.81,32.35,2.46
MENRES001441_3,2023-03-20T15:40:24,11.01,10.37,0.64
MENRES001442_0,2023-08-15T20:31:40,15.14,12.92,2.22
MENRES001442_1,2023-11-15T13:18:06,30.33,26.31,4.02
MENRES001442_3,2023-05-21T07:37:22,61.5,56.92,4.58
MENRES001443_5,2023-01-19T10:41:15,39.58,32.42,7.16
MENRES001443_9,2023-11-25T22:34:11,43.44,39.76,3.68
MENRES001443_11,2023-09-15T04:42:22,32.17,28.2,3.97
MENRES001443_15,2023-09-08T06:43:53,75.73,61.8,13.93
MENRES001443_16,2023-01-17T10:26:40,66.93,57.1,9.83
MENRES001444_0,2023-06-29T16:01:20,18.82,15.28,3.54
MENRES001444_1,2023-02-21T21:12:09,14.56,13.16,1.4
MENRES001444_2,2023-06-11T06:42:12,7.85,7.03,0.82
MENRES001444_3,2023-02-12T16:17:50,35.38,29.19,6.19
MENRES001444_4,2023-04-17T03:59:36,29.45,26.37,3.08
MENRES001445_1,2023-08-01T09:11:14,93.23,79.68,13.55
MENRES001445_7,2023-09-15T08:22:40,25.58,24.09,1.49
MENRES001446_3,2023-12-19T08:55:34,31.77,29.14,2.63
MENRES001446_5,2023-09-07T22:35:41,63.28,59.92,3.36
MENRES001446_8,2023-07-07T23:54:51,109.71,93.77,15.94
MENRES001446_11,2023-11-23T05:28:50,89.61,71.79,17.82
MENRES001446_13,2023-06-23T10:15:20,57.19,53.64,3.55
MENRES001446_15,2023-08-13T23:18:41,16.74,14.66,2.08
MENRES001447_1,2023-05-02T13:17:52,26.79,22.78,4.01
MENRES001447_2,2023-03-01T01:11:47,34.35,28.81,5.54
MENRES001447_5,2023-06-14T02:50:04,20.13,19.03,1.1
MENRES001447_13,2023-01-09T21:22:46,26.02,23.45,2.57
MENRES001447_16,2023-09-10T16:31:08,37.95,35.86,2.09
MENRES001447_18,2023-10-08T16:35:31,5.13,4.23,0.9
MENRES001448_1,2023-07-06T21:13:43,44.77,38.44,6.33
MENRES001448_2,2023-05-24T17:10:09,46.26,40.47,5.79
MENRES001450_8,2023-08-15T21:34:52,87.05,72.93,14.12
MENRES001450_9,2023-12-04T17:08:27,57.86,50.08,7.78
MENRES001450_10,2023-10-07T00:22:14,54.03,43.61,10.42
MENRES001451_1,2023-11-28T21:26:06,46.49,41.8,4.69
MENRES001451_4,2023-02-04T14:17:28,60.45,56.93,3.52
MENRES001451_8,2023-09-25T09:32:00,26.71,24.4,2.31
MENRES001452_0,2023-12-20T21:06:51,131.7,110.85,20.85
MENRES001452_1,2023-11-01T11:09:05,93.63,78.55,15.08
MENRES001452_4,2023-05-06T11:46:08,106.19,96.9,9.29
MENRES001452_6,2023-04-02T11:32:28,52.75,48.06,4.69
MENRES001452_9,2023-06-16T03:50:50,126.29,104.03,22.26
MENRES001452_14,2023-09-01T15:21:58,21.93,17.69,4.24
MENRES001453_6,2023-02-23T12:49:00,42.96,35.12,7.84
MENRES001454_0,2023-07-20T12:59:07,109.52,97.33,12.19
MENRES001454_3,2023-09-20T07:59:05,22.61,18.92,3.69
MENRES001454_12,2023-06-06T10:11:48,74.52,64.62,9.9
MENRES001454_13,2023-08-13T02:28:21,58.35,48.37,9.98
MENRES001455_4,2023-05-14T04:57:29,43.29,36.2,7.09
MENRES001455_8,2023-02-23T08:43:11,112.38,100.79,11.59
MENRES001455_12,2023-12-14T23:30:10,20.2,16.69,3.51
MENRES001456_8,2023-02-27T20:48:24,124.81,113.68,11.13
MENRES001456_10,2023-08-18T01:32:33,132.63,108.68,23.95
MENRES001457_4,2023-11-26T18:39:24,31.91,27.03,4.88
MENRES001458_2,2023-01-26T17:50:49,108.85,94.79,14.06
MENRES001458_3,2023-02-17T18:49:00,32.99,28.48,4.51
MENRES001458_8,2023-05-26T15:05:16,55.08,50.78,4.3
MENRES001458_10,2023-09-03T12:48:56,64.8,52.72,12.08
MENRES001458_12,2023-08-22T08:15:27,113.6,94.93,18.67
MENRES001458_13,2023-07-17T03:25:21,96.66,78.41,18.25
MENRES001459_1,2023-09-16T11:58:26,35.33,28.89,6.44
MENRES001459_10,2023-02-19T20:50:08,36.92,33.23,3.69
MENRES001459_11,2023-08-27T08:14:07,28.9,27.05,1.85
MENRES001459_13,2023-07-09T17:03:03,29.0,26.96,2.04
MENRES001460_3,2023-01-06T02:25:01,43.14,40.59,2.55
MENRES001460_6,2023-10-10T19:08:37,28.52,26.37,2.15
MENRES001460_7,2023-05-03T15:00:32,153.64,143.75,9.89
MENRES001461_3,2023-06-26T23:32:32,77.54,72.42,5.12
MENRES001462_1,2023-12-05T05:42:31,61.86,55.55,6.31
MENRES001462_3,2023-06-17T18:55:43,14.8,11.94,2.86
MENRES001462_4,2023-02-24T16:57:37,50.65,41.85,8.8
MENRES001463_0,2023-07-22T00:20:15,36.95,33.98,2.97
MENRES001463_2,2023-01-12T00:03:30,44.0,35.63,8.37
MENRES001463_3,2023-06-15T02:10:47,45.24,39.85,5.39
MENRES001463_4,2023-11-14T16:36:34,59.5,56.07,3.43
MENRES001463_8,2023-05-11T15:10:17,18.05,15.63,2.42
MENRES001464_3,2023-04-06T20:22:37,36.34,34.01,2.33
MENRES001464_11,2023-05-19T20:05:14,56.58,48.55,8.03
MENRES001464_12,2023-01-01T19:54:23,55.31,49.68,5.63
MENRES001464_15,2023-04-20T12:40:05,29.66,25.36,4.3
MENRES001464_16,2023-10-17T11:25:41,62.26,57.65,4.61
MENRES001465_0,2023-01-15T20:26:05,27.83,23.57,4.26
MENRES001465_2,2023-04-02T16:12:46,46.53,40.44,6.09
MENRES001465_5,2023-03-31T15:28:13,16.21,13.63,2.58
MENRES001465_7,2023-02-01T10:08:27,51.93,48.11,3.82
MENRES001465_9,2023-04-11T20:33:02,55.62,48.28,7.34
MENRES001466_1,2023-05-30T23:09:40,83.37,71.23,12.14
MENRES001466_3,2023-12-15T20:28:34,51.72,47.66,4.06
MENRES001467_11,2023-06-10T02:38:11,30.46,27.12,3.34
MENRES001467_13,2023-07-12T23:10:59,19.49,17.7,1.79
MENRES001467_17,2023-06-30T03:52:43,18.53,16.49,2.04
MENRES001468_0,2023-07-14T10:38:54,21.85,19.85,2.0
MENRES001468_6,2023-01-14T17:48:06,127.71,104.56,23.15
MENRES001468_16,2023-05-16T03:25:55,116.65,107.78,8.87
MENRES001469_0,2023-11-20T19:58:13,25.91,22.52,3.39
MENRES001469_7,2023-07-03T09:17:26,10.66,9.57,1.09
MENRES001469_8,2023-03-29T01:42:57,25.54,23.81,1.73
MENRES001470_0,2023-05-15T07:59:46,123.75,115.38,8.37
MENRES001470_7,2023-09-02T03:58:13,24.9,22.08,2.82
MENRES001470_8,2023-09-27T03:17:09,93.67,87.72,5.95
MENRES001472_3,2023-11-03T08:57:33,139.97,112.0,27.97
MENRES001472_5,2023-04-20T17:18:17,157.93,148.06,9.87
MENRES001472_6,2023-10-10T08:38:56,107.42,94.16,13.26
MENRES001472_7,2023-10-19T16:25:23,124.9,100.0,24.9
MENRES001473_3,2023-04-14T14:53:48,36.54,32.6,3.94
MENRES001473_4,2023-01-22T11:19:06,13.44,11.14,2.3
MENRES001473_7,2023-06-18T01:39:23,30.21,28.65,1.56
MENRES001473_10,2023-02-23T11:42:49,8.13,6.56,1.57
MENRES001473_11,2023-04-29T15:24:18,9.62,8.94,0.68
MENRES001473_15,2023-09-03T11:23:18,10.47,8.65,1.82
MENRES001474_6,2023-03-04T22:14:05,27.96,24.91,3.05
MENRES001474_9,2023-03-07T12:01:22,26.85,21.9,4.95
MENRES001474_14,2023-12-08T22:15:04,30.19,26.84,3.35
MENRES001474_16,2023-12-13T06:10:48,19.83,16.97,2.86
MENRES001474_17,2023-08-23T09:53:16,25.66,23.43,2.23
MENRES001475_5,2023-06-06T23:35:42,13.74,12.59,1.15
MENRES001475_6,2023-01-17T10:13:39,25.47,24.06,1.41
MENRES001475_7,2023-10-21T00:34:40,33.63,31.7,1.93
MENRES001475_8,2023-09-03T08:06:16,35.26,30.03,5.23
MENRES001476_1,2023-01-25T07:36:52,69.14,57.92,11.22
MENRES001476_4,2023-05-15T10:49:59,29.27,26.45,2.82
MENRES001477_2,2023-10-31T15:48:22,107.56,86.58,20.98
MENRES001477_4,2023-02-24T03:27:33,20.05,17.94,2.11
MENRES001478_3,2023-03-08T02:10:33,124.84,117.48,7.36
MENRES001478_4,2023-11-28T08:28:07,134.93,114.66,20.27
MENRES001478_5,2023-01-08T00:20:05,159.56,135.76,23.8
MENRES001478_6,2023-05-28T06:02:33,100.09,81.2,18.89
MENRES001478_10,2023-02-08T15:08:56,65.93,62.46,3.47
MENRES001479_1,2023-01-12T12:27:16,95.04,86.69,8.35
MENRES001479_2,2023-01-11T12:55:57,124.01,102.25,21.76
MENRES001479_4,2023-12-22T16:19:53,78.15,70.36,7.79
MENRES001480_0,2023-10-04T21:53:55,16.88,15.94,0.94
MENRES001480_1,2023-08-21T23:51:24,15.4,13.61,1.79
MENRES001480_2,2023-11-22T11:31:28,72.79,61.52,11.27
MENRES001480_3,2023-11-20T21:32:54,74.41,64.85,9.56
MENRES001480_4,2023-01-02T22:55:37,63.38,54.5,8.88
MENRES001480_6,2023-09-01T02:57:28,44.73,37.21,7.52
MENRES001481_0,2023-08-13T03:20:29,79.86,68.53,11.33
MENRES001482_2,2023-06-02T19:16:07,39.44,37.01,2.43
MENRES001482_3,2023-04-14T00:47:50,35.37,29.17,6.2
MENRES001482_5,2023-05-04T14:50:20,17.99,15.35,2.64
MENRES001482_10,2023-05-24T19:31:59,33.67,31.35,2.32
MENRES001482_12,2023-06-23T04:37:33,27.77,23.73,4.04
MENRES001482_13,2023-10-13T03:36:48,6.69,5.97,0.72
MENRES001482_14,2023-01-29T19:51:17,12.95,11.75,1.2
MENRES001482_16,2023-09-11T18:46:54,20.38,17.51,2.87
MENRES001482_18,2023-12-16T19:40:02,12.56,11.4,1.16
MENRES001483_0,2023-01-23T23:27:05,46.91,41.09,5.82
MENRES001483_2,2023-11-04T16:14:30,99.11,79.6,19.51
MENRES001483_5,2023-10-14T11:37:51,15.16,12.58,2.58
MENRES001483_7,2023-07-28T20:11:00,32.57,29.5,3.07
MENRES001484_8,2023-05-02T19:13:49,115.83,105.99,9.84
MENRES001484_11,2023-02-18T23:15:16,104.77,88.66,16.11
MENRES001485_2,2023-10-28T03:01:12,21.74,18.81,2.93
MENRES001485_8,2023-06-18T01:36:12,39.05,31.61,7.44
MENRES001486_3,2023-04-24T10:43:08,74.49,65.55,8.94
MENRES001486_8,2023-10-01T00:10:08,77.78,63.4,14.38
MENRES001486_10,2023-04-24T02:06:09,76.07,67.16,8.91
MENRES001486_15,2023-01-28T11:58:08,54.57,46.84,7.73
MENRES001486_18,2023-08-08T22:55:11,43.41,36.5,6.91
MENRES001486_19,2023-12-03T06:35:09,22.53,21.05,1.48
MENRES001487_0,2023-03-29T17:46:44,38.1,33.79,4.31
MENRES001487_6,2023-09-26T14:30:48,28.36,24.32,4.04
MENRES001487_7,2023-06-03T04:37:20,22.35,20.01,2.34
MENRES001487_11,2023-11-25T08:58:22,56.8,52.44,4.36
MENRES001487_14,2023-10-15T22:03:48,13.25,10.97,2.28
MENRES001488_2,2023-01-14T18:47:38,146.96,129.23,17.73
MENRES001488_8,2023-10-19T19:12:44,126.14,111.22,14.92
MENRES001488_9,2023-03-21T14:56:40,68.97,64.58,4.39
MENRES001489_1,2023-11-23T00:23:28,67.26,54.59,12.67
MENRES001489_5,2023-09-09T13:32:43,38.4,34.87,3.53
MENRES001489_7,2023-09-13T09:54:25,67.41,57.22,10.19
MENRES001489_9,2023-08-26T14:29:29,108.23,90.66,17.57
MENRES001490_1,2023-01-06T12:08:11,97.11,87.78,9.33
MENRES001491_0,2023-03-29T19:50:45,59.17,49.25,9.92
MENRES001491_4,2023-02-13T13:46:22,16.52,14.98,1.54
MENRES001492_8,2023-08-13T06:06:58,87.21,70.17,17.04
MENRES001492_10,2023-01-27T08:46:46,96.1,87.81,8.29
MENRES001494_4,2023-07-29T06:04:41,41.9,37.58,4.32
MENRES001494_5,2023-02-25T12:10:23,114.31,104.5,9.81
MENRES001494_6,2023-09-26T19:41:39,23.93,22.29,1.64
MENRES001494_7,2023-06-21T00:02:55,87.92,75.48,12.44
MENRES001494_9,2023-02-27T16:47:48,111.25,94.68,16.57
MENRES001494_15,2023-12-12T00:46:34,43.08,37.73,5.35
MENRES001495_0,2023-07-15T12:37:45,15.29,13.98,1.31
MENRES001495_3,2023-05-05T01:21:32,30.02,25.73,4.29
MENRES001495_7,2023-01-12T11:02:00,106.11,91.04,15.07
MENRES001495_8,2023-09-29T05:56:09,22.8,19.8,3.0
MENRES001495_11,2023-11-08T04:51:14,24.48,23.19,1.29
MENRES001495_12,2023-09-30T00:21:01,24.78,21.29,3.49
MENRES001495_15,2023-09-18T12:50:17,44.91,37.03,7.88
MENRES001496_3,2023-02-22T13:08:57,73.14,64.99,8.15
MENRES001496_4,2023-03-23T13:25:14,72.09,68.16,3.93
MENRES001497_1,2023-11-19T18:17:02,42.72,36.32,6.4
MENRES001498_3,2023-09-21T15:07:56,21.35,19.61,1.74
MENRES001498_7,2023-02-28T16:58:06,67.36,57.73,9.63
MENRES001498_8,2023-11-04T23:59:53,41.89,34.58,7.31
MENRES001498_9,2023-01-06T06:41:59,156.2,141.71,14.49
MENRES001498_10,2023-07-15T23:58:33,81.49,74.8,6.69
MENRES001498_12,2023-11-14T19:39:49,56.59,51.48,5.11
MENRES001499_1,2023-09-04T19:55:11,101.37,91.52,9.85
MENRES001499_2,2023-08-04T04:58:30,79.24,74.5,4.74
MENRES001499_4,2023-10-18T11:07:55,98.61,82.26,16.35
MENRES001500_1,2023-06-16T03:30:08,37.17,33.33,3.84
MENRES001500_3,2023-01-09T09:29:56,5.35,5.05,0.3
MENRES001500_5,2023-04-15T15:43:02,15.54,13.32,2.22
MENRES001500_15,2023-04-07T12:02:33,6.0,4.98,1.02
MENRES001500_16,2023-09-07T22:36:42,21.45,17.52,3.93
MENRES001500_17,2023-03-26T03:36:28,14.09,11.3,2.79
MENRES001501_4,2023-09-13T03:04:24,53.56,49.02,4.54
MENRES001501_5,2023-07-03T20:05:43,79.0,65.14,13.86
MENRES001501_10,2023-05-18T09:11:45,51.74,44.86,6.88
MENRES001501_11,2023-07-02T22:04:22,48.31,39.46,8.85
MENRES001501_12,2023-07-31T03:07:59,18.06,17.1,0.96
MENRES001502_1,2023-01-16T08:56:09,31.79,28.16,3.63
MENRES001502_4,2023-03-15T03:57:05,113.17,94.98,18.19
MENRES001503_5,2023-05-17T20:36:52,68.52,56.61,11.91
MENRES001504_7,2023-04-22T17:00:15,141.23,126.73,14.5
MENRES001506_0,2023-06-30T22:31:59,17.27,14.84,2.43
MENRES001507_0,2023-08-10T03:11:19,52.25,42.03,10.22
MENRES001507_2,2023-06-05T03:55:48,51.67,48.17,3.5
MENRES001507_5,2023-02-27T18:43:31,39.86,33.88,5.98
MENRES001507_15,2023-08-07T01:13:18,84.86,68.06,16.8
MENRES001507_16,2023-07-09T00:25:52,37.7,35.55,2.15
MENRES001507_17,2023-01-25T18:56:42,83.81,71.21,12.6
MENRES001508_1,2023-02-20T06:55:48,90.81,74.35,16.46
MENRES001508_3,2023-02-25T20:58:19,117.65,111.35,6.3
MENRES001508_5,2023-08-02T09:55:01,42.78,40.24,2.54
MENRES001508_6,2023-04-25T14:47:06,74.24,69.68,4.56
MENRES001508_7,2023-03-09T20:38:22,88.97,75.87,13.1
MENRES001508_9,2023-07-06T21:28:00,121.35,100.05,21.3
MENRES001508_12,2023-05-03T02:42:33,46.26,41.31,4.95
MENRES001509_0,2023-10-24T21:55:00,11.01,10.05,0.96
MENRES001509_1,2023-03-06T22:25:44,34.44,30.21,4.23
MENRES001509_6,2023-05-31T03:08:55,20.61,19.12,1.49
MENRES001509_10,2023-08-28T00:46:52,25.43,22.53,2.9
MENRES001510_5,2023-03-21T20:01:55,84.47,68.74,15.73
MENRES001510_9,2023-09-26T20:38:51,49.53,43.05,6.48
MENRES001510_12,2023-07-30T22:58:47,66.28,62.12,4.16
MENRES001510_14,2023-10-04T12:42:18,142.06,114.05,28.01
MENRES001510_18,2023-04-09T11:15:08,139.27,116.92,22.35
MENRES001510_19,2023-01-19T09:33:53,58.68,47.82,10.86
MENRES001511_1,2023-02-20T05:50:16,126.24,106.52,19.72
MENRES001511_2,2023-09-08T12:38:50,99.0,91.57,7.43
MENRES001511_12,2023-05-26T22:48:02,109.23,102.36,6.87
MENRES001512_1,2023-10-21T20:33:51,20.15,18.38,1.77
MENRES001512_2,2023-10-15T19:37:16,26.19,22.48,3.71
MENRES001512_4,2023-05-23T15:37:01,20.26,17.68,2.58
MENRES001512_5,2023-09-09T03:00:10,20.84,17.49,3.35
MENRES001513_1,2023-11-25T20:28:22,48.9,42.12,6.78
MENRES001513_3,2023-09-04T22:38:08,34.23,31.76,2.47
MENRES001513_4,2023-10-16T17:44:06,56.98,52.95,4.03
MENRES001513_6,2023-05-25T07:10:25,55.91,45.55,10.36
MENRES001513_7,2023-08-21T22:19:26,108.31,99.31,9.0
MENRES001513_10,2023-10-20T13:38:38,110.3,103.99,6.31
MENRES001513_12,2023-01-25T05:14:21,72.08,63.59,8.49
MENRES001513_13,2023-06-11T23:30:07,70.93,60.69,10.24
MENRES001514_0,2023-07-02T14:46:45,158.06,143.22,14.84
MENRES001514_4,2023-07-15T22:01:22,62.06,53.6,8.46
MENRES001515_2,2023-04-30T16:17:00,38.69,34.99,3.7
MENRES001515_5,2023-10-03T14:44:00,36.48,32.43,4.05
MENRES001515_7,2023-08-22T05:14:23,32.76,28.13,4.63
MENRES001515_8,2023-05-02T15:09:16,31.97,27.88,4.09
MENRES001515_9,2023-07-07T04:16:54,43.76,35.94,7.82
MENRES001515_12,2023-02-28T09:48:11,36.93,32.97,3.96
MENRES001515_17,2023-03-27T12:32:59,54.61,43.98,10.63
MENRES001516_1,2023-05-25T23:27:07,36.58,32.33,4.25
MENRES001516_3,2023-02-26T22:43:00,79.67,68.19,11.48
MENRES001516_6,2023-01-11T00:06:58,63.4,52.51,10.89
MENRES001516_9,2023-04-15T13:15:38,47.78,40.52,7.26
MENRES001516_10,2023-10-09T15:17:01,22.75,19.62,3.13
MENRES001517_5,2023-04-13T11:46:22,36.25,31.22,5.03
MENRES001517_6,2023-05-14T04:19:58,24.7,21.77,2.93
MENRES001517_11,2023-02-14T01:02:46,27.74,22.49,5.25
MENRES001518_0,2023-12-18T12:08:04,93.2,81.93,11.27
MENRES001518_3,2023-02-14T19:30:38,51.39,48.4,2.99
MENRES001518_4,2023-09-26T06:07:46,116.48,110.21,6.27
MENRES001518_5,2023-09-19T11:11:28,87.78,73.18,14.6
MENRES001518_6,2023-08-07T19:58:28,93.22,80.68,12.54
MENRES001518_7,2023-01-23T19:41:32,17.72,15.87,1.85
MENRES001518_9,2023-11-23T10:22:01,114.88,100.37,14.51
MENRES001518_10,2023-08-10T19:48:32,86.16,69.91,16.25
MENRES001519_3,2023-06-18T17:56:42,148.19,119.43,28.76
MENRES001519_9,2023-06-24T11:17:26,104.01,97.66,6.35
MENRES001519_11,2023-04-10T16:08:17,103.91,86.78,17.13
MENRES001520_2,2023-05-16T17:31:24,72.02,66.26,5.76
MENRES001520_3,2023-07-07T20:03:47,52.45,43.39,9.06
MENRES001520_5,2023-07-01T14:10:38,119.04,100.43,18.61
MENRES001520_8,2023-01-03T16:22:58,44.66,36.36,8.3
MENRES001520_11,2023-06-15T17:15:10,89.06,77.74,11.32
MENRES001520_14,2023-09-17T13:20:53,70.82,64.25,6.57
MENRES001521_1,2023-10-11T12:47:22,59.42,53.0,6.42
MENRES001521_2,2023-10-14T22:35:50,89.12,76.43,12.69
MENRES001521_4,2023-05-17T16:00:40,69.57,62.1,7.47
MENRES001521_8,2023-09-16T14:48:48,35.17,29.69,5.48
MENRES001521_13,2023-06-15T10:47:57,109.0,102.8,6.2
MENRES001521_15,2023-09-12T03:38:20,110.67,92.5,18.17
MENRES001522_0,2023-08-08T21:34:25,59.04,52.94,6.1
MENRES001522_3,2023-04-08T23:16:16,107.29,88.52,18.77
MENRES001523_1,2023-09-03T07:49:13,133.32,110.12,23.2
MENRES001523_4,2023-04-11T05:00:44,111.21,94.31,16.9
MENRES001523_6,2023-12-04T08:18:23,92.06,81.04,11.02
MENRES001523_8,2023-11-10T04:39:01,121.78,106.92,14.86
MENRES001523_12,2023-08-24T13:02:51,105.59,87.83,17.76
MENRES001523_13,2023-07-06T08:29:16,39.39,33.06,6.33
MENRES001524_2,2023-07-23T12:14:28,100.23,82.33,17.9
MENRES001524_7,2023-12-11T20:31:48,144.8,116.94,27.86
MENRES001524_9,2023-08-31T08:26:33,86.48,77.08,9.4
MENRES001525_0,2023-02-22T08:30:36,56.32,46.88,9.44
MENRES001525_1,2023-12-19T23:11:02,59.44,49.95,9.49
MENRES001525_2,2023-04-30T18:41:15,43.06,36.36,6.7
MENRES001525_3,2023-08-07T07:34:17,67.66,61.05,6.61
MENRES001526_7,2023-02-13T08:16:46,29.99,25.61,4.38
MENRES001526_9,2023-08-23T04:11:55,112.93,106.46,6.47
MENRES001526_10,2023-07-24T02:33:11,51.4,47.0,4.4
MENRES001526_11,2023-02-07T21:23:03,53.84,48.89,4.95
MENRES001527_2,2023-11-09T21:56:31,62.67,51.46,11.21
MENRES001527_6,2023-07-30T14:03:18,63.16,54.1,9.06
MENRES001527_11,2023-04-18T21:30:31,78.78,66.82,11.96
MENRES001528_1,2023-03-01T07:56:52,27.4,23.33,4.07
MENRES001528_2,2023-09-21T09:35:35,31.79,29.06,2.73
MENRES001528_4,2023-07-28T11:51:08,11.72,10.51,1.21
MENRES001528_5,2023-01-04T08:10:45,25.05,21.91,3.14
MENRES001528_8,2023-08-30T22:05:13,26.81,25.17,1.64
MENRES001528_10,2023-07-23T20:29:54,6.79,5.67,1.12
MENRES001528_11,2023-01-08T18:55:05,30.23,27.36,2.87
MENRES001528_14,2023-05-22T22:33:30,17.42,14.34,3.08
MENRES001528_15,2023-11-30T05:16:20,11.35,10.06,1.29
MENRES001529_3,2023-07-09T14:40:44,54.15,47.12,7.03
MENRES001529_4,2023-06-16T22:50:47,20.37,17.0,3.37
MENRES001529_8,2023-10-31T18:52:49,93.89,85.44,8.45
MENRES001530_4,2023-05-27T18:15:02,65.95,61.92,4.03
MENRES001530_5,2023-08-14T02:05:04,31.67,27.28,4.39
MENRES001531_0,2023-09-17T03:11:14,16.2,15.18,1.02
MENRES001531_3,2023-09-27T18:56:57,77.87,69.08,8.79
MENRES001531_7,2023-10-06T07:11:07,33.81,31.72,2.09
MENRES001532_0,2023-05-23T17:39:09,17.19,14.13,3.06
MENRES001532_2,2023-01-21T20:11:37,31.18,27.58,3.6
MENRES001532_3,2023-03-24T10:23:30,20.19,17.88,2.31
MENRES001532_5,2023-12-05T18:28:54,11.79,9.87,1.92
MENRES001532_7,2023-05-13T18:23:32,28.72,26.6,2.12
MENRES001532_8,2023-02-15T17:34:06,37.52,32.84,4.68
MENRES001533_2,2023-02-09T17:20:53,32.77,27.76,5.01
MENRES001533_5,2023-03-28T22:27:24,89.24,74.08,15.16
MENRES001533_7,2023-07-24T23:48:24,73.38,60.7,12.68
MENRES001533_11,2023-01-26T20:20:39,116.09,103.53,12.56
MENRES001533_12,2023-09-27T10:01:29,83.13,69.11,14.02
MENRES001534_3,2023-08-20T11:59:09,33.04,29.46,3.58
MENRES001534_6,2023-02-07T18:28:58,45.59,41.98,3.61
MENRES001534_9,2023-01-29T14:50:37,50.96,45.55,5.41
MENRES001535_1,2023-03-13T03:23:13,63.14,55.94,7.2
MENRES001535_2,2023-12-18T09:54:08,74.62,70.22,4.4
MENRES001535_3,2023-04-29T21:51:33,109.22,95.43,13.79
MENRES001535_5,2023-03-26T05:21:26,30.12,28.13,1.99
MENRES001536_0,2023-12-10T07:18:47,73.27,64.65,8.62
MENRES001536_7,2023-12-23T06:32:56,130.08,110.28,19.8
MENRES001536_9,2023-10-30T23:22:23,104.25,84.81,19.44
MENRES001536_10,2023-11-12T02:00:07,147.68,136.44,11.24
MENRES001536_11,2023-02-23T21:31:31,146.79,133.79,13.0
MENRES001536_12,2023-08-14T11:58:07,22.42,18.16,4.26
MENRES001537_3,2023-12-04T06:11:39,73.28,66.9,6.38
MENRES001537_13,2023-03-05T14:51:12,22.41,20.53,1.88
MENRES001538_1,2023-09-27T01:12:37,131.01,106.76,24.25
MENRES001538_3,2023-09-24T22:49:00,73.65,64.08,9.57
MENRES001538_4,2023-07-20T13:04:18,53.01,48.23,4.78
MENRES001539_4,2023-06-20T17:05:49,108.92,98.76,10.16
MENRES001539_7,2023-11-19T08:58:46,131.56,107.34,24.22
MENRES001539_8,2023-11-07T18:45:03,59.19,55.07,4.12
MENRES001539_9,2023-11-28T11:54:33,125.42,114.75,10.67
MENRES001539_12,2023-08-30T10:37:09,95.05,86.62,8.43
MENRES001539_15,2023-01-22T00:15:43,155.33,141.06,14.27
MENRES001540_3,2023-02-02T23:09:33,159.17,132.18,26.99
MENRES001540_7,2023-06-29T17:33:23,140.86,130.46,10.4
MENRES001540_15,2023-04-26T12:43:11,121.64,101.49,20.15
MENRES001540_16,2023-02-07T03:58:49,119.5,97.03,22.47
MENRES001540_17,2023-09-22T02:48:30,83.32,71.08,12.24
MENRES001541_10,2023-04-01T05:42:37,37.89,33.92,3.97
MENRES001541_12,2023-01-25T01:50:06,57.76,49.88,7.88
MENRES001541_17,2023-10-28T23:57:11,52.79,44.87,7.92
MENRES001542_0,2023-12-02T09:53:31,36.4,32.53,3.87
MENRES001542_2,2023-11-26T06:36:57,59.23,52.66,6.57
MENRES001542_3,2023-12-13T01:04:28,45.79,40.57,5.22
MENRES001543_7,2023-02-09T20:56:46,20.75,17.62,3.13
MENRES001543_11,2023-07-24T21:47:11,35.99,30.68,5.31
MENRES001543_17,2023-09-17T16:04:19,26.45,21.85,4.6
MENRES001544_0,2023-03-31T16:15:21,89.47,79.05,10.42
MENRES001544_3,2023-03-30T22:10:34,61.37,51.72,9.65
MENRES001544_10,2023-01-25T07:50:50,97.6,81.08,16.52
MENRES001544_12,2023-07-23T12:17:58,129.78,107.66,22.12
MENRES001545_2,2023-02-05T05:11:04,106.8,91.17,15.63
MENRES001545_3,2023-03-08T14:40:31,80.79,74.75,6.04
MENRES001546_7,2023-02-12T10:02:32,113.81,96.84,16.97
MENRES001547_0,2023-02-12T23:00:47,118.52,103.95,14.57
MENRES001547_1,2023-01-28T21:51:14,58.04,49.33,8.71
MENRES001547_2,2023-03-06T16:09:36,58.25,55.25,3.0
MENRES001547_5,2023-05-09T07:08:53,71.13,64.36,6.77
MENRES001547_7,2023-01-28T20:22:11,28.11,25.78,2.33
MENRES001548_2,2023-07-26T19:52:58,53.42,49.12,4.3
MENRES001548_4,2023-01-21T07:22:16,18.91,15.34,3.57
MENRES001548_5,2023-04-27T03:30:10,29.34,25.26,4.08
MENRES001549_8,2023-11-29T12:58:12,105.27,99.4,5.87
MENRES001549_9,2023-03-26T04:37:14,23.24,21.65,1.59
MENRES001550_3,2023-04-04T06:45:15,33.09,28.06,5.03
MENRES001550_8,2023-10-06T14:04:26,9.48,8.5,0.98
MENRES001550_10,2023-06-25T05:47:43,35.96,33.37,2.59
MENRES001550_13,2023-08-16T22:43:12,19.04,16.55,2.49
MENRES001551_0,2023-02-07T01:21:59,99.5,82.17,17.33
MENRES001551_2,2023-03-15T04:32:41,20.81,18.91,1.9
MENRES001551_4,2023-12-24T07:43:22,97.34,88.22,9.12
MENRES001551_6,2023-06-07T16:44:02,23.57,21.12,2.45
MENRES001551_8,2023-06-10T19:57:08,46.16,38.56,7.6
MENRES001551_9,2023-04-02T21:02:53,38.34,34.93,3.41
MENRES001551_17,2023-09-11T20:06:26,101.03,93.01,8.02
MENRES001552_2,2023-03-18T07:17:24,56.76,51.66,5.1
MENRES001552_6,2023-05-19T23:11:45,27.55,22.22,5.33
MENRES001552_7,2023-06-27T11:43:00,44.51,35.68,8.83
MENRES001553_5,2023-09-15T21:33:46,66.61,63.01,3.6
MENRES001553_6,2023-10-04T14:46:03,20.0,17.12,2.88
MENRES001553_9,2023-10-08T03:18:30,85.84,69.79,16.05
MENRES001554_9,2023-05-21T23:30:49,83.39,70.74,12.65
MENRES001554_10,2023-02-01T02:56:57,22.63,19.28,3.35
MENRES001554_11,2023-06-29T20:38:15,101.32,82.66,18.66
MENRES001554_13,2023-06-20T20:57:15,68.13,56.6,11.53
MENRES001554_14,2023-01-26T15:25:42,63.82,54.03,9.79
MENRES001554_15,2023-12-06T20:58:14,86.4,72.65,13.75
MENRES001554_16,2023-12-11T10:35:10,78.39,71.52,6.87
MENRES001555_0,2023-01-22T13:59:35,38.72,33.7,5.02
MENRES001556_3,2023-09-25T01:10:20,25.54,22.42,3.12
MENRES001556_8,2023-01-22T01:29:42,79.5,65.19,14.31
MENRES001556_9,2023-06-14T08:14:26,75.26,60.31,14.95
MENRES001556_10,2023-07-21T18:04:38,99.76,83.05,16.71
MENRES001556_12,2023-02-17T20:18:11,143.1,114.56,28.54
MENRES001557_0,2023-12-05T19:30:22,31.38,27.19,4.19
MENRES001558_2,2023-03-12T02:19:21,100.22,85.81,14.41
MENRES001558_4,2023-06-24T01:51:44,84.71,71.29,13.42
MENRES001558_5,2023-04-04T15:26:53,78.15,72.9,5.25
MENRES001558_7,2023-04-20T21:52:48,61.22,50.87,10.35
MENRES001558_8,2023-11-24T02:25:04,106.41,86.36,20.05
MENRES001558_9,2023-01-11T19:21:18,50.9,46.28,4.62
MENRES001559_9,2023-03-13T13:47:04,69.04,60.43,8.61
MENRES001560_0,2023-06-13T15:15:48,41.62,35.19,6.43
MENRES001560_2,2023-07-13T16:15:44,20.55,17.26,3.29
MENRES001560_3,2023-11-07T13:18:56,42.61,34.77,7.84
MENRES001560_4,2023-10-05T04:20:19,73.05,63.32,9.73
MENRES001560_12,2023-02-03T03:00:38,28.6,24.56,4.04
MENRES001560_13,2023-09-30T06:57:13,39.38,33.97,5.41
MENRES001560_14,2023-09-29T22:12:37,48.43,42.16,6.27
MENRES001560_17,2023-01-20T15:38:47,16.07,14.33,1.74
MENRES001561_4,2023-12-18T13:01:11,30.77,28.09,2.68
MENRES001561_8,2023-10-29T00:19:10,151.33,129.51,21.82
MENRES001561_9,2023-03-02T16:55:01,59.78,50.94,8.84
MENRES001562_1,2023-03-26T01:27:01,68.74,56.31,12.43
MENRES001562_2,2023-07-04T22:49:52,85.29,74.4,10.89
MENRES001562_6,2023-07-14T00:58:11,51.08,45.7,5.38
MENRES001563_0,2023-03-25T22:43:35,29.84,28.02,1.82
MENRES001563_2,2023-03-19T19:23:44,18.49,17.29,1.2
MENRES001563_4,2023-08-23T18:18:42,32.0,27.04,4.96
MENRES001563_5,2023-01-11T18:09:23,24.14,22.23,1.91
MENRES001563_9,2023-09-28T00:52:19,31.59,30.0,1.59
MENRES001563_13,2023-10-16T21:03:00,22.47,19.61,2.86
MENRES001564_3,2023-09-12T03:49:22,112.53,99.05,13.48
MENRES001564_6,2023-04-11T11:35:46,125.17,105.33,19.84
MENRES001564_7,2023-04-05T06:10:34,156.39,146.95,9.44
MENRES001564_9,2023-03-09T16:49:16,77.01,71.21,5.8
MENRES001565_0,2023-12-11T05:10:04,123.83,110.62,13.21
MENRES001565_3,2023-08-24T08:27:31,46.65,40.03,6.62
MENRES001566_2,2023-11-29T16:44:47,67.03,63.6,3.43
MENRES001566_3,2023-05-31T14:18:34,42.09,36.59,5.5
MENRES001566_4,2023-11-09T17:54:45,154.89,137.58,17.31
MENRES001566_10,2023-08-20T18:53:44,156.74,145.32,11.42
MENRES001566_11,2023-04-11T17:34:24,107.25,98.23,9.02
MENRES001567_3,2023-11-19T05:36:03,44.16,36.78,7.38
MENRES001567_5,2023-04-03T03:19:20,19.0,17.44,1.56
MENRES001567_12,2023-03-11T18:10:28,118.92,103.37,15.55
MENRES001567_13,2023-06-29T05:34:06,18.64,17.15,1.49
MENRES001568_0,2023-08-25T11:54:21,80.27,75.52,4.75
MENRES001568_1,2023-11-11T20:04:28,106.91,94.13,12.78
MENRES001568_4,2023-08-29T14:50:03,49.62,40.55,9.07
MENRES001569_0,2023-10-29T11:58:31,136.24,128.49,7.75
MENRES001569_5,2023-08-09T16:14:01,46.25,38.16,8.09
MENRES001569_8,2023-05-31T09:00:45,112.54,103.49,9.05
MENRES001569_9,2023-01-10T10:52:26,36.43,29.41,7.02
MENRES001570_1,2023-08-22T18:58:09,105.29,94.47,10.82
MENRES001571_0,2023-03-08T07:00:41,52.34,43.45,8.89
MENRES001571_1,2023-07-14T04:25:08,57.64,48.15,9.49
MENRES001571_2,2023-04-03T09:37:44,79.24,73.74,5.5
MENRES001571_4,2023-09-22T13:02:08,18.35,15.91,2.44
MENRES001571_5,2023-09-14T18:16:20,62.09,56.8,5.29
MENRES001571_13,2023-08-19T16:23:05,75.42,62.15,13.27
MENRES001572_0,2023-01-06T09:58:00,25.53,21.52,4.01
MENRES001573_5,2023-07-02T20:09:46,25.68,21.28,4.4
MENRES001573_15,2023-05-17T17:55:22,35.65,29.59,6.06
MENRES001574_0,2023-12-13T00:09:07,13.56,11.65,1.91
MENRES001574_3,2023-09-15T18:59:32,32.78,28.93,3.85
MENRES001574_6,2023-12-30T15:56:21,32.35,28.91,3.44
MENRES001574_9,2023-11-16T17:20:39,8.12,7.55,0.57
MENRES001575_4,2023-10-01T03:31:26,59.38,51.24,8.14
MENRES001575_5,2023-09-24T22:54:09,26.97,21.81,5.16
MENRES001575_6,2023-08-01T16:34:25,39.7,34.39,5.31
MENRES001575_7,2023-03-08T02:17:15,27.68,22.3,5.38
MENRES001576_1,2023-05-08T02:39:25,99.18,93.57,5.61
MENRES001576_2,2023-09-08T10:39:06,19.48,15.92,3.56
MENRES001576_4,2023-12-12T19:06:37,90.39,82.29,8.1
MENRES001576_6,2023-08-21T08:50:18,22.38,17.99,4.39
MENRES001576_8,2023-03-24T01:31:54,60.19,53.03,7.16
MENRES001577_1,2023-10-22T06:02:28,65.13,60.64,4.49
MENRES001578_0,2023-08-01T12:26:30,17.81,14.88,2.93
MENRES001578_4,2023-09-03T18:32:26,29.08,24.34,4.74
MENRES001578_5,2023-04-27T16:49:51,7.36,6.99,0.37
MENRES001578_10,2023-03-18T20:27:56,26.22,24.76,1.46
MENRES001578_12,2023-05-01T11:53:38,6.64,5.32,1.32
MENRES001579_8,2023-05-25T06:17:50,16.77,14.67,2.1
MENRES001580_0,2023-12-09T03:12:55,71.98,59.02,12.96
MENRES001580_3,2023-01-25T18:28:40,24.15,20.24,3.91
MENRES001580_9,2023-10-08T00:29:49,11.64,10.77,0.87
MENRES001580_14,2023-02-13T23:43:18,60.09,52.91,7.18
MENRES001581_0,2023-05-16T02:45:22,78.47,70.23,8.24
MENRES001581_3,2023-07-07T12:27:17,43.64,35.59,8.05
MENRES001581_4,2023-10-21T12:12:38,23.19,20.0,3.19
MENRES001582_8,2023-04-20T20:04:42,100.83,93.19,7.64
MENRES001583_5,2023-04-18T14:53:13,5.52,4.72,0.8
MENRES001583_11,2023-07-31T02:14:40,10.31,9.34,0.97
MENRES001583_15,2023-12-19T05:41:11,14.86,13.72,1.14
MENRES001584_0,2023-11-24T21:53:12,70.85,63.64,7.21
MENRES001584_2,2023-04-30T09:00:07,14.69,13.01,1.68
MENRES001584_7,2023-08-14T02:00:04,42.63,36.38,6.25
MENRES001585_3,2023-06-18T05:15:12,8.35,6.94,1.41
MENRES001585_4,2023-10-06T09:56:15,10.03,8.82,1.21
MENRES001586_1,2023-09-01T21:03:41,29.59,26.91,2.68
MENRES001586_3,2023-06-08T02:10:44,73.45,67.88,5.57
MENRES001586_4,2023-01-03T22:11:23,54.61,44.02,10.59
MENRES001586_5,2023-04-01T02:45:24,19.4,17.0,2.4
MENRES001586_6,2023-12-01T16:03:06,32.92,27.18,5.74
MENRES001586_14,2023-11-20T12:02:13,50.36,41.99,8.37
MENRES001586_15,2023-10-23T13:33:22,52.63,45.83,6.8
MENRES001587_2,2023-12-09T05:09:30,12.68,10.45,2.23
MENRES001587_6,2023-05-17T17:22:49,23.38,20.66,2.72
MENRES001588_3,2023-01-24T02:06:01,22.55,19.29,3.26
MENRES001588_6,2023-08-18T02:12:07,19.5,18.35,1.15
MENRES001588_9,2023-11-18T10:16:28,38.94,33.72,5.22
MENRES001588_11,2023-04-22T23:07:06,7.77,6.53,1.24
MENRES001588_16,2023-06-30T09:38:31,31.66,28.09,3.57
MENRES001588_17,2023-04-14T15:52:31,30.49,27.32,3.17
MENRES001589_2,2023-03-30T07:59:44,42.78,35.6,7.18
MENRES001589_14,2023-06-08T18:01:51,56.35,50.34,6.01
MENRES001589_16,2023-04-04T03:36:59,114.84,104.93,9.91
MENRES001590_0,2023-10-27T13:43:10,144.89,123.54,21.35
MENRES001590_1,2023-04-22T15:14:50,65.46,61.63,3.83
MENRES001590_10,2023-05-12T01:19:35,105.65,100.3,5.35
MENRES001590_15,2023-11-06T20:06:19,137.11,113.67,23.44
MENRES001591_2,2023-10-10T09:15:25,16.96,16.02,0.94
MENRES001591_3,2023-11-03T22:30:32,106.8,87.32,19.48
MENRES001591_5,2023-08-08T07:45:57,108.92,94.75,14.17
MENRES001591_6,2023-05-23T07:48:26,98.76,83.75,15.01
MENRES001591_8,2023-03-04T06:51:27,60.16,56.02,4.14
MENRES001592_5,2023-06-10T20:57:36,39.69,32.24,7.45
MENRES001593_1,2023-11-03T21:10:26,47.78,43.7,4.08
MENRES001593_2,2023-08-02T15:03:18,28.21,22.68,5.53
MENRES001593_4,2023-01-15T05:36:45,12.73,10.47,2.26
MENRES001593_8,2023-10-23T05:51:46,38.69,35.47,3.22
MENRES001593_9,2023-04-11T04:36:21,24.4,20.56,3.84
MENRES001593_10,2023-01-29T10:52:33,24.9,21.56,3.34
MENRES001594_1,2023-10-16T15:45:09,5.47,5.06,0.41
MENRES001594_4,2023-04-22T21:31:58,31.07,25.61,5.46
MENRES001594_6,2023-07-26T15:58:41,19.91,18.18,1.73
MENRES001594_7,2023-01-10T02:30:49,27.51,25.23,2.28
MENRES001594_10,2023-06-03T16:53:01,39.2,34.75,4.45
MENRES001594_11,2023-05-26T02:07:53,26.12,23.25,2.87
MENRES001594_12,2023-03-24T19:37:09,15.95,15.15,0.8
MENRES001594_13,2023-12-27T22:05:16,36.61,34.77,1.84
MENRES001594_15,2023-11-28T07:35:01,12.19,10.06,2.13
MENRES001594_19,2023-01-28T04:37:23,14.77,13.6,1.17
MENRES001595_0,2023-08-04T20:20:02,115.0,93.22,21.78
MENRES001595_2,2023-09-29T18:57:04,45.17,42.66,2.51
MENRES001595_8,2023-06-14T02:16:11,154.27,143.95,10.32
MENRES001596_3,2023-06-18T07:04:44,50.86,45.26,5.6
MENRES001596_5,2023-12-25T15:14:41,16.2,14.03,2.17
MENRES001597_5,2023-07-18T08:15:38,44.66,38.32,6.34
MENRES001597_8,2023-02-03T05:40:41,55.15,49.01,6.14
MENRES001598_3,2023-01-22T03:39:29,19.46,16.1,3.36
MENRES001598_5,2023-10-13T13:53:02,19.64,15.89,3.75
MENRES001599_0,2023-07-28T15:31:17,69.99,57.29,12.7
MENRES001599_1,2023-11-06T11:55:22,78.39,63.87,14.52
MENRES001599_2,2023-07-16T22:05:47,52.93,47.48,5.45
MENRES001600_1,2023-08-12T00:52:09,105.13,87.07,18.06
MENRES001600_5,2023-08-13T10:45:14,106.9,94.1,12.8
MENRES001600_10,2023-12-17T22:41:37,34.46,30.42,4.04
MENRES001601_3,2023-06-12T23:01:41,64.31,53.59,10.72
MENRES001601_7,2023-03-02T13:24:37,36.47,32.95,3.52
MENRES001602_0,2023-04-25T02:07:22,128.79,119.12,9.67
MENRES001602_7,2023-05-11T07:08:33,141.23,130.85,10.38
MENRES001602_9,2023-08-11T16:34:34,107.22,87.46,19.76
MENRES001602_13,2023-12-08T22:52:01,41.51,34.08,7.43
MENRES001603_1,2023-07-30T07:49:28,12.29,11.42,0.87
MENRES001603_6,2023-08-04T17:57:38,11.33,9.43,1.9
MENRES001605_0,2023-07-09T20:07:29,129.99,106.8,23.19
MENRES001607_0,2023-12-11T12:38:23,68.89,55.63,13.26
MENRES001607_7,2023-04-29T19:32:40,62.54,53.75,8.79
MENRES001607_9,2023-12-11T19:53:22,27.73,24.64,3.09
MENRES001607_10,2023-06-12T10:19:31,21.16,19.53,1.63
MENRES001607_11,2023-04-23T14:37:39,38.48,32.05,6.43
MENRES001607_12,2023-06-19T04:04:57,41.9,36.46,5.44
MENRES001608_1,2023-07-05T13:26:14,77.89,73.87,4.02
MENRES001608_3,2023-09-02T09:44:15,33.03,27.13,5.9
MENRES001608_8,2023-06-07T09:23:37,28.14,25.49,2.65
MENRES001608_11,2023-01-21T18:15:58,46.82,37.71,9.11
MENRES001608_12,2023-01-21T23:16:14,11.37,9.21,2.16
MENRES001608_14,2023-08-28T13:12:14,27.05,23.57,3.48
MENRES001609_1,2023-09-10T09:36:17,129.01,120.2,8.81
MENRES001609_3,2023-04-17T14:26:04,27.07,23.68,3.39
MENRES001609_4,2023-11-06T03:24:50,106.37,97.45,8.92
MENRES001610_4,2023-05-09T05:12:11,34.47,28.12,6.35
MENRES001611_3,2023-01-17T15:09:27,31.16,28.11,3.05
MENRES001611_4,2023-06-14T11:34:51,38.06,35.19,2.87
MENRES001611_6,2023-11-26T09:29:18,23.99,20.06,3.93
MENRES001612_2,2023-12-05T08:00:56,25.71,23.09,2.62
MENRES001612_7,2023-04-16T20:59:01,75.47,62.68,12.79
MENRES001612_8,2023-05-07T04:42:23,77.12,61.91,15.21
MENRES001612_9,2023-06-02T01:57:57,25.37,24.1,1.27
MENRES001612_13,2023-05-07T14:58:45,62.04,57.78,4.26
MENRES001612_16,2023-05-30T05:08:31,78.53,65.2,13.33
MENRES001613_3,2023-08-07T09:26:01,48.28,43.59,4.69
MENRES001613_5,2023-05-25T04:59:22,24.28,22.42,1.86
MENRES001613_6,2023-02-22T15:33:55,46.02,42.25,3.77
MENRES001614_4,2023-07-05T15:01:00,99.94,86.58,13.36
MENRES001614_7,2023-07-14T19:40:35,147.49,133.64,13.85
MENRES001614_8,2023-09-02T19:33:34,124.09,100.26,23.83
MENRES001614_14,2023-01-09T10:47:55,154.58,129.06,25.52
MENRES001615_1,2023-01-12T05:47:33,61.88,57.09,4.79
MENRES001615_3,2023-10-21T10:48:50,91.89,83.57,8.32
MENRES001615_13,2023-02-06T05:19:40,78.63,63.88,14.75
MENRES001616_2,2023-03-15T23:47:08,61.83,53.09,8.74
MENRES001617_3,2023-01-01T17:21:55,57.43,49.09,8.34
MENRES001617_6,2023-08-11T05:42:33,110.47,95.78,14.69
MENRES001617_13,2023-10-04T20:38:29,89.22,71.45,17.77
MENRES001618_1,2023-11-15T06:49:17,26.26,21.02,5.24
MENRES001618_2,2023-07-05T13:17:11,10.99,10.2,0.79
MENRES001618_6,2023-09-14T21:10:44,22.94,19.22,3.72
MENRES001618_12,2023-10-13T14:50:15,12.18,10.78,1.4
MENRES001618_13,2023-06-03T12:38:03,5.39,4.48,0.91
MENRES001619_1,2023-08-07T15:26:08,61.36,50.3,11.06
MENRES001619_2,2023-07-08T20:39:15,83.73,78.1,5.63
MENRES001620_0,2023-01-26T16:02:29,31.13,25.68,5.45
MENRES001620_1,2023-04-25T18:44:07,30.23,25.69,4.54
MENRES001620_9,2023-11-15T05:02:01,27.81,26.17,1.64
MENRES001621_0,2023-04-19T00:08:39,27.4,22.06,5.34
MENRES001621_1,2023-02-20T00:35:30,123.3,111.36,11.94
MENRES001621_6,2023-06-07T07:04:40,68.7,60.86,7.84
MENRES001621_12,2023-11-05T16:34:14,140.6,117.69,22.91
MENRES001621_19,2023-08-21T09:51:17,88.6,71.03,17.57
MENRES001622_4,2023-06-08T07:40:39,129.99,105.36,24.63
MENRES001622_5,2023-10-29T11:10:38,52.24,42.31,9.93
MENRES001623_1,2023-06-28T01:53:01,55.28,44.31,10.97
MENRES001623_12,2023-06-19T18:10:48,29.92,27.38,2.54
MENRES001624_1,2023-08-20T13:20:04,35.42,29.79,5.63
MENRES001625_3,2023-09-14T03:48:24,71.21,58.65,12.56
MENRES001625_4,2023-09-14T18:02:56,89.49,73.63,15.86
MENRES001625_5,2023-09-28T20:49:14,140.88,114.25,26.63
MENRES001625_7,2023-01-04T12:38:09,138.14,126.69,11.45
MENRES001626_1,2023-05-01T06:21:05,54.92,45.56,9.36
MENRES001626_2,2023-08-14T11:26:54,53.49,43.2,10.29
MENRES001627_3,2023-08-13T16:31:58,87.96,75.96,12.0
MENRES001627_7,2023-02-01T16:59:44,59.85,50.53,9.32
MENRES001627_8,2023-06-07T13:05:33,105.4,90.01,15.39
MENRES001627_11,2023-11-02T07:18:17,32.45,30.54,1.91
MENRES001627_12,2023-05-21T23:35:46,40.43,35.48,4.95
MENRES001628_6,2023-10-18T18:11:17,37.07,31.91,5.16
MENRES001628_7,2023-03-29T23:55:53,30.44,24.47,5.97
MENRES001628_8,2023-06-05T17:02:39,35.83,31.05,4.78
MENRES001628_9,2023-10-05T16:12:07,10.78,9.02,1.76
MENRES001628_14,2023-01-18T01:59:57,35.94,29.05,6.89
MENRES001628_15,2023-05-23T07:18:10,7.42,6.81,0.61
MENRES001629_1,2023-03-10T14:59:49,64.0,57.98,6.02
MENRES001629_3,2023-06-18T01:31:53,48.78,43.94,4.84
MENRES001629_4,2023-03-02T00:30:02,55.04,50.49,4.55
MENRES001629_8,2023-02-19T22:28:40,87.64,77.42,10.22
MENRES001629_9,2023-03-19T12:06:18,81.92,74.67,7.25
MENRES001630_5,2023-05-18T08:18:22,36.28,33.09,3.19
MENRES001631_3,2023-07-02T21:59:45,77.82,70.06,7.76
MENRES001632_1,2023-02-02T10:44:40,38.52,35.37,3.15
MENRES001632_6,2023-09-16T19:07:18,9.36,8.55,0.81
MENRES001633_1,2023-06-03T08:52:30,32.8,28.87,3.93
MENRES001633_6,2023-06-21T02:01:23,48.4,41.59,6.81
MENRES001634_1,2023-09-21T12:42:22,108.82,99.75,9.07
MENRES001634_5,2023-07-23T01:16:21,157.82,130.45,27.37
MENRES001634_9,2023-03-16T02:01:35,136.13,118.96,17.17
MENRES001635_0,2023-04-15T11:29:05,58.48,47.79,10.69
MENRES001635_1,2023-03-28T02:17:13,52.8,42.85,9.95
MENRES001635_2,2023-07-16T03:59:26,119.16,110.79,8.37
MENRES001635_4,2023-09-21T04:56:12,89.89,83.84,6.05
MENRES001636_2,2023-11-05T21:53:41,84.26,69.93,14.33
MENRES001636_3,2023-05-15T15:57:06,43.19,37.55,5.64
MENRES001636_7,2023-12-14T00:06:07,78.3,65.01,13.29
MENRES001636_8,2023-11-21T00:41:28,36.91,31.4,5.51
MENRES001638_0,2023-12-01T09:13:34,20.27,16.84,3.43
MENRES001638_3,2023-04-12T17:55:53,37.88,34.83,3.05
MENRES001638_6,2023-09-22T05:38:57,11.06,10.11,0.95
MENRES001638_9,2023-05-10T17:04:25,43.92,40.59,3.33
MENRES001638_10,2023-05-27T05:00:57,53.86,46.11,7.75
MENRES001639_7,2023-07-21T21:42:58,106.35,93.49,12.86
MENRES001639_9,2023-11-25T15:54:21,113.79,94.86,18.93
MENRES001639_10,2023-03-09T14:52:35,45.49,40.08,5.41
MENRES001639_12,2023-10-24T02:04:49,32.58,30.58,2.0
MENRES001640_0,2023-06-10T00:44:37,14.47,13.39,1.08
MENRES001640_4,2023-02-08T17:59:10,15.56,12.5,3.06
MENRES001640_5,2023-12-20T09:37:56,32.99,28.0,4.99
MENRES001640_6,2023-10-14T15:55:48,71.4,57.98,13.42
MENRES001641_0,2023-09-22T03:55:56,73.87,69.44,4.43
MENRES001641_5,2023-01-17T17:34:41,97.06,84.71,12.35
MENRES001641_9,2023-11-04T04:19:15,33.58,27.58,6.0
MENRES001642_0,2023-10-15T17:02:51,16.63,15.14,1.49
MENRES001642_3,2023-10-07T21:09:42,32.19,30.51,1.68
MENRES001643_10,2023-06-19T05:11:41,46.85,41.22,5.63
MENRES001643_13,2023-04-01T00:27:16,60.43,53.93,6.5
MENRES001643_14,2023-12-11T21:38:30,54.65,47.58,7.07
MENRES001644_1,2023-07-03T08:44:56,31.0,28.27,2.73
MENRES001644_8,2023-09-03T10:52:17,19.91,17.38,2.53
MENRES001645_5,2023-05-31T16:16:02,109.82,101.02,8.8
MENRES001645_9,2023-12-25T03:13:43,41.18,37.44,3.74
MENRES001645_13,2023-06-11T10:39:45,118.24,99.99,18.25
MENRES001646_2,2023-01-28T10:17:21,33.66,27.94,5.72
MENRES001646_3,2023-05-13T06:14:56,95.77,88.09,7.68
MENRES001646_6,2023-11-20T05:17:55,93.77,86.74,7.03
MENRES001647_1,2023-10-09T20:53:12,67.81,57.61,10.2
MENRES001647_5,2023-09-14T22:24:25,111.38,98.69,12.69
MENRES001648_0,2023-10-26T09:20:35,54.88,46.71,8.17
MENRES001648_1,2023-07-10T11:22:55,72.07,64.61,7.46
MENRES001648_3,2023-03-19T02:55:28,64.25,57.4,6.85
MENRES001648_5,2023-08-23T14:59:43,40.2,33.68,6.52
MENRES001648_7,2023-01-09T13:08:14,74.71,64.54,10.17
MENRES001648_9,2023-07-19T04:52:20,30.35,24.68,5.67
MENRES001648_11,2023-12-11T10:29:09,66.46,55.2,11.26
MENRES001648_13,2023-07-04T21:58:35,57.7,54.31,3.39
MENRES001649_3,2023-11-09T14:10:05,75.2,68.08,7.12
MENRES001649_5,2023-05-02T10:58:59,40.02,34.5,5.52
MENRES001649_7,2023-09-20T21:47:15,13.14,10.91,2.23
MENRES001649_10,2023-03-22T11:54:53,57.68,47.22,10.46
MENRES001649_12,2023-10-22T19:20:36,10.3,9.01,1.29
MENRES001650_0,2023-11-15T03:54:04,24.49,21.17,3.32
MENRES001650_1,2023-11-15T04:39:43,28.87,26.67,2.2
MENRES001650_4,2023-03-03T09:29:59,13.22,11.25,1.97
MENRES001650_5,2023-08-12T19:52:14,32.53,27.22,5.31
MENRES001650_7,2023-08-17T16:55:29,23.09,19.08,4.01
MENRES001650_9,2023-12-24T11:42:46,17.48,15.17,2.31
MENRES001650_13,2023-08-01T13:11:14,26.03,23.96,2.07
MENRES001651_1,2023-09-24T11:36:35,159.56,141.51,18.05
MENRES001651_2,2023-03-19T03:19:04,122.35,115.71,6.64
MENRES001651_5,2023-10-29T04:55:25,106.77,100.96,5.81
MENRES001651_7,2023-08-24T14:58:04,22.17,20.58,1.59
MENRES001652_0,2023-05-01T05:42:27,25.32,21.62,3.7
MENRES001652_17,2023-05-27T20:02:25,15.6,12.67,2.93
MENRES001653_0,2023-10-09T20:28:56,49.02,40.91,8.11
MENRES001653_1,2023-08-12T21:18:01,71.35,66.67,4.68
MENRES001653_2,2023-04-10T06:36:07,66.78,58.84,7.94
MENRES001653_4,2023-06-04T08:29:12,19.42,17.91,1.51
MENRES001653_5,2023-11-20T03:48:16,76.18,71.29,4.89
MENRES001654_2,2023-05-20T19:54:49,65.87,61.15,4.72
MENRES001654_5,2023-01-15T10:37:06,46.64,43.65,2.99
MENRES001654_10,2023-11-20T04:51:10,74.01,65.35,8.66
MENRES001654_14,2023-08-10T00:58:45,13.01,11.67,1.34
MENRES001655_0,2023-09-15T21:24:35,98.85,82.69,16.16
MENRES001655_1,2023-08-28T02:52:07,37.53,32.37,5.16
MENRES001655_4,2023-02-16T12:50:37,37.89,35.96,1.93
MENRES001655_8,2023-08-20T17:20:49,72.79,61.61,11.18
MENRES001656_0,2023-07-01T03:11:40,146.17,136.04,10.13
MENRES001656_9,2023-12-29T14:00:54,57.01,53.41,3.6
MENRES001657_1,2023-05-22T22:31:53,87.79,71.95,15.84
MENRES001657_3,2023-05-24T19:57:23,74.51,61.19,13.32
MENRES001657_5,2023-10-30T12:49:42,37.88,35.24,2.64
MENRES001657_6,2023-04-26T14:44:48,35.41,30.91,4.5
MENRES001657_9,2023-05-12T04:43:31,100.63,82.06,18.57
MENRES001657_11,2023-10-18T17:34:39,80.15,65.22,14.93
MENRES001658_11,2023-12-14T08:19:19,6.27,5.09,1.18
MENRES001658_12,2023-04-06T01:17:04,30.24,24.98,5.26
MENRES001658_16,2023-06-08T12:12:23,33.18,31.18,2.0
MENRES001659_0,2023-12-20T08:12:22,121.27,102.37,18.9
MENRES001659_3,2023-09-04T10:26:57,116.72,96.14,20.58
MENRES001659_4,2023-07-04T16:57:15,77.77,64.11,13.66
MENRES001659_8,2023-04-10T15:01:44,60.43,57.36,3.07
MENRES001659_10,2023-03-28T18:54:12,149.41,133.85,15.56
MENRES001659_12,2023-12-30T09:59:05,35.26,31.55,3.71
MENRES001660_1,2023-10-01T17:51:55,39.89,35.29,4.6
MENRES001660_3,2023-08-11T23:59:40,23.62,22.2,1.42
MENRES001660_6,2023-05-11T13:58:55,20.72,19.54,1.18
MENRES001662_3,2023-03-29T05:40:59,31.8,25.73,6.07
MENRES001662_9,2023-02-20T21:30:06,83.98,75.36,8.62
MENRES001662_12,2023-06-09T22:34:41,48.95,45.79,3.16
MENRES001663_7,2023-11-27T03:24:41,106.85,92.74,14.11
MENRES001663_10,2023-09-03T05:27:02,31.14,26.85,4.29
MENRES001663_11,2023-06-14T20:24:51,16.07,13.19,2.88
MENRES001663_17,2023-02-03T09:48:46,107.36,90.39,16.97
MENRES001664_2,2023-02-17T03:39:15,37.35,33.83,3.52
MENRES001665_3,2023-11-04T07:48:58,34.45,31.41,3.04
MENRES001665_4,2023-04-16T11:47:21,19.27,15.65,3.62
MENRES001665_9,2023-11-18T06:24:38,9.32,8.58,0.74
MENRES001665_10,2023-08-22T12:50:51,38.28,35.17,3.11
MENRES001665_11,2023-04-15T13:15:49,5.44,5.1,0.34
MENRES001665_12,2023-12-25T02:17:40,6.98,6.2,0.78
MENRES001665_13,2023-03-14T23:28:59,37.25,31.05,6.2
MENRES001667_1,2023-08-18T15:41:14,67.48,55.74,11.74
MENRES001667_9,2023-11-15T01:12:03,150.11,141.23,8.88
MENRES001668_0,2023-04-25T16:37:43,27.41,23.37,4.04
MENRES001669_2,2023-04-04T03:16:01,26.45,25.12,1.33
MENRES001669_5,2023-05-09T01:51:02,16.44,15.33,1.11
MENRES001669_8,2023-03-17T05:22:48,39.71,34.69,5.02
MENRES001669_10,2023-09-27T18:54:29,35.54,28.77,6.77
MENRES001670_0,2023-03-27T04:18:39,39.02,34.77,4.25
MENRES001670_2,2023-09-04T02:51:32,8.16,7.01,1.15
MENRES001670_4,2023-03-22T07:54:54,23.74,19.98,3.76
MENRES001670_6,2023-07-12T07:20:26,28.93,25.49,3.44
MENRES001670_9,2023-11-23T13:59:50,19.17,17.74,1.43
MENRES001670_10,2023-04-09T12:21:34,23.55,20.25,3.3
MENRES001670_13,2023-12-22T06:37:03,20.56,17.16,3.4
MENRES001670_15,2023-11-17T02:30:41,36.1,30.76,5.34
MENRES001670_17,2023-08-24T09:33:21,9.23,7.68,1.55
MENRES001671_0,2023-09-24T07:57:47,31.95,29.25,2.7
MENRES001671_2,2023-11-11T13:32:23,23.97,19.84,4.13
MENRES001671_3,2023-05-08T21:04:48,29.7,27.74,1.96
MENRES001672_1,2023-09-03T17:21:36,153.59,125.41,28.18
MENRES001672_2,2023-09-06T06:33:34,88.44,76.01,12.43
MENRES001672_6,2023-04-15T19:18:53,66.99,62.48,4.51
MENRES001673_0,2023-02-02T22:45:22,12.28,10.3,1.98
MENRES001673_1,2023-10-07T17:20:36,50.51,42.16,8.35
MENRES001673_2,2023-08-04T05:28:42,49.94,45.08,4.86
MENRES001673_3,2023-09-18T23:46:01,41.88,36.24,5.64
MENRES001673_4,2023-08-31T16:06:20,59.17,52.26,6.91
MENRES001673_5,2023-07-03T10:14:53,24.41,20.01,4.4
MENRES001673_6,2023-02-21T21:45:45,54.04,46.89,7.15
MENRES001673_9,2023-12-25T09:27:43,40.67,35.25,5.42
MENRES001673_11,2023-02-27T21:18:55,52.08,42.69,9.39
MENRES001674_1,2023-05-04T19:12:42,35.75,33.48,2.27
MENRES001674_3,2023-08-30T13:23:14,119.13,102.04,17.09
MENRES001674_6,2023-10-10T05:05:48,140.98,130.99,9.99
MENRES001675_1,2023-11-20T02:49:27,21.58,18.6,2.98
MENRES001675_3,2023-09-09T05:28:42,121.41,104.61,16.8
MENRES001675_12,2023-12-04T04:01:55,92.55,87.74,4.81
MENRES001675_17,2023-03-27T13:11:31,67.11,59.92,7.19
MENRES001676_0,2023-02-13T16:59:44,31.61,25.57,6.04
MENRES001676_1,2023-10-28T12:16:04,122.47,103.41,19.06
MENRES001676_6,2023-05-09T13:18:11,44.82,40.8,4.02
MENRES001676_10,2023-11-30T03:51:59,80.8,68.69,12.11
MENRES001677_1,2023-10-11T05:03:02,22.41,18.92,3.49
MENRES001677_9,2023-01-25T20:44:53,58.73,52.77,5.96
MENRES001677_11,2023-05-28T10:19:43,99.31,83.5,15.81
MENRES001677_14,2023-09-15T08:09:55,108.44,97.41,11.03
MENRES001678_1,2023-04-13T07:44:11,124.49,110.94,13.55
MENRES001678_4,2023-09-26T07:41:59,27.12,23.8,3.32
MENRES001678_5,2023-06-02T23:23:29,23.57,21.92,1.65
MENRES001678_7,2023-10-15T20:19:12,61.89,55.22,6.67
MENRES001679_11,2023-01-18T09:23:20,11.82,10.83,0.99
MENRES001679_12,2023-05-03T19:58:48,12.38,10.07,2.31
MENRES001680_2,2023-04-17T08:19:06,20.97,19.08,1.89
MENRES001680_6,2023-07-07T03:15:36,78.55,66.41,12.14
MENRES001681_3,2023-08-08T07:57:18,35.67,28.78,6.89
MENRES001682_2,2023-04-28T23:48:36,44.42,36.0,8.42
MENRES001682_3,2023-07-15T21:22:39,24.77,22.29,2.48
MENRES001683_2,2023-11-23T07:39:10,8.65,7.16,1.49
MENRES001683_4,2023-12-23T03:53:03,38.64,32.56,6.08
MENRES001683_6,2023-09-10T05:13:22,33.44,26.76,6.68
MENRES001683_7,2023-05-05T10:23:57,30.46,25.22,5.24
MENRES001684_3,2023-06-24T00:33:40,86.54,75.11,11.43
MENRES001684_7,2023-02-07T23:23:52,153.83,142.8,11.03
MENRES001684_8,2023-10-01T22:27:33,54.01,48.18,5.83
MENRES001684_10,2023-01-28T09:57:50,96.73,82.32,14.41
MENRES001685_2,2023-12-22T09:34:48,29.32,27.75,1.57
MENRES001685_13,2023-08-27T13:47:18,19.99,18.27,1.72
MENRES001685_14,2023-09-23T13:33:16,26.96,25.47,1.49
MENRES001685_17,2023-04-17T19:00:58,13.73,11.48,2.25
MENRES001686_0,2023-03-05T13:44:33,73.74,67.03,6.71
MENRES001686_3,2023-02-07T19:39:57,51.59,43.78,7.81
MENRES001686_7,2023-10-30T22:40:55,80.01,71.18,8.83
MENRES001686_8,2023-12-26T05:32:52,136.26,114.53,21.73
MENRES001686_11,2023-04-01T09:15:53,130.25,116.43,13.82
MENRES001687_0,2023-06-16T20:33:26,10.76,10.12,0.64
MENRES001687_1,2023-03-05T01:23:48,78.0,73.61,4.39
MENRES001687_3,2023-11-27T00:59:28,70.36,59.11,11.25
MENRES001687_9,2023-07-31T11:08:52,15.23,12.66,2.57
MENRES001687_10,2023-02-01T15:43:00,33.73,28.17,5.56
MENRES001687_12,2023-02-14T15:52:35,29.74,24.01,5.73
MENRES001687_15,2023-11-14T08:03:56,56.61,49.36,7.25
MENRES001688_4,2023-10-26T23:50:37,36.3,29.52,6.78
MENRES001688_5,2023-08-24T00:30:54,63.17,57.49,5.68
MENRES001689_0,2023-06-18T21:16:59,83.99,73.8,10.19
MENRES001689_10,2023-11-27T00:27:23,113.42,104.01,9.41
MENRES001690_7,2023-08-28T23:57:31,39.46,33.16,6.3
MENRES001690_12,2023-06-30T21:36:40,148.49,138.12,10.37
MENRES001690_13,2023-10-25T13:05:44,75.68,68.3,7.38
MENRES001691_1,2023-06-01T15:29:11,22.53,20.89,1.64
MENRES001691_5,2023-03-20T20:32:58,17.54,14.45,3.09
MENRES001691_6,2023-01-29T00:56:09,90.16,79.1,11.06
MENRES001691_7,2023-12-19T14:50:14,32.23,27.51,4.72
MENRES001691_9,2023-11-29T10:47:03,71.22,58.0,13.22
MENRES001691_16,2023-04-27T22:26:33,26.79,24.96,1.83
MENRES001692_4,2023-04-18T23:56:03,45.22,38.27,6.95
MENRES001692_5,2023-01-15T05:30:17,68.38,56.33,12.05
MENRES001692_7,2023-05-24T21:39:10,146.55,134.78,11.77
MENRES001692_9,2023-05-11T09:52:44,151.26,121.42,29.84
MENRES001692_13,2023-07-25T03:16:31,119.71,101.03,18.68
MENRES001693_3,2023-10-23T06:39:26,89.94,81.38,8.56
MENRES001693_5,2023-04-24T06:01:29,21.78,18.35,3.43
MENRES001693_8,2023-09-20T19:43:27,31.81,25.94,5.87
MENRES001694_0,2023-01-25T17:00:09,74.09,60.42,13.67
MENRES001694_2,2023-01-26T23:42:18,85.94,76.74,9.2
MENRES001694_4,2023-10-25T03:29:45,42.44,35.26,7.18
MENRES001694_7,2023-12-22T13:48:22,23.27,20.7,2.57
MENRES001694_9,2023-06-16T07:20:49,77.4,65.97,11.43
MENRES001694_16,2023-05-26T18:23:34,34.57,27.76,6.81
MENRES001695_0,2023-08-11T16:41:24,68.29,60.22,8.07
MENRES001695_1,2023-06-27T00:48:14,58.46,49.23,9.23
MENRES001695_6,2023-06-12T17:47:52,38.83,32.49,6.34
MENRES001695_12,2023-02-22T14:23:14,75.07,61.53,13.54
MENRES001695_13,2023-11-20T22:24:20,28.95,24.72,4.23
MENRES001695_14,2023-05-14T02:55:37,64.74,53.99,10.75
MENRES001696_0,2023-07-12T17:49:37,24.03,20.11,3.92
MENRES001697_4,2023-01-23T04:14:38,20.34,19.09,1.25
MENRES001697_5,2023-05-23T16:59:45,51.47,42.66,8.81
MENRES001697_6,2023-07-25T12:38:15,22.09,19.48,2.61
MENRES001697_8,2023-08-11T07:49:44,39.74,35.83,3.91
MENRES001698_0,2023-11-08T03:26:39,12.3,11.22,1.08
MENRES001698_7,2023-03-31T12:12:01,30.22,28.59,1.63
MENRES001698_9,2023-07-15T18:49:59,76.67,72.07,4.6
MENRES001698_10,2023-07-07T20:30:50,56.4,46.32,10.08
MENRES001699_3,2023-06-28T07:35:04,21.71,18.18,3.53
MENRES001699_4,2023-03-30T14:54:27,105.81,95.58,10.23
MENRES001699_6,2023-07-24T04:19:27,105.63,96.85,8.78
MENRES001700_5,2023-01-30T20:24:43,85.38,74.63,10.75
MENRES001700_6,2023-09-13T04:48:52,70.93,65.18,5.75
MENRES001700_7,2023-01-08T15:18:25,118.88,101.82,17.06
MENRES001700_11,2023-01-02T17:13:08,107.29,90.62,16.67
MENRES001700_15,2023-03-01T15:14:49,101.77,93.78,7.99
MENRES001700_16,2023-10-13T04:10:14,88.04,77.13,10.91
MENRES001700_19,2023-09-08T05:09:16,61.93,49.94,11.99
MENRES001701_0,2023-02-13T19:45:38,37.72,31.92,5.8
MENRES001701_3,2023-03-30T04:13:57,60.21,48.76,11.45
MENRES001701_4,2023-12-28T04:49:26,43.27,34.72,8.55
MENRES001701_5,2023-12-23T22:54:21,118.34,108.4,9.94
MENRES001701_7,2023-01-03T13:57:51,87.59,82.98,4.61
MENRES001701_8,2023-06-13T13:10:10,42.64,34.42,8.22
MENRES001701_9,2023-10-06T22:33:53,34.78,29.99,4.79
MENRES001702_3,2023-03-01T08:36:38,115.83,108.33,7.5
MENRES001703_3,2023-03-28T16:21:28,147.04,127.33,19.71
MENRES001704_0,2023-08-17T19:17:07,42.46,35.25,7.21
MENRES001704_2,2023-02-20T18:04:37,129.7,111.06,18.64
MENRES001704_5,2023-04-26T00:01:28,118.45,95.53,22.92
MENRES001704_6,2023-04-03T13:57:22,70.72,60.8,9.92
MENRES001704_7,2023-04-10T01:10:39,68.31,57.52,10.79
MENRES001705_0,2023-08-31T04:02:08,18.85,15.78,3.07
MENRES001705_6,2023-07-10T14:07:58,29.28,25.73,3.55
MENRES001705_7,2023-05-15T05:35:40,19.96,16.01,3.95
MENRES001705_8,2023-08-06T16:40:39,71.57,67.84,3.73
MENRES001705_10,2023-05-20T22:11:36,64.27,58.19,6.08
MENRES001705_12,2023-04-27T02:21:33,32.77,30.3,2.47
MENRES001705_13,2023-06-02T19:18:08,50.87,43.58,7.29
MENRES001706_1,2023-06-03T18:14:04,47.79,39.97,7.82
MENRES001706_2,2023-12-03T11:40:49,112.79,91.68,21.11
MENRES001706_4,2023-03-05T07:11:17,47.24,40.35,6.89
MENRES001706_6,2023-07-08T13:44:21,32.63,27.02,5.61
MENRES001706_8,2023-01-23T09:38:25,49.68,46.28,3.4
MENRES001706_9,2023-10-28T00:50:47,73.86,68.66,5.2
MENRES001707_0,2023-02-18T18:03:46,38.75,33.48,5.27
MENRES001707_8,2023-06-18T15:38:02,72.51,67.37,5.14
MENRES001708_2,2023-12-09T14:46:53,46.78,43.07,3.71
MENRES001708_6,2023-11-22T12:13:59,57.81,50.09,7.72
MENRES001708_8,2023-11-30T01:40:38,58.49,55.17,3.32
MENRES001708_12,2023-06-25T17:10:40,112.3,99.39,12.91
MENRES001708_15,2023-01-03T17:37:24,115.44,94.4,21.04
MENRES001708_16,2023-06-05T12:19:10,97.61,89.43,8.18
MENRES001708_17,2023-09-20T04:13:34,83.33,67.34,15.99
MENRES001709_2,2023-04-14T13:51:09,156.13,146.56,9.57
MENRES001709_3,2023-02-17T02:03:18,121.52,104.4,17.12
MENRES001709_5,2023-08-09T11:32:32,155.96,138.01,17.95
MENRES001710_3,2023-11-26T17:51:50,16.49,14.6,1.89
MENRES001711_1,2023-04-28T04:17:26,22.77,20.8,1.97
MENRES001711_2,2023-01-03T22:21:39,15.05,13.69,1.36
MENRES001711_3,2023-09-06T11:38:09,37.41,31.03,6.38
MENRES001711_7,2023-03-13T21:25:20,20.32,16.78,3.54
MENRES001711_8,2023-03-31T15:26:56,22.45,20.28,2.17
MENRES001712_1,2023-01-26T14:30:42,17.45,15.18,2.27
MENRES001712_2,2023-11-14T03:49:26,70.32,66.6,3.72
MENRES001712_9,2023-11-07T17:03:25,115.24,104.15,11.09
MENRES001712_13,2023-09-24T01:35:11,65.45,61.61,3.84
MENRES001713_6,2023-09-30T17:49:19,107.82,94.84,12.98
MENRES001713_9,2023-01-18T12:43:08,115.7,102.4,13.3
MENRES001713_11,2023-08-01T21:39:14,134.2,108.73,25.47
MENRES001713_13,2023-06-03T16:16:36,135.77,116.08,19.69
MENRES001714_2,2023-11-02T00:40:48,55.23,47.43,7.8
MENRES001714_4,2023-04-05T18:34:19,44.39,37.59,6.8
MENRES001714_6,2023-09-20T14:42:01,30.67,25.96,4.71
MENRES001715_2,2023-09-07T13:57:03,100.25,86.66,13.59
MENRES001715_4,2023-06-25T05:30:40,35.14,30.55,4.59
MENRES001715_6,2023-04-04T10:59:40,39.05,32.74,6.31
MENRES001715_8,2023-12-17T02:15:58,109.61,93.47,16.14
MENRES001716_5,2023-03-07T10:41:58,28.66,26.67,1.99
MENRES001717_2,2023-12-18T06:01:10,91.97,86.07,5.9
MENRES001717_5,2023-11-24T23:34:01,94.62,87.46,7.16
MENRES001718_2,2023-03-31T19:11:33,80.29,66.14,14.15
MENRES001718_5,2023-12-20T15:07:35,58.78,54.4,4.38
MENRES001718_7,2023-06-05T05:33:50,97.03,86.56,10.47
MENRES001718_8,2023-01-20T03:56:42,68.4,55.42,12.98
MENRES001718_10,2023-07-31T00:23:14,102.51,91.63,10.88
MENRES001718_13,2023-10-03T21:40:20,21.41,19.36,2.05
MENRES001718_14,2023-12-22T06:32:13,113.73,98.36,15.37
MENRES001719_4,2023-10-28T05:53:45,114.42,103.24,11.18
MENRES001719_7,2023-11-08T21:54:22,88.1,71.55,16.55
MENRES001719_9,2023-09-10T10:22:11,22.72,18.69,4.03
MENRES001719_10,2023-08-07T07:15:20,97.73,91.43,6.3
MENRES001719_12,2023-01-18T21:33:56,67.22,59.86,7.36
MENRES001719_14,2023-01-30T10:22:59,68.48,65.01,3.47
MENRES001719_15,2023-01-21T05:01:25,17.49,14.59,2.9
MENRES001720_0,2023-01-03T02:10:50,8.73,8.17,0.56
MENRES001720_3,2023-04-25T04:02:56,36.55,34.22,2.33
MENRES001721_0,2023-06-09T04:37:01,33.83,28.56,5.27
MENRES001721_1,2023-03-22T11:57:39,77.71,72.15,5.56
MENRES001721_2,2023-07-04T02:19:47,26.72,22.64,4.08
MENRES001721_10,2023-05-17T23:27:31,28.99,25.87,3.12
MENRES001721_12,2023-07-01T14:09:53,55.8,45.18,10.62
MENRES001721_13,2023-12-10T08:16:29,67.3,63.79,3.51
MENRES001722_0,2023-12-19T13:54:49,25.1,20.95,4.15
MENRES001722_8,2023-05-06T13:38:35,64.84,53.26,11.58
MENRES001723_2,2023-07-17T10:17:02,99.29,81.74,17.55
MENRES001723_4,2023-03-30T17:48:42,90.87,72.96,17.91
MENRES001724_0,2023-07-03T22:40:21,24.78,22.19,2.59
MENRES001724_7,2023-09-17T23:13:25,36.93,32.08,4.85
MENRES001724_12,2023-07-26T22:34:13,13.86,11.68,2.18
MENRES001724_15,2023-02-04T18:16:28,39.46,33.77,5.69
MENRES001724_17,2023-04-20T22:09:26,5.53,4.57,0.96
MENRES001725_0,2023-02-19T02:11:55,91.04,76.44,14.6
MENRES001725_1,2023-04-25T06:10:04,62.09,58.96,3.13
MENRES001725_3,2023-04-19T19:04:08,61.11,49.6,11.51
MENRES001725_4,2023-01-23T13:22:46,95.72,76.82,18.9
MENRES001725_5,2023-07-15T03:33:00,101.34,95.37,5.97
MENRES001726_6,2023-10-26T18:11:33,104.99,89.18,15.81
MENRES001726_10,2023-11-17T23:57:02,78.09,71.76,6.33
MENRES001726_12,2023-12-23T12:43:07,66.39,57.33,9.06
MENRES001727_0,2023-01-29T17:15:54,42.07,35.23,6.84
MENRES001727_2,2023-06-25T00:45:38,61.24,52.94,8.3
MENRES001727_4,2023-11-09T18:49:02,27.24,25.42,1.82
MENRES001728_0,2023-05-23T10:50:23,92.11,82.18,9.93
MENRES001728_4,2023-12-15T10:46:39,57.72,46.42,11.3
MENRES001728_7,2023-11-15T10:00:10,149.4,136.39,13.01
MENRES001728_10,2023-01-20T10:19:58,57.48,51.33,6.15
MENRES001729_6,2023-02-14T12:05:56,56.8,47.85,8.95
MENRES001729_7,2023-08-27T20:32:13,64.53,60.03,4.5
MENRES001729_9,2023-02-15T06:01:29,38.01,34.48,3.53
MENRES001729_12,2023-09-09T07:45:50,55.23,50.0,5.23
MENRES001730_1,2023-06-08T12:51:58,69.69,56.22,13.47
MENRES001730_4,2023-01-29T11:14:39,29.26,26.01,3.25
MENRES001731_0,2023-07-03T09:30:57,86.67,79.1,7.57
MENRES001731_2,2023-05-31T01:56:49,50.95,47.56,3.39
MENRES001731_3,2023-10-30T10:24:18,77.28,63.94,13.34
MENRES001732_2,2023-10-10T05:24:04,115.75,98.13,17.62
MENRES001732_3,2023-08-26T18:47:11,152.12,126.38,25.74
MENRES001732_4,2023-12-17T18:59:11,133.83,111.24,22.59
MENRES001732_5,2023-07-30T10:44:06,135.49,118.47,17.02
MENRES001732_6,2023-05-05T01:37:55,76.33,62.9,13.43
MENRES001732_7,2023-07-26T23:18:54,51.04,46.36,4.68
MENRES001732_8,2023-11-18T10:36:10,29.32,27.36,1.96
MENRES001732_12,2023-04-07T21:02:58,148.73,140.06,8.67
MENRES001733_0,2023-03-22T22:52:14,70.7,67.06,3.64
MENRES001733_2,2023-04-19T11:41:22,13.16,11.34,1.82
MENRES001733_3,2023-10-21T03:40:10,75.28,67.68,7.6
MENRES001733_4,2023-12-10T20:03:59,57.97,48.62,9.35
MENRES001733_6,2023-02-04T13:53:28,16.12,13.16,2.96
MENRES001734_1,2023-07-11T05:39:00,65.61,59.04,6.57
MENRES001734_5,2023-04-25T02:44:01,76.98,62.92,14.06
MENRES001734_6,2023-07-29T03:16:39,51.38,43.77,7.61
MENRES001734_9,2023-10-19T08:32:51,99.98,81.29,18.69
MENRES001734_10,2023-11-10T00:48:06,42.4,35.22,7.18
MENRES001734_12,2023-11-01T16:03:32,113.02,106.74,6.28
MENRES001735_0,2023-10-19T15:06:58,152.06,128.41,23.65
MENRES001735_3,2023-09-28T00:39:58,24.15,20.48,3.67
MENRES001735_8,2023-09-18T12:35:01,140.05,116.31,23.74
MENRES001735_9,2023-08-30T10:39:44,49.65,41.58,8.07
MENRES001735_10,2023-10-24T10:11:28,113.56,101.89,11.67
MENRES001735_11,2023-09-21T19:18:52,101.61,81.95,19.66
MENRES001736_3,2023-12-07T01:08:08,135.38,119.2,16.18
MENRES001737_0,2023-07-16T04:41:35,98.08,78.96,19.12
MENRES001737_2,2023-03-24T04:17:34,50.58,43.75,6.83
MENRES001737_4,2023-03-23T12:18:01,39.98,36.04,3.94
MENRES001737_9,2023-11-28T16:17:03,77.62,62.58,15.04
MENRES001737_14,2023-08-10T03:40:49,57.38,52.34,5.04
MENRES001737_15,2023-07-04T10:18:35,30.54,28.53,2.01
MENRES001737_17,2023-09-03T15:20:35,52.35,46.12,6.23
MENRES001737_18,2023-12-15T07:51:18,90.15,78.8,11.35
MENRES001738_2,2023-02-22T15:42:25,58.29,49.45,8.84
MENRES001738_5,2023-05-11T14:55:18,13.75,12.36,1.39
MENRES001739_0,2023-08-26T07:18:42,13.35,10.99,2.36
MENRES001739_1,2023-09-04T15:30:22,28.81,24.68,4.13
MENRES001739_5,2023-10-20T12:43:36,9.67,8.51,1.16
MENRES001739_8,2023-07-21T00:00:36,28.16,23.1,5.06
MENRES001739_10,2023-03-24T15:44:59,35.72,33.4,2.32
MENRES001739_12,2023-09-02T13:13:15,14.53,13.01,1.52
MENRES001740_1,2023-05-23T15:18:57,85.92,80.81,5.11
MENRES001740_6,2023-06-02T21:51:01,108.84,100.18,8.66
MENRES001741_1,2023-05-05T23:56:41,5.17,4.66,0.51
MENRES001742_1,2023-11-11T21:03:52,119.67,111.06,8.61
MENRES001742_4,2023-10-18T12:17:29,94.97,81.73,13.24
MENRES001742_5,2023-07-04T11:07:49,88.11,73.22,14.89
MENRES001742_6,2023-06-16T07:34:48,119.5,112.05,7.45
MENRES001742_9,2023-08-09T16:29:44,79.66,73.0,6.66
MENRES001743_0,2023-04-05T02:24:43,126.21,102.01,24.2
MENRES001743_5,2023-09-02T16:28:59,137.38,110.91,26.47
MENRES001744_1,2023-01-28T17:24:36,134.37,118.31,16.06
MENRES001744_3,2023-05-09T01:38:01,153.22,126.0,27.22
MENRES001744_7,2023-05-20T06:02:53,132.23,119.0,13.23
MENRES001744_11,2023-12-27T04:17:05,93.34,83.52,9.82
MENRES001745_1,2023-04-08T03:11:06,17.02,15.36,1.66
MENRES001745_5,2023-01-09T20:14:35,7.27,6.36,0.91
MENRES001745_11,2023-11-25T14:46:12,11.51,10.27,1.24
MENRES001745_12,2023-12-18T13:22:01,9.02,8.25,0.77
MENRES001745_13,2023-03-20T03:52:39,38.33,33.29,5.04
MENRES001745_15,2023-06-24T13:42:17,33.34,30.25,3.09
MENRES001746_1,2023-12-30T05:31:19,29.83,27.38,2.45
MENRES001746_6,2023-09-18T14:26:53,17.81,16.09,1.72
MENRES001747_2,2023-08-20T06:06:35,77.17,72.87,4.3
MENRES001747_3,2023-08-04T21:15:56,23.9,20.65,3.25
MENRES001747_7,2023-08-02T15:07:45,11.51,10.16,1.35
MENRES001747_8,2023-07-09T03:13:21,50.3,44.39,5.91
MENRES001747_11,2023-05-18T21:12:11,23.54,21.63,1.91
MENRES001747_13,2023-04-01T01:26:28,16.46,14.06,2.4
MENRES001748_0,2023-07-27T12:36:04,28.83,27.04,1.79
MENRES001748_2,2023-07-11T02:01:18,45.39,38.68,6.71
MENRES001748_3,2023-12-02T21:33:47,35.14,31.08,4.06
MENRES001748_7,2023-03-16T12:44:50,51.17,46.95,4.22
MENRES001748_8,2023-12-29T15:46:26,56.06,52.18,3.88
MENRES001748_11,2023-03-23T08:59:37,68.12,60.73,7.39
MENRES001748_12,2023-05-01T01:27:06,20.09,16.11,3.98
MENRES001749_2,2023-03-17T20:47:44,78.65,63.93,14.72
MENRES001749_3,2023-02-21T14:08:22,27.67,25.69,1.98
MENRES001750_4,2023-07-16T08:16:46,47.26,39.42,7.84
MENRES001750_6,2023-01-08T22:59:14,74.42,68.61,5.81
MENRES001751_4,2023-12-22T04:44:12,10.89,8.74,2.15
MENRES001752_0,2023-04-27T10:08:44,58.64,48.45,10.19
MENRES001753_2,2023-09-11T12:26:51,47.06,39.25,7.81
MENRES001753_3,2023-09-24T07:36:59,134.8,109.22,25.58
MENRES001754_2,2023-08-18T18:59:03,106.33,91.82,14.51
MENRES001754_3,2023-05-25T13:59:14,102.1,86.91,15.19
MENRES001755_11,2023-01-30T05:38:47,92.14,81.6,10.54
MENRES001756_1,2023-07-31T19:52:17,16.25,13.21,3.04
MENRES001756_2,2023-05-06T01:44:09,62.38,54.7,7.68
MENRES001756_6,2023-06-30T23:19:38,65.41,52.81,12.6
MENRES001756_9,2023-03-28T06:13:27,20.97,19.38,1.59
MENRES001757_0,2023-01-13T04:36:39,55.2,47.1,8.1
MENRES001757_3,2023-12-29T00:33:11,61.66,49.51,12.15
MENRES001757_5,2023-03-30T22:06:10,62.03,57.02,5.01
MENRES001758_0,2023-03-19T22:30:55,29.57,23.77,5.8
MENRES001758_2,2023-03-05T08:26:04,37.23,35.09,2.14
MENRES001758_4,2023-10-15T05:26:18,17.8,14.46,3.34
MENRES001758_11,2023-06-07T08:07:14,20.31,17.15,3.16
MENRES001758_12,2023-03-13T11:55:47,31.82,30.2,1.62
MENRES001758_13,2023-10-21T20:49:40,13.25,10.97,2.28
MENRES001758_14,2023-04-08T15:10:05,33.84,27.87,5.97
MENRES001759_1,2023-06-20T07:17:12,63.12,53.45,9.67
MENRES001759_7,2023-02-24T12:32:02,156.99,144.94,12.05
MENRES001759_8,2023-10-05T19:48:06,124.39,107.35,17.04
MENRES001759_10,2023-12-09T21:57:56,99.16,83.27,15.89
MENRES001759_12,2023-09-02T10:42:25,125.63,112.41,13.22
MENRES001759_13,2023-07-11T01:12:54,124.05,111.76,12.29
MENRES001760_0,2023-05-25T07:01:30,93.82,79.14,14.68
MENRES001760_4,2023-11-21T15:28:32,50.16,40.66,9.5
MENRES001760_9,2023-07-25T18:13:01,45.5,38.78,6.72
MENRES001760_10,2023-11-28T05:51:54,26.65,22.08,4.57
MENRES001760_11,2023-09-21T03:08:21,97.05,78.58,18.47
MENRES001760_16,2023-02-27T00:32:46,57.0,53.28,3.72
MENRES001760_18,2023-06-28T03:21:52,139.67,119.49,20.18
MENRES001761_1,2023-12-19T06:11:53,94.22,81.11,13.11
MENRES001761_5,2023-05-28T00:22:51,117.13,97.23,19.9
MENRES001761_8,2023-05-29T15:57:03,59.1,50.87,8.23
MENRES001761_9,2023-06-06T15:30:14,116.26,107.59,8.67
MENRES001762_5,2023-11-21T08:31:33,30.06,27.56,2.5
MENRES001762_6,2023-01-20T06:45:44,70.46,56.66,13.8
MENRES001762_13,2023-11-24T01:43:31,35.38,29.68,5.7
MENRES001762_17,2023-06-24T06:35:25,25.01,21.8,3.21
MENRES001763_7,2023-12-08T09:14:24,49.54,46.05,3.49
MENRES001764_5,2023-04-07T15:01:51,93.02,80.74,12.28
MENRES001764_8,2023-10-15T21:36:43,159.58,134.91,24.67
MENRES001764_12,2023-04-01T10:05:35,95.64,80.38,15.26
MENRES001764_17,2023-08-28T19:05:40,86.47,80.05,6.42
MENRES001765_1,2023-10-15T22:03:10,84.06,70.09,13.97
MENRES001765_4,2023-10-11T14:49:39,67.69,56.47,11.22
MENRES001765_6,2023-07-06T05:38:36,97.24,84.57,12.67
MENRES001765_8,2023-12-13T17:29:56,132.52,115.37,17.15
MENRES001765_9,2023-10-17T23:22:12,22.4,19.5,2.9
MENRES001765_16,2023-12-28T06:14:32,45.74,38.71,7.03
MENRES001765_18,2023-04-12T07:16:13,34.35,28.86,5.49
MENRES001765_19,2023-08-31T22:02:58,51.91,46.23,5.68
MENRES001766_2,2023-05-31T15:27:52,11.33,9.82,1.51
MENRES001766_4,2023-02-11T11:58:51,11.24,10.58,0.66
MENRES001766_10,2023-06-10T14:10:34,28.15,24.96,3.19
MENRES001766_11,2023-09-14T17:46:24,10.75,10.19,0.56
MENRES001767_4,2023-03-07T18:58:13,64.33,59.78,4.55
MENRES001769_0,2023-12-29T23:05:10,28.01,22.79,5.22
MENRES001769_4,2023-04-02T13:40:12,30.17,28.23,1.94
MENRES001769_6,2023-06-16T21:46:59,11.51,10.14,1.37
MENRES001769_7,2023-06-29T00:19:53,13.56,11.43,2.13
MENRES001770_6,2023-07-03T19:26:20,25.24,22.32,2.92
MENRES001771_2,2023-12-01T04:17:16,130.84,109.08,21.76
MENRES001772_1,2023-09-30T04:13:54,76.02,68.96,7.06
MENRES001772_3,2023-04-15T01:06:47,26.95,24.24,2.71
MENRES001772_5,2023-10-06T08:04:24,25.8,22.15,3.65
MENRES001772_7,2023-12-29T22:35:07,22.83,18.54,4.29
MENRES001772_8,2023-04-15T19:32:01,37.68,34.97,2.71
MENRES001772_10,2023-05-30T19:31:10,59.93,48.92,11.01
MENRES001773_5,2023-02-17T20:02:24,37.77,33.1,4.67
MENRES001773_7,2023-07-13T09:23:50,7.44,6.75,0.69
MENRES001773_10,2023-11-16T19:51:11,39.94,37.83,2.11
MENRES001774_5,2023-11-27T14:08:03,75.66,64.65,11.01
MENRES001774_8,2023-11-15T00:56:25,24.36,20.15,4.21
MENRES001775_1,2023-02-09T11:19:40,10.71,9.02,1.69
MENRES001775_3,2023-08-21T08:35:25,79.75,73.65,6.1
MENRES001775_7,2023-12-13T18:28:54,67.89,62.99,4.9
MENRES001775_10,2023-10-04T04:44:03,56.0,46.32,9.68
MENRES001775_12,2023-03-13T14:53:15,54.06,50.53,3.53
MENRES001775_13,2023-06-12T22:31:06,39.92,32.48,7.44
MENRES001775_16,2023-11-21T10:01:02,38.89,35.05,3.84
MENRES001775_19,2023-08-23T19:11:59,75.74,61.68,14.06
MENRES001776_3,2023-06-29T11:52:32,143.96,134.0,9.96
MENRES001776_4,2023-12-06T09:30:44,92.26,74.97,17.29
MENRES001776_5,2023-05-18T15:58:40,21.22,19.14,2.08
MENRES001776_6,2023-01-19T10:05:52,47.38,43.18,4.2
MENRES001776_7,2023-03-22T19:51:04,81.01,74.43,6.58
MENRES001776_9,2023-05-03T05:03:21,29.95,24.02,5.93
MENRES001778_1,2023-06-16T16:31:55,133.06,118.25,14.81
MENRES001778_3,2023-04-08T10:50:49,94.53,79.65,14.88
MENRES001778_5,2023-03-05T16:41:58,68.5,60.91,7.59
MENRES001779_5,2023-05-26T10:29:26,83.3,71.74,11.56
MENRES001779_11,2023-12-07T23:03:47,100.08,86.47,13.61
MENRES001779_12,2023-09-12T12:01:13,153.36,135.17,18.19
MENRES001779_13,2023-01-26T03:40:54,144.22,125.18,19.04
MENRES001779_16,2023-11-27T19:02:03,49.68,46.65,3.03
MENRES001779_18,2023-09-28T22:15:09,118.98,108.02,10.96
MENRES001780_0,2023-04-16T17:42:50,40.35,34.63,5.72
MENRES001780_4,2023-06-12T21:18:23,84.99,80.51,4.48
MENRES001780_5,2023-02-15T13:06:50,42.24,37.19,5.05
MENRES001781_0,2023-10-31T01:12:31,13.95,12.92,1.03
MENRES001781_6,2023-07-12T01:35:16,42.95,40.11,2.84
MENRES001781_7,2023-11-28T10:43:49,31.62,28.68,2.94
MENRES001781_8,2023-05-19T07:43:33,79.61,71.04,8.57
MENRES001782_2,2023-10-21T16:52:05,109.22,91.93,17.29
MENRES001782_4,2023-03-18T08:21:20,84.4,78.66,5.74
MENRES001782_8,2023-05-30T20:10:22,145.74,126.3,19.44
MENRES001782_11,2023-07-04T18:04:08,78.95,69.0,9.95
MENRES001782_12,2023-07-20T07:47:55,84.68,72.38,12.3
MENRES001782_13,2023-11-09T23:36:21,119.53,109.54,9.99
MENRES001782_14,2023-08-07T22:15:28,85.7,73.11,12.59
MENRES001782_18,2023-03-01T09:54:55,121.73,98.9,22.83
MENRES001783_0,2023-10-06T15:53:33,74.78,66.45,8.33
MENRES001784_2,2023-08-21T08:23:02,63.13,51.01,12.12
MENRES001784_4,2023-08-31T17:43:24,44.9,37.87,7.03
MENRES001784_7,2023-01-19T15:49:45,39.93,36.32,3.61
MENRES001785_0,2023-09-14T15:58:29,31.36,26.64,4.72
MENRES001785_1,2023-12-25T13:45:11,20.05,16.22,3.83
MENRES001785_5,2023-11-26T06:09:40,15.76,14.41,1.35
MENRES001785_10,2023-05-13T09:01:42,6.99,6.02,0.97
MENRES001785_14,2023-03-06T09:18:33,12.12,10.09,2.03
MENRES001785_18,2023-05-05T05:48:39,17.84,15.15,2.69
MENRES001786_6,2023-03-17T06:27:06,43.92,38.88,5.04
MENRES001786_10,2023-06-23T00:49:28,95.04,83.04,12.0
MENRES001786_11,2023-02-08T16:27:46,53.36,48.43,4.93
MENRES001786_13,2023-07-09T13:42:27,57.1,48.79,8.31
MENRES001786_14,2023-06-22T13:06:04,108.63,93.2,15.43
MENRES001787_1,2023-05-03T19:22:00,31.45,28.44,3.01
MENRES001787_3,2023-11-09T19:18:17,39.69,33.23,6.46
MENRES001787_5,2023-01-14T14:24:30,37.97,31.63,6.34
MENRES001788_1,2023-08-21T21:40:27,118.58,109.34,9.24
MENRES001788_3,2023-11-21T23:37:19,38.72,32.21,6.51
MENRES001788_5,2023-09-26T20:11:12,27.19,25.55,1.64
MENRES001788_6,2023-11-04T19:25:08,112.48,99.48,13.0
MENRES001788_7,2023-10-03T22:21:58,98.91,89.66,9.25
MENRES001789_1,2023-12-10T01:40:56,70.05,60.0,10.05
MENRES001789_9,2023-11-17T22:28:36,13.65,12.04,1.61
MENRES001789_11,2023-02-21T19:37:07,54.67,44.99,9.68
MENRES001789_12,2023-01-17T19:20:47,35.92,33.71,2.21
MENRES001789_14,2023-07-11T06:54:54,69.0,62.74,6.26
MENRES001789_15,2023-07-08T00:33:01,29.98,27.22,2.76
MENRES001789_16,2023-12-11T07:36:25,36.21,33.15,3.06
MENRES001790_4,2023-08-05T19:33:54,39.02,32.24,6.78
MENRES001791_1,2023-10-11T18:37:12,105.93,97.99,7.94
MENRES001792_1,2023-07-18T06:40:36,11.58,9.84,1.74
MENRES001792_3,2023-09-20T03:55:14,25.88,21.73,4.15
MENRES001793_0,2023-03-13T17:52:21,70.52,58.54,11.98
MENRES001793_4,2023-07-16T02:56:45,115.86,105.9,9.96
MENRES001794_0,2023-10-09T14:06:14,38.65,33.13,5.52
MENRES001794_6,2023-10-11T05:55:23,15.64,13.49,2.15
MENRES001794_7,2023-08-14T20:13:45,53.6,46.3,7.3
MENRES001794_8,2023-01-19T01:08:20,17.85,16.88,0.97
MENRES001794_10,2023-09-07T21:58:29,37.66,32.05,5.61
MENRES001794_11,2023-05-29T14:46:55,45.69,38.61,7.08
MENRES001795_2,2023-10-22T14:44:22,21.6,19.9,1.7
MENRES001795_5,2023-08-09T02:49:44,30.61,28.81,1.8
MENRES001795_7,2023-11-28T22:33:43,22.33,18.22,4.11
MENRES001795_11,2023-07-04T16:00:17,13.97,12.87,1.1
MENRES001795_12,2023-05-09T13:15:19,18.24,15.66,2.58
MENRES001795_13,2023-01-28T20:05:22,28.59,24.13,4.46
MENRES001796_0,2023-12-26T03:16:52,33.41,27.81,5.6
MENRES001796_5,2023-12-04T01:07:41,51.67,46.71,4.96
MENRES001797_1,2023-12-23T18:29:08,101.81,88.13,13.68
MENRES001797_7,2023-01-26T02:29:36,28.22,25.0,3.22
MENRES001797_8,2023-04-12T22:13:43,151.78,127.03,24.75
MENRES001798_5,2023-11-30T11:59:36,82.72,74.37,8.35
MENRES001798_9,2023-10-21T04:56:48,21.05,19.86,1.19
MENRES001798_10,2023-12-08T00:50:29,123.38,113.13,10.25
MENRES001798_13,2023-08-26T19:54:11,44.33,35.93,8.4
MENRES001800_0,2023-03-24T04:27:54,63.73,57.4,6.33
MENRES001800_4,2023-04-12T20:04:57,87.66,75.96,11.7
MENRES001800_6,2023-03-10T13:29:17,52.74,43.64,9.1
MENRES001800_8,2023-04-17T19:19:04,58.9,50.52,8.38
MENRES001800_9,2023-05-08T21:55:49,73.48,68.72,4.76
MENRES001801_1,2023-01-04T22:57:15,56.71,53.03,3.68
MENRES001801_2,2023-12-07T18:18:38,78.86,69.71,9.15
MENRES001801_3,2023-01-03T11:53:02,33.64,31.88,1.76
MENRES001801_5,2023-03-25T17:16:29,38.59,33.14,5.45
MENRES001801_7,2023-03-23T02:21:09,74.5,60.61,13.89
MENRES001801_11,2023-05-28T10:50:31,74.71,60.43,14.28
MENRES001801_13,2023-04-03T22:45:12,13.55,11.83,1.72
MENRES001801_15,2023-08-08T09:08:56,25.35,21.86,3.49
MENRES001801_18,2023-08-17T14:02:41,51.45,46.02,5.43
MENRES001802_2,2023-07-23T15:47:45,10.6,8.8,1.8
MENRES001802_5,2023-05-15T23:44:34,19.01,15.69,3.32
MENRES001802_6,2023-10-29T21:35:48,16.36,14.39,1.97
MENRES001802_8,2023-07-13T08:41:11,32.29,29.68,2.61
MENRES001802_9,2023-06-27T23:40:55,36.06,33.54,2.52
MENRES001803_3,2023-04-19T01:15:44,25.24,22.06,3.18
MENRES001804_5,2023-11-01T01:00:46,64.15,59.46,4.69
MENRES001804_6,2023-04-07T14:59:53,152.51,140.77,11.74
MENRES001804_10,2023-11-26T22:07:38,29.86,24.69,5.17
MENRES001805_2,2023-08-03T21:10:41,111.78,99.7,12.08
MENRES001805_4,2023-04-14T03:50:52,156.45,129.56,26.89
MENRES001806_0,2023-03-20T20:59:53,56.28,47.96,8.32
MENRES001806_2,2023-06-28T01:54:01,97.04,91.29,5.75
MENRES001806_4,2023-07-11T08:52:39,157.91,144.81,13.1
MENRES001806_6,2023-03-17T22:16:48,102.46,91.61,10.85
MENRES001807_4,2023-07-21T07:28:23,69.36,57.41,11.95
MENRES001808_0,2023-03-18T15:31:13,36.16,34.21,1.95
MENRES001808_1,2023-09-02T07:21:22,39.85,34.19,5.66
MENRES001808_3,2023-05-17T17:48:17,12.15,9.84,2.31
MENRES001808_6,2023-09-17T09:10:46,19.46,15.79,3.67
MENRES001808_9,2023-12-08T01:12:28,8.52,6.83,1.69
MENRES001808_10,2023-01-28T11:15:38,37.81,31.59,6.22
MENRES001808_12,2023-12-18T00:45:46,38.87,35.77,3.1
MENRES001808_13,2023-09-16T09:47:08,17.47,14.48,2.99
MENRES001809_5,2023-05-06T05:25:52,93.98,77.49,16.49
MENRES001810_1,2023-07-01T02:32:23,55.63,47.99,7.64
MENRES001810_2,2023-06-29T18:31:43,54.94,43.98,10.96
MENRES001810_5,2023-08-31T19:02:29,73.29,61.7,11.59
MENRES001811_7,2023-01-23T12:56:57,106.59,97.7,8.89
MENRES001811_8,2023-11-20T04:11:38,53.76,48.12,5.64
MENRES001811_9,2023-10-04T11:32:53,71.12,65.16,5.96
MENRES001811_11,2023-03-15T03:34:23,107.85,94.02,13.83
MENRES001811_12,2023-09-08T01:18:38,24.37,20.14,4.23
MENRES001811_16,2023-03-12T00:07:31,58.14,54.62,3.52
MENRES001813_2,2023-11-18T03:10:16,31.98,28.13,3.85
MENRES001814_3,2023-04-04T09:13:01,34.83,30.0,4.83
MENRES001814_4,2023-06-16T17:53:12,158.59,131.94,26.65
MENRES001814_7,2023-01-02T07:05:05,27.74,23.76,3.98
MENRES001814_8,2023-12-27T22:23:23,111.11,103.79,7.32
MENRES001814_11,2023-09-18T03:39:56,88.89,82.93,5.96
MENRES001815_0,2023-07-05T04:51:32,96.84,89.59,7.25
MENRES001815_6,2023-03-14T00:24:44,113.57,101.75,11.82
MENRES001815_15,2023-12-16T11:10:58,41.67,34.46,7.21
MENRES001815_16,2023-05-26T22:01:00,22.49,18.97,3.52
MENRES001816_7,2023-12-30T22:22:50,71.97,67.41,4.56
MENRES001817_0,2023-09-16T13:28:46,17.85,14.98,2.87
MENRES001817_3,2023-05-18T04:37:08,67.86,62.13,5.73
MENRES001817_5,2023-12-10T05:56:48,42.03,36.36,5.67
MENRES001817_6,2023-04-26T10:00:23,43.57,36.49,7.08
MENRES001817_9,2023-11-06T22:06:15,73.67,61.48,12.19
MENRES001817_10,2023-09-17T19:05:15,60.83,55.05,5.78
MENRES001817_11,2023-08-20T08:18:53,16.27,13.03,3.24
MENRES001817_12,2023-08-03T16:45:19,21.16,18.45,2.71
MENRES001818_1,2023-07-03T15:29:26,25.24,20.39,4.85
MENRES001818_2,2023-11-24T12:36:52,15.91,13.71,2.2
MENRES001818_5,2023-07-15T08:29:09,10.69,9.61,1.08
MENRES001818_6,2023-01-04T04:39:14,10.82,8.69,2.13
MENRES001818_8,2023-10-25T02:53:15,20.5,18.75,1.75
MENRES001818_10,2023-04-15T00:38:23,13.98,11.94,2.04
MENRES001818_12,2023-02-01T09:20:00,29.66,26.17,3.49
MENRES001819_2,2023-01-30T19:22:21,68.73,64.8,3.93
MENRES001819_3,2023-04-23T06:58:02,75.32,65.96,9.36
MENRES001819_15,2023-01-29T12:48:48,51.69,44.24,7.45
MENRES001820_1,2023-09-13T02:55:48,30.94,26.47,4.47
MENRES001820_2,2023-06-06T12:21:15,59.67,51.22,8.45
MENRES001820_3,2023-01-26T07:35:41,40.15,33.88,6.27
MENRES001820_7,2023-10-14T17:57:59,32.19,27.56,4.63
MENRES001821_1,2023-09-30T21:21:24,12.82,11.78,1.04
MENRES001821_6,2023-12-03T13:06:56,14.96,13.48,1.48
MENRES001821_11,2023-05-05T19:31:13,31.5,27.21,4.29
MENRES001821_14,2023-11-15T19:56:08,17.09,15.73,1.36
MENRES001821_17,2023-03-31T13:37:25,23.73,22.48,1.25
MENRES001822_1,2023-06-06T09:23:42,87.89,77.56,10.33
MENRES001822_3,2023-09-05T08:19:26,40.82,33.69,7.13
MENRES001822_4,2023-11-19T03:44:21,74.13,69.32,4.81
MENRES001822_9,2023-01-24T20:19:19,71.87,58.82,13.05
MENRES001822_13,2023-11-08T03:14:37,68.16,56.07,12.09
MENRES001822_14,2023-02-12T00:48:32,21.95,17.88,4.07
MENRES001822_15,2023-10-16T06:47:23,45.52,37.77,7.75
MENRES001822_17,2023-02-04T00:49:04,76.59,68.05,8.54
MENRES001822_18,2023-08-28T23:36:40,24.99,22.82,2.17
MENRES001823_4,2023-05-06T08:00:29,53.41,46.83,6.58
MENRES001823_6,2023-02-28T13:32:50,51.91,46.57,5.34
MENRES001823_10,2023-07-28T23:18:38,10.23,8.8,1.43
MENRES001824_2,2023-12-04T16:09:31,37.02,35.11,1.91
MENRES001824_3,2023-08-16T03:41:36,14.55,13.73,0.82
MENRES001824_4,2023-07-29T01:13:36,38.71,31.36,7.35
MENRES001824_6,2023-04-24T22:30:53,32.03,25.85,6.18
MENRES001825_5,2023-01-02T16:53:49,31.23,28.89,2.34
MENRES001825_7,2023-02-23T13:22:06,23.38,21.05,2.33
MENRES001825_12,2023-03-03T09:42:44,56.23,51.36,4.87
MENRES001825_15,2023-11-16T02:39:46,60.63,49.99,10.64
MENRES001826_0,2023-11-20T04:57:23,15.92,14.88,1.04
MENRES001826_4,2023-03-19T09:22:19,5.88,5.18,0.7
MENRES001826_6,2023-12-08T20:52:49,6.01,5.24,0.77
MENRES001826_10,2023-04-21T16:57:57,20.71,17.08,3.63
MENRES001826_12,2023-05-21T15:48:53,34.46,30.43,4.03
MENRES001826_13,2023-05-04T13:38:57,39.62,37.36,2.26
MENRES001827_3,2023-05-23T11:08:21,35.96,31.44,4.52
MENRES001827_4,2023-03-23T10:51:05,5.93,5.22,0.71
MENRES001827_5,2023-03-26T22:13:15,26.98,22.34,4.64
MENRES001827_7,2023-09-26T09:07:42,28.51,26.83,1.68
MENRES001827_11,2023-12-22T08:56:18,17.37,14.18,3.19
MENRES001828_2,2023-03-09T16:30:35,38.88,33.8,5.08
MENRES001829_3,2023-09-29T04:28:41,20.05,18.09,1.96
MENRES001829_6,2023-07-29T15:48:51,9.55,8.15,1.4
MENRES001829_7,2023-03-12T05:43:09,7.27,6.78,0.49
MENRES001829_12,2023-04-13T22:07:46,38.09,30.71,7.38
MENRES001829_14,2023-03-30T15:12:47,27.74,24.57,3.17
MENRES001829_15,2023-04-18T19:17:45,34.44,30.79,3.65
MENRES001829_16,2023-11-23T08:21:14,24.57,21.81,2.76
MENRES001830_1,2023-08-03T17:04:07,89.24,82.48,6.76
MENRES001830_5,2023-04-15T14:37:33,73.61,61.05,12.56
MENRES001830_6,2023-02-11T16:13:27,77.16,63.4,13.76
MENRES001830_7,2023-08-09T18:10:16,110.05,101.06,8.99
MENRES001830_8,2023-12-03T11:38:07,103.15,93.78,9.37
MENRES001830_9,2023-01-30T02:02:24,37.73,33.24,4.49
MENRES001830_11,2023-12-27T18:14:33,54.12,50.93,3.19
MENRES001830_12,2023-12-26T07:23:21,98.57,82.2,16.37
MENRES001830_14,2023-11-01T20:17:43,89.67,73.61,16.06
MENRES001830_15,2023-03-04T18:16:00,23.57,20.9,2.67
MENRES001831_0,2023-05-04T13:57:07,35.16,32.44,2.72
MENRES001831_2,2023-11-20T11:55:17,67.22,63.73,3.49
MENRES001831_7,2023-03-30T09:40:21,41.89,39.3,2.59
MENRES001831_10,2023-07-21T14:17:49,28.16,22.88,5.28
MENRES001831_12,2023-03-19T21:13:15,69.83,66.07,3.76
MENRES001832_2,2023-08-05T05:17:46,8.04,6.52,1.52
MENRES001832_9,2023-04-21T12:57:50,37.5,31.47,6.03
MENRES001832_10,2023-12-06T11:02:59,22.58,18.6,3.98
MENRES001832_11,2023-06-28T16:18:56,12.03,10.36,1.67
MENRES001832_14,2023-10-30T03:30:16,34.19,31.49,2.7
MENRES001833_7,2023-08-21T15:43:05,96.01,91.13,4.88
MENRES001833_14,2023-03-19T15:05:29,83.31,74.04,9.27
MENRES001834_1,2023-01-30T11:18:31,13.9,12.87,1.03
MENRES001834_4,2023-05-23T00:34:28,27.89,24.45,3.44
MENRES001835_1,2023-12-20T08:37:07,93.73,87.2,6.53
MENRES001836_0,2023-03-15T16:15:55,54.27,47.5,6.77
MENRES001836_1,2023-06-21T05:56:49,16.38,13.72,2.66
MENRES001836_2,2023-01-06T03:26:08,83.96,79.56,4.4
MENRES001836_3,2023-01-29T14:27:57,18.45,17.5,0.95
MENRES001836_11,2023-04-08T20:32:34,92.38,80.4,11.98
MENRES001836_12,2023-09-12T15:08:27,63.37,51.81,11.56
MENRES001837_1,2023-06-06T15:52:43,13.89,11.59,2.3
MENRES001837_6,2023-10-19T01:32:45,29.76,27.45,2.31
MENRES001838_0,2023-07-13T11:09:03,78.73,63.4,15.33
MENRES001838_3,2023-01-25T22:32:04,22.98,19.11,3.87
MENRES001838_4,2023-12-05T04:42:09,85.77,74.88,10.89
MENRES001838_6,2023-11-21T17:26:04,89.54,84.55,4.99
MENRES001838_7,2023-10-26T19:57:43,94.07,76.0,18.07
MENRES001838_9,2023-08-25T02:09:53,159.97,142.83,17.14
MENRES001838_10,2023-05-21T19:39:14,109.01,92.65,16.36
MENRES001838_12,2023-10-14T06:43:33,68.66,60.81,7.85
MENRES001839_0,2023-02-02T11:17:21,9.29,8.16,1.13
MENRES001839_1,2023-10-10T00:24:57,32.24,26.08,6.16
MENRES001839_2,2023-01-20T10:04:19,9.53,8.21,1.32
MENRES001839_3,2023-04-07T03:30:06,28.04,24.2,3.84
MENRES001839_10,2023-04-01T09:16:49,29.71,24.54,5.17
MENRES001839_11,2023-10-01T04:52:08,20.7,18.25,2.45
MENRES001839_12,2023-09-03T15:43:26,8.45,7.87,0.58
MENRES001840_6,2023-02-26T07:55:02,34.38,31.1,3.28
MENRES001840_8,2023-01-21T16:40:31,10.37,9.39,0.98
MENRES001840_14,2023-03-27T17:31:14,77.15,70.62,6.53
MENRES001841_0,2023-09-18T19:50:54,66.58,58.41,8.17
MENRES001841_4,2023-09-20T21:33:20,98.61,81.54,17.07
MENRES001841_5,2023-11-10T07:48:49,116.13,94.83,21.3
MENRES001841_6,2023-11-09T17:29:46,106.06,96.43,9.63
MENRES001841_8,2023-06-26T07:45:07,64.66,53.65,11.01
MENRES001841_16,2023-11-21T23:46:50,37.2,35.17,2.03
MENRES001842_1,2023-06-16T07:44:48,22.01,20.23,1.78
MENRES001842_4,2023-09-06T03:07:22,16.7,14.59,2.11
MENRES001842_7,2023-10-09T22:31:06,52.7,47.21,5.49
MENRES001843_9,2023-11-07T05:22:05,10.29,9.01,1.28
MENRES001844_4,2023-05-25T03:11:26,32.84,28.84,4.0
MENRES001844_6,2023-09-23T21:01:59,41.78,37.48,4.3
MENRES001844_8,2023-05-05T19:08:57,63.36,51.42,11.94
MENRES001844_10,2023-03-22T23:29:17,29.52,25.27,4.25
MENRES001845_4,2023-07-19T04:26:25,26.54,22.34,4.2
MENRES001845_6,2023-05-26T09:24:56,22.14,21.01,1.13
MENRES001845_7,2023-10-03T14:40:47,24.45,20.37,4.08
MENRES001845_8,2023-12-19T22:35:40,21.24,17.66,3.58
MENRES001845_9,2023-03-17T15:49:53,36.97,31.5,5.47
MENRES001846_2,2023-03-05T03:10:46,70.26,63.0,7.26
MENRES001846_5,2023-05-03T16:51:37,86.14,71.1,15.04
MENRES001847_0,2023-08-25T18:28:27,107.01,95.88,11.13
MENRES001847_3,2023-12-09T09:28:59,88.16,71.38,16.78
MENRES001848_6,2023-11-18T04:31:01,152.78,130.18,22.6
MENRES001848_8,2023-07-02T04:55:52,125.31,108.79,16.52
MENRES001848_12,2023-01-21T18:24:29,60.32,55.33,4.99
MENRES001849_0,2023-12-28T13:43:23,68.51,62.35,6.16
MENRES001849_2,2023-01-20T05:30:51,40.62,35.54,5.08
MENRES001849_4,2023-11-07T00:06:53,128.27,104.73,23.54
MENRES001850_3,2023-01-18T08:33:30,145.47,119.17,26.3
MENRES001850_5,2023-04-10T08:52:19,71.3,62.66,8.64
MENRES001850_8,2023-12-19T14:54:14,159.56,134.68,24.88
MENRES001850_12,2023-03-26T11:30:31,90.65,84.56,6.09
MENRES001850_14,2023-11-20T08:00:15,117.81,108.16,9.65
MENRES001851_1,2023-11-12T18:56:41,59.4,54.53,4.87
MENRES001851_5,2023-09-28T22:08:37,12.85,10.72,2.13
MENRES001851_7,2023-09-01T07:43:03,15.82,13.53,2.29
MENRES001851_9,2023-03-04T00:55:30,20.91,17.75,3.16
MENRES001851_12,2023-07-01T23:09:53,36.21,31.28,4.93
MENRES001852_5,2023-08-23T14:00:35,33.57,27.42,6.15
MENRES001852_7,2023-12-01T03:23:27,10.39,9.32,1.07
MENRES001852_8,2023-12-08T17:30:22,45.4,39.8,5.6
MENRES001852_9,2023-07-22T15:17:18,45.28,38.05,7.23
MENRES001852_12,2023-08-04T07:40:55,38.9,35.25,3.65
MENRES001853_1,2023-03-12T21:52:57,77.77,63.37,14.4
MENRES001853_6,2023-09-29T18:39:22,42.17,38.66,3.51
MENRES001853_8,2023-05-18T19:02:37,38.31,31.76,6.55
MENRES001853_11,2023-01-02T03:21:26,68.83,59.89,8.94
MENRES001853_13,2023-04-05T17:22:44,36.59,31.83,4.76
MENRES001853_16,2023-09-04T11:27:45,45.64,39.02,6.62
MENRES001853_17,2023-12-10T06:20:12,62.49,54.73,7.76
MENRES001854_2,2023-03-05T20:22:48,17.1,14.41,2.69
MENRES001854_3,2023-11-28T17:16:30,58.93,48.13,10.8
MENRES001854_8,2023-07-31T23:03:37,17.65,16.2,1.45
MENRES001855_9,2023-08-09T14:59:43,52.44,42.14,10.3
MENRES001856_5,2023-08-28T10:45:45,6.85,5.5,1.35
MENRES001856_10,2023-03-26T01:16:42,12.69,11.02,1.67
MENRES001856_11,2023-01-12T21:30:55,11.18,9.02,2.16
MENRES001856_17,2023-04-01T12:52:11,39.4,36.86,2.54
MENRES001856_18,2023-11-21T20:25:34,12.72,11.02,1.7
MENRES001856_19,2023-05-17T20:33:13,6.91,5.9,1.01
MENRES001857_3,2023-09-05T16:23:01,49.84,45.77,4.07
MENRES001857_4,2023-03-13T23:36:06,39.65,32.16,7.49
MENRES001857_5,2023-08-07T15:19:31,35.44,32.3,3.14
MENRES001857_7,2023-09-26T01:41:46,39.09,34.07,5.02
MENRES001857_13,2023-12-07T00:27:28,34.92,30.41,4.51
MENRES001857_14,2023-09-23T18:38:49,59.71,56.69,3.02
MENRES001857_15,2023-06-28T15:00:46,61.46,53.2,8.26
MENRES001857_17,2023-08-21T07:06:04,37.76,30.55,7.21
MENRES001858_0,2023-09-02T01:57:21,55.85,47.61,8.24
MENRES001858_6,2023-04-17T00:11:22,37.59,32.57,5.02
MENRES001858_7,2023-06-10T11:03:00,61.29,53.43,7.86
MENRES001859_2,2023-10-31T18:03:41,22.75,18.68,4.07
MENRES001859_9,2023-11-27T12:58:16,19.05,16.92,2.13
MENRES001859_13,2023-07-02T22:12:36,29.0,23.25,5.75
MENRES001860_0,2023-09-21T15:08:30,63.73,54.84,8.89
MENRES001860_4,2023-08-08T10:13:51,44.41,41.75,2.66
MENRES001861_3,2023-11-23T19:43:36,60.42,54.91,5.51
MENRES001862_7,2023-09-16T17:14:48,15.04,13.57,1.47
MENRES001862_9,2023-01-01T06:35:45,39.29,33.4,5.89
MENRES001862_11,2023-09-20T15:59:01,24.59,19.79,4.8
MENRES001863_4,2023-08-31T22:28:56,92.9,86.97,5.93
MENRES001863_13,2023-11-14T00:11:58,40.27,32.39,7.88
MENRES001864_0,2023-07-12T00:27:07,39.76,37.54,2.22
MENRES001864_3,2023-12-07T05:34:00,39.6,34.47,5.13
MENRES001864_7,2023-02-07T16:25:05,16.36,14.53,1.83
MENRES001865_1,2023-08-31T05:01:45,22.35,19.76,2.59
MENRES001865_10,2023-06-24T17:10:10,8.69,7.32,1.37
MENRES001865_11,2023-12-12T15:05:18,9.73,9.11,0.62
MENRES001865_13,2023-05-01T05:16:13,28.87,26.24,2.63
MENRES001865_16,2023-07-23T00:50:53,29.27,26.65,2.62
MENRES001866_7,2023-09-27T14:05:04,31.86,25.89,5.97
MENRES001866_9,2023-07-02T20:35:00,65.04,54.52,10.52
MENRES001866_11,2023-02-20T04:53:05,17.72,16.14,1.58
MENRES001866_12,2023-11-22T03:02:20,94.5,87.55,6.95
MENRES001867_0,2023-05-19T12:04:45,57.06,52.32,4.74
MENRES001867_1,2023-03-16T18:00:34,63.22,56.79,6.43
MENRES001868_4,2023-02-07T21:10:30,34.36,31.48,2.88
MENRES001868_10,2023-11-21T08:43:16,35.65,31.25,4.4
MENRES001868_11,2023-01-21T12:03:34,17.77,16.0,1.77
MENRES001869_3,2023-03-28T22:58:56,58.88,48.58,10.3
MENRES001869_4,2023-12-04T13:55:41,84.37,79.8,4.57
MENRES001870_0,2023-12-11T01:18:31,56.47,45.31,11.16
MENRES001870_1,2023-06-03T21:26:36,16.96,14.66,2.3
MENRES001870_2,2023-10-11T15:01:11,13.85,11.2,2.65
MENRES001870_4,2023-04-28T21:14:54,65.11,55.61,9.5
MENRES001871_1,2023-12-11T04:09:54,91.64,73.72,17.92
MENRES001871_6,2023-04-10T13:04:02,52.01,43.03,8.98
MENRES001871_7,2023-02-25T21:55:42,32.16,30.51,1.65
MENRES001871_11,2023-01-05T00:51:25,142.42,120.28,22.14
MENRES001872_0,2023-01-13T00:43:35,15.96,13.42,2.54
MENRES001872_4,2023-11-15T19:18:49,69.81,63.43,6.38
MENRES001872_7,2023-11-30T19:28:34,42.47,38.31,4.16
MENRES001872_8,2023-12-04T22:34:56,19.83,18.83,1.0
MENRES001872_9,2023-05-10T19:29:03,27.44,23.02,4.42
MENRES001872_11,2023-02-28T12:50:56,42.17,36.51,5.66
MENRES001873_1,2023-03-15T09:16:45,44.57,35.68,8.89
MENRES001873_3,2023-04-06T23:19:20,136.47,128.22,8.25
MENRES001873_4,2023-10-03T22:16:38,22.94,18.91,4.03
MENRES001874_1,2023-10-08T19:11:44,57.53,46.91,10.62
MENRES001875_0,2023-12-27T03:23:21,37.85,35.25,2.6
MENRES001875_2,2023-02-11T17:02:18,38.61,36.01,2.6
MENRES001875_5,2023-08-31T00:16:45,6.19,5.56,0.63
MENRES001875_13,2023-11-22T00:27:16,37.01,32.91,4.1
MENRES001877_0,2023-08-01T10:08:53,58.81,51.26,7.55
MENRES001877_1,2023-06-20T20:44:08,76.84,63.52,13.32
MENRES001877_2,2023-03-29T19:26:41,71.62,63.0,8.62
MENRES001877_4,2023-06-21T04:59:25,33.76,29.88,3.88
MENRES001877_6,2023-02-01T06:32:37,12.91,10.97,1.94
MENRES001877_7,2023-07-21T20:00:05,14.55,12.91,1.64
MENRES001877_9,2023-04-22T18:11:39,54.67,48.3,6.37
MENRES001877_10,2023-02-16T16:24:31,58.11,55.17,2.94
MENRES001878_4,2023-07-14T14:47:43,65.93,54.07,11.86
MENRES001879_3,2023-10-22T14:35:37,25.74,22.74,3.0
MENRES001879_4,2023-07-13T17:17:52,44.64,36.24,8.4
MENRES001879_5,2023-10-25T20:07:59,32.43,29.68,2.75
MENRES001879_7,2023-03-19T15:48:04,91.63,77.13,14.5
MENRES001879_9,2023-09-18T19:33:07,45.48,42.54,2.94
MENRES001880_0,2023-07-03T08:01:08,16.28,13.03,3.25
MENRES001880_1,2023-06-22T01:53:45,80.07,69.24,10.83
MENRES001880_3,2023-04-09T17:24:48,65.28,54.04,11.24
MENRES001880_4,2023-03-28T13:40:23,58.6,49.76,8.84
MENRES001880_6,2023-07-07T11:45:11,100.83,85.68,15.15
MENRES001880_7,2023-08-16T10:51:17,30.83,26.2,4.63
MENRES001880_8,2023-06-20T20:52:32,119.74,108.62,11.12
MENRES001880_16,2023-12-19T14:49:12,108.16,94.47,13.69
MENRES001880_17,2023-11-14T00:34:39,119.96,112.37,7.59
MENRES001881_0,2023-10-31T05:47:30,88.37,80.12,8.25
MENRES001881_2,2023-10-09T15:33:09,95.65,77.32,18.33
MENRES001881_6,2023-06-28T23:17:40,26.12,23.51,2.61
MENRES001881_11,2023-01-08T14:38:11,158.62,146.55,12.07
MENRES001881_16,2023-03-02T20:49:12,86.97,76.49,10.48
MENRES001882_1,2023-04-29T05:35:53,33.94,27.27,6.67
MENRES001882_3,2023-04-25T18:55:57,99.03,89.59,9.44
MENRES001882_4,2023-12-12T07:45:48,46.78,40.66,6.12
MENRES001883_0,2023-08-12T08:12:56,96.09,83.71,12.38
MENRES001883_4,2023-07-31T06:06:47,121.91,114.73,7.18
MENRES001883_6,2023-10-03T07:23:57,102.94,95.04,7.9
MENRES001883_7,2023-09-12T18:09:31,36.6,32.2,4.4
MENRES001883_15,2023-08-29T14:58:18,25.19,23.91,1.28
MENRES001883_16,2023-12-11T22:16:30,60.13,50.18,9.95
MENRES001884_2,2023-12-07T06:12:50,54.5,50.42,4.08
MENRES001884_3,2023-12-30T20:30:05,38.89,31.55,7.34
MENRES001884_4,2023-03-19T01:00:23,117.13,105.63,11.5
MENRES001885_0,2023-05-25T10:23:01,62.17,53.69,8.48
MENRES001885_1,2023-08-01T02:56:41,69.43,61.55,7.88
MENRES001885_2,2023-09-24T15:21:09,36.71,34.73,1.98
MENRES001885_14,2023-10-18T00:44:31,14.53,11.71,2.82
MENRES001886_0,2023-07-19T14:06:12,12.32,9.95,2.37
MENRES001886_2,2023-04-30T12:20:00,20.52,19.43,1.09
MENRES001886_7,2023-04-26T17:00:15,77.74,62.52,15.22
MENRES001886_9,2023-10-31T22:55:26,26.94,23.65,3.29
MENRES001886_13,2023-11-03T21:23:39,77.12,63.61,13.51
MENRES001886_14,2023-04-29T04:26:08,56.38,51.72,4.66
MENRES001887_0,2023-12-19T06:39:10,72.42,57.99,14.43
MENRES001887_1,2023-12-22T15:29:51,56.74,49.03,7.71
MENRES001887_2,2023-06-24T12:45:08,109.91,96.57,13.34
MENRES001887_6,2023-09-04T07:02:18,113.76,91.02,22.74
MENRES001887_7,2023-01-05T07:35:22,31.57,29.92,1.65
MENRES001888_0,2023-03-10T11:54:19,79.65,69.53,10.12
MENRES001888_4,2023-05-19T04:14:50,74.4,67.2,7.2
MENRES001888_5,2023-07-10T18:59:54,65.36,53.09,12.27
MENRES001888_6,2023-11-09T09:14:56,76.53,70.28,6.25
MENRES001889_3,2023-02-03T22:36:41,154.54,138.82,15.72
MENRES001890_0,2023-07-15T06:00:13,110.28,98.15,12.13
MENRES001890_3,2023-08-20T00:36:33,112.54,95.82,16.72
MENRES001890_4,2023-09-09T10:55:52,22.48,20.78,1.7
MENRES001890_10,2023-05-23T03:41:12,68.02,57.94,10.08
MENRES001891_7,2023-12-23T22:21:18,34.2,30.38,3.82
MENRES001891_8,2023-05-03T16:37:55,78.06,72.08,5.98
MENRES001891_13,2023-01-16T17:39:47,52.84,48.19,4.65
MENRES001891_15,2023-10-27T19:46:04,41.41,34.92,6.49
MENRES001892_0,2023-03-13T10:02:16,98.71,84.78,13.93
MENRES001892_8,2023-10-25T03:36:58,107.78,101.87,5.91
MENRES001892_9,2023-03-05T20:18:14,34.29,32.28,2.01
MENRES001892_10,2023-07-17T23:02:11,63.71,55.3,8.41
MENRES001893_4,2023-07-28T23:32:03,27.14,24.94,2.2
MENRES001894_8,2023-03-03T20:42:05,15.51,13.43,2.08
MENRES001894_10,2023-06-21T10:37:09,108.93,90.06,18.87
MENRES001895_0,2023-10-24T08:53:04,43.41,38.63,4.78
MENRES001895_1,2023-01-21T06:00:37,144.1,124.72,19.38
MENRES001895_3,2023-04-18T05:27:19,68.86,56.42,12.44
MENRES001895_6,2023-03-16T16:37:27,61.14,57.94,3.2
MENRES001896_1,2023-01-29T01:11:20,24.75,22.0,2.75
MENRES001896_2,2023-01-22T22:52:32,37.44,31.53,5.91
MENRES001896_3,2023-07-02T22:30:01,21.86,19.6,2.26
MENRES001896_4,2023-05-22T04:56:47,33.68,27.64,6.04
MENRES001896_5,2023-11-10T02:50:03,8.2,7.45,0.75
MENRES001897_1,2023-09-22T17:37:00,99.02,87.56,11.46
MENRES001897_5,2023-02-17T05:50:50,78.66,70.28,8.38
MENRES001897_9,2023-07-11T21:40:23,105.44,86.01,19.43
MENRES001897_13,2023-03-10T01:17:21,86.28,81.42,4.86
MENRES001897_14,2023-12-04T07:05:07,87.44,79.4,8.04
MENRES001897_15,2023-01-19T13:36:29,105.02,94.37,10.65
MENRES001898_5,2023-12-27T21:35:41,17.85,14.51,3.34
MENRES001898_7,2023-04-06T05:08:21,19.1,16.09,3.01
MENRES001898_9,2023-02-18T15:11:14,8.35,6.84,1.51
MENRES001898_11,2023-10-30T10:17:41,8.67,7.04,1.63
MENRES001898_12,2023-08-04T13:38:19,28.48,23.28,5.2
MENRES001898_13,2023-02-10T07:42:16,32.7,29.6,3.1
MENRES001898_16,2023-08-22T11:23:59,15.72,14.69,1.03
MENRES001898_17,2023-09-26T03:23:20,35.59,31.6,3.99
MENRES001898_18,2023-12-09T18:45:20,19.42,16.53,2.89
MENRES001899_0,2023-02-20T03:47:31,26.35,23.27,3.08
MENRES001899_5,2023-09-06T14:24:46,39.67,35.56,4.11
MENRES001900_0,2023-12-15T00:40:48,25.02,22.3,2.72
MENRES001900_9,2023-06-26T09:33:58,18.92,16.25,2.67
MENRES001900_11,2023-07-23T02:00:51,9.64,8.56,1.08
MENRES001900_14,2023-04-29T22:47:55,27.66,24.65,3.01
MENRES001900_15,2023-11-30T18:07:39,17.59,14.25,3.34
MENRES001901_0,2023-01-18T21:04:53,61.32,53.54,7.78
MENRES001901_9,2023-03-21T05:00:28,23.75,21.1,2.65
MENRES001902_8,2023-10-22T22:07:00,10.13,8.9,1.23
MENRES001904_5,2023-06-11T06:39:19,24.0,20.84,3.16
MENRES001905_0,2023-02-01T20:39:01,78.78,67.38,11.4
MENRES001905_3,2023-10-31T21:53:53,34.09,31.35,2.74
MENRES001905_5,2023-09-01T08:03:12,115.66,104.53,11.13
MENRES001905_6,2023-12-05T03:48:33,62.68,55.49,7.19
MENRES001905_15,2023-12-24T06:26:46,60.43,51.42,9.01
MENRES001906_5,2023-11-10T22:33:49,14.86,11.96,2.9
MENRES001907_3,2023-11-18T17:22:17,93.18,78.48,14.7
MENRES001907_5,2023-12-27T12:20:25,103.5,96.52,6.98
MENRES001907_7,2023-06-09T04:54:18,70.8,63.42,7.38
MENRES001908_1,2023-10-03T10:39:50,31.21,25.31,5.9
MENRES001908_3,2023-08-12T03:31:38,10.9,9.72,1.18
MENRES001908_4,2023-01-03T09:09:40,24.63,21.05,3.58
MENRES001908_5,2023-04-15T15:13:43,20.09,16.91,3.18
MENRES001908_7,2023-12-04T05:43:45,16.9,13.75,3.15
MENRES001908_14,2023-09-09T11:22:14,9.97,9.35,0.62
MENRES001908_17,2023-12-20T11:30:16,16.0,15.05,0.95
MENRES001908_18,2023-09-21T06:37:43,39.57,32.99,6.58
MENRES001909_3,2023-07-19T12:12:30,18.06,14.65,3.41
MENRES001909_4,2023-10-15T02:28:20,20.68,18.59,2.09
MENRES001909_13,2023-09-08T12:39:35,34.7,31.03,3.67
MENRES001909_14,2023-12-13T03:17:01,34.47,28.22,6.25
MENRES001910_7,2023-10-12T08:30:47,49.07,43.51,5.56
MENRES001910_9,2023-10-31T23:13:14,54.54,46.05,8.49
MENRES001910_11,2023-07-17T13:09:10,37.56,35.3,2.26
MENRES001910_14,2023-11-19T17:19:24,118.23,109.07,9.16
MENRES001912_1,2023-02-13T07:40:54,20.58,19.53,1.05
MENRES001912_5,2023-02-27T16:48:12,145.98,117.48,28.5
MENRES001913_0,2023-12-25T04:39:42,27.89,24.32,3.57
MENRES001913_2,2023-03-02T15:27:40,39.02,33.11,5.91
MENRES001913_3,2023-01-08T08:42:37,53.06,46.82,6.24
MENRES001913_6,2023-08-06T09:46:04,48.29,42.88,5.41
MENRES001913_8,2023-05-16T20:38:24,30.66,25.54,5.12
MENRES001913_10,2023-07-17T10:43:39,22.27,19.15,3.12
MENRES001913_11,2023-06-21T15:21:07,62.23,55.72,6.51
MENRES001913_14,2023-04-12T02:53:01,67.54,57.25,10.29
MENRES001913_15,2023-01-02T09:06:16,62.31,55.01,7.3
MENRES001914_1,2023-10-10T23:15:29,34.47,31.43,3.04
MENRES001914_15,2023-09-02T18:15:44,52.76,47.92,4.84
MENRES001915_0,2023-09-02T19:13:23,50.78,46.94,3.84
MENRES001915_9,2023-11-30T08:27:30,107.28,94.93,12.35
MENRES001915_10,2023-09-22T16:05:48,154.59,144.91,9.68
MENRES001916_0,2023-04-15T05:38:45,68.23,63.97,4.26
MENRES001916_2,2023-05-05T09:27:42,55.96,47.22,8.74
MENRES001917_1,2023-06-26T05:17:21,90.18,83.45,6.73
MENRES001917_2,2023-07-14T23:56:18,113.68,98.26,15.42
MENRES001917_6,2023-10-16T09:14:59,32.11,26.71,5.4
MENRES001917_9,2023-04-30T02:10:44,82.66,71.14,11.52
MENRES001918_0,2023-12-19T05:04:06,28.48,26.82,1.66
MENRES001918_3,2023-06-06T06:52:02,13.24,11.96,1.28
MENRES001918_8,2023-05-11T17:36:49,39.45,34.49,4.96
MENRES001918_9,2023-05-15T11:46:40,8.66,8.06,0.6
MENRES001919_11,2023-02-20T08:05:10,8.21,7.46,0.75
MENRES001920_0,2023-02-08T20:21:06,16.46,15.57,0.89
MENRES001920_1,2023-10-12T19:31:28,12.32,10.95,1.37
MENRES001920_2,2023-05-28T06:02:07,31.17,25.71,5.46
MENRES001920_3,2023-12-27T14:27:20,10.02,8.11,1.91
MENRES001920_6,2023-12-03T14:04:59,10.3,9.27,1.03
MENRES001920_8,2023-04-06T11:04:48,35.16,31.94,3.22
MENRES001920_14,2023-06-13T20:27:31,34.32,31.03,3.29
MENRES001920_15,2023-02-24T13:33:46,39.88,36.59,3.29
MENRES001921_6,2023-12-17T22:16:14,134.54,115.14,19.4
MENRES001921_7,2023-04-25T08:48:56,151.07,135.73,15.34
MENRES001922_0,2023-07-04T04:57:38,35.68,33.21,2.47
MENRES001922_4,2023-08-23T06:12:05,47.67,39.71,7.96
MENRES001922_6,2023-11-30T17:13:06,119.09,105.21,13.88
MENRES001922_8,2023-07-03T11:18:15,92.73,76.73,16.0
MENRES001922_18,2023-02-21T03:09:06,94.09,81.83,12.26
MENRES001923_2,2023-01-07T12:52:51,88.06,80.28,7.78
MENRES001924_2,2023-08-01T15:06:08,52.31,48.05,4.26
MENRES001924_6,2023-08-05T23:43:25,27.04,21.7,5.34
MENRES001925_1,2023-02-14T09:39:18,13.53,11.71,1.82
MENRES001925_2,2023-12-22T06:31:47,13.72,12.66,1.06
MENRES001925_8,2023-05-17T11:12:53,18.84,17.73,1.11
MENRES001925_10,2023-04-02T01:37:42,8.98,7.43,1.55
MENRES001925_17,2023-01-30T15:05:45,11.17,9.22,1.95
MENRES001926_3,2023-01-15T08:38:56,127.56,116.62,10.94
MENRES001926_4,2023-07-10T13:40:09,131.23,105.24,25.99
MENRES001926_7,2023-06-14T07:26:20,95.6,86.35,9.25
MENRES001926_13,2023-06-06T03:31:28,73.12,66.67,6.45
MENRES001926_14,2023-03-04T19:02:00,32.63,28.17,4.46
MENRES001926_15,2023-09-26T07:19:22,25.6,22.28,3.32
MENRES001926_18,2023-12-30T14:21:19,21.53,18.91,2.62
MENRES001927_0,2023-07-11T13:00:55,19.03,17.96,1.07
MENRES001927_1,2023-06-24T21:39:40,22.15,18.97,3.18
MENRES001927_10,2023-09-11T15:09:18,62.57,52.29,10.28
MENRES001927_11,2023-01-01T08:55:35,62.33,57.59,4.74
MENRES001928_0,2023-08-13T16:38:02,64.25,53.16,11.09
MENRES001928_7,2023-02-02T20:46:47,43.51,35.89,7.62
MENRES001928_8,2023-11-19T09:50:59,49.74,44.84,4.9
MENRES001929_4,2023-11-13T23:09:28,33.43,29.16,4.27
MENRES001930_1,2023-08-26T06:55:15,16.48,15.2,1.28
MENRES001930_5,2023-11-26T17:48:45,28.27,23.78,4.49
MENRES001930_7,2023-01-04T16:25:39,55.68,49.01,6.67
MENRES001930_9,2023-07-25T23:02:51,65.45,54.12,11.33
MENRES001930_11,2023-09-15T07:43:51,84.37,73.07,11.3
MENRES001931_0,2023-11-29T01:17:18,135.91,116.04,19.87
MENRES001931_1,2023-07-28T07:15:02,136.07,116.55,19.52
MENRES001931_2,2023-03-08T07:01:42,157.86,147.44,10.42
MENRES001931_3,2023-02-24T05:35:27,105.9,99.92,5.98
MENRES001931_4,2023-05-10T06:23:13,45.64,42.6,3.04
MENRES001931_9,2023-05-21T01:40:52,83.05,72.61,10.44
MENRES001931_10,2023-10-31T14:01:45,139.1,116.52,22.58
MENRES001932_2,2023-12-15T21:02:49,30.99,25.17,5.82
MENRES001932_9,2023-06-16T20:57:40,76.32,66.31,10.01
MENRES001932_10,2023-03-04T16:43:55,51.56,42.02,9.54
MENRES001933_1,2023-02-18T08:55:51,78.55,64.74,13.81
MENRES001933_3,2023-04-25T20:41:51,101.9,88.58,13.32
MENRES001933_8,2023-08-12T19:09:21,125.33,101.03,24.3
MENRES001933_11,2023-11-19T06:38:11,25.97,23.95,2.02
MENRES001933_13,2023-02-21T23:33:35,149.34,132.16,17.18
MENRES001934_0,2023-02-28T07:55:21,28.73,25.69,3.04
MENRES001934_3,2023-09-30T20:56:32,50.16,41.68,8.48
MENRES001934_5,2023-04-02T12:39:01,79.0,69.57,9.43
MENRES001934_6,2023-07-21T06:24:46,71.02,59.93,11.09
MENRES001934_7,2023-12-23T01:45:57,76.05,64.82,11.23
MENRES001934_8,2023-02-24T23:47:32,35.81,29.73,6.08
MENRES001934_9,2023-05-29T20:25:45,21.59,18.2,3.39
MENRES001934_15,2023-06-28T16:25:10,32.09,28.08,4.01
MENRES001934_16,2023-12-17T02:21:25,62.11,57.56,4.55
MENRES001935_3,2023-04-10T09:45:23,24.01,20.52,3.49
MENRES001936_2,2023-01-02T21:15:37,31.39,25.95,5.44
MENRES001936_5,2023-12-15T19:33:03,41.26,39.17,2.09
MENRES001936_6,2023-06-21T11:23:26,16.15,13.24,2.91
MENRES001936_10,2023-07-14T22:04:32,48.54,44.56,3.98
MENRES001937_1,2023-11-05T01:03:08,57.71,51.55,6.16
MENRES001937_8,2023-04-01T11:48:50,44.95,39.25,5.7
MENRES001937_9,2023-02-22T14:50:17,76.67,67.19,9.48
MENRES001938_11,2023-06-10T02:52:49,110.6,99.93,10.67
MENRES001939_6,2023-03-11T20:22:23,44.58,41.56,3.02
MENRES001939_9,2023-01-25T18:16:40,45.32,40.72,4.6
MENRES001939_15,2023-04-19T07:30:48,58.78,48.92,9.86
MENRES001939_17,2023-10-12T14:06:03,19.4,16.59,2.81
MENRES001940_1,2023-10-06T20:33:01,38.43,35.16,3.27
MENRES001941_0,2023-10-10T16:08:55,86.63,74.43,12.2
MENRES001942_0,2023-06-03T19:03:48,32.69,27.87,4.82
MENRES001942_3,2023-07-02T10:03:24,63.42,57.07,6.35
MENRES001942_6,2023-09-07T10:49:30,32.83,27.49,5.34
MENRES001942_9,2023-01-05T01:25:33,77.41,72.6,4.81
MENRES001943_7,2023-07-18T00:34:05,36.4,30.79,5.61
MENRES001943_8,2023-04-19T19:22:27,30.92,27.15,3.77
MENRES001943_13,2023-07-06T07:46:36,32.96,28.85,4.11
MENRES001943_14,2023-05-18T06:57:07,125.1,108.52,16.58
MENRES001944_1,2023-09-12T00:07:58,20.28,18.61,1.67
MENRES001944_2,2023-10-06T13:10:34,28.04,26.08,1.96
MENRES001944_8,2023-03-19T10:56:23,78.63,72.02,6.61
MENRES001945_1,2023-11-25T11:28:52,29.43,23.91,5.52
MENRES001945_4,2023-08-15T19:32:10,12.13,10.15,1.98
MENRES001945_11,2023-04-11T15:45:34,33.63,30.55,3.08
MENRES001945_12,2023-05-16T22:02:02,30.27,25.34,4.93
MENRES001946_1,2023-08-13T01:59:22,20.17,16.36,3.81
MENRES001946_5,2023-09-08T00:27:15,7.15,6.74,0.41
MENRES001947_4,2023-04-28T15:25:39,14.91,13.88,1.03
MENRES001948_1,2023-03-12T04:35:17,80.73,70.96,9.77
MENRES001948_2,2023-06-22T12:51:33,63.32,51.92,11.4
MENRES001948_6,2023-01-30T15:06:00,35.67,32.49,3.18
MENRES001948_15,2023-04-27T04:33:53,110.26,94.95,15.31
MENRES001948_16,2023-02-21T22:16:52,29.42,24.74,4.68
MENRES001949_0,2023-07-21T11:56:22,32.78,29.71,3.07
MENRES001949_1,2023-02-11T18:24:18,75.03,69.16,5.87
MENRES001949_2,2023-08-02T14:37:10,57.32,47.37,9.95
MENRES001949_10,2023-12-30T08:11:08,75.84,61.9,13.94
MENRES001950_2,2023-12-02T10:48:54,88.31,74.59,13.72
MENRES001950_5,2023-05-21T17:07:12,82.91,75.76,7.15
MENRES001950_12,2023-11-21T15:47:46,50.57,43.71,6.86
MENRES001950_13,2023-01-23T08:29:27,49.79,43.37,6.42
MENRES001950_14,2023-05-23T07:08:30,116.32,100.31,16.01
MENRES001952_7,2023-03-04T07:15:12,13.64,12.08,1.56
MENRES001952_9,2023-09-26T04:34:03,17.99,15.74,2.25
MENRES001952_11,2023-04-01T02:08:15,27.98,23.03,4.95
MENRES001952_14,2023-04-23T17:17:56,5.07,4.15,0.92
MENRES001952_15,2023-01-05T19:24:25,17.15,14.5,2.65
MENRES001952_19,2023-04-04T01:20:41,29.93,24.19,5.74
MENRES001953_1,2023-05-08T02:45:10,42.2,35.91,6.29
MENRES001953_2,2023-01-29T10:19:25,26.08,21.99,4.09
MENRES001953_4,2023-08-15T20:45:31,40.71,36.29,4.42
MENRES001954_0,2023-01-20T15:04:13,54.63,45.11,9.52
MENRES001954_2,2023-02-06T07:46:08,21.39,19.32,2.07
MENRES001954_6,2023-08-27T11:20:49,30.8,28.99,1.81
MENRES001954_12,2023-09-07T04:34:51,61.85,50.92,10.93
MENRES001955_6,2023-06-04T03:35:44,135.68,113.65,22.03
MENRES001955_7,2023-06-07T01:41:18,47.64,41.18,6.46
MENRES001955_12,2023-05-13T06:50:26,143.62,121.91,21.71
MENRES001956_3,2023-01-14T18:14:43,7.97,7.19,0.78
MENRES001956_9,2023-10-21T09:34:38,35.49,33.44,2.05
MENRES001956_16,2023-03-07T05:46:54,30.68,27.79,2.89
MENRES001956_19,2023-08-11T13:15:21,21.23,19.82,1.41
MENRES001957_0,2023-01-10T23:45:37,19.39,17.24,2.15
MENRES001957_2,2023-03-17T22:44:23,19.2,16.24,2.96
MENRES001958_0,2023-11-06T10:12:01,12.82,11.49,1.33
MENRES001958_2,2023-06-22T06:44:46,31.72,29.83,1.89
MENRES001958_4,2023-09-15T00:19:16,15.25,13.55,1.7
MENRES001958_8,2023-11-15T23:05:14,15.07,12.83,2.24
MENRES001958_9,2023-07-20T21:23:26,9.21,7.47,1.74
MENRES001958_10,2023-02-24T05:58:54,23.21,19.48,3.73
MENRES001959_1,2023-05-10T17:03:55,67.0,58.26,8.74
MENRES001959_3,2023-10-31T09:32:33,159.86,137.4,22.46
MENRES001959_5,2023-04-21T19:48:13,133.45,117.49,15.96
MENRES001959_8,2023-05-14T23:15:29,130.03,123.37,6.66
MENRES001959_14,2023-11-02T15:05:46,104.89,99.57,5.32
MENRES001960_1,2023-04-05T09:24:17,60.71,50.8,9.91
MENRES001960_5,2023-09-27T05:19:20,50.5,41.49,9.01
MENRES001960_6,2023-02-21T08:58:19,52.79,44.38,8.41
MENRES001960_11,2023-07-06T13:12:31,77.13,71.88,5.25
MENRES001960_16,2023-06-28T11:27:44,34.6,29.07,5.53
MENRES001961_3,2023-05-08T13:25:35,26.06,22.25,3.81
MENRES001962_3,2023-08-04T20:10:59,38.8,33.73,5.07
MENRES001962_9,2023-06-17T07:21:02,14.46,12.61,1.85
MENRES001962_11,2023-08-18T17:59:12,11.46,10.11,1.35
MENRES001963_1,2023-11-09T04:17:55,36.06,29.8,6.26
MENRES001963_9,2023-06-12T19:07:35,15.8,14.25,1.55
MENRES001964_1,2023-04-03T14:34:27,50.78,43.96,6.82
MENRES001964_2,2023-04-25T21:57:25,75.89,63.71,12.18
MENRES001964_3,2023-03-10T12:16:05,27.32,25.49,1.83
MENRES001965_2,2023-09-17T03:19:17,52.38,47.18,5.2
MENRES001965_4,2023-10-01T22:07:47,23.69,21.04,2.65
MENRES001965_5,2023-08-23T06:14:37,79.37,69.44,9.93
MENRES001965_11,2023-09-15T01:01:12,132.76,117.55,15.21
MENRES001965_15,2023-07-06T02:24:35,128.21,104.99,23.22
MENRES001966_1,2023-06-21T15:43:15,105.16,84.62,20.54
MENRES001966_6,2023-02-17T19:01:46,35.57,30.52,5.05
MENRES001966_11,2023-01-19T14:38:38,120.23,105.0,15.23
MENRES001966_15,2023-01-24T11:35:00,134.12,120.02,14.1
MENRES001967_4,2023-07-30T15:28:49,66.31,59.1,7.21
MENRES001967_5,2023-09-03T12:03:16,117.75,97.43,20.32
MENRES001967_6,2023-10-02T08:19:23,32.9,28.64,4.26
MENRES001968_13,2023-06-30T12:10:11,67.37,62.46,4.91
MENRES001968_14,2023-06-16T22:07:45,32.02,29.37,2.65
MENRES001968_18,2023-06-01T13:38:18,83.04,70.48,12.56
MENRES001969_2,2023-04-20T09:06:53,153.62,132.82,20.8
MENRES001969_4,2023-10-30T04:53:12,74.58,70.84,3.74
MENRES001969_5,2023-08-14T19:26:33,22.6,20.38,2.22
MENRES001969_7,2023-05-20T19:47:11,154.52,134.36,20.16
MENRES001969_10,2023-02-22T18:41:29,159.39,145.72,13.67
MENRES001969_11,2023-07-12T10:53:35,96.63,84.04,12.59
MENRES001970_4,2023-02-08T08:48:31,38.26,35.13,3.13
MENRES001970_6,2023-05-06T21:16:45,58.8,54.22,4.58
MENRES001970_7,2023-08-15T08:56:54,72.93,67.24,5.69
MENRES001970_8,2023-01-25T17:37:23,15.31,12.63,2.68
MENRES001971_2,2023-12-05T08:32:10,56.24,49.91,6.33
MENRES001971_4,2023-09-12T00:47:43,131.46,115.26,16.2
MENRES001971_6,2023-05-24T15:28:05,35.11,28.25,6.86
MENRES001971_10,2023-10-12T00:08:12,68.28,63.47,4.81
MENRES001972_7,2023-05-02T12:49:07,153.7,124.22,29.48
MENRES001973_5,2023-03-05T01:15:35,143.17,115.36,27.81
MENRES001973_6,2023-03-03T01:50:19,123.7,111.9,11.8
MENRES001973_7,2023-04-04T03:00:46,145.77,137.58,8.19
MENRES001973_9,2023-03-23T23:38:08,39.78,37.34,2.44
MENRES001973_10,2023-02-15T02:09:54,106.93,97.32,9.61
MENRES001974_4,2023-02-28T16:12:46,73.29,68.07,5.22
MENRES001974_5,2023-12-01T18:46:42,70.91,57.75,13.16
MENRES001974_9,2023-11-09T17:56:48,41.46,37.58,3.88
MENRES001974_10,2023-07-19T05:45:53,18.25,17.03,1.22
MENRES001974_13,2023-08-11T21:38:33,47.8,41.55,6.25
MENRES001975_0,2023-06-04T12:41:11,41.73,37.4,4.33
MENRES001975_4,2023-10-18T06:13:20,13.24,12.43,0.81
MENRES001975_5,2023-01-27T05:17:01,22.16,20.6,1.56
MENRES001975_6,2023-10-13T19:20:59,30.52,26.16,4.36
MENRES001975_8,2023-04-19T00:03:08,43.54,36.63,6.91
MENRES001975_9,2023-11-02T12:46:24,40.54,36.15,4.39
MENRES001976_2,2023-06-27T17:33:12,76.65,62.97,13.68
MENRES001976_5,2023-07-10T02:08:09,11.61,9.36,2.25
MENRES001977_5,2023-10-17T04:10:41,28.18,25.13,3.05
MENRES001977_6,2023-01-19T01:04:35,11.78,9.97,1.81
MENRES001977_9,2023-11-30T11:37:25,12.52,10.07,2.45
MENRES001977_13,2023-06-23T20:40:44,21.27,17.26,4.01
MENRES001978_5,2023-06-29T09:28:42,32.99,28.88,4.11
MENRES001978_7,2023-08-07T06:50:18,143.33,136.16,7.17
MENRES001978_10,2023-09-13T08:29:14,74.17,66.03,8.14
MENRES001978_11,2023-05-04T23:53:54,150.51,133.62,16.89
MENRES001978_15,2023-10-21T13:20:28,116.12,107.72,8.4
MENRES001978_16,2023-01-11T18:13:29,59.75,51.11,8.64
MENRES001979_2,2023-04-10T00:14:47,10.79,10.2,0.59
MENRES001979_4,2023-10-01T17:24:19,6.04,5.21,0.83
MENRES001980_5,2023-02-17T12:56:16,15.8,13.79,2.01
MENRES001980_10,2023-10-25T20:58:02,20.37,18.4,1.97
MENRES001980_14,2023-11-17T20:10:53,36.34,31.72,4.62
MENRES001980_17,2023-03-01T08:41:40,33.91,27.16,6.75
MENRES001981_1,2023-04-07T06:51:10,113.38,97.84,15.54
MENRES001981_2,2023-12-12T18:51:13,50.51,47.12,3.39
MENRES001981_4,2023-04-26T15:43:23,38.79,35.33,3.46
MENRES001981_8,2023-08-31T21:07:57,24.04,21.03,3.01
MENRES001981_19,2023-12-04T07:59:43,80.39,71.06,9.33
MENRES001982_6,2023-07-27T04:57:26,77.0,71.08,5.92
MENRES001982_7,2023-02-01T08:30:32,47.16,38.68,8.48
MENRES001983_3,2023-03-10T13:32:48,118.88,100.81,18.07
MENRES001983_7,2023-05-11T11:13:28,146.48,127.35,19.13
MENRES001983_8,2023-01-14T19:29:52,26.47,21.84,4.63
MENRES001983_10,2023-05-26T19:59:00,33.89,32.02,1.87
MENRES001985_1,2023-01-20T00:58:17,110.07,101.46,8.61
MENRES001985_5,2023-08-25T06:47:15,128.93,106.91,22.02
MENRES001985_7,2023-03-12T18:00:46,86.08,80.12,5.96
MENRES001986_2,2023-01-13T15:57:13,23.59,21.03,2.56
MENRES001986_5,2023-05-01T00:48:35,34.0,27.46,6.54
MENRES001986_6,2023-08-29T22:38:42,32.15,29.63,2.52
MENRES001986_10,2023-01-29T04:18:14,8.79,7.1,1.69
MENRES001986_12,2023-04-14T20:42:48,30.25,28.71,1.54
MENRES001986_19,2023-06-04T11:20:27,39.81,34.07,5.74
MENRES001987_5,2023-10-17T12:16:07,34.65,30.56,4.09
MENRES001987_7,2023-03-07T14:59:10,26.9,24.59,2.31
MENRES001987_8,2023-11-04T08:47:51,29.87,25.36,4.51
MENRES001988_1,2023-05-20T12:17:24,34.19,27.55,6.64
MENRES001988_8,2023-06-21T09:24:32,42.33,36.71,5.62
MENRES001989_0,2023-02-07T17:41:32,38.41,34.4,4.01
MENRES001989_2,2023-09-18T20:30:00,14.89,12.12,2.77
MENRES001989_3,2023-12-12T13:53:08,22.29,19.35,2.94
MENRES001989_4,2023-08-22T20:14:43,38.91,33.16,5.75
MENRES001989_5,2023-09-30T22:23:55,28.59,26.26,2.33
MENRES001989_6,2023-03-06T01:19:04,22.96,20.03,2.93
MENRES001990_0,2023-11-22T01:36:13,58.61,49.1,9.51
MENRES001990_1,2023-02-13T03:39:53,42.65,36.74,5.91
MENRES001991_0,2023-06-27T18:59:50,118.07,105.84,12.23
MENRES001991_5,2023-01-11T22:51:41,62.6,55.01,7.59
MENRES001991_11,2023-03-07T17:19:01,85.89,75.2,10.69
MENRES001992_0,2023-10-11T01:47:41,34.01,27.78,6.23
MENRES001992_4,2023-05-03T05:18:20,8.95,7.83,1.12
MENRES001992_6,2023-09-08T22:38:07,33.94,27.59,6.35
MENRES001993_1,2023-06-03T03:25:18,72.48,64.14,8.34
MENRES001993_5,2023-01-16T16:06:08,140.51,131.17,9.34
MENRES001993_7,2023-10-14T20:43:02,106.03,87.94,18.09
MENRES001995_0,2023-01-14T04:58:22,34.01,32.22,1.79
MENRES001995_5,2023-04-05T06:12:42,71.94,62.17,9.77
MENRES001995_12,2023-02-26T22:22:00,69.2,62.36,6.84
MENRES001995_13,2023-08-24T06:14:49,58.45,50.96,7.49
MENRES001995_14,2023-11-29T02:54:09,70.37,66.82,3.55
MENRES001995_17,2023-01-17T11:22:40,92.61,86.81,5.8
MENRES001997_0,2023-04-05T16:11:26,50.31,42.06,8.25
MENRES001997_5,2023-09-30T13:17:05,91.79,75.86,15.93
MENRES001997_7,2023-05-27T02:01:48,62.01,55.22,6.79
MENRES001997_8,2023-07-17T23:59:06,83.22,76.51,6.71
MENRES001997_9,2023-05-12T20:48:03,94.8,89.37,5.43
MENRES001997_10,2023-07-13T15:07:47,67.57,63.9,3.67
MENRES001997_11,2023-04-19T15:23:57,25.98,22.43,3.55
MENRES001998_0,2023-05-27T09:05:12,156.35,131.93,24.42
MENRES001998_1,2023-08-31T03:32:23,129.82,115.4,14.42
MENRES001998_3,2023-05-25T09:11:40,90.43,81.61,8.82
MENRES001998_8,2023-09-02T23:04:48,44.25,38.67,5.58
MENRES001998_12,2023-03-14T08:21:44,104.34,92.21,12.13
MENRES001998_13,2023-12-15T05:19:48,136.22,117.66,18.56
MENRES001998_15,2023-05-11T04:02:09,103.87,92.83,11.04
MENRES001998_17,2023-09-06T23:57:31,154.83,129.01,25.82
MENRES001999_0,2023-10-16T06:35:11,32.35,27.11,5.24
MENRES001999_4,2023-01-18T11:33:39,28.68,24.58,4.1
MENRES001999_10,2023-09-25T23:40:55,22.11,18.66,3.45
MENRES002001_0,2023-09-24T21:02:04,113.39,92.75,20.64
MENRES002001_5,2023-01-10T21:56:40,118.41,111.19,7.22
MENRES002001_6,2023-09-09T00:15:44,32.09,28.96,3.13
MENRES002001_7,2023-01-15T21:25:16,36.55,34.55,2.0
MENRES002001_8,2023-03-03T20:24:54,79.3,68.78,10.52
MENRES002001_11,2023-09-29T10:40:59,96.0,77.82,18.18
MENRES002002_0,2023-04-04T21:03:52,108.58,95.79,12.79
MENRES002002_2,2023-06-23T05:12:30,134.97,108.48,26.49
MENRES002002_4,2023-11-25T14:20:40,148.21,119.34,28.87
MENRES002003_3,2023-11-14T09:31:02,26.6,24.96,1.64
MENRES002003_5,2023-02-03T21:00:47,24.81,23.04,1.77
MENRES002003_6,2023-03-10T22:53:24,21.73,19.55,2.18
MENRES002003_7,2023-07-31T18:13:45,33.37,30.19,3.18
MENRES002003_9,2023-03-24T04:04:56,12.53,11.51,1.02
MENRES002003_10,2023-09-15T11:08:25,19.76,18.67,1.09
MENRES002003_11,2023-07-31T18:41:31,11.36,9.97,1.39
MENRES002003_14,2023-12-17T09:13:27,7.31,6.34,0.97
MENRES002003_15,2023-10-20T06:09:16,25.59,23.1,2.49
MENRES002004_1,2023-04-01T05:56:07,25.68,21.57,4.11
MENRES002004_2,2023-07-10T02:03:19,58.95,54.71,4.24
MENRES002004_6,2023-07-17T10:24:54,66.03,55.49,10.54
MENRES002004_7,2023-04-08T02:43:21,26.17,21.98,4.19
MENRES002004_8,2023-10-30T22:00:12,69.8,62.97,6.83
MENRES002004_11,2023-08-19T13:36:39,28.33,22.71,5.62
MENRES002004_13,2023-09-22T11:57:59,70.69,60.05,10.64
MENRES002004_17,2023-02-13T19:59:38,60.61,53.68,6.93
MENRES002004_19,2023-02-17T04:52:45,77.28,65.75,11.53
MENRES002005_0,2023-10-31T03:15:09,83.37,68.67,14.7
MENRES002005_4,2023-11-12T19:14:13,62.54,56.97,5.57
MENRES002006_0,2023-09-16T15:20:14,8.26,6.68,1.58
MENRES002006_1,2023-08-23T05:50:21,39.74,35.94,3.8
MENRES002006_3,2023-11-05T23:41:00,26.44,22.63,3.81
MENRES002006_13,2023-06-26T14:26:33,26.96,23.05,3.91
MENRES002006_15,2023-04-27T16:10:13,36.77,33.36,3.41
MENRES002006_16,2023-08-17T18:08:59,12.51,10.36,2.15
MENRES002007_2,2023-01-08T00:07:51,69.47,57.22,12.25
MENRES002007_3,2023-04-01T13:42:31,53.3,44.63,8.67
MENRES002008_2,2023-03-07T11:38:58,14.31,13.46,0.85
MENRES002008_3,2023-07-19T19:52:04,12.98,11.43,1.55
MENRES002008_8,2023-02-11T22:37:01,65.54,53.43,12.11
MENRES002008_9,2023-09-14T20:35:57,73.29,65.47,7.82
MENRES002008_12,2023-11-19T22:17:03,31.5,27.35,4.15
MENRES002009_2,2023-11-23T22:57:58,9.33,7.79,1.54
MENRES002009_3,2023-09-18T04:01:53,9.84,8.29,1.55
MENRES002009_4,2023-06-11T14:51:23,20.07,16.5,3.57
MENRES002010_4,2023-03-24T19:31:14,5.25,4.61,0.64
MENRES002011_1,2023-04-09T01:55:46,18.74,16.37,2.37
MENRES002011_3,2023-02-17T19:01:37,10.41,8.52,1.89
MENRES002011_6,2023-02-15T09:08:51,13.09,11.73,1.36
MENRES002011_7,2023-07-28T01:40:39,70.3,65.32,4.98
MENRES002011_8,2023-11-07T07:47:12,69.66,64.51,5.15
MENRES002012_0,2023-10-20T02:38:26,43.07,37.2,5.87
MENRES002012_3,2023-11-04T10:58:45,26.72,21.99,4.73
MENRES002012_5,2023-07-09T02:39:24,55.51,50.44,5.07
MENRES002012_6,2023-01-31T10:10:55,69.09,59.7,9.39
MENRES002013_0,2023-12-27T04:23:40,29.08,23.3,5.78
MENRES002014_0,2023-07-23T18:37:30,72.65,65.31,7.34
MENRES002014_1,2023-06-21T08:42:03,86.28,73.12,13.16
MENRES002014_10,2023-03-03T03:27:30,159.21,140.09,19.12
MENRES002014_12,2023-08-02T23:00:01,27.07,23.59,3.48
MENRES002015_4,2023-05-25T08:59:44,37.33,31.15,6.18
MENRES002015_5,2023-07-25T02:45:59,38.59,34.21,4.38
MENRES002015_6,2023-12-27T00:58:53,29.81,28.1,1.71
MENRES002015_8,2023-03-11T18:36:03,7.48,6.24,1.24
MENRES002015_9,2023-10-28T10:11:42,21.91,18.3,3.61
MENRES002015_11,2023-04-18T17:22:23,13.38,11.97,1.41
MENRES002016_3,2023-03-18T05:27:10,130.29,105.95,24.34
MENRES002016_4,2023-03-01T12:20:38,47.08,39.28,7.8
MENRES002016_6,2023-01-16T20:26:36,64.42,59.0,5.42
MENRES002017_2,2023-02-20T12:01:41,22.81,21.31,1.5
MENRES002017_11,2023-07-29T19:57:22,29.48,26.65,2.83
MENRES002017_14,2023-09-05T07:38:25,38.58,36.58,2.0
MENRES002018_2,2023-09-14T07:31:32,35.7,32.58,3.12
MENRES002018_6,2023-09-11T10:12:39,98.67,83.1,15.57
MENRES002018_11,2023-11-25T21:24:36,94.14,75.37,18.77
MENRES002018_12,2023-11-01T01:23:17,34.7,29.84,4.86
MENRES002018_17,2023-01-08T22:09:49,89.07,77.18,11.89
MENRES002018_18,2023-03-13T00:03:11,86.04,78.72,7.32
MENRES002019_6,2023-09-10T21:35:00,22.54,21.08,1.46
MENRES002019_7,2023-06-10T09:51:25,32.37,26.1,6.27
MENRES002019_11,2023-09-23T12:41:59,16.21,14.42,1.79
MENRES002019_16,2023-09-08T15:47:50,37.64,33.5,4.14
MENRES002020_0,2023-03-20T02:14:53,11.07,9.9,1.17
MENRES002020_1,2023-09-30T13:11:38,10.4,9.56,0.84
MENRES002020_3,2023-02-09T07:41:29,35.69,33.68,2.01
MENRES002020_4,2023-11-07T02:34:44,39.81,32.61,7.2
MENRES002020_5,2023-08-18T06:30:24,12.59,10.81,1.78
MENRES002021_1,2023-12-04T15:54:10,20.35,16.53,3.82
MENRES002021_4,2023-03-17T04:37:28,55.03,44.58,10.45
MENRES002022_2,2023-03-13T11:38:17,32.69,29.24,3.45
MENRES002022_9,2023-04-24T07:51:54,14.1,13.06,1.04
MENRES002023_7,2023-10-06T07:14:59,20.04,18.04,2.0
MENRES002023_13,2023-02-03T12:18:36,24.73,21.42,3.31
MENRES002023_14,2023-08-15T19:46:58,5.99,5.03,0.96
MENRES002024_2,2023-10-27T14:17:08,144.17,120.14,24.03
MENRES002024_4,2023-09-18T12:51:34,106.69,91.7,14.99
MENRES002024_5,2023-10-22T16:09:08,46.8,40.42,6.38
MENRES002024_6,2023-06-02T04:21:25,74.9,68.53,6.37
MENRES002024_13,2023-02-04T15:26:54,123.37,99.1,24.27
MENRES002025_2,2023-02-10T10:33:48,93.67,77.83,15.84
MENRES002026_3,2023-04-29T17:43:35,133.71,126.71,7.0
MENRES002026_8,2023-05-24T11:26:01,139.76,121.6,18.16
MENRES002027_4,2023-02-26T20:36:33,34.72,29.74,4.98
MENRES002028_0,2023-04-28T17:27:17,18.99,16.48,2.51
MENRES002028_3,2023-12-26T11:02:26,23.38,19.77,3.61
MENRES002028_4,2023-06-20T10:34:16,30.61,25.19,5.42
MENRES002030_1,2023-01-28T09:03:48,135.51,127.73,7.78
MENRES002030_2,2023-04-26T13:16:49,135.75,114.74,21.01
MENRES002031_2,2023-10-18T10:43:16,79.61,72.94,6.67
MENRES002031_6,2023-08-06T17:45:56,63.35,54.84,8.51
MENRES002031_7,2023-02-26T23:34:09,17.35,14.74,2.61
MENRES002031_15,2023-10-29T12:01:13,42.4,37.09,5.31
MENRES002031_18,2023-09-27T15:29:02,57.2,51.93,5.27
MENRES002032_6,2023-11-24T13:41:36,22.88,21.25,1.63
MENRES002033_2,2023-11-27T02:48:44,112.79,103.76,9.03
MENRES002033_8,2023-01-02T12:16:53,53.36,43.56,9.8
MENRES002033_9,2023-11-18T13:26:13,20.75,17.33,3.42
MENRES002034_4,2023-07-10T11:40:59,30.86,28.98,1.88
MENRES002034_5,2023-01-13T12:46:29,33.68,28.91,4.77
MENRES002035_0,2023-10-06T08:09:46,26.46,23.17,3.29
MENRES002035_3,2023-12-25T14:00:06,19.66,15.93,3.73
MENRES002036_1,2023-03-30T03:37:46,51.86,45.72,6.14
MENRES002036_6,2023-04-15T09:52:34,57.94,49.28,8.66
MENRES002037_3,2023-07-31T23:18:06,108.48,91.27,17.21
MENRES002037_5,2023-03-02T17:51:50,48.8,40.24,8.56
MENRES002037_12,2023-12-18T10:44:57,111.34,98.89,12.45
MENRES002037_13,2023-06-27T05:34:37,58.55,53.61,4.94
MENRES002037_15,2023-10-15T03:10:29,108.12,90.06,18.06
MENRES002038_0,2023-12-05T23:24:07,17.18,14.97,2.21
MENRES002038_6,2023-11-18T20:36:21,25.97,23.64,2.33
MENRES002038_10,2023-07-10T09:04:04,10.07,8.8,1.27
MENRES002038_12,2023-10-25T12:13:55,25.14,20.9,4.24
MENRES002039_0,2023-06-12T01:27:10,13.5,11.4,2.1
MENRES002039_1,2023-05-04T22:06:52,71.65,64.43,7.22
MENRES002039_3,2023-10-27T09:17:59,59.52,51.6,7.92
MENRES002040_1,2023-06-02T20:11:44,48.33,39.89,8.44
MENRES002040_2,2023-10-22T20:47:11,62.96,59.2,3.76
MENRES002041_5,2023-11-23T07:44:56,144.55,134.35,10.2
MENRES002041_8,2023-12-12T13:49:38,140.74,130.91,9.83
MENRES002041_11,2023-11-15T10:37:29,21.24,19.66,1.58
MENRES002041_12,2023-10-21T10:41:49,73.45,62.25,11.2
MENRES002041_14,2023-03-30T21:44:41,104.74,94.35,10.39
MENRES002043_0,2023-08-21T00:40:08,72.46,68.05,4.41
MENRES002043_2,2023-06-06T03:10:55,38.11,36.04,2.07
MENRES002043_3,2023-10-06T15:00:00,96.77,83.73,13.04
MENRES002043_7,2023-01-22T01:48:35,118.31,110.45,7.86
MENRES002043_9,2023-08-17T16:16:47,73.34,67.66,5.68
MENRES002044_4,2023-12-17T19:47:42,106.65,100.03,6.62
MENRES002045_2,2023-08-04T02:33:19,85.07,74.53,10.54
MENRES002045_4,2023-11-16T15:00:23,15.91,14.9,1.01
MENRES002045_6,2023-03-05T09:14:21,75.35,66.26,9.09
MENRES002045_11,2023-12-27T17:47:41,23.19,20.88,2.31
MENRES002045_17,2023-03-04T09:36:52,19.67,16.76,2.91
MENRES002046_5,2023-08-26T20:27:13,103.48,83.27,20.21
MENRES002046_8,2023-10-04T00:18:10,38.25,34.12,4.13
MENRES002047_1,2023-09-13T11:43:58,107.05,95.15,11.9
MENRES002047_2,2023-05-14T09:26:50,93.06,75.81,17.25
MENRES002047_10,2023-12-01T06:11:08,118.89,102.74,16.15
MENRES002048_1,2023-12-13T14:10:06,92.31,80.22,12.09
MENRES002048_5,2023-11-12T05:52:52,105.44,96.39,9.05
MENRES002049_1,2023-10-02T04:49:01,74.99,67.33,7.66
MENRES002049_4,2023-10-16T19:30:46,39.0,34.68,4.32
MENRES002049_5,2023-03-18T13:00:22,67.37,54.17,13.2
MENRES002049_6,2023-05-12T21:25:35,114.75,94.2,20.55
MENRES002049_8,2023-09-28T08:25:53,31.08,28.72,2.36
MENRES002049_9,2023-07-04T13:58:37,65.8,57.86,7.94
MENRES002050_4,2023-12-23T12:03:44,73.12,63.61,9.51
MENRES002050_6,2023-08-12T04:36:20,52.85,42.73,10.12
MENRES002050_9,2023-10-01T00:07:15,14.23,12.57,1.66
MENRES002050_13,2023-12-08T13:03:04,35.95,30.26,5.69
MENRES002050_14,2023-04-05T23:41:19,66.34,54.47,11.87
MENRES002050_16,2023-05-23T21:57:26,42.18,37.29,4.89
MENRES002050_17,2023-01-10T17:41:56,39.95,33.66,6.29
MENRES002051_10,2023-09-29T11:49:26,13.62,11.29,2.33
MENRES002051_13,2023-08-27T01:33:34,19.92,16.85,3.07
MENRES002051_14,2023-12-08T22:49:11,21.98,20.14,1.84
MENRES002051_17,2023-01-24T10:09:14,50.09,43.38,6.71
MENRES002051_19,2023-09-18T10:21:21,18.69,15.0,3.69
MENRES002052_3,2023-12-16T00:01:16,31.78,28.09,3.69
MENRES002052_8,2023-05-26T23:05:51,46.96,40.68,6.28
MENRES002053_1,2023-09-17T16:40:41,70.87,65.19,5.68
MENRES002053_2,2023-07-25T23:30:35,138.6,122.34,16.26
MENRES002053_4,2023-12-12T05:36:54,121.74,110.45,11.29
MENRES002054_0,2023-06-08T11:11:20,90.45,74.03,16.42
MENRES002054_4,2023-07-09T12:04:27,21.16,18.38,2.78
MENRES002054_5,2023-01-11T11:43:17,125.22,104.79,20.43
MENRES002055_4,2023-03-18T07:51:22,24.85,23.37,1.48
MENRES002055_5,2023-01-27T03:07:42,38.03,34.2,3.83
MENRES002055_6,2023-07-28T19:55:19,31.88,27.14,4.74
MENRES002056_2,2023-10-17T07:40:56,151.31,121.31,30.0
MENRES002056_7,2023-12-23T08:44:53,120.45,104.35,16.1
MENRES002056_10,2023-12-15T19:34:31,41.68,36.41,5.27
MENRES002056_11,2023-10-14T04:34:05,137.09,124.26,12.83
MENRES002056_13,2023-01-04T22:55:58,93.09,85.25,7.84
MENRES002057_8,2023-03-17T04:55:46,114.35,93.24,21.11
MENRES002058_0,2023-09-29T16:53:07,65.52,59.71,5.81
MENRES002058_8,2023-10-26T20:12:19,10.45,8.81,1.64
MENRES002058_9,2023-09-04T01:13:55,75.61,61.87,13.74
MENRES002058_11,2023-06-06T09:43:19,64.49,55.64,8.85
MENRES002059_1,2023-05-14T12:31:55,88.11,77.17,10.94
MENRES002059_4,2023-07-25T22:21:20,97.79,83.94,13.85
MENRES002060_1,2023-01-13T14:17:52,24.31,22.44,1.87
MENRES002060_2,2023-05-27T04:53:03,38.03,32.73,5.3
MENRES002060_3,2023-06-16T02:59:23,30.37,27.66,2.71
MENRES002060_5,2023-03-02T16:03:48,9.96,8.78,1.18
MENRES002060_8,2023-11-19T22:15:02,5.06,4.5,0.56
MENRES002060_9,2023-05-07T15:01:44,18.57,16.62,1.95
MENRES002060_10,2023-02-02T00:05:35,5.67,5.02,0.65
MENRES002061_0,2023-12-10T08:56:59,101.64,88.15,13.49
MENRES002061_5,2023-07-16T10:00:19,41.11,33.26,7.85
MENRES002061_8,2023-12-08T19:38:41,26.01,22.35,3.66
MENRES002061_9,2023-03-14T12:32:43,63.14,50.64,12.5
MENRES002061_11,2023-08-26T18:03:48,74.86,64.7,10.16
MENRES002062_0,2023-09-11T13:57:19,103.17,82.86,20.31
MENRES002062_2,2023-07-21T21:30:50,77.59,63.97,13.62
MENRES002062_3,2023-09-14T13:50:15,52.36,41.97,10.39
MENRES002063_2,2023-07-05T21:27:16,113.62,92.78,20.84
MENRES002063_3,2023-10-28T00:18:49,49.38,46.82,2.56
MENRES002063_5,2023-09-25T13:56:58,131.03,117.14,13.89
MENRES002064_1,2023-03-12T14:27:51,26.83,22.18,4.65
MENRES002064_9,2023-06-26T18:14:48,36.71,34.37,2.34
MENRES002064_12,2023-10-23T15:15:04,30.42,25.25,5.17
MENRES002065_2,2023-11-01T15:06:44,16.89,13.73,3.16
MENRES002065_3,2023-11-01T05:48:44,58.24,54.18,4.06
MENRES002065_6,2023-01-17T22:02:23,90.46,78.16,12.3
MENRES002066_0,2023-07-02T08:19:50,62.31,49.95,12.36
MENRES002066_5,2023-11-16T03:40:32,38.35,31.32,7.03
MENRES002066_6,2023-07-17T18:15:29,77.36,66.25,11.11
MENRES002066_7,2023-11-30T19:20:12,33.64,28.33,5.31
MENRES002067_2,2023-07-14T08:33:59,61.79,54.55,7.24
MENRES002067_4,2023-09-07T19:22:57,44.7,36.25,8.45
MENRES002067_5,2023-07-27T00:13:12,26.73,22.68,4.05
MENRES002068_0,2023-08-27T03:05:28,91.64,86.93,4.71
MENRES002068_2,2023-10-07T11:56:49,111.48,90.6,20.88
MENRES002068_3,2023-01-08T20:38:16,50.25,44.11,6.14
MENRES002068_6,2023-06-29T02:44:55,84.68,72.79,11.89
MENRES002069_0,2023-07-23T07:30:11,44.37,38.74,5.63
MENRES002069_7,2023-11-21T03:01:13,78.55,70.26,8.29
MENRES002070_4,2023-12-01T21:06:45,33.85,31.52,2.33
MENRES002071_7,2023-07-24T02:15:56,15.06,13.71,1.35
MENRES002072_1,2023-05-22T04:02:53,47.52,42.24,5.28
MENRES002072_2,2023-06-16T08:42:43,95.12,88.81,6.31
MENRES002072_6,2023-09-01T05:44:21,118.78,101.82,16.96
MENRES002072_12,2023-11-10T13:22:25,58.51,54.8,3.71
MENRES002072_15,2023-05-15T21:22:02,103.83,86.92,16.91
MENRES002072_16,2023-05-28T08:01:01,139.83,132.59,7.24
MENRES002072_17,2023-01-28T02:57:34,118.99,109.5,9.49
MENRES002072_19,2023-11-09T10:29:49,80.36,74.52,5.84
MENRES002073_0,2023-02-13T07:34:08,71.25,65.51,5.74
MENRES002073_4,2023-09-10T16:17:04,18.62,15.27,3.35
MENRES002073_5,2023-09-19T14:13:12,49.72,45.57,4.15
MENRES002073_8,2023-05-22T11:13:34,15.53,13.23,2.3
MENRES002074_11,2023-05-01T13:09:47,97.98,89.09,8.89
MENRES002074_12,2023-07-27T15:46:09,150.71,122.5,28.21
MENRES002074_14,2023-09-17T09:36:57,64.82,55.31,9.51
MENRES002074_15,2023-04-09T11:11:16,65.77,57.36,8.41
MENRES002074_16,2023-05-08T19:35:57,22.6,20.67,1.93
MENRES002074_18,2023-04-19T10:36:27,152.14,135.08,17.06
MENRES002075_0,2023-11-13T20:55:14,70.47,60.23,10.24
MENRES002075_2,2023-04-30T20:45:16,154.28,132.78,21.5
MENRES002076_4,2023-11-14T04:11:37,29.87,25.0,4.87
MENRES002077_0,2023-08-25T15:41:34,10.91,10.14,0.77
MENRES002077_2,2023-09-27T16:08:01,8.7,8.01,0.69
MENRES002077_4,2023-07-02T09:51:37,27.24,24.65,2.59
MENRES002077_6,2023-07-22T04:35:37,10.76,9.33,1.43
MENRES002077_11,2023-11-28T06:54:19,7.88,7.17,0.71
MENRES002077_12,2023-08-13T13:56:41,33.63,27.02,6.61
MENRES002077_14,2023-12-11T16:17:17,32.33,30.29,2.04
MENRES002077_15,2023-08-04T23:54:11,30.9,27.94,2.96
MENRES002078_6,2023-11-27T12:03:39,113.64,105.47,8.17
MENRES002078_7,2023-10-18T13:34:34,105.52,87.51,18.01
MENRES002079_0,2023-01-02T16:11:24,117.4,94.67,22.73
MENRES002079_1,2023-01-01T16:17:48,91.74,86.41,5.33
MENRES002079_3,2023-07-23T22:04:43,93.33,77.55,15.78
MENRES002079_8,2023-02-08T06:59:10,53.04,45.91,7.13
MENRES002080_1,2023-10-16T21:59:58,28.79,25.23,3.56
MENRES002080_2,2023-10-17T13:58:17,5.03,4.28,0.75
MENRES002080_4,2023-12-20T21:17:28,27.42,24.19,3.23
MENRES002080_7,2023-03-19T07:40:27,22.32,19.67,2.65
MENRES002080_9,2023-09-22T13:47:54,24.29,22.92,1.37
MENRES002080_10,2023-08-30T03:13:33,29.5,26.31,3.19
MENRES002080_11,2023-06-14T13:03:38,35.69,33.36,2.33
MENRES002081_1,2023-04-25T21:10:54,146.59,120.54,26.05
MENRES002081_2,2023-03-01T23:37:22,61.03,49.17,11.86
MENRES002081_4,2023-03-03T20:30:08,37.85,32.76,5.09
MENRES002081_6,2023-08-16T14:12:07,64.4,55.21,9.19
MENRES002081_8,2023-12-24T20:29:00,109.94,102.11,7.83
MENRES002081_11,2023-06-09T18:23:09,99.25,87.76,11.49
MENRES002082_3,2023-07-30T20:20:36,101.42,86.85,14.57
MENRES002082_8,2023-10-19T23:44:46,95.49,86.92,8.57
MENRES002082_10,2023-03-26T01:59:15,77.11,72.97,4.14
MENRES002082_13,2023-08-16T07:21:24,93.16,81.89,11.27
MENRES002083_4,2023-11-08T00:30:06,44.59,35.81,8.78
MENRES002083_6,2023-07-07T12:26:26,55.14,44.93,10.21
MENRES002083_9,2023-10-23T07:00:10,63.7,56.72,6.98
MENRES002083_11,2023-09-09T08:49:28,56.88,53.14,3.74
MENRES002083_15,2023-07-31T08:24:23,68.75,61.22,7.53
MENRES002084_1,2023-02-07T07:43:36,47.36,43.28,4.08
MENRES002084_2,2023-06-10T10:59:56,24.39,20.2,4.19
MENRES002084_3,2023-05-21T23:51:24,31.5,28.73,2.77
MENRES002084_11,2023-10-08T23:35:03,141.88,132.53,9.35
MENRES002084_12,2023-07-28T19:45:47,41.32,38.94,2.38
MENRES002085_12,2023-01-12T09:41:02,26.65,21.68,4.97
MENRES002085_13,2023-09-28T22:51:13,29.57,26.16,3.41
MENRES002086_4,2023-04-17T11:04:44,91.26,85.02,6.24
MENRES002086_6,2023-01-18T02:39:31,158.64,141.6,17.04
MENRES002086_9,2023-09-30T00:19:44,93.6,84.38,9.22
MENRES002086_11,2023-12-09T05:24:10,143.98,136.27,7.71
MENRES002086_12,2023-02-28T07:07:59,134.48,120.15,14.33
MENRES002086_17,2023-11-08T09:27:15,75.36,60.81,14.55
MENRES002086_18,2023-07-26T11:45:30,96.07,90.88,5.19
MENRES002087_0,2023-12-29T19:17:38,27.86,25.35,2.51
MENRES002087_3,2023-03-21T06:13:41,49.44,40.45,8.99
MENRES002087_5,2023-10-14T06:08:13,79.42,64.62,14.8
MENRES002087_9,2023-11-19T21:17:06,39.2,35.67,3.53
MENRES002087_11,2023-07-25T16:44:06,37.55,30.76,6.79
MENRES002088_0,2023-11-03T11:21:58,64.33,57.32,7.01
MENRES002088_3,2023-10-26T19:28:11,33.18,28.25,4.93
MENRES002088_4,2023-07-16T10:50:36,64.59,54.44,10.15
MENRES002088_6,2023-02-20T17:22:06,108.62,102.13,6.49
MENRES002088_10,2023-08-04T17:56:14,79.54,64.01,15.53
MENRES002088_11,2023-12-22T01:01:23,33.59,29.39,4.2
MENRES002089_1,2023-06-04T14:22:10,61.68,57.96,3.72
MENRES002089_2,2023-07-13T03:39:33,63.78,54.62,9.16
MENRES002089_3,2023-08-14T14:26:07,59.67,53.88,5.79
MENRES002089_4,2023-05-25T14:55:33,86.09,81.44,4.65
MENRES002089_5,2023-08-29T08:02:09,80.24,64.39,15.85
MENRES002089_8,2023-08-28T02:51:07,128.19,105.79,22.4
MENRES002089_9,2023-10-27T13:14:43,108.99,96.38,12.61
MENRES002089_10,2023-04-30T22:58:26,159.8,132.75,27.05
MENRES002090_11,2023-11-27T04:41:31,116.98,103.07,13.91
MENRES002090_14,2023-07-08T14:01:48,69.62,56.1,13.52
MENRES002090_15,2023-08-21T11:40:42,73.04,61.3,11.74
MENRES002091_1,2023-09-04T12:08:40,24.95,20.03,4.92
MENRES002091_5,2023-05-25T18:38:57,9.92,9.02,0.9
MENRES002092_2,2023-08-18T16:40:19,12.58,11.49,1.09
MENRES002092_6,2023-11-25T20:01:31,60.06,53.73,6.33
MENRES002092_12,2023-07-10T18:02:26,48.4,41.15,7.25
MENRES002093_3,2023-06-30T22:08:11,28.1,26.67,1.43
MENRES002093_6,2023-07-05T11:55:17,8.12,7.54,0.58
MENRES002093_10,2023-02-10T11:38:27,10.72,8.74,1.98
MENRES002093_11,2023-01-10T01:20:01,17.81,15.26,2.55
MENRES002094_0,2023-12-09T10:23:36,104.57,91.44,13.13
MENRES002094_6,2023-12-18T12:02:11,50.2,42.0,8.2
MENRES002095_1,2023-03-07T22:14:51,32.3,27.96,4.34
MENRES002096_0,2023-06-11T15:16:42,39.63,34.84,4.79
MENRES002096_1,2023-10-17T09:04:27,10.52,8.71,1.81
MENRES002096_3,2023-11-04T10:36:28,20.81,17.79,3.02
MENRES002097_5,2023-01-26T11:43:27,98.58,90.61,7.97
MENRES002097_6,2023-05-04T18:06:50,69.03,63.7,5.33
MENRES002097_10,2023-03-21T20:16:21,85.99,76.54,9.45
MENRES002097_13,2023-11-29T22:17:15,47.34,41.58,5.76
MENRES002097_16,2023-06-02T13:11:46,43.79,39.73,4.06
MENRES002098_0,2023-01-16T16:54:48,19.46,18.36,1.1
MENRES002098_1,2023-09-10T00:03:05,31.8,28.23,3.57
MENRES002098_2,2023-12-27T23:58:47,45.84,38.69,7.15
MENRES002098_4,2023-01-09T06:57:44,32.33,27.16,5.17
MENRES002098_5,2023-10-25T14:51:25,49.32,40.4,8.92
MENRES002098_6,2023-01-11T00:00:22,74.48,61.38,13.1
MENRES002098_8,2023-01-03T13:56:15,51.77,45.06,6.71
MENRES002098_9,2023-06-06T04:00:37,21.02,19.25,1.77
MENRES002099_1,2023-09-30T18:57:41,44.45,37.7,6.75
MENRES002099_2,2023-02-06T13:20:04,59.29,49.01,10.28
MENRES002099_3,2023-05-05T15:04:32,77.38,71.12,6.26
MENRES002099_6,2023-04-07T23:28:46,26.73,22.63,4.1
MENRES002100_0,2023-10-27T16:22:43,21.08,19.5,1.58
MENRES002100_10,2023-07-31T18:23:29,60.67,55.65,5.02
MENRES002101_1,2023-06-15T12:12:47,15.56,14.64,0.92
MENRES002101_2,2023-02-11T01:35:38,66.4,54.91,11.49
MENRES002101_6,2023-02-19T21:42:41,56.94,50.43,6.51
MENRES002102_0,2023-11-08T23:48:42,25.99,22.21,3.78
MENRES002102_4,2023-07-20T03:48:57,39.08,35.19,3.89
MENRES002103_2,2023-07-15T15:24:09,43.34,39.4,3.94
MENRES002103_7,2023-07-22T21:46:26,37.24,30.89,6.35
MENRES002104_2,2023-12-29T22:59:46,34.55,30.33,4.22
MENRES002104_8,2023-03-09T11:19:10,16.98,16.05,0.93
MENRES002104_11,2023-12-15T23:58:40,29.71,27.76,1.95
MENRES002104_13,2023-05-03T11:35:12,15.86,13.01,2.85
MENRES002104_14,2023-09-09T19:42:42,25.76,24.11,1.65
MENRES002105_1,2023-11-13T17:28:35,45.1,36.93,8.17
MENRES002105_2,2023-12-04T07:54:52,60.54,53.09,7.45
MENRES002105_4,2023-08-02T15:54:02,26.46,24.51,1.95
MENRES002105_5,2023-05-16T09:58:27,34.71,32.33,2.38
MENRES002105_6,2023-02-18T20:42:24,18.13,14.86,3.27
MENRES002105_7,2023-09-21T17:48:54,13.53,12.53,1.0
MENRES002105_9,2023-12-18T21:32:04,19.8,16.2,3.6
MENRES002105_16,2023-12-05T19:58:40,60.02,54.22,5.8
MENRES002105_18,2023-02-02T23:18:02,29.26,27.53,1.73
MENRES002106_3,2023-04-28T21:47:19,49.63,42.76,6.87
MENRES002107_1,2023-05-24T17:51:30,75.33,69.69,5.64
MENRES002108_6,2023-11-28T18:03:05,101.17,95.89,5.28
MENRES002108_10,2023-07-17T07:20:34,25.13,20.76,4.37
MENRES002109_6,2023-05-01T21:01:48,70.41,64.07,6.34
MENRES002109_9,2023-03-08T08:35:34,85.25,73.13,12.12
MENRES002109_15,2023-06-03T06:04:50,60.91,57.3,3.61
MENRES002110_2,2023-07-25T00:14:51,53.25,50.0,3.25
MENRES002110_5,2023-03-07T18:47:22,79.86,64.05,15.81
MENRES002111_4,2023-10-11T05:35:54,15.41,13.48,1.93
MENRES002111_5,2023-01-14T00:32:01,44.84,38.71,6.13
MENRES002111_7,2023-10-06T15:52:07,54.4,48.87,5.53
MENRES002111_8,2023-03-16T22:18:45,27.85,22.73,5.12
MENRES002111_10,2023-06-05T17:37:30,21.05,19.37,1.68
MENRES002111_14,2023-01-07T20:01:01,10.81,9.74,1.07
MENRES002111_15,2023-04-12T04:32:24,62.55,50.14,12.41
MENRES002111_16,2023-10-11T12:35:22,54.16,51.19,2.97
MENRES002112_0,2023-08-16T09:52:15,141.96,117.89,24.07
MENRES002113_0,2023-10-21T06:52:38,32.51,29.76,2.75
MENRES002113_1,2023-10-29T09:08:49,14.76,11.98,2.78
MENRES002113_4,2023-01-10T03:34:37,14.48,12.91,1.57
MENRES002113_6,2023-08-28T06:15:01,38.59,35.28,3.31
MENRES002113_8,2023-01-02T18:00:43,18.37,15.45,2.92
MENRES002114_0,2023-08-18T13:31:23,32.33,29.85,2.48
MENRES002115_1,2023-12-15T20:17:07,157.22,130.53,26.69
MENRES002115_6,2023-07-12T09:55:03,75.95,61.32,14.63
MENRES002115_8,2023-03-09T19:06:54,78.38,68.43,9.95
MENRES002115_9,2023-06-09T15:20:57,136.5,115.89,20.61
MENRES002115_14,2023-02-16T18:00:54,142.09,132.33,9.76
MENRES002116_2,2023-05-07T16:51:05,75.74,70.69,5.05
MENRES002117_0,2023-05-29T09:37:20,14.82,12.37,2.45
MENRES002117_4,2023-10-22T13:47:56,33.8,30.2,3.6
MENRES002117_5,2023-07-17T22:15:33,37.05,30.07,6.98
MENRES002117_6,2023-04-08T16:19:42,29.88,26.43,3.45
MENRES002117_8,2023-08-24T16:18:12,24.47,22.32,2.15
MENRES002117_12,2023-05-26T10:54:30,21.13,19.74,1.39
MENRES002117_13,2023-02-02T16:36:58,11.47,9.26,2.21
MENRES002118_7,2023-06-06T10:44:11,41.22,34.25,6.97
MENRES002118_9,2023-06-21T08:37:58,23.97,21.61,2.36
MENRES002118_13,2023-08-22T11:39:23,22.46,19.48,2.98
MENRES002118_18,2023-08-11T04:57:52,85.97,79.73,6.24
MENRES002119_0,2023-11-25T23:57:07,13.85,11.5,2.35
MENRES002119_3,2023-03-20T15:31:17,7.61,6.79,0.82
MENRES002119_5,2023-05-11T00:13:51,7.03,6.33,0.7
MENRES002120_0,2023-06-08T08:40:15,64.47,55.81,8.66
MENRES002120_1,2023-10-13T17:05:47,34.63,28.68,5.95
MENRES002120_3,2023-10-17T19:44:43,75.84,63.64,12.2
MENRES002121_0,2023-01-25T10:47:11,73.59,66.73,6.86
MENRES002121_5,2023-08-10T21:14:05,36.3,32.17,4.13
MENRES002121_8,2023-02-01T09:54:14,46.1,41.84,4.26
MENRES002121_18,2023-08-21T01:30:44,66.58,53.31,13.27
MENRES002122_5,2023-09-19T01:05:49,97.92,88.11,9.81
MENRES002122_7,2023-03-06T13:35:41,39.24,35.3,3.94
MENRES002123_2,2023-04-13T02:59:44,18.22,16.64,1.58
MENRES002123_3,2023-09-10T09:30:16,15.72,14.27,1.45
MENRES002123_7,2023-08-11T22:40:38,33.87,29.0,4.87
MENRES002124_1,2023-06-18T17:14:32,61.2,49.79,11.41
MENRES002124_13,2023-06-21T08:58:08,66.32,56.25,10.07
MENRES002124_14,2023-10-11T04:09:38,84.65,77.34,7.31
MENRES002125_4,2023-02-26T03:24:22,83.2,72.39,10.81
MENRES002125_5,2023-12-24T18:10:00,57.1,46.59,10.51
MENRES002125_15,2023-06-17T12:09:03,87.21,72.09,15.12
MENRES002125_16,2023-02-12T16:38:50,69.34,63.17,6.17
MENRES002126_3,2023-08-27T06:27:35,156.22,128.09,28.13
MENRES002126_4,2023-11-16T15:07:01,33.01,30.76,2.25
MENRES002127_5,2023-07-04T23:11:22,60.35,49.64,10.71
MENRES002127_6,2023-03-11T08:36:35,144.93,118.53,26.4
MENRES002127_7,2023-10-21T10:45:33,88.52,83.4,5.12
MENRES002128_0,2023-04-19T15:30:32,90.21,74.5,15.71
MENRES002128_5,2023-03-10T23:05:17,39.42,34.77,4.65
MENRES002128_10,2023-08-29T18:29:13,77.67,66.91,10.76
MENRES002128_13,2023-07-09T03:04:39,30.17,25.52,4.65
MENRES002129_1,2023-10-24T08:12:26,79.87,69.57,10.3
MENRES002129_7,2023-12-05T03:08:15,17.64,15.67,1.97
MENRES002129_8,2023-06-11T08:40:25,36.8,34.06,2.74
MENRES002130_3,2023-05-10T14:42:13,51.5,45.77,5.73
MENRES002130_6,2023-03-08T09:13:35,17.34,16.2,1.14
MENRES002130_8,2023-06-02T16:31:46,33.51,27.15,6.36
MENRES002130_10,2023-03-17T02:13:50,25.47,21.45,4.02
MENRES002130_11,2023-03-10T00:31:35,35.17,28.58,6.59
MENRES002130_12,2023-07-24T18:22:38,21.2,18.59,2.61
MENRES002131_2,2023-05-21T09:46:21,112.01,91.59,20.42
MENRES002132_0,2023-11-24T11:11:44,14.43,13.18,1.25
MENRES002132_1,2023-08-09T08:53:04,59.14,48.16,10.98
MENRES002132_4,2023-10-28T11:28:39,45.43,36.63,8.8
MENRES002132_7,2023-02-13T04:17:53,53.61,43.53,10.08
MENRES002132_9,2023-11-21T10:45:57,45.34,40.66,4.68
MENRES002133_0,2023-02-12T07:09:48,5.06,4.64,0.42
MENRES002133_4,2023-01-04T02:27:54,6.54,5.67,0.87
MENRES002134_0,2023-12-15T08:13:36,19.09,16.89,2.2
MENRES002134_8,2023-10-22T03:18:39,38.39,32.42,5.97
MENRES002134_13,2023-11-27T13:16:03,8.82,7.48,1.34
MENRES002134_14,2023-01-16T07:08:42,22.15,19.09,3.06
MENRES002134_16,2023-12-12T14:23:50,16.06,15.16,0.9
MENRES002134_17,2023-06-02T09:15:23,15.72,13.7,2.02
MENRES002134_18,2023-01-13T01:07:15,10.41,8.67,1.74
MENRES002135_0,2023-12-13T10:21:28,5.11,4.65,0.46
MENRES002135_8,2023-04-21T19:29:46,35.11,29.05,6.06
MENRES002135_9,2023-01-01T15:17:25,33.81,28.16,5.65
MENRES002135_10,2023-08-28T01:33:34,37.79,30.86,6.93
MENRES002135_11,2023-02-14T19:18:15,25.04,21.69,3.35
MENRES002135_15,2023-04-17T01:14:10,38.53,32.1,6.43
MENRES002136_2,2023-05-18T07:19:56,62.66,58.25,4.41
MENRES002137_13,2023-04-11T18:20:10,71.01,65.51,5.5
MENRES002137_14,2023-03-01T02:53:48,32.09,28.64,3.45
MENRES002138_2,2023-10-20T20:44:48,92.81,87.43,5.38
MENRES002138_4,2023-08-20T00:06:15,46.28,37.58,8.7
MENRES002138_5,2023-09-03T13:44:39,32.16,30.02,2.14
MENRES002138_7,2023-05-22T05:51:33,98.94,88.59,10.35
MENRES002139_0,2023-04-12T01:10:34,16.42,15.42,1.0
MENRES002139_1,2023-05-25T16:01:03,16.9,13.6,3.3
MENRES002139_8,2023-12-21T20:16:49,22.79,19.47,3.32
MENRES002139_9,2023-07-09T10:16:28,35.95,30.59,5.36
MENRES002140_2,2023-05-26T14:52:17,25.98,23.26,2.72
MENRES002140_5,2023-07-22T06:54:50,10.23,8.75,1.48
MENRES002140_8,2023-12-23T07:37:08,12.64,10.32,2.32
MENRES002141_1,2023-01-12T04:09:24,90.49,80.77,9.72
MENRES002141_6,2023-02-14T06:49:23,38.03,35.0,3.03
MENRES002142_2,2023-09-07T01:14:19,129.8,107.3,22.5
MENRES002142_6,2023-11-19T06:36:13,45.54,38.48,7.06
MENRES002142_7,2023-01-24T03:37:08,98.71,93.41,5.3
MENRES002142_10,2023-02-17T20:36:23,54.26,47.82,6.44
MENRES002143_0,2023-04-01T10:23:03,80.28,67.17,13.11
MENRES002144_5,2023-12-29T18:45:15,19.62,16.82,2.8
MENRES002144_6,2023-07-17T23:39:03,61.9,51.06,10.84
MENRES002145_0,2023-11-22T21:47:38,69.74,56.16,13.58
MENRES002145_3,2023-08-12T03:56:49,10.51,9.71,0.8
MENRES002146_0,2023-04-20T07:20:13,52.32,44.21,8.11
MENRES002146_1,2023-10-17T07:38:45,88.84,71.84,17.0
MENRES002146_4,2023-04-07T08:47:57,16.73,15.6,1.13
MENRES002147_1,2023-12-17T11:54:07,47.61,39.33,8.28
MENRES002147_2,2023-10-21T13:04:20,74.7,62.85,11.85
MENRES002147_5,2023-03-01T12:35:44,79.87,68.92,10.95
MENRES002147_7,2023-03-25T09:17:40,36.48,32.86,3.62
MENRES002147_10,2023-07-17T17:42:05,10.17,9.49,0.68
MENRES002148_0,2023-07-10T20:32:44,76.62,62.94,13.68
MENRES002148_1,2023-01-13T18:44:27,77.57,66.43,11.14
MENRES002148_2,2023-08-09T11:11:37,115.32,93.83,21.49
MENRES002148_9,2023-03-22T13:26:33,78.38,70.94,7.44
MENRES002148_14,2023-10-20T09:00:57,110.6,91.17,19.43
MENRES002149_0,2023-02-06T18:55:10,30.99,26.48,4.51
MENRES002149_4,2023-12-29T10:18:12,129.56,118.66,10.9
MENRES002150_1,2023-02-26T07:57:08,41.29,33.96,7.33
MENRES002150_8,2023-05-11T02:56:21,114.45,95.21,19.24
MENRES002150_9,2023-08-24T00:54:24,71.21,58.63,12.58
MENRES002150_11,2023-05-01T11:16:21,47.55,39.49,8.06
MENRES002150_12,2023-01-31T07:03:01,51.09,44.11,6.98
MENRES002151_2,2023-09-13T02:19:17,29.95,27.8,2.15
MENRES002151_3,2023-07-12T17:24:09,78.16,67.5,10.66
MENRES002152_3,2023-12-09T06:56:30,38.89,36.59,2.3
MENRES002152_8,2023-07-08T03:42:08,137.44,123.78,13.66
MENRES002152_13,2023-03-24T01:48:13,101.9,88.52,13.38
MENRES002152_14,2023-05-18T01:56:10,100.59,88.17,12.42
MENRES002152_15,2023-02-04T13:09:03,152.23,142.45,9.78
MENRES002153_1,2023-07-30T02:52:59,14.1,11.65,2.45
MENRES002153_2,2023-10-10T16:27:22,12.02,10.63,1.39
MENRES002154_1,2023-09-11T22:29:15,98.22,91.86,6.36
MENRES002154_3,2023-07-15T10:25:09,81.38,72.96,8.42
MENRES002154_9,2023-09-05T07:31:13,45.99,37.04,8.95
MENRES002155_0,2023-02-28T12:26:03,6.48,5.28,1.2
MENRES002155_1,2023-09-26T19:49:26,9.34,7.5,1.84
MENRES002155_2,2023-09-07T18:53:25,20.41,18.59,1.82
MENRES002155_5,2023-07-14T00:36:27,19.44,17.54,1.9
MENRES002155_6,2023-07-21T06:11:20,8.77,7.92,0.85
MENRES002155_8,2023-10-02T18:28:59,39.2,33.86,5.34
MENRES002155_10,2023-10-11T16:54:34,12.22,9.91,2.31
MENRES002155_12,2023-09-14T19:23:27,24.01,20.94,3.07
MENRES002155_14,2023-06-18T13:51:29,6.87,5.61,1.26
MENRES002156_2,2023-05-26T21:27:42,112.83,95.89,16.94
MENRES002156_5,2023-06-24T13:35:30,36.55,32.53,4.02
MENRES002157_10,2023-05-27T21:52:14,39.51,31.8,7.71
MENRES002157_11,2023-08-13T23:19:00,31.6,25.44,6.16
MENRES002157_13,2023-10-06T23:51:28,26.22,23.65,2.57
MENRES002157_17,2023-11-03T15:17:17,31.41,28.39,3.02
MENRES002158_0,2023-10-09T21:57:10,30.66,28.37,2.29
MENRES002158_5,2023-02-13T21:59:21,14.82,12.08,2.74
MENRES002158_10,2023-07-05T05:21:35,17.95,16.42,1.53
MENRES002158_11,2023-10-06T04:33:02,29.02,24.84,4.18
MENRES002159_0,2023-05-14T13:16:38,114.47,102.06,12.41
MENRES002159_1,2023-09-24T03:30:42,78.49,72.17,6.32
MENRES002159_3,2023-11-05T12:42:13,18.2,17.19,1.01
MENRES002159_8,2023-11-30T12:00:43,34.93,29.32,5.61
MENRES002160_1,2023-04-29T14:36:22,24.44,23.19,1.25
MENRES002160_4,2023-08-22T08:40:24,105.11,89.95,15.16
MENRES002161_1,2023-06-20T12:26:51,13.59,12.83,0.76
MENRES002161_9,2023-10-19T00:09:11,29.68,26.25,3.43
MENRES002161_10,2023-09-16T19:20:44,26.95,24.05,2.9
MENRES002161_11,2023-07-03T22:06:28,31.96,29.83,2.13
MENRES002161_12,2023-05-22T20:13:19,34.89,31.94,2.95
MENRES002161_15,2023-03-29T12:34:33,38.11,34.34,3.77
MENRES002162_3,2023-11-09T07:01:00,78.85,74.11,4.74
MENRES002162_6,2023-10-31T03:01:22,29.64,27.16,2.48
MENRES002162_8,2023-11-24T13:00:20,19.39,17.97,1.42
MENRES002162_9,2023-08-08T23:23:58,67.33,62.03,5.3
MENRES002162_12,2023-05-22T10:04:53,15.21,13.37,1.84
MENRES002163_0,2023-07-07T19:38:28,42.48,39.77,2.71
MENRES002163_1,2023-04-03T10:13:57,65.31,59.28,6.03
MENRES002163_2,2023-11-17T19:52:11,37.16,33.54,3.62
MENRES002164_3,2023-06-24T03:57:53,44.88,36.39,8.49
MENRES002164_4,2023-11-03T20:18:59,37.04,33.9,3.14
MENRES002165_4,2023-09-28T10:50:01,33.18,26.87,6.31
MENRES002165_5,2023-10-08T11:33:28,114.84,103.27,11.57
MENRES002165_7,2023-08-08T09:41:32,72.77,68.59,4.18
MENRES002166_5,2023-08-31T15:20:03,119.8,106.7,13.1
MENRES002166_6,2023-01-07T00:20:34,116.22,104.22,12.0
MENRES002166_7,2023-11-10T09:43:23,24.9,23.36,1.54
MENRES002167_0,2023-10-21T09:36:13,41.24,36.98,4.26
MENRES002169_1,2023-02-07T04:18:05,94.45,85.3,9.15
MENRES002169_2,2023-09-02T01:25:45,111.76,102.99,8.77
MENRES002169_3,2023-05-30T16:43:53,103.51,91.74,11.77
MENRES002169_5,2023-03-29T04:30:56,27.11,22.19,4.92
MENRES002169_9,2023-12-24T00:27:46,78.86,64.26,14.6
MENRES002169_10,2023-06-26T14:24:59,31.19,28.07,3.12
MENRES002170_2,2023-09-18T14:33:51,62.79,51.51,11.28
MENRES002170_12,2023-03-17T12:18:35,73.38,62.62,10.76
MENRES002170_13,2023-08-26T17:28:01,57.56,46.37,11.19
MENRES002170_14,2023-07-31T09:15:57,59.75,55.82,3.93
MENRES002171_2,2023-12-22T02:13:42,34.59,31.26,3.33
MENRES002171_3,2023-02-26T22:49:42,149.58,122.38,27.2
MENRES002171_4,2023-12-07T10:18:30,96.02,78.09,17.93
MENRES002171_8,2023-08-27T12:43:31,90.12,75.07,15.05
MENRES002171_9,2023-04-09T02:39:43,62.2,57.74,4.46
MENRES002171_12,2023-03-13T23:12:23,114.4,94.44,19.96
MENRES002172_0,2023-03-13T15:22:37,29.07,25.37,3.7
MENRES002172_3,2023-06-23T18:18:53,21.56,18.81,2.75
MENRES002172_5,2023-03-05T15:24:53,27.7,24.75,2.95
MENRES002172_8,2023-10-12T03:40:39,8.34,7.34,1.0
MENRES002172_10,2023-02-22T02:53:59,25.82,24.49,1.33
MENRES002172_12,2023-11-16T13:30:13,37.43,32.96,4.47
MENRES002172_13,2023-05-11T22:49:10,18.22,14.89,3.33
MENRES002172_17,2023-03-01T03:11:48,30.1,26.13,3.97
MENRES002173_0,2023-12-01T13:45:57,27.88,23.12,4.76
MENRES002173_11,2023-01-24T10:57:47,12.22,10.29,1.93
MENRES002174_0,2023-01-07T14:09:32,123.27,112.52,10.75
MENRES002174_1,2023-09-07T04:19:46,122.78,109.57,13.21
MENRES002174_2,2023-07-02T13:15:57,69.89,56.38,13.51
MENRES002174_6,2023-05-04T12:59:17,101.21,81.56,19.65
MENRES002174_11,2023-08-06T19:06:56,54.58,45.9,8.68
MENRES002175_1,2023-03-10T17:53:46,78.01,68.93,9.08
MENRES002175_6,2023-11-06T19:56:57,85.15,68.48,16.67
MENRES002176_1,2023-07-22T11:01:10,35.86,33.5,2.36
MENRES002176_3,2023-09-03T09:31:19,32.01,26.1,5.91
MENRES002176_5,2023-07-01T16:46:24,146.49,117.73,28.76
MENRES002177_0,2023-09-05T01:01:57,22.78,21.48,1.3
MENRES002177_11,2023-10-09T11:27:19,19.97,16.23,3.74
MENRES002178_3,2023-06-09T11:12:28,19.63,18.05,1.58
MENRES002179_3,2023-05-06T17:03:18,129.02,107.84,21.18
MENRES002179_4,2023-04-16T09:45:58,66.01,60.4,5.61
MENRES002179_6,2023-02-06T03:11:26,36.12,33.46,2.66
MENRES002179_7,2023-11-30T05:46:51,38.33,32.36,5.97
MENRES002179_8,2023-03-15T11:46:50,150.6,120.72,29.88
MENRES002180_2,2023-08-29T01:52:20,48.8,45.16,3.64
MENRES002180_7,2023-10-11T14:10:35,65.96,60.02,5.94
MENRES002180_9,2023-06-07T13:27:45,25.51,21.74,3.77
MENRES002180_10,2023-05-07T05:14:54,66.65,63.1,3.55
MENRES002180_11,2023-09-10T19:52:07,40.38,35.46,4.92
MENRES002181_2,2023-01-28T21:19:10,85.28,74.06,11.22
MENRES002181_4,2023-02-05T10:33:13,35.79,32.72,3.07
MENRES002181_9,2023-10-29T23:37:35,29.49,27.38,2.11
MENRES002181_10,2023-01-20T19:46:25,21.16,19.8,1.36
MENRES002182_15,2023-11-13T14:26:19,70.67,58.04,12.63
MENRES002183_0,2023-11-08T05:06:48,5.16,4.46,0.7
MENRES002183_10,2023-12-27T13:10:26,32.3,28.47,3.83
MENRES002183_13,2023-07-11T14:32:16,30.7,28.11,2.59
MENRES002183_14,2023-10-14T07:56:09,34.47,29.78,4.69
MENRES002183_16,2023-12-03T21:37:58,33.85,31.69,2.16
MENRES002183_17,2023-11-08T07:05:12,36.94,29.68,7.26
MENRES002184_0,2023-11-18T14:35:32,58.88,54.98,3.9
MENRES002184_1,2023-01-11T12:37:06,35.59,29.76,5.83
MENRES002184_6,2023-07-07T21:20:16,21.5,20.2,1.3
MENRES002185_3,2023-01-06T00:48:17,90.32,82.3,8.02
MENRES002185_4,2023-08-24T12:56:01,109.03,101.88,7.15
MENRES002186_1,2023-08-27T20:19:14,25.59,23.17,2.42
MENRES002186_4,2023-08-29T19:12:44,78.74,66.33,12.41
MENRES002186_5,2023-09-25T08:36:21,91.66,84.48,7.18
MENRES002186_6,2023-05-08T09:09:14,41.11,35.97,5.14
MENRES002187_3,2023-06-26T20:45:29,13.94,12.6,1.34
MENRES002187_4,2023-01-20T16:32:58,23.37,20.64,2.73
MENRES002188_6,2023-07-05T20:40:55,29.27,26.6,2.67
MENRES002188_7,2023-11-18T12:42:45,12.91,11.02,1.89
MENRES002188_9,2023-08-09T19:35:34,10.22,9.48,0.74
MENRES002188_17,2023-10-05T12:44:38,37.63,33.07,4.56
MENRES002189_0,2023-08-11T07:51:48,35.99,31.37,4.62
MENRES002189_4,2023-10-28T06:38:33,26.43,21.88,4.55
MENRES002190_1,2023-08-30T08:18:48,36.55,31.44,5.11
MENRES002190_3,2023-12-23T03:41:43,12.85,10.65,2.2
MENRES002190_7,2023-08-14T14:16:11,32.87,27.29,5.58
MENRES002190_13,2023-04-03T04:37:48,33.85,27.89,5.96
MENRES002190_14,2023-05-31T04:40:17,29.84,23.96,5.88
MENRES002191_4,2023-05-26T13:38:53,30.34,25.38,4.96
MENRES002191_5,2023-08-23T20:26:02,58.09,54.53,3.56
MENRES002191_8,2023-09-02T10:15:45,49.08,41.57,7.51
MENRES002191_10,2023-10-08T01:31:32,24.88,21.17,3.71
MENRES002192_0,2023-10-08T12:51:16,45.36,41.19,4.17
MENRES002192_4,2023-02-18T10:33:49,36.93,31.85,5.08
MENRES002193_7,2023-05-19T04:33:05,23.27,21.17,2.1
MENRES002193_9,2023-03-24T14:54:57,142.65,126.87,15.78
MENRES002193_13,2023-04-17T04:52:13,75.39,67.02,8.37
MENRES002194_0,2023-10-22T08:11:48,31.1,27.57,3.53
MENRES002194_1,2023-01-05T12:55:34,16.46,13.78,2.68
MENRES002194_3,2023-05-06T04:12:08,39.0,33.7,5.3
MENRES002194_5,2023-09-10T08:11:25,36.37,29.68,6.69
MENRES002194_9,2023-03-18T19:16:41,19.89,15.97,3.92
MENRES002195_1,2023-11-22T10:35:00,30.61,25.19,5.42
MENRES002195_4,2023-04-11T12:49:22,37.2,30.47,6.73
MENRES002195_9,2023-08-13T21:19:36,27.96,23.08,4.88
MENRES002195_10,2023-03-24T10:08:38,18.56,17.36,1.2
MENRES002195_14,2023-06-30T19:49:13,32.59,30.01,2.58
MENRES002196_6,2023-10-01T11:03:40,77.1,64.6,12.5
MENRES002196_7,2023-08-04T01:04:24,10.27,9.51,0.76
MENRES002196_9,2023-11-18T02:29:32,14.45,12.68,1.77
MENRES002197_0,2023-10-15T20:02:01,78.81,69.92,8.89
MENRES002197_3,2023-02-28T04:07:51,116.61,106.74,9.87
MENRES002197_6,2023-06-15T08:06:44,38.32,31.3,7.02
MENRES002197_7,2023-09-25T14:03:13,106.92,101.34,5.58
MENRES002197_11,2023-07-16T07:44:35,87.75,81.56,6.19
MENRES002197_14,2023-12-16T13:26:14,43.75,35.82,7.93
MENRES002197_15,2023-10-10T08:11:11,131.02,118.71,12.31
MENRES002198_0,2023-02-02T03:04:04,52.95,45.37,7.58
MENRES002198_4,2023-02-07T23:32:34,27.4,25.78,1.62
MENRES002198_13,2023-06-05T23:41:53,78.92,69.09,9.83
MENRES002198_15,2023-07-06T08:39:51,73.97,69.59,4.38
MENRES002199_0,2023-04-12T05:12:39,131.87,118.43,13.44
MENRES002199_7,2023-01-03T08:15:35,104.65,91.41,13.24
MENRES002199_11,2023-10-30T10:46:41,65.52,60.21,5.31
MENRES002199_12,2023-12-08T11:55:58,155.22,134.73,20.49
MENRES002200_1,2023-06-03T10:57:50,13.1,11.09,2.01
MENRES002200_4,2023-11-07T05:27:19,37.02,31.43,5.59
MENRES002200_5,2023-10-16T11:31:09,27.53,24.56,2.97
MENRES002200_9,2023-03-04T05:25:19,32.03,27.98,4.05
MENRES002200_10,2023-11-06T10:39:18,39.86,32.7,7.16
MENRES002200_13,2023-03-12T00:06:31,10.05,8.68,1.37
MENRES002200_15,2023-09-24T19:55:03,17.33,14.44,2.89
MENRES002201_3,2023-05-23T15:08:31,28.06,25.32,2.74
MENRES002201_6,2023-11-19T00:53:18,43.18,37.88,5.3
MENRES002201_9,2023-06-16T02:33:01,36.18,30.3,5.88
MENRES002202_4,2023-01-12T14:19:07,81.79,70.78,11.01
MENRES002202_7,2023-05-31T14:35:44,108.32,89.47,18.85
MENRES002203_3,2023-05-16T07:13:15,64.46,57.27,7.19
MENRES002203_4,2023-09-03T06:40:38,43.13,40.69,2.44
MENRES002204_1,2023-08-07T02:01:21,22.98,18.49,4.49
MENRES002204_7,2023-07-27T12:13:13,26.29,21.82,4.47
MENRES002205_8,2023-05-19T15:03:16,74.22,65.47,8.75
MENRES002205_11,2023-10-25T04:43:41,97.22,77.86,19.36
MENRES002206_2,2023-10-22T01:21:20,119.51,105.43,14.08
MENRES002206_3,2023-05-04T23:54:57,49.31,40.93,8.38
MENRES002206_6,2023-10-15T17:15:44,37.32,31.28,6.04
MENRES002207_1,2023-02-06T16:03:51,28.82,24.84,3.98
MENRES002207_2,2023-02-22T08:56:19,8.55,7.41,1.14
MENRES002207_6,2023-12-04T06:49:04,30.69,28.81,1.88
MENRES002208_0,2023-06-11T21:51:00,73.35,63.35,10.0
MENRES002208_3,2023-09-09T02:34:04,122.04,115.32,6.72
MENRES002208_11,2023-02-04T03:06:44,91.68,74.06,17.62
MENRES002208_13,2023-11-26T17:31:25,159.94,127.96,31.98
MENRES002208_15,2023-07-28T15:17:08,109.7,93.86,15.84
MENRES002209_5,2023-12-16T08:54:36,31.06,27.43,3.63
MENRES002209_8,2023-04-13T12:37:28,7.64,6.78,0.86
MENRES002209_12,2023-01-17T11:45:59,16.27,13.33,2.94
MENRES002210_0,2023-07-22T08:07:27,16.87,15.87,1.0
MENRES002210_6,2023-07-05T18:55:42,26.84,24.69,2.15
MENRES002210_13,2023-11-16T15:59:07,35.92,28.75,7.17
MENRES002210_14,2023-07-07T10:32:58,20.39,16.57,3.82
MENRES002210_15,2023-09-30T14:05:35,14.8,12.29,2.51
MENRES002210_17,2023-10-28T22:26:38,13.72,11.95,1.77
MENRES002211_4,2023-09-19T19:20:41,30.1,24.41,5.69
MENRES002211_5,2023-12-15T13:45:22,37.24,32.99,4.25
MENRES002211_6,2023-10-14T00:26:34,13.24,11.12,2.12
MENRES002211_8,2023-10-20T00:40:05,7.13,5.8,1.33
MENRES002211_11,2023-04-07T10:12:39,19.79,15.93,3.86
MENRES002211_13,2023-01-12T07:49:09,20.37,17.53,2.84
MENRES002212_0,2023-12-13T15:22:09,37.88,32.76,5.12
MENRES002212_2,2023-05-06T02:15:29,9.22,8.59,0.63
MENRES002212_4,2023-05-18T14:45:42,23.26,20.86,2.4
MENRES002212_5,2023-09-01T23:57:17,34.27,29.89,4.38
MENRES002212_6,2023-04-25T16:19:42,12.93,11.92,1.01
MENRES002212_7,2023-10-05T14:54:00,8.67,7.34,1.33
MENRES002212_10,2023-08-16T06:33:15,36.08,34.21,1.87
MENRES002212_12,2023-09-18T00:10:21,30.86,26.71,4.15
MENRES002212_13,2023-07-22T01:24:45,25.26,21.67,3.59
MENRES002213_0,2023-08-07T04:59:04,32.54,30.35,2.19
MENRES002214_1,2023-11-16T15:30:43,57.91,46.44,11.47
MENRES002214_8,2023-01-28T12:30:51,59.48,54.62,4.86
MENRES002215_4,2023-12-06T10:42:20,43.15,35.78,7.37
MENRES002215_9,2023-05-10T20:15:52,21.31,19.35,1.96
MENRES002215_10,2023-10-31T15:34:58,68.27,56.36,11.91
MENRES002215_12,2023-09-13T08:21:34,55.97,46.77,9.2
MENRES002216_2,2023-07-06T03:43:23,64.51,59.76,4.75
MENRES002216_5,2023-12-25T11:54:11,45.68,36.78,8.9
MENRES002216_8,2023-01-30T10:33:11,42.21,39.63,2.58
MENRES002216_10,2023-07-14T10:49:00,15.08,12.87,2.21
MENRES002216_12,2023-10-27T05:18:39,27.9,24.49,3.41
MENRES002216_13,2023-10-06T05:41:28,47.02,39.55,7.47
MENRES002216_14,2023-04-25T10:17:32,50.45,46.2,4.25
MENRES002217_5,2023-12-22T12:07:16,26.8,22.87,3.93
MENRES002217_9,2023-03-18T02:48:20,64.26,53.73,10.53
MENRES002217_12,2023-08-07T15:31:20,71.45,61.14,10.31
MENRES002217_17,2023-05-13T02:13:19,46.25,39.68,6.57
MENRES002218_0,2023-01-16T11:13:25,155.94,142.19,13.75
MENRES002218_2,2023-06-14T09:51:19,22.14,19.3,2.84
MENRES002218_8,2023-08-03T10:03:28,144.6,122.73,21.87
MENRES002218_15,2023-02-06T02:10:05,119.33,106.92,12.41
MENRES002219_6,2023-10-04T04:25:36,33.27,27.61,5.66
MENRES002220_0,2023-09-27T09:45:15,30.33,25.9,4.43
MENRES002220_1,2023-12-09T02:20:28,28.68,26.8,1.88
MENRES002220_3,2023-07-27T00:15:06,21.19,18.7,2.49
MENRES002220_7,2023-05-17T21:03:05,29.32,27.71,1.61
MENRES002221_4,2023-02-27T13:30:49,29.79,28.23,1.56
MENRES002221_7,2023-03-01T01:40:13,111.55,94.24,17.31
MENRES002221_9,2023-05-11T02:07:31,134.37,127.13,7.24
MENRES002222_3,2023-10-09T08:07:18,55.4,51.95,3.45
MENRES002222_5,2023-06-09T06:04:54,70.57,66.09,4.48
MENRES002222_6,2023-05-12T09:33:42,32.24,28.57,3.67
MENRES002222_11,2023-11-08T17:21:47,39.43,33.71,5.72
MENRES002222_12,2023-10-02T06:49:17,75.25,67.11,8.14
MENRES002223_3,2023-01-09T23:37:02,37.85,31.03,6.82
MENRES002223_4,2023-11-27T22:22:25,36.58,29.42,7.16
MENRES002223_5,2023-09-16T07:52:01,44.33,40.5,3.83
MENRES002224_2,2023-10-20T17:26:03,71.62,59.77,11.85
MENRES002224_4,2023-08-23T01:47:30,74.18,60.1,14.08
MENRES002225_0,2023-09-24T08:10:33,32.01,27.98,4.03
MENRES002225_1,2023-08-26T19:29:26,25.66,24.05,1.61
MENRES002225_3,2023-12-25T21:02:09,71.49,67.51,3.98
MENRES002225_8,2023-11-29T00:12:49,41.15,34.17,6.98
MENRES002226_6,2023-06-13T08:41:14,114.8,106.38,8.42
MENRES002227_1,2023-02-05T08:47:19,5.37,5.05,0.32
MENRES002227_4,2023-11-02T22:16:51,10.47,8.59,1.88
MENRES002227_5,2023-05-09T05:34:03,19.58,18.59,0.99
MENRES002227_11,2023-01-26T01:16:52,14.53,12.93,1.6
MENRES002228_0,2023-04-24T13:20:41,123.24,113.43,9.81
MENRES002228_3,2023-08-26T10:58:20,58.73,48.97,9.76
MENRES002228_9,2023-01-24T22:45:26,72.36,62.13,10.23
MENRES002228_11,2023-06-12T06:21:32,134.7,125.9,8.8
MENRES002228_12,2023-04-25T13:09:22,69.07,65.56,3.51
MENRES002229_2,2023-04-20T00:44:32,60.59,49.28,11.31
MENRES002229_5,2023-03-13T23:49:08,91.71,78.11,13.6
MENRES002229_6,2023-07-28T02:28:06,67.72,59.41,8.31
MENRES002230_6,2023-12-04T18:15:09,17.59,16.12,1.47
MENRES002231_0,2023-01-13T09:25:54,54.63,49.27,5.36
MENRES002231_6,2023-12-01T16:41:04,106.7,99.42,7.28
MENRES002231_7,2023-07-28T05:47:59,153.87,143.94,9.93
MENRES002232_2,2023-09-02T01:37:21,125.77,110.15,15.62
MENRES002232_3,2023-02-20T00:14:17,116.33,105.9,10.43
MENRES002232_7,2023-01-08T02:55:55,78.03,72.38,5.65
MENRES002232_11,2023-07-12T12:41:07,114.61,102.04,12.57
MENRES002232_14,2023-03-17T06:40:46,40.39,34.4,5.99
MENRES002233_0,2023-10-13T23:53:23,56.86,45.76,11.1
MENRES002233_3,2023-01-01T07:20:59,19.89,18.15,1.74
MENRES002233_6,2023-11-05T00:38:27,30.5,28.49,2.01
MENRES002233_7,2023-01-29T12:43:51,69.4,56.65,12.75
MENRES002234_3,2023-01-25T01:53:51,36.64,33.14,3.5
MENRES002234_5,2023-01-30T13:16:31,58.96,55.22,3.74
MENRES002234_8,2023-08-29T07:59:52,68.69,62.53,6.16
MENRES002234_9,2023-02-25T18:03:23,17.95,16.67,1.28
MENRES002234_10,2023-03-14T23:10:45,57.0,50.66,6.34
MENRES002234_14,2023-03-22T23:22:31,53.43,47.02,6.41
MENRES002235_3,2023-12-23T08:00:43,34.5,28.94,5.56
MENRES002235_4,2023-01-30T12:37:03,26.89,22.14,4.75
MENRES002237_1,2023-08-11T18:17:18,19.27,18.14,1.13
MENRES002237_2,2023-05-01T21:35:30,65.95,60.23,5.72
MENRES002237_3,2023-10-27T09:15:34,46.2,38.15,8.05
MENRES002237_5,2023-10-16T04:54:21,66.16,60.07,6.09
MENRES002237_6,2023-05-06T06:44:08,79.95,71.61,8.34
MENRES002237_7,2023-09-13T21:58:32,78.14,69.75,8.39
MENRES002237_8,2023-11-16T06:28:02,12.86,11.4,1.46
MENRES002237_9,2023-10-21T21:17:37,30.7,26.51,4.19
MENRES002237_12,2023-11-09T19:34:29,71.68,62.49,9.19
MENRES002237_13,2023-01-02T20:07:45,49.58,43.5,6.08
MENRES002238_0,2023-06-21T14:17:32,82.97,66.76,16.21
MENRES002238_4,2023-03-01T12:34:53,95.65,77.24,18.41
MENRES002238_5,2023-08-04T07:08:14,135.07,125.64,9.43
MENRES002238_7,2023-01-23T02:50:52,36.59,34.37,2.22
MENRES002238_12,2023-01-05T07:26:36,103.73,84.77,18.96
MENRES002238_17,2023-03-13T02:02:49,139.73,117.09,22.64
MENRES002239_3,2023-02-11T15:01:28,145.63,126.09,19.54
MENRES002239_5,2023-09-14T17:45:41,84.81,70.77,14.04
MENRES002239_9,2023-03-13T14:55:30,140.25,117.33,22.92
MENRES002239_10,2023-06-17T04:12:06,141.55,122.54,19.01
MENRES002239_12,2023-11-14T08:50:32,154.25,131.04,23.21
MENRES002239_15,2023-02-13T06:58:59,107.3,101.26,6.04
MENRES002239_18,2023-08-18T00:40:02,143.1,128.46,14.64
MENRES002239_19,2023-04-02T04:02:49,26.18,23.72,2.46
MENRES002240_4,2023-08-29T03:27:26,16.18,13.04,3.14
MENRES002240_6,2023-02-24T16:22:04,8.97,7.33,1.64
MENRES002241_3,2023-03-30T16:39:37,108.64,100.86,7.78
MENRES002241_5,2023-01-03T06:42:56,56.15,50.36,5.79
MENRES002241_6,2023-01-17T04:20:32,38.79,33.53,5.26
MENRES002241_7,2023-01-14T02:53:27,28.16,23.17,4.99
MENRES002242_10,2023-08-20T02:41:09,66.3,60.15,6.15
MENRES002242_13,2023-04-20T14:17:57,44.02,36.43,7.59
MENRES002242_14,2023-01-11T07:03:53,23.35,18.77,4.58
MENRES002242_15,2023-02-19T07:27:33,38.35,34.92,3.43
MENRES002243_1,2023-03-02T08:37:56,103.63,86.73,16.9
MENRES002243_4,2023-02-26T13:13:59,96.96,79.33,17.63
MENRES002243_8,2023-07-26T10:25:38,87.4,71.73,15.67
MENRES002244_3,2023-06-30T01:26:51,16.47,14.23,2.24
MENRES002244_5,2023-02-07T04:37:18,19.67,16.75,2.92
MENRES002244_8,2023-10-07T07:00:10,29.41,23.76,5.65
MENRES002244_10,2023-09-26T20:31:08,52.18,45.8,6.38
MENRES002244_11,2023-12-09T23:09:02,78.02,65.66,12.36
MENRES002245_1,2023-07-20T19:25:26,37.35,31.54,5.81
MENRES002245_5,2023-03-27T00:09:26,22.72,20.1,2.62
MENRES002245_7,2023-12-17T04:32:54,15.62,14.32,1.3
MENRES002245_16,2023-05-18T06:43:01,24.97,21.04,3.93
MENRES002246_7,2023-06-09T03:00:16,103.3,86.73,16.57
MENRES002246_9,2023-10-14T02:55:10,60.78,57.03,3.75
MENRES002246_13,2023-01-27T08:03:28,108.56,87.97,20.59
MENRES002246_14,2023-11-05T12:54:58,66.24,58.52,7.72
MENRES002246_15,2023-01-02T07:36:13,41.0,34.01,6.99
MENRES002246_17,2023-07-30T05:08:58,76.55,70.82,5.73
MENRES002246_18,2023-11-22T03:12:11,74.23,67.38,6.85
MENRES002247_1,2023-07-09T00:05:25,33.53,31.39,2.14
MENRES002247_4,2023-01-11T11:39:17,36.51,32.34,4.17
MENRES002247_5,2023-11-23T13:33:51,18.89,15.41,3.48
MENRES002247_13,2023-07-02T19:29:37,38.8,32.93,5.87
MENRES002248_2,2023-03-03T18:30:24,10.76,9.16,1.6
MENRES002248_4,2023-08-12T03:08:44,13.51,12.7,0.81
MENRES002248_5,2023-02-10T17:32:52,32.92,30.25,2.67
MENRES002248_7,2023-03-26T00:28:47,23.72,19.99,3.73
MENRES002248_8,2023-07-11T07:38:12,37.14,33.99,3.15
MENRES002249_4,2023-11-04T06:14:08,70.54,58.14,12.4
MENRES002250_0,2023-08-17T05:11:50,51.83,48.12,3.71
MENRES002250_14,2023-03-18T14:24:24,44.35,39.27,5.08
MENRES002251_0,2023-12-14T03:23:51,55.95,47.04,8.91
MENRES002251_9,2023-09-25T09:13:02,116.03,95.08,20.95
MENRES002251_13,2023-09-16T01:08:39,86.52,76.2,10.32
MENRES002252_4,2023-04-30T17:09:23,58.31,51.58,6.73
MENRES002252_8,2023-02-01T20:18:53,65.76,55.95,9.81
MENRES002252_9,2023-12-27T17:55:49,64.5,58.24,6.26
MENRES002252_11,2023-08-15T00:10:42,47.66,43.12,4.54
MENRES002253_1,2023-04-13T22:50:01,19.44,17.65,1.79
MENRES002253_2,2023-07-23T21:27:21,37.31,30.51,6.8
MENRES002253_3,2023-03-13T01:50:41,12.71,11.25,1.46
MENRES002253_5,2023-11-27T02:49:16,7.1,5.81,1.29
MENRES002253_9,2023-06-17T16:44:37,29.34,25.96,3.38
MENRES002253_11,2023-03-10T13:15:41,26.59,22.23,4.36
MENRES002253_13,2023-09-07T03:16:25,15.75,13.95,1.8
MENRES002254_0,2023-11-25T21:17:08,99.88,93.53,6.35
MENRES002254_1,2023-10-06T14:12:05,65.51,54.05,11.46
MENRES002254_5,2023-04-08T00:47:38,126.67,108.37,18.3
MENRES002255_1,2023-11-14T17:36:04,62.97,53.16,9.81
MENRES002255_4,2023-07-12T06:50:06,103.96,96.51,7.45
MENRES002255_5,2023-02-28T20:08:51,96.02,79.65,16.37
MENRES002255_6,2023-04-06T10:36:01,66.58,56.99,9.59
MENRES002255_8,2023-07-20T17:00:15,74.74,65.78,8.96
MENRES002256_0,2023-01-05T19:27:12,34.19,32.33,1.86
MENRES002256_2,2023-01-08T08:26:13,38.79,34.39,4.4
MENRES002257_1,2023-05-04T14:09:55,18.87,16.17,2.7
MENRES002257_6,2023-03-17T09:47:34,28.59,22.9,5.69
MENRES002257_10,2023-12-12T02:44:21,5.84,5.18,0.66
MENRES002257_11,2023-03-01T18:09:34,16.48,13.73,2.75
MENRES002257_13,2023-09-03T20:02:55,19.8,18.59,1.21
MENRES002259_0,2023-05-20T17:23:46,16.19,14.62,1.57
MENRES002259_2,2023-03-02T11:13:04,20.3,16.76,3.54
MENRES002259_8,2023-10-31T14:22:11,31.62,30.0,1.62
MENRES002259_15,2023-11-17T16:47:34,5.91,5.52,0.39
MENRES002259_18,2023-02-25T11:25:23,23.01,18.97,4.04
MENRES002260_0,2023-01-16T07:18:40,109.16,95.59,13.57
MENRES002260_1,2023-06-30T17:37:55,61.15,52.76,8.39
MENRES002260_2,2023-09-04T23:40:32,103.23,87.57,15.66
MENRES002260_3,2023-04-06T07:03:36,44.88,39.45,5.43
MENRES002262_3,2023-01-14T07:06:11,31.85,26.71,5.14
MENRES002262_4,2023-05-04T21:47:17,34.09,30.46,3.63
MENRES002263_6,2023-06-22T14:21:00,92.15,87.15,5.0
MENRES002263_8,2023-04-24T07:56:06,113.56,98.39,15.17
MENRES002263_9,2023-12-10T01:25:51,128.7,113.93,14.77
MENRES002263_12,2023-05-15T11:54:18,58.34,52.7,5.64
MENRES002263_13,2023-10-01T15:31:34,102.82,93.9,8.92
MENRES002263_15,2023-10-07T13:30:53,133.43,115.57,17.86
MENRES002263_17,2023-10-16T00:15:14,20.71,17.62,3.09
MENRES002263_18,2023-06-29T02:45:19,40.02,36.57,3.45
MENRES002264_2,2023-03-27T18:19:34,44.99,40.63,4.36
MENRES002264_4,2023-06-08T06:20:41,44.74,38.92,5.82
MENRES002264_6,2023-07-06T03:46:02,39.55,33.75,5.8
MENRES002264_8,2023-06-24T23:49:18,50.06,42.02,8.04
MENRES002264_10,2023-01-22T22:12:30,91.99,82.71,9.28
MENRES002265_1,2023-05-31T11:31:02,17.18,15.93,1.25
MENRES002265_4,2023-01-31T05:57:55,35.53,32.32,3.21
MENRES002265_6,2023-02-17T08:27:52,8.4,6.82,1.58
MENRES002265_10,2023-04-29T09:55:32,30.59,28.62,1.97
MENRES002265_13,2023-06-25T10:56:05,36.97,30.76,6.21
MENRES002265_14,2023-11-28T12:31:51,27.0,24.65,2.35
MENRES002265_15,2023-05-03T19:13:11,9.78,7.92,1.86
MENRES002265_16,2023-03-16T02:46:45,36.02,30.72,5.3
MENRES002265_18,2023-12-16T08:59:56,28.22,23.58,4.64
MENRES002265_19,2023-08-04T17:07:20,6.63,6.22,0.41
MENRES002266_3,2023-12-13T13:54:10,76.37,70.19,6.18
MENRES002266_4,2023-10-17T16:17:39,36.21,32.29,3.92
MENRES002266_7,2023-02-17T20:03:30,115.01,106.34,8.67
MENRES002266_8,2023-01-09T10:57:32,34.39,32.23,2.16
MENRES002267_8,2023-11-14T23:46:44,107.3,98.14,9.16
MENRES002268_5,2023-06-11T18:42:28,23.29,20.12,3.17
MENRES002269_1,2023-08-21T02:38:48,68.72,58.46,10.26
MENRES002269_3,2023-09-22T16:33:31,138.21,116.95,21.26
MENRES002269_6,2023-11-09T03:11:49,43.25,35.19,8.06
MENRES002269_7,2023-11-13T14:35:18,44.8,41.91,2.89
MENRES002269_8,2023-11-27T09:32:04,155.77,126.81,28.96
MENRES002269_10,2023-05-14T08:33:47,70.7,64.17,6.53
MENRES002270_1,2023-09-02T21:02:06,19.85,16.23,3.62
MENRES002270_4,2023-10-02T13:35:06,5.33,4.46,0.87
MENRES002270_7,2023-04-10T21:45:21,19.16,16.66,2.5
MENRES002270_8,2023-12-20T04:34:16,22.85,19.84,3.01
MENRES002270_9,2023-12-25T01:06:12,27.55,23.96,3.59
MENRES002271_4,2023-03-30T07:01:34,60.53,49.8,10.73
MENRES002271_5,2023-08-29T23:52:48,28.8,26.76,2.04
MENRES002271_7,2023-08-25T13:34:48,33.53,31.49,2.04
MENRES002271_9,2023-05-16T03:33:06,58.86,52.3,6.56
MENRES002271_11,2023-03-05T01:29:32,71.92,66.44,5.48
MENRES002271_12,2023-10-09T08:25:23,45.31,42.36,2.95
MENRES002271_13,2023-02-17T17:53:51,68.14,62.41,5.73
MENRES002271_14,2023-09-23T19:43:43,13.68,11.4,2.28
MENRES002272_0,2023-04-13T21:41:00,89.4,77.53,11.87
MENRES002272_3,2023-06-16T16:12:16,37.1,30.6,6.5
MENRES002272_4,2023-10-03T19:18:28,143.99,118.84,25.15
MENRES002272_6,2023-03-31T13:20:56,143.49,129.22,14.27
MENRES002272_8,2023-03-28T08:43:18,42.31,36.96,5.35
MENRES002272_9,2023-07-19T11:28:13,134.27,123.72,10.55
MENRES002273_1,2023-07-02T08:40:52,20.18,18.25,1.93
MENRES002273_4,2023-03-28T13:41:41,111.92,93.69,18.23
MENRES002274_0,2023-11-05T12:12:38,96.44,88.08,8.36
MENRES002274_2,2023-11-03T23:07:48,85.02,68.44,16.58
MENRES002275_0,2023-05-18T08:10:56,108.67,97.86,10.81
MENRES002275_1,2023-03-05T12:38:15,87.05,75.23,11.82
MENRES002275_2,2023-02-15T13:41:26,23.63,21.21,2.42
MENRES002275_3,2023-12-02T02:49:38,70.37,60.37,10.0
MENRES002275_4,2023-09-30T13:09:02,88.58,79.77,8.81
MENRES002275_7,2023-01-19T13:15:37,21.56,18.46,3.1
MENRES002275_8,2023-08-10T19:49:55,118.51,97.15,21.36
MENRES002276_0,2023-08-20T16:48:04,114.99,98.41,16.58
MENRES002276_1,2023-09-08T23:09:14,57.06,48.71,8.35
MENRES002276_3,2023-06-15T08:38:46,51.43,42.58,8.85
MENRES002276_4,2023-01-28T20:04:25,19.38,16.99,2.39
MENRES002276_5,2023-09-16T11:26:34,108.01,88.5,19.51
MENRES002276_7,2023-03-28T05:25:45,111.62,91.91,19.71
MENRES002277_0,2023-08-01T18:23:02,83.13,68.41,14.72
MENRES002277_1,2023-04-17T13:14:04,124.56,114.54,10.02
MENRES002277_2,2023-09-11T19:46:27,66.13,57.5,8.63
MENRES002277_3,2023-10-16T16:25:54,159.71,145.34,14.37
MENRES002277_5,2023-06-07T05:44:22,66.99,61.86,5.13
MENRES002277_10,2023-05-17T12:26:57,39.11,32.96,6.15
MENRES002278_0,2023-01-31T21:35:31,20.53,19.2,1.33
MENRES002278_2,2023-07-03T07:37:27,43.34,39.07,4.27
MENRES002278_4,2023-11-17T12:32:44,34.42,32.41,2.01
MENRES002278_10,2023-07-20T08:38:14,49.85,45.98,3.87
MENRES002278_14,2023-06-21T15:07:43,38.21,34.47,3.74
MENRES002278_15,2023-12-20T12:09:20,38.78,34.56,4.22
MENRES002279_0,2023-05-17T02:44:17,29.62,26.05,3.57
MENRES002279_4,2023-06-28T02:21:01,25.01,22.98,2.03
MENRES002279_5,2023-09-10T05:30:26,37.51,31.37,6.14
MENRES002279_11,2023-06-11T16:16:22,21.23,18.91,2.32
MENRES002279_12,2023-08-14T16:29:09,29.77,28.08,1.69
MENRES002279_15,2023-01-25T07:50:02,15.95,15.0,0.95
MENRES002279_16,2023-06-07T04:14:35,29.83,27.26,2.57
MENRES002279_17,2023-12-16T20:04:34,35.05,30.53,4.52
MENRES002281_0,2023-11-14T22:08:25,52.05,46.47,5.58
MENRES002281_2,2023-08-18T12:28:01,38.6,31.95,6.65
MENRES002282_4,2023-01-07T08:32:14,30.13,24.44,5.69
MENRES002282_8,2023-04-15T22:00:01,38.4,34.02,4.38
MENRES002282_9,2023-06-05T17:39:05,34.51,27.81,6.7
MENRES002282_10,2023-10-24T01:13:36,33.32,30.37,2.95
MENRES002282_11,2023-09-13T23:01:52,13.72,10.98,2.74
MENRES002282_12,2023-07-11T08:18:54,9.37,8.6,0.77
MENRES002282_13,2023-01-14T01:38:25,22.87,20.01,2.86
MENRES002283_4,2023-07-09T05:43:07,99.09,86.57,12.52
MENRES002284_0,2023-12-03T14:55:30,16.17,14.29,1.88
MENRES002284_1,2023-01-15T04:01:28,37.14,32.67,4.47
MENRES002284_4,2023-09-25T11:15:18,9.96,9.01,0.95
MENRES002284_6,2023-09-01T16:16:51,16.34,13.85,2.49
MENRES002284_8,2023-04-21T16:57:09,32.27,28.35,3.92
MENRES002284_9,2023-09-02T02:52:52,38.96,36.26,2.7
MENRES002284_11,2023-03-14T06:33:36,36.9,31.23,5.67
MENRES002284_15,2023-10-27T08:31:24,6.12,5.28,0.84
MENRES002285_3,2023-11-15T10:02:56,55.42,48.02,7.4
MENRES002285_5,2023-02-27T23:23:56,107.93,100.77,7.16
MENRES002285_6,2023-03-22T12:41:53,15.39,13.14,2.25
MENRES002285_7,2023-06-13T15:16:30,59.26,50.02,9.24
MENRES002286_0,2023-09-09T00:35:24,11.5,9.75,1.75
MENRES002286_2,2023-06-01T13:38:09,27.67,23.08,4.59
MENRES002286_5,2023-11-21T05:58:38,18.72,17.22,1.5
MENRES002286_10,2023-09-09T14:16:10,70.2,58.36,11.84
MENRES002286_13,2023-04-16T22:00:01,25.52,21.12,4.4
MENRES002286_14,2023-11-07T07:18:16,44.43,36.07,8.36
MENRES002287_0,2023-04-02T00:37:08,35.99,29.12,6.87
MENRES002287_8,2023-04-28T15:56:00,24.17,21.73,2.44
MENRES002287_10,2023-10-19T01:39:33,11.85,11.24,0.61
MENRES002287_11,2023-12-04T16:18:12,30.61,27.74,2.87
MENRES002287_13,2023-05-22T16:13:19,16.58,14.69,1.89
MENRES002287_14,2023-05-08T10:43:21,29.35,23.77,5.58
MENRES002287_15,2023-01-30T22:05:04,14.79,12.85,1.94
MENRES002288_1,2023-01-26T13:50:34,70.21,63.23,6.98
MENRES002288_3,2023-07-23T19:28:51,70.03,58.46,11.57
MENRES002288_6,2023-07-29T04:52:12,49.96,44.8,5.16
MENRES002289_0,2023-03-16T19:50:09,16.3,14.3,2.0
MENRES002289_2,2023-08-23T01:04:31,103.97,84.92,19.05
MENRES002289_6,2023-07-08T00:47:36,102.03,82.37,19.66
MENRES002289_9,2023-11-09T14:08:51,83.87,71.24,12.63
MENRES002290_2,2023-11-04T13:30:55,78.16,68.19,9.97
MENRES002290_4,2023-01-14T13:29:08,62.2,53.15,9.05
MENRES002291_1,2023-05-04T03:54:15,63.63,57.49,6.14
MENRES002291_2,2023-02-12T19:53:56,63.6,52.34,11.26
MENRES002291_5,2023-05-28T07:22:29,95.75,78.38,17.37
MENRES002291_6,2023-10-25T21:48:45,106.74,101.37,5.37
MENRES002291_14,2023-09-07T15:07:26,24.73,21.17,3.56
MENRES002292_5,2023-09-18T00:54:05,37.11,31.68,5.43
MENRES002292_12,2023-05-11T18:05:17,24.08,19.64,4.44
MENRES002292_13,2023-07-19T14:17:08,26.93,23.68,3.25
MENRES002293_1,2023-04-08T15:27:21,135.95,126.42,9.53
MENRES002293_2,2023-10-14T13:11:03,29.59,27.36,2.23
MENRES002293_4,2023-01-05T22:18:38,150.94,121.15,29.79
MENRES002293_5,2023-03-27T08:39:55,122.74,114.8,7.94
MENRES002293_7,2023-03-29T03:24:25,112.02,101.67,10.35
MENRES002293_15,2023-05-25T04:11:39,102.11,94.58,7.53
MENRES002293_16,2023-04-24T21:10:36,56.8,51.46,5.34
MENRES002294_0,2023-01-07T06:20:08,133.98,113.22,20.76
MENRES002294_3,2023-11-05T10:09:21,63.03,54.75,8.28
MENRES002294_6,2023-07-27T18:05:30,33.48,29.19,4.29
MENRES002294_9,2023-05-20T07:26:07,109.67,89.63,20.04
MENRES002294_15,2023-06-19T12:06:10,49.94,43.53,6.41
MENRES002294_16,2023-10-05T12:17:28,104.12,89.48,14.64
MENRES002294_17,2023-12-10T18:35:25,63.16,51.55,11.61
MENRES002295_1,2023-12-23T06:05:46,29.82,24.31,5.51
MENRES002295_3,2023-05-30T18:45:29,26.47,23.69,2.78
MENRES002295_4,2023-06-13T16:52:05,17.04,14.05,2.99
MENRES002296_0,2023-04-02T03:09:23,46.06,43.43,2.63
MENRES002296_2,2023-08-03T02:57:25,66.34,53.43,12.91
MENRES002296_3,2023-07-08T22:05:29,43.17,38.72,4.45
MENRES002296_5,2023-11-07T13:51:05,48.47,44.04,4.43
MENRES002296_7,2023-03-01T12:51:32,44.06,38.67,5.39
MENRES002296_8,2023-03-28T19:58:33,110.2,95.56,14.64
MENRES002296_9,2023-03-16T15:37:17,18.78,17.31,1.47
MENRES002297_0,2023-05-06T15:14:17,64.55,53.27,11.28
MENRES002297_1,2023-03-28T12:05:17,83.4,69.13,14.27
MENRES002297_2,2023-09-09T10:54:21,79.17,69.05,10.12
MENRES002297_3,2023-05-15T14:22:31,67.58,63.31,4.27
MENRES002297_6,2023-02-01T11:03:07,94.22,84.3,9.92
MENRES002298_0,2023-12-10T10:28:19,97.76,89.82,7.94
MENRES002298_2,2023-11-08T20:23:58,37.62,33.07,4.55
MENRES002298_3,2023-04-03T09:12:31,59.12,52.53,6.59
MENRES002298_8,2023-09-06T07:00:12,41.56,33.32,8.24
MENRES002299_7,2023-02-14T19:02:41,49.83,41.81,8.02
MENRES002299_10,2023-09-25T20:07:09,83.7,70.13,13.57
MENRES002299_11,2023-01-15T10:33:24,57.15,51.7,5.45
MENRES002299_12,2023-07-27T06:38:46,35.83,30.91,4.92
MENRES002299_13,2023-08-14T19:45:24,52.58,45.56,7.02
MENRES002300_2,2023-04-14T09:38:55,34.84,31.57,3.27
MENRES002301_1,2023-10-01T01:45:25,34.73,28.14,6.59
MENRES002301_4,2023-09-15T12:18:37,35.82,31.64,4.18
MENRES002301_5,2023-07-14T10:27:38,44.06,37.87,6.19
MENRES002302_0,2023-01-20T18:50:52,149.81,135.31,14.5
MENRES002302_3,2023-08-31T17:47:05,69.54,61.74,7.8
MENRES002302_5,2023-10-06T19:53:46,30.71,27.75,2.96
MENRES002302_6,2023-02-15T19:36:38,60.35,48.48,11.87
MENRES002302_7,2023-02-03T18:14:37,142.52,125.75,16.77
MENRES002302_8,2023-01-03T19:50:52,155.62,134.62,21.0
MENRES002302_12,2023-01-05T16:23:03,119.01,108.76,10.25
MENRES002303_0,2023-03-08T03:07:03,137.03,126.65,10.38
MENRES002303_1,2023-08-20T21:03:35,92.56,84.15,8.41
MENRES002303_2,2023-03-03T11:40:48,103.01,92.36,10.65
MENRES002303_3,2023-11-20T11:53:58,126.5,107.27,19.23
MENRES002303_5,2023-08-07T11:45:52,77.54,66.09,11.45
MENRES002303_7,2023-07-19T00:19:21,52.29,43.32,8.97
MENRES002303_10,2023-03-13T06:14:20,147.2,128.15,19.05
MENRES002304_9,2023-04-20T21:55:19,25.68,23.06,2.62
MENRES002304_15,2023-08-13T01:46:42,37.18,34.63,2.55
MENRES002305_1,2023-11-28T13:44:34,50.96,41.92,9.04
MENRES002305_2,2023-12-25T18:31:15,11.46,9.54,1.92
MENRES002305_3,2023-11-01T02:50:06,62.36,57.9,4.46
MENRES002306_2,2023-10-05T14:03:10,154.29,125.7,28.59
MENRES002306_4,2023-09-10T20:58:10,51.8,47.69,4.11
MENRES002306_7,2023-09-14T00:18:38,108.45,91.5,16.95
MENRES002306_10,2023-01-09T14:19:40,34.54,30.27,4.27
MENRES002306_11,2023-06-13T11:19:30,99.37,79.91,19.46
MENRES002306_12,2023-10-02T16:07:14,132.43,110.25,22.18
MENRES002307_1,2023-12-03T12:19:27,43.69,38.32,5.37
MENRES002307_2,2023-06-14T20:56:09,35.55,33.17,2.38
MENRES002307_4,2023-03-01T00:14:04,147.27,136.52,10.75
MENRES002308_3,2023-06-13T14:55:51,45.56,40.78,4.78
MENRES002308_4,2023-01-29T07:27:08,45.93,42.26,3.67
MENRES002309_0,2023-11-11T19:43:57,29.43,24.57,4.86
MENRES002309_1,2023-10-08T02:59:58,37.85,30.46,7.39
MENRES002309_2,2023-06-01T01:18:10,10.08,8.31,1.77
MENRES002309_4,2023-12-25T21:09:33,14.37,11.97,2.4
MENRES002309_7,2023-06-30T09:23:30,17.7,15.68,2.02
MENRES002309_8,2023-05-06T01:18:02,14.72,12.74,1.98
MENRES002309_13,2023-10-31T03:28:58,7.33,6.8,0.53
MENRES002310_1,2023-12-27T18:15:41,25.69,22.28,3.41
MENRES002310_3,2023-03-10T17:55:13,83.49,68.28,15.21
MENRES002310_6,2023-07-11T03:56:08,66.9,62.89,4.01
MENRES002310_10,2023-01-12T11:24:17,67.13,56.03,11.1
MENRES002310_15,2023-11-29T19:58:58,150.09,120.95,29.14
MENRES002311_0,2023-05-22T19:14:45,20.1,16.3,3.8
MENRES002311_7,2023-05-21T18:51:26,5.44,4.88,0.56
MENRES002311_8,2023-05-03T02:25:38,28.59,23.7,4.89
MENRES002312_3,2023-01-18T11:46:55,98.87,81.28,17.59
MENRES002312_10,2023-11-16T14:55:22,95.28,78.07,17.21
MENRES002312_13,2023-07-18T10:51:24,147.71,132.77,14.94
MENRES002313_1,2023-12-09T05:12:51,25.94,23.6,2.34
MENRES002314_0,2023-10-03T18:13:21,60.53,57.4,3.13
MENRES002314_2,2023-08-08T19:33:39,156.44,137.38,19.06
MENRES002314_6,2023-09-01T06:34:49,153.51,132.53,20.98
MENRES002315_4,2023-09-29T08:21:27,103.95,84.41,19.54
MENRES002315_5,2023-06-02T12:20:22,43.33,35.49,7.84
MENRES002315_6,2023-08-06T00:01:12,104.09,86.06,18.03
MENRES002315_10,2023-07-14T06:48:46,24.77,23.19,1.58
MENRES002315_12,2023-09-21T10:02:24,77.51,73.26,4.25
MENRES002315_14,2023-09-14T13:12:36,39.86,36.38,3.48
MENRES002315_15,2023-12-21T10:33:52,84.67,71.23,13.44
MENRES002315_17,2023-12-14T16:42:02,39.04,33.08,5.96
MENRES002316_0,2023-05-27T16:46:55,18.4,17.09,1.31
MENRES002316_6,2023-01-16T00:57:35,33.68,28.02,5.66
MENRES002316_7,2023-05-02T09:26:04,38.96,35.28,3.68
MENRES002316_8,2023-03-18T05:12:23,25.37,21.98,3.39
MENRES002317_4,2023-01-18T16:29:23,34.0,31.7,2.3
MENRES002317_5,2023-05-27T20:12:57,54.32,48.66,5.66
MENRES002317_10,2023-02-20T09:32:17,74.37,64.13,10.24
MENRES002318_1,2023-09-18T23:54:26,77.79,62.67,15.12
MENRES002318_3,2023-03-06T08:17:14,22.57,19.7,2.87
MENRES002318_9,2023-04-07T15:46:13,71.2,59.1,12.1
MENRES002318_12,2023-08-19T00:56:27,100.74,88.56,12.18
MENRES002318_14,2023-08-07T04:40:14,30.32,26.52,3.8
MENRES002319_2,2023-11-02T11:39:05,44.09,35.9,8.19
MENRES002319_4,2023-08-11T03:40:38,26.01,23.69,2.32
MENRES002319_7,2023-11-17T12:33:53,38.0,34.46,3.54
MENRES002319_11,2023-11-06T09:30:09,78.39,73.19,5.2
MENRES002319_14,2023-10-20T10:37:18,98.67,93.04,5.63
MENRES002320_2,2023-11-21T03:23:53,37.21,35.0,2.21
MENRES002320_4,2023-04-17T03:25:21,8.26,7.77,0.49
MENRES002320_7,2023-07-27T05:14:06,25.15,21.37,3.78
MENRES002320_9,2023-03-04T02:13:34,16.95,14.04,2.91
MENRES002320_11,2023-10-10T11:22:15,32.83,31.05,1.78
MENRES002320_13,2023-06-01T18:17:46,33.73,31.32,2.41
MENRES002320_15,2023-11-08T21:23:09,13.14,11.99,1.15
MENRES002320_16,2023-07-04T03:30:33,27.71,24.87,2.84
MENRES002321_3,2023-07-24T09:55:44,76.41,70.41,6.0
MENRES002321_4,2023-05-12T02:43:02,83.1,70.02,13.08
MENRES002321_6,2023-09-20T11:12:38,107.42,93.68,13.74
MENRES002321_8,2023-11-30T14:15:48,119.77,110.83,8.94
MENRES002321_9,2023-12-11T18:03:46,59.52,54.43,5.09
MENRES002322_4,2023-04-25T04:14:54,149.44,140.3,9.14
MENRES002322_6,2023-01-11T07:31:12,37.4,33.99,3.41
MENRES002322_9,2023-07-07T13:28:49,109.51,99.77,9.74
MENRES002322_10,2023-09-29T03:14:07,44.13,36.41,7.72
MENRES002322_11,2023-05-25T20:35:56,56.32,52.07,4.25
MENRES002322_12,2023-04-07T02:13:06,65.73,60.65,5.08
MENRES002322_14,2023-04-29T20:35:12,62.02,53.75,8.27
MENRES002322_16,2023-10-18T11:48:32,129.56,113.68,15.88
MENRES002322_18,2023-02-02T12:10:56,69.24,57.72,11.52
MENRES002323_1,2023-10-06T15:33:18,100.68,92.62,8.06
MENRES002323_2,2023-06-23T05:37:01,61.12,55.31,5.81
MENRES002323_4,2023-03-14T12:59:29,158.2,127.75,30.45
MENRES002323_5,2023-11-17T23:25:18,80.7,66.21,14.49
MENRES002324_0,2023-08-16T23:34:59,74.62,65.72,8.9
MENRES002324_1,2023-06-25T22:07:34,18.39,14.81,3.58
MENRES002324_6,2023-10-10T11:25:22,43.86,40.66,3.2
MENRES002325_3,2023-12-02T11:28:48,15.7,14.18,1.52
MENRES002325_5,2023-03-04T17:56:20,7.11,6.3,0.81
MENRES002325_6,2023-09-30T06:32:23,14.99,13.4,1.59
MENRES002325_7,2023-01-10T01:25:14,28.71,23.41,5.3
MENRES002325_8,2023-05-17T00:28:11,15.11,12.1,3.01
MENRES002325_12,2023-03-28T16:20:09,14.66,11.98,2.68
MENRES002325_14,2023-07-03T22:16:07,31.99,28.47,3.52
MENRES002325_15,2023-01-15T23:33:36,25.8,24.21,1.59
MENRES002325_17,2023-09-27T00:57:08,25.77,21.61,4.16
MENRES002326_1,2023-07-03T05:18:36,23.38,20.97,2.41
MENRES002327_0,2023-07-03T04:45:09,45.8,41.73,4.07
MENRES002327_9,2023-05-12T04:38:41,15.47,14.57,0.9
MENRES002327_11,2023-04-21T00:21:35,53.01,45.2,7.81
MENRES002328_1,2023-11-01T00:45:27,45.09,42.38,2.71
MENRES002328_2,2023-10-05T17:20:37,129.84,117.74,12.1
MENRES002329_1,2023-01-22T08:34:16,36.83,34.21,2.62
MENRES002329_3,2023-03-28T14:50:19,60.09,56.9,3.19
MENRES002329_4,2023-01-05T22:17:23,39.79,33.57,6.22
MENRES002329_7,2023-02-11T22:30:22,17.21,15.69,1.52
MENRES002329_8,2023-10-25T09:48:05,108.71,93.25,15.46
MENRES002329_17,2023-04-02T10:01:22,28.02,24.35,3.67
MENRES002330_2,2023-01-05T07:05:10,62.2,50.42,11.78
MENRES002330_4,2023-02-25T15:15:57,38.38,35.49,2.89
MENRES002330_10,2023-01-25T10:38:23,13.17,12.5,0.67
MENRES002330_12,2023-04-20T16:09:29,21.88,19.34,2.54
MENRES002331_0,2023-09-23T00:15:26,48.12,40.15,7.97
MENRES002331_2,2023-11-10T17:35:50,23.0,18.95,4.05
MENRES002331_5,2023-09-04T08:12:17,35.54,30.2,5.34
MENRES002331_6,2023-03-11T05:23:18,73.25,64.6,8.65
MENRES002333_0,2023-10-27T17:48:18,46.48,42.73,3.75
MENRES002333_5,2023-12-18T00:41:32,128.23,113.16,15.07
MENRES002334_0,2023-09-22T19:10:43,72.76,58.84,13.92
MENRES002334_1,2023-06-21T00:45:00,77.52,71.16,6.36
MENRES002334_5,2023-01-14T17:15:12,76.45,70.84,5.61
MENRES002334_9,2023-10-05T04:21:50,69.81,60.74,9.07
MENRES002334_10,2023-12-16T16:22:20,36.69,29.57,7.12
MENRES002334_13,2023-07-21T03:33:58,61.96,53.64,8.32
MENRES002335_2,2023-05-18T08:18:13,30.1,25.47,4.63
MENRES002335_3,2023-02-12T13:01:25,38.79,32.97,5.82
MENRES002336_3,2023-04-27T03:00:19,11.12,10.42,0.7
MENRES002336_9,2023-10-24T05:35:08,43.4,41.13,2.27
MENRES002336_11,2023-01-19T08:05:38,57.83,48.13,9.7
MENRES002336_12,2023-04-16T03:06:01,13.74,12.11,1.63
MENRES002337_2,2023-04-22T14:47:16,42.61,34.47,8.14
MENRES002337_5,2023-11-01T12:10:44,48.1,39.35,8.75
MENRES002337_6,2023-06-29T08:28:23,69.63,60.27,9.36
MENRES002337_9,2023-04-07T23:39:47,20.5,16.79,3.71
MENRES002337_13,2023-05-19T14:07:34,45.49,38.78,6.71
MENRES002337_14,2023-04-17T17:56:08,18.35,15.46,2.89
MENRES002337_18,2023-11-02T09:15:43,57.84,52.73,5.11
MENRES002337_19,2023-11-29T08:25:21,53.63,46.18,7.45
MENRES002338_0,2023-12-19T17:13:34,46.31,40.21,6.1
MENRES002338_4,2023-01-10T15:40:14,28.41,22.9,5.51
MENRES002338_5,2023-09-13T02:29:20,33.46,28.71,4.75
MENRES002338_9,2023-01-19T00:09:56,95.61,78.51,17.1
MENRES002338_15,2023-12-29T18:45:36,76.63,65.71,10.92
MENRES002339_1,2023-10-20T05:13:19,21.03,19.84,1.19
MENRES002339_4,2023-03-18T19:00:06,34.68,32.12,2.56
MENRES002339_5,2023-08-28T16:07:04,19.3,17.18,2.12
MENRES002340_1,2023-11-06T02:24:05,130.24,115.26,14.98
MENRES002340_5,2023-01-10T01:02:33,154.89,129.56,25.33
MENRES002341_0,2023-11-22T22:50:36,117.22,98.83,18.39
MENRES002341_1,2023-06-25T03:13:29,43.1,39.99,3.11
MENRES002341_2,2023-04-02T05:36:07,105.23,92.07,13.16
MENRES002341_3,2023-05-10T06:35:03,52.61,48.03,4.58
MENRES002341_9,2023-12-06T17:01:49,71.4,67.68,3.72
MENRES002341_12,2023-08-22T03:29:30,39.8,35.99,3.81
MENRES002342_1,2023-05-17T15:04:35,30.95,28.19,2.76
MENRES002342_3,2023-09-05T04:29:10,25.0,22.98,2.02
MENRES002342_4,2023-06-12T05:59:21,23.02,19.5,3.52
MENRES002342_5,2023-08-26T16:30:38,8.06,6.5,1.56
MENRES002343_4,2023-02-22T07:32:33,11.4,9.34,2.06
MENRES002343_10,2023-10-10T16:48:41,63.05,56.29,6.76
MENRES002344_0,2023-07-25T04:03:33,123.38,115.94,7.44
MENRES002344_2,2023-02-11T11:22:20,77.51,67.16,10.35
MENRES002344_4,2023-08-14T23:45:19,81.59,73.06,8.53
MENRES002344_5,2023-06-22T10:07:18,46.36,39.28,7.08
MENRES002344_9,2023-06-22T06:59:05,62.32,57.23,5.09
MENRES002344_10,2023-02-08T23:25:03,124.89,111.63,13.26
MENRES002344_11,2023-01-24T13:18:37,110.42,103.94,6.48
MENRES002345_2,2023-09-06T01:18:21,75.88,68.78,7.1
MENRES002345_3,2023-02-06T14:08:29,53.95,49.17,4.78
MENRES002346_3,2023-03-18T16:24:43,30.43,26.42,4.01
MENRES002347_0,2023-04-30T11:19:24,27.71,25.72,1.99
MENRES002347_2,2023-08-30T05:15:42,29.81,27.2,2.61
MENRES002347_3,2023-09-14T11:42:35,21.26,18.58,2.68
MENRES002347_5,2023-05-03T04:28:06,26.54,23.84,2.7
MENRES002347_9,2023-01-20T00:21:42,29.4,23.78,5.62
MENRES002348_2,2023-11-06T23:57:25,16.16,15.06,1.1
MENRES002348_5,2023-06-16T11:22:49,38.2,31.05,7.15
MENRES002348_6,2023-03-27T16:35:38,22.04,19.02,3.02
MENRES002348_9,2023-10-13T19:52:10,39.3,35.13,4.17
MENRES002348_10,2023-06-19T04:47:17,28.26,23.29,4.97
MENRES002349_1,2023-07-29T09:04:07,66.49,54.76,11.73
MENRES002349_2,2023-05-03T14:38:03,101.05,86.86,14.19
MENRES002349_10,2023-03-06T09:16:56,118.18,103.9,14.28
MENRES002349_13,2023-11-25T18:29:15,92.81,75.6,17.21
MENRES002349_14,2023-05-25T22:48:24,100.51,95.34,5.17
MENRES002349_17,2023-03-28T10:22:52,81.41,70.09,11.32
MENRES002350_4,2023-11-25T14:01:21,92.54,85.98,6.56
MENRES002350_5,2023-08-31T19:42:37,25.52,24.08,1.44
MENRES002350_6,2023-10-22T17:03:17,52.9,45.73,7.17
MENRES002351_3,2023-03-22T03:29:25,123.55,112.73,10.82
MENRES002352_3,2023-08-24T02:33:21,36.82,31.62,5.2
MENRES002352_15,2023-12-25T00:33:28,40.8,35.39,5.41
MENRES002353_1,2023-02-28T06:01:20,121.6,107.19,14.41
MENRES002353_4,2023-02-07T18:05:05,92.87,79.91,12.96
MENRES002353_5,2023-06-26T05:50:55,30.66,27.78,2.88
MENRES002353_7,2023-09-21T14:49:28,81.47,71.91,9.56
MENRES002354_1,2023-06-28T16:28:31,32.62,28.0,4.62
MENRES002354_4,2023-09-12T09:00:30,86.36,81.71,4.65
MENRES002354_10,2023-03-14T15:40:51,61.21,50.53,10.68
MENRES002354_11,2023-05-22T23:04:38,107.65,91.47,16.18
MENRES002355_0,2023-01-27T07:54:40,25.06,21.09,3.97
MENRES002355_1,2023-05-08T06:06:13,60.6,51.81,8.79
MENRES002355_2,2023-09-01T03:26:33,16.04,14.01,2.03
MENRES002355_7,2023-04-14T14:44:18,31.96,29.31,2.65
MENRES002356_1,2023-09-01T02:55:07,12.86,10.54,2.32
MENRES002356_2,2023-03-12T05:20:58,61.67,57.39,4.28
MENRES002356_4,2023-10-08T07:30:44,28.13,25.7,2.43
MENRES002356_5,2023-09-23T19:42:05,38.25,34.36,3.89
MENRES002357_3,2023-10-16T09:50:08,89.68,81.58,8.1
MENRES002357_5,2023-07-20T07:26:55,52.87,45.13,7.74
MENRES002358_3,2023-02-17T04:22:03,21.67,19.51,2.16
MENRES002358_7,2023-01-12T06:39:36,137.32,119.54,17.78
MENRES002359_2,2023-11-09T15:23:37,44.32,41.98,2.34
MENRES002359_6,2023-11-02T23:27:59,71.29,61.1,10.19
MENRES002359_9,2023-08-24T05:34:22,151.56,125.93,25.63
MENRES002360_3,2023-04-08T09:01:03,65.54,60.61,4.93
MENRES002360_4,2023-08-23T17:40:05,70.47,64.7,5.77
MENRES002361_1,2023-10-16T15:42:54,53.25,44.6,8.65
MENRES002361_4,2023-06-10T16:18:14,58.95,52.29,6.66
MENRES002362_4,2023-09-27T23:13:04,130.32,108.37,21.95
MENRES002363_4,2023-07-22T06:34:08,47.28,40.68,6.6
MENRES002364_0,2023-04-30T10:51:39,74.22,65.79,8.43
MENRES002364_1,2023-05-30T02:41:48,74.97,63.41,11.56
MENRES002364_6,2023-10-15T00:45:51,22.57,21.22,1.35
MENRES002364_9,2023-01-12T22:36:00,34.06,28.36,5.7
MENRES002364_12,2023-12-01T20:28:19,24.9,23.31,1.59
MENRES002365_0,2023-06-13T22:02:35,18.98,17.81,1.17
MENRES002365_3,2023-07-03T17:35:58,26.07,23.8,2.27
MENRES002366_0,2023-12-29T21:08:12,96.43,85.85,10.58
MENRES002366_5,2023-04-29T05:47:49,67.23,53.86,13.37
MENRES002366_6,2023-11-05T08:44:15,103.39,91.08,12.31
MENRES002366_7,2023-05-21T21:12:52,40.28,35.32,4.96
MENRES002366_10,2023-06-21T14:54:59,101.31,90.09,11.22
MENRES002367_1,2023-09-23T11:18:18,43.41,40.75,2.66
MENRES002367_2,2023-09-07T19:50:57,103.93,98.12,5.81
MENRES002367_5,2023-11-22T04:39:18,98.44,91.13,7.31
MENRES002368_2,2023-06-18T06:53:02,75.16,62.47,12.69
MENRES002368_5,2023-11-21T02:54:43,115.24,104.01,11.23
MENRES002368_7,2023-12-20T06:31:29,105.04,94.38,10.66
MENRES002368_11,2023-08-14T03:35:23,96.3,85.61,10.69
MENRES002369_0,2023-07-04T22:20:54,92.39,80.91,11.48
MENRES002369_1,2023-12-24T15:11:04,134.13,124.3,9.83
MENRES002369_2,2023-05-07T23:37:47,32.83,27.74,5.09
MENRES002370_1,2023-10-24T12:17:54,30.01,28.18,1.83
MENRES002370_4,2023-05-11T14:21:46,48.23,43.83,4.4
MENRES002371_7,2023-10-24T21:39:52,26.92,23.13,3.79
MENRES002371_10,2023-11-26T13:39:33,8.35,7.92,0.43
MENRES002371_12,2023-09-05T04:35:09,7.53,6.07,1.46
MENRES002371_15,2023-05-21T17:22:54,35.77,30.8,4.97
MENRES002372_3,2023-11-14T05:55:02,24.42,20.94,3.48
MENRES002373_1,2023-08-30T17:04:07,22.4,20.96,1.44
MENRES002373_2,2023-07-19T03:38:32,38.47,32.46,6.01
MENRES002373_3,2023-01-03T08:09:41,9.94,9.12,0.82
MENRES002373_4,2023-03-02T00:58:10,12.27,11.53,0.74
MENRES002373_5,2023-05-28T15:51:31,37.45,34.15,3.3
MENRES002373_7,2023-06-04T15:43:36,9.08,8.06,1.02
MENRES002373_8,2023-08-29T22:36:40,23.21,21.48,1.73
MENRES002373_11,2023-07-03T08:29:08,38.13,33.81,4.32
MENRES002373_13,2023-02-10T22:53:46,25.51,22.07,3.44
MENRES002373_15,2023-10-16T13:39:51,5.69,5.1,0.59
MENRES002374_3,2023-08-06T01:52:46,74.56,61.94,12.62
MENRES002374_4,2023-08-05T19:40:55,80.2,70.76,9.44
MENRES002374_5,2023-04-25T09:59:01,88.91,83.6,5.31
MENRES002374_15,2023-08-23T00:33:51,62.25,55.53,6.72
MENRES002374_16,2023-12-06T03:13:57,22.75,19.51,3.24
MENRES002375_4,2023-11-06T13:00:46,26.94,22.57,4.37
MENRES002375_12,2023-03-07T18:44:04,25.2,20.98,4.22
MENRES002375_16,2023-12-15T18:35:41,38.48,33.41,5.07
MENRES002376_2,2023-08-13T17:41:11,34.41,29.8,4.61
MENRES002376_4,2023-08-31T04:26:19,39.99,33.95,6.04
MENRES002376_5,2023-09-13T12:44:59,22.69,18.86,3.83
MENRES002376_8,2023-01-31T09:15:05,15.91,13.95,1.96
MENRES002376_10,2023-11-23T08:52:24,39.92,35.09,4.83
MENRES002376_14,2023-07-26T23:46:52,32.29,27.96,4.33
MENRES002377_4,2023-08-20T14:22:15,20.71,17.76,2.95
MENRES002377_6,2023-05-18T13:12:30,37.15,34.99,2.16
MENRES002377_11,2023-10-14T18:49:21,35.49,29.95,5.54
MENRES002377_12,2023-04-14T18:18:27,19.59,16.54,3.05
MENRES002377_15,2023-03-27T06:10:26,30.71,26.55,4.16
MENRES002377_17,2023-01-24T04:49:54,22.94,20.5,2.44
MENRES002378_2,2023-09-17T22:58:52,83.29,74.55,8.74
MENRES002378_4,2023-05-19T18:15:56,97.83,87.69,10.14
MENRES002379_1,2023-11-18T08:06:38,29.66,24.32,5.34
MENRES002379_4,2023-07-13T07:37:09,54.19,44.38,9.81
MENRES002379_6,2023-08-25T18:11:46,18.64,15.71,2.93
MENRES002380_2,2023-12-10T13:30:29,21.85,18.98,2.87
MENRES002380_4,2023-02-28T11:55:32,64.57,55.83,8.74
MENRES002380_11,2023-02-13T22:04:50,25.92,21.8,4.12
MENRES002380_12,2023-09-24T06:14:28,19.32,18.13,1.19
MENRES002380_17,2023-01-17T16:33:59,75.05,67.65,7.4
MENRES002381_4,2023-02-21T05:44:24,104.79,92.39,12.4
MENRES002382_1,2023-10-02T06:18:37,39.65,33.12,6.53
MENRES002382_2,2023-02-18T12:40:49,29.88,25.34,4.54
MENRES002382_3,2023-09-20T20:27:09,32.8,26.88,5.92
MENRES002382_4,2023-01-08T03:15:29,28.2,26.78,1.42
MENRES002382_5,2023-06-23T15:58:45,10.97,9.74,1.23
MENRES002382_11,2023-03-17T16:52:21,20.01,18.6,1.41
MENRES002383_2,2023-07-14T10:13:29,112.34,99.4,12.94
MENRES002383_6,2023-08-17T10:57:14,20.1,18.14,1.96
MENRES002383_7,2023-12-24T19:18:11,41.25,33.94,7.31
MENRES002383_10,2023-07-07T22:48:13,51.93,48.61,3.32
MENRES002384_0,2023-12-13T05:28:32,68.26,62.59,5.67
MENRES002384_1,2023-03-17T00:08:43,35.62,33.22,2.4
MENRES002384_7,2023-02-05T17:28:11,22.56,20.14,2.42
MENRES002384_11,2023-10-05T08:32:49,112.68,100.75,11.93
MENRES002384_13,2023-10-26T01:54:46,119.97,100.49,19.48
MENRES002384_16,2023-01-09T00:44:35,69.29,65.78,3.51
MENRES002385_2,2023-05-16T02:15:04,39.72,35.82,3.9
MENRES002385_8,2023-03-05T04:59:04,37.48,32.26,5.22
MENRES002385_9,2023-10-29T11:58:03,15.05,12.94,2.11
MENRES002385_15,2023-08-07T09:55:54,29.69,25.3,4.39
MENRES002386_0,2023-03-10T04:03:24,68.59,58.59,10.0
MENRES002386_1,2023-04-14T08:23:50,17.9,15.46,2.44
MENRES002386_3,2023-09-11T12:31:22,109.19,99.12,10.07
MENRES002386_10,2023-04-06T08:18:52,25.08,23.39,1.69
MENRES002386_12,2023-02-03T18:32:16,44.31,40.48,3.83
MENRES002387_1,2023-12-11T14:24:22,17.89,15.53,2.36
MENRES002387_5,2023-05-18T18:59:21,66.27,53.1,13.17
MENRES002387_16,2023-06-20T11:46:27,52.4,42.33,10.07
MENRES002387_17,2023-01-20T08:58:09,12.66,10.29,2.37
MENRES002388_0,2023-05-06T12:36:55,47.2,42.92,4.28
MENRES002388_4,2023-06-19T21:38:54,30.88,26.07,4.81
MENRES002388_7,2023-04-23T09:56:38,23.97,19.6,4.37
MENRES002388_8,2023-05-30T00:19:15,24.38,21.34,3.04
MENRES002389_3,2023-09-13T14:51:24,82.66,75.06,7.6
MENRES002389_5,2023-12-30T18:06:18,116.55,98.51,18.04
MENRES002389_6,2023-12-22T10:15:06,101.22,81.42,19.8
MENRES002389_7,2023-12-03T19:31:37,56.9,53.74,3.16
MENRES002389_8,2023-11-05T14:17:00,76.91,70.66,6.25
MENRES002389_12,2023-07-10T08:35:57,31.67,29.24,2.43
MENRES002389_13,2023-12-28T07:06:11,91.15,74.4,16.75
MENRES002389_16,2023-03-02T23:06:49,86.36,78.64,7.72
MENRES002390_1,2023-03-20T06:03:25,119.23,105.79,13.44
MENRES002390_6,2023-02-16T09:25:46,142.14,133.12,9.02
MENRES002390_10,2023-08-28T19:38:14,115.74,102.0,13.74
MENRES002390_11,2023-09-14T20:35:38,52.74,43.85,8.89
MENRES002391_1,2023-01-31T07:33:04,37.31,31.73,5.58
MENRES002391_4,2023-05-27T15:34:23,36.01,31.71,4.3
MENRES002392_3,2023-01-01T04:34:06,50.3,46.89,3.41
MENRES002392_5,2023-11-11T03:58:00,94.53,89.16,5.37
MENRES002392_7,2023-04-28T19:18:58,141.32,129.92,11.4
MENRES002392_12,2023-10-26T03:48:02,24.6,20.13,4.47
MENRES002392_15,2023-04-21T17:06:00,30.31,24.6,5.71
MENRES002393_2,2023-08-19T11:37:08,62.94,57.4,5.54
MENRES002393_5,2023-06-08T03:58:57,54.58,45.15,9.43
MENRES002393_11,2023-02-27T12:09:49,142.58,129.09,13.49
MENRES002393_17,2023-05-12T06:12:53,95.39,77.6,17.79
MENRES002394_1,2023-12-13T08:49:54,6.34,5.19,1.15
MENRES002394_3,2023-05-09T17:51:47,25.12,23.81,1.31
MENRES002395_2,2023-01-05T23:52:07,101.55,85.03,16.52
MENRES002395_4,2023-03-16T00:09:14,137.14,125.21,11.93
MENRES002395_7,2023-03-26T05:08:06,65.94,60.51,5.43
MENRES002396_1,2023-10-21T22:03:58,100.4,81.72,18.68
MENRES002396_6,2023-12-04T11:16:42,61.34,53.48,7.86
MENRES002396_7,2023-05-31T05:01:01,41.58,36.82,4.76
MENRES002396_10,2023-05-13T02:08:45,111.43,92.04,19.39
MENRES002396_12,2023-02-16T08:31:04,115.27,102.51,12.76
MENRES002396_13,2023-05-31T20:18:40,70.06,61.2,8.86
MENRES002397_2,2023-03-27T22:48:54,61.13,54.95,6.18
MENRES002397_4,2023-03-22T20:10:47,108.24,101.39,6.85
MENRES002397_9,2023-11-16T23:38:09,80.54,70.82,9.72
MENRES002397_10,2023-10-06T10:13:05,84.67,73.57,11.1
MENRES002398_0,2023-05-30T11:57:47,55.92,50.31,5.61
MENRES002398_2,2023-12-29T18:04:49,79.59,69.28,10.31
MENRES002398_4,2023-11-01T17:10:30,13.18,10.68,2.5
MENRES002398_6,2023-07-21T13:42:46,77.61,62.85,14.76
MENRES002398_8,2023-01-22T10:41:00,30.32,26.52,3.8
MENRES002399_0,2023-03-18T06:03:45,44.65,38.53,6.12
MENRES002399_3,2023-09-12T19:30:10,22.47,18.89,3.58
MENRES002399_5,2023-08-28T18:51:58,46.78,44.06,2.72
MENRES002400_2,2023-08-10T21:13:33,26.0,21.55,4.45
MENRES002400_11,2023-03-11T08:38:38,37.5,33.56,3.94
MENRES002400_14,2023-06-30T15:40:26,35.67,29.19,6.48
MENRES002401_1,2023-07-05T21:59:47,58.83,49.64,9.19
MENRES002401_4,2023-01-15T02:23:36,41.68,39.55,2.13
MENRES002401_8,2023-03-30T03:06:59,51.91,43.13,8.78
MENRES002401_11,2023-06-29T06:14:42,32.55,28.77,3.78
MENRES002401_13,2023-11-04T22:26:13,36.93,34.08,2.85
MENRES002402_7,2023-11-09T06:50:55,66.58,61.47,5.11
MENRES002402_10,2023-04-17T21:41:02,46.36,41.87,4.49
MENRES002402_11,2023-02-18T11:18:12,15.48,13.08,2.4
MENRES002402_15,2023-09-29T16:02:29,101.08,87.99,13.09
MENRES002402_17,2023-11-02T14:40:19,63.54,57.6,5.94
MENRES002402_18,2023-05-28T05:29:59,28.85,27.19,1.66
MENRES002403_0,2023-10-15T00:59:02,42.96,34.97,7.99
MENRES002403_1,2023-12-04T16:37:32,88.5,71.6,16.9
MENRES002403_3,2023-05-10T21:02:02,74.73,69.07,5.66
MENRES002403_6,2023-04-05T16:02:46,42.9,36.29,6.61
MENRES002403_7,2023-05-24T02:43:52,25.19,21.94,3.25
MENRES002403_9,2023-02-05T23:10:06,78.55,70.86,7.69
MENRES002404_4,2023-03-27T15:27:17,50.21,46.86,3.35
MENRES002404_7,2023-03-31T10:59:55,47.94,43.94,4.0
MENRES002404_11,2023-11-20T06:11:33,19.71,16.36,3.35
MENRES002405_0,2023-01-02T11:10:07,31.77,27.43,4.34
MENRES002405_1,2023-01-16T05:01:04,15.08,14.2,0.88
MENRES002405_3,2023-12-17T02:42:25,32.64,30.21,2.43
MENRES002405_8,2023-01-16T06:58:26,33.32,27.75,5.57
MENRES002405_13,2023-04-05T19:31:22,63.11,57.73,5.38
MENRES002405_17,2023-06-27T19:53:53,25.31,22.92,2.39
MENRES002406_2,2023-02-26T05:24:20,81.48,76.95,4.53
MENRES002406_6,2023-09-26T10:31:47,20.38,18.39,1.99
MENRES002406_8,2023-10-21T08:51:21,119.74,101.32,18.42
MENRES002406_9,2023-04-05T18:55:15,36.57,33.2,3.37
MENRES002406_11,2023-11-27T01:16:20,56.59,51.3,5.29
MENRES002406_13,2023-08-25T10:26:10,42.95,40.05,2.9
MENRES002408_4,2023-09-13T19:24:13,26.67,23.71,2.96
MENRES002408_9,2023-06-18T06:09:21,34.61,27.86,6.75
MENRES002408_11,2023-03-02T20:33:43,13.6,12.85,0.75
MENRES002408_16,2023-05-03T23:41:51,21.49,18.33,3.16
MENRES002409_2,2023-12-22T22:54:04,86.72,76.69,10.03
MENRES002409_3,2023-04-29T15:27:36,44.14,40.23,3.91
MENRES002409_5,2023-01-19T18:10:59,61.49,52.46,9.03
MENRES002409_6,2023-01-19T21:39:17,87.72,79.6,8.12
MENRES002409_7,2023-11-08T13:33:44,128.01,119.54,8.47
MENRES002410_5,2023-09-03T18:49:56,56.11,45.5,10.61
MENRES002410_6,2023-03-11T10:44:50,48.31,42.26,6.05
MENRES002410_12,2023-01-22T21:18:07,25.95,21.93,4.02
MENRES002411_1,2023-05-11T19:02:53,80.47,66.59,13.88
MENRES002411_3,2023-04-29T10:51:15,98.83,92.57,6.26
MENRES002411_6,2023-03-17T15:37:32,100.91,87.69,13.22
MENRES002411_9,2023-10-18T14:43:07,36.28,29.35,6.93
MENRES002412_1,2023-10-31T12:00:13,97.34,90.18,7.16
MENRES002412_7,2023-03-03T02:58:01,21.19,19.48,1.71
MENRES002412_8,2023-12-10T12:33:41,28.44,22.91,5.53
MENRES002412_9,2023-08-09T14:45:11,80.54,71.04,9.5
MENRES002412_13,2023-03-11T23:26:57,84.88,71.92,12.96
MENRES002413_1,2023-05-06T18:41:57,20.71,18.81,1.9
MENRES002413_6,2023-03-16T10:53:04,37.62,35.3,2.32
MENRES002413_7,2023-04-14T02:51:58,5.64,4.93,0.71
MENRES002413_8,2023-08-15T00:15:24,7.43,6.12,1.31
MENRES002413_10,2023-07-13T03:21:27,16.04,14.07,1.97
MENRES002413_11,2023-10-03T01:30:32,21.21,17.71,3.5
MENRES002414_7,2023-01-02T08:45:58,43.14,34.91,8.23
MENRES002414_11,2023-07-15T00:03:37,45.76,41.99,3.77
MENRES002414_12,2023-11-23T12:36:59,14.54,13.45,1.09
MENRES002415_3,2023-09-03T17:03:09,143.14,123.24,19.9
MENRES002415_7,2023-05-04T17:40:30,57.19,45.9,11.29
MENRES002415_8,2023-07-27T06:56:08,54.46,48.39,6.07
MENRES002416_0,2023-03-27T04:56:11,38.29,32.82,5.47
MENRES002416_2,2023-10-09T00:15:34,86.34,75.11,11.23
MENRES002416_4,2023-11-10T04:25:59,116.6,103.77,12.83
MENRES002416_5,2023-12-04T15:30:54,96.45,84.13,12.32
MENRES002416_6,2023-01-08T03:40:59,119.84,111.09,8.75
MENRES002416_9,2023-12-16T11:07:24,85.6,72.9,12.7
MENRES002416_10,2023-01-09T17:18:05,93.38,75.55,17.83
MENRES002416_13,2023-08-25T17:30:41,136.19,120.35,15.84
MENRES002416_14,2023-07-25T20:09:50,128.49,108.75,19.74
MENRES002417_0,2023-03-30T22:05:40,16.67,15.23,1.44
MENRES002417_5,2023-12-03T02:27:09,42.46,38.71,3.75
MENRES002417_8,2023-06-29T13:40:26,66.76,60.3,6.46
MENRES002417_9,2023-12-20T07:09:08,55.42,44.78,10.64
MENRES002418_3,2023-04-26T11:18:26,113.98,95.25,18.73
MENRES002418_5,2023-09-12T01:55:36,156.17,129.08,27.09
MENRES002418_7,2023-02-27T21:13:47,159.23,129.78,29.45
MENRES002418_8,2023-08-23T06:46:17,75.96,67.72,8.24
MENRES002419_0,2023-07-17T19:08:38,18.19,16.75,1.44
MENRES002419_2,2023-06-06T09:40:39,12.14,10.56,1.58
MENRES002420_4,2023-01-01T07:24:27,46.23,38.31,7.92
MENRES002421_0,2023-08-31T05:42:51,29.85,24.47,5.38
MENRES002421_3,2023-08-03T09:44:06,74.18,68.9,5.28
MENRES002422_1,2023-04-06T04:32:09,93.43,75.5,17.93
MENRES002422_6,2023-07-26T06:06:52,93.37,78.88,14.49
MENRES002423_0,2023-02-09T01:45:48,37.33,31.72,5.61
MENRES002424_0,2023-06-10T15:22:47,63.73,56.98,6.75
MENRES002424_3,2023-11-15T07:09:37,65.1,60.77,4.33
MENRES002424_5,2023-12-02T14:31:01,53.23,46.76,6.47
MENRES002425_1,2023-11-03T13:32:15,25.28,21.13,4.15
MENRES002425_6,2023-04-07T08:16:33,31.39,26.47,4.92
MENRES002425_11,2023-05-19T06:21:53,15.43,13.27,2.16
MENRES002426_1,2023-09-24T11:21:03,61.9,57.54,4.36
MENRES002426_3,2023-12-14T08:07:28,75.24,65.07,10.17
MENRES002426_6,2023-07-29T11:29:05,67.81,58.06,9.75
MENRES002426_7,2023-08-25T13:16:01,69.6,61.55,8.05
MENRES002426_9,2023-01-12T03:43:01,77.95,64.26,13.69
MENRES002426_12,2023-09-28T01:07:52,26.95,23.34,3.61
MENRES002427_9,2023-09-22T03:37:36,64.75,56.84,7.91
MENRES002427_12,2023-12-30T16:51:40,110.08,90.46,19.62
MENRES002428_3,2023-11-11T20:15:38,24.53,20.79,3.74
MENRES002428_4,2023-04-25T10:39:39,29.81,24.95,4.86
MENRES002428_6,2023-01-25T02:00:34,8.91,7.22,1.69
MENRES002428_7,2023-01-11T10:47:41,20.12,17.34,2.78
MENRES002428_8,2023-10-05T06:41:54,10.2,9.2,1.0
MENRES002428_10,2023-02-23T02:24:42,6.67,6.01,0.66
MENRES002429_8,2023-04-16T06:23:49,9.57,8.6,0.97
MENRES002430_5,2023-03-09T14:27:42,133.54,118.88,14.66
MENRES002430_7,2023-02-04T21:54:39,82.77,69.62,13.15
MENRES002430_16,2023-04-22T21:40:13,78.53,74.57,3.96
MENRES002431_3,2023-05-27T18:09:38,36.71,29.99,6.72
MENRES002432_0,2023-11-03T22:08:17,105.87,97.11,8.76
MENRES002432_1,2023-07-04T13:47:23,70.69,58.34,12.35
MENRES002432_2,2023-10-04T15:01:02,69.57,56.92,12.65
MENRES002432_8,2023-05-09T07:42:40,41.66,34.09,7.57
MENRES002433_2,2023-03-16T02:20:55,77.23,64.07,13.16
MENRES002433_5,2023-05-27T17:57:48,14.5,11.7,2.8
MENRES002433_6,2023-04-20T07:58:17,49.17,42.8,6.37
MENRES002433_10,2023-12-16T14:11:16,13.52,11.43,2.09
MENRES002433_11,2023-10-10T09:04:29,38.29,35.78,2.51
MENRES002434_2,2023-10-26T04:05:50,6.76,5.84,0.92
MENRES002434_3,2023-10-09T18:40:29,24.78,20.21,4.57
MENRES002435_2,2023-10-13T03:57:26,50.69,46.03,4.66
MENRES002435_9,2023-04-20T03:15:03,45.73,38.0,7.73
MENRES002435_11,2023-02-05T08:00:04,13.42,11.68,1.74
MENRES002435_15,2023-03-22T10:15:25,63.98,58.05,5.93
MENRES002435_17,2023-04-18T15:56:35,67.46,63.1,4.36
MENRES002436_0,2023-09-20T20:31:52,51.04,44.12,6.92
MENRES002436_5,2023-06-22T05:34:02,66.93,61.95,4.98
MENRES002437_0,2023-09-03T13:11:56,33.53,31.12,2.41
MENRES002437_1,2023-06-13T15:57:33,34.66,28.51,6.15
MENRES002437_3,2023-12-08T14:11:38,26.98,24.37,2.61
MENRES002437_5,2023-04-10T22:09:50,38.79,32.88,5.91
MENRES002437_7,2023-04-03T09:54:29,37.25,31.56,5.69
MENRES002437_8,2023-04-05T03:46:43,37.38,34.68,2.7
MENRES002437_10,2023-04-16T09:11:52,26.63,23.81,2.82
MENRES002437_12,2023-03-25T14:50:40,11.37,9.96,1.41
MENRES002437_14,2023-09-20T10:28:42,19.04,16.5,2.54
MENRES002438_0,2023-09-29T02:59:35,37.18,31.45,5.73
MENRES002438_3,2023-03-28T00:52:10,66.51,60.65,5.86
MENRES002438_4,2023-04-05T04:28:43,75.03,62.05,12.98
MENRES002438_6,2023-04-12T20:57:17,79.47,72.67,6.8
MENRES002438_7,2023-01-01T06:41:06,36.5,33.11,3.39
MENRES002438_10,2023-09-11T06:28:03,53.44,45.59,7.85
MENRES002439_0,2023-07-29T01:01:15,86.61,78.05,8.56
MENRES002439_4,2023-11-24T00:25:14,87.21,70.11,17.1
MENRES002439_5,2023-03-14T15:11:37,29.64,27.05,2.59
MENRES002439_6,2023-05-07T22:30:39,99.46,84.04,15.42
MENRES002439_7,2023-01-07T13:12:26,47.33,43.87,3.46
MENRES002440_1,2023-06-02T19:49:01,32.94,26.99,5.95
MENRES002440_3,2023-09-27T08:55:23,34.79,31.71,3.08
MENRES002440_4,2023-07-03T03:46:04,31.99,28.85,3.14
MENRES002440_8,2023-12-28T17:41:05,18.87,15.47,3.4
MENRES002440_14,2023-12-16T03:15:11,13.89,12.79,1.1
MENRES002441_6,2023-08-19T22:27:14,108.46,96.38,12.08
MENRES002441_7,2023-09-16T03:36:32,71.31,61.46,9.85
MENRES002442_9,2023-04-23T10:49:07,18.2,15.87,2.33
MENRES002443_0,2023-06-30T10:30:05,95.18,87.55,7.63
MENRES002443_2,2023-03-08T12:24:03,101.16,82.67,18.49
MENRES002443_3,2023-08-07T03:09:41,62.71,53.51,9.2
MENRES002443_4,2023-10-07T07:37:54,115.13,96.88,18.25
MENRES002444_3,2023-01-02T15:34:08,101.96,82.44,19.52
MENRES002444_5,2023-02-27T00:37:09,96.04,89.1,6.94
MENRES002444_10,2023-12-27T08:38:09,63.61,59.33,4.28
MENRES002444_11,2023-04-15T14:39:58,36.39,29.21,7.18
MENRES002446_5,2023-01-04T11:07:24,120.88,101.95,18.93
MENRES002446_8,2023-11-26T13:37:02,158.24,136.84,21.4
MENRES002446_9,2023-01-21T15:44:29,51.38,46.39,4.99
MENRES002446_11,2023-03-11T20:31:54,112.08,94.89,17.19
MENRES002446_16,2023-07-07T20:17:55,85.88,71.99,13.89
MENRES002447_1,2023-03-19T09:55:04,54.91,52.13,2.78
MENRES002447_2,2023-03-14T12:52:07,22.49,19.36,3.13
MENRES002447_5,2023-03-02T01:16:31,29.0,24.13,4.87
MENRES002447_13,2023-04-03T19:48:02,23.93,21.46,2.47
MENRES002447_15,2023-12-30T18:03:00,66.68,59.11,7.57
MENRES002447_17,2023-12-15T19:44:42,49.51,42.03,7.48
MENRES002448_1,2023-08-06T00:15:45,5.56,5.12,0.44
MENRES002448_3,2023-01-13T18:10:55,25.39,23.4,1.99
MENRES002449_0,2023-09-12T02:42:55,43.05,38.0,5.05
MENRES002450_6,2023-12-26T05:26:25,29.08,27.27,1.81
MENRES002450_11,2023-10-18T12:54:29,23.21,18.6,4.61
MENRES002451_0,2023-11-04T10:08:34,30.7,28.34,2.36
MENRES002451_2,2023-09-27T04:46:51,6.94,6.01,0.93
MENRES002451_5,2023-02-22T01:37:28,28.17,26.04,2.13
MENRES002451_8,2023-01-15T22:55:15,11.89,9.9,1.99
MENRES002451_10,2023-10-21T08:43:41,35.14,32.96,2.18
MENRES002451_11,2023-09-20T22:18:10,14.34,13.17,1.17
MENRES002451_17,2023-09-21T11:57:32,39.8,34.9,4.9
MENRES002452_0,2023-09-07T09:13:25,74.13,60.25,13.88
MENRES002452_2,2023-07-28T11:05:26,73.26,61.01,12.25
MENRES002452_3,2023-12-29T20:27:38,12.87,12.13,0.74
MENRES002452_4,2023-05-08T21:14:35,74.71,61.35,13.36
MENRES002452_5,2023-11-28T03:16:49,64.62,58.66,5.96
MENRES002452_9,2023-06-12T12:21:05,56.65,48.43,8.22
MENRES002452_10,2023-10-04T07:59:40,17.1,15.06,2.04
MENRES002453_8,2023-10-09T04:37:32,19.65,16.1,3.55
MENRES002454_0,2023-03-25T00:04:05,46.52,43.0,3.52
MENRES002454_2,2023-10-05T11:14:02,111.65,105.98,5.67
MENRES002454_8,2023-03-27T09:30:18,52.07,45.79,6.28
MENRES002455_0,2023-06-11T16:49:05,24.49,21.91,2.58
MENRES002455_1,2023-01-29T14:35:11,34.98,28.46,6.52
MENRES002455_11,2023-01-07T05:57:36,12.5,11.73,0.77
MENRES002455_13,2023-12-03T08:47:11,35.04,30.62,4.42
MENRES002456_1,2023-05-15T15:23:28,16.6,13.96,2.64
MENRES002456_4,2023-01-29T11:47:56,8.19,6.89,1.3
MENRES002456_6,2023-04-12T01:12:42,27.78,24.32,3.46
MENRES002457_2,2023-07-13T03:01:04,22.08,19.88,2.2
MENRES002457_4,2023-09-23T22:11:20,77.05,67.6,9.45
MENRES002458_0,2023-10-02T13:12:20,32.34,29.97,2.37
MENRES002458_11,2023-07-05T00:18:17,51.88,46.23,5.65
MENRES002459_1,2023-12-23T10:47:13,6.13,5.19,0.94
MENRES002459_4,2023-04-06T07:39:44,33.46,29.92,3.54
MENRES002460_1,2023-02-27T22:07:50,80.48,64.59,15.89
MENRES002460_7,2023-10-31T20:23:49,44.26,40.03,4.23
MENRES002460_15,2023-08-11T09:39:24,126.06,104.54,21.52
MENRES002460_17,2023-02-23T14:21:12,154.93,129.41,25.52
MENRES002461_1,2023-07-12T23:23:13,26.46,23.59,2.87
MENRES002461_2,2023-07-02T11:41:59,108.09,87.9,20.19
MENRES002461_9,2023-03-22T05:48:56,79.59,67.79,11.8
MENRES002462_0,2023-09-05T02:52:10,13.2,12.19,1.01
MENRES002462_1,2023-07-01T01:16:48,63.27,51.44,11.83
MENRES002462_2,2023-01-17T07:54:20,29.05,26.37,2.68
MENRES002462_3,2023-08-01T16:15:35,76.17,65.55,10.62
MENRES002462_6,2023-05-30T02:00:13,79.76,71.98,7.78
MENRES002463_1,2023-02-16T11:25:14,110.04,103.15,6.89
MENRES002463_2,2023-12-21T15:22:11,120.38,112.21,8.17
MENRES002463_10,2023-05-30T03:15:27,82.92,75.65,7.27
MENRES002464_5,2023-03-22T14:17:53,154.76,131.9,22.86
MENRES002464_6,2023-04-02T15:43:05,91.7,83.57,8.13
MENRES002464_8,2023-04-24T22:33:21,158.18,141.43,16.75
MENRES002464_12,2023-06-02T05:51:09,59.51,48.47,11.04
MENRES002465_2,2023-05-10T09:06:36,70.87,57.74,13.13
MENRES002465_7,2023-08-10T13:00:06,79.66,67.88,11.78
MENRES002465_9,2023-01-04T20:21:36,39.5,35.65,3.85
MENRES002465_12,2023-03-01T23:43:07,31.97,30.26,1.71
MENRES002466_0,2023-08-20T18:20:51,71.62,58.18,13.44
MENRES002466_2,2023-07-21T12:47:00,49.36,41.17,8.19
MENRES002466_4,2023-06-28T09:03:06,28.86,25.45,3.41
MENRES002466_7,2023-09-21T23:24:29,55.65,50.66,4.99
MENRES002466_14,2023-07-25T22:12:02,43.18,37.48,5.7
MENRES002466_17,2023-05-29T12:31:33,42.0,39.36,2.64
MENRES002467_0,2023-12-28T20:16:02,85.15,80.46,4.69
MENRES002467_4,2023-10-16T17:45:54,63.4,51.23,12.17
MENRES002467_7,2023-02-03T05:34:09,81.36,75.85,5.51
MENRES002467_8,2023-05-21T11:34:41,112.12,99.15,12.97
MENRES002467_9,2023-08-18T15:44:15,105.66,93.98,11.68
MENRES002467_10,2023-08-28T03:07:16,100.22,84.49,15.73
MENRES002467_12,2023-06-25T00:45:22,48.02,44.75,3.27
MENRES002468_0,2023-02-25T11:45:57,11.78,10.81,0.97
MENRES002468_2,2023-09-12T21:11:13,11.25,10.39,0.86
MENRES002468_3,2023-08-04T00:14:19,26.79,25.06,1.73
MENRES002468_5,2023-07-06T01:30:30,13.22,12.43,0.79
MENRES002469_2,2023-10-13T08:02:01,40.7,37.88,2.82
MENRES002469_8,2023-01-28T08:08:11,19.78,17.3,2.48
MENRES002469_11,2023-02-28T22:45:50,21.19,18.72,2.47
MENRES002470_1,2023-05-22T12:34:52,107.01,96.99,10.02
MENRES002470_3,2023-07-14T20:15:43,15.13,12.74,2.39
MENRES002471_1,2023-12-25T00:56:05,37.86,32.3,5.56
MENRES002471_4,2023-01-26T19:40:33,27.67,25.7,1.97
MENRES002471_5,2023-03-24T18:29:12,45.48,43.18,2.3
MENRES002471_6,2023-08-18T19:12:49,16.43,14.41,2.02
MENRES002471_7,2023-08-18T09:58:34,46.78,41.35,5.43
MENRES002471_8,2023-07-17T01:48:52,29.11,24.01,5.1
MENRES002472_1,2023-08-19T02:58:33,107.65,97.56,10.09
MENRES002472_4,2023-04-09T12:53:06,29.34,27.43,1.91
MENRES002472_18,2023-03-31T14:02:34,45.55,40.49,5.06
MENRES002473_3,2023-06-03T20:35:02,5.01,4.29,0.72
MENRES002473_5,2023-12-11T17:31:40,6.29,5.07,1.22
MENRES002473_6,2023-03-25T17:24:33,38.01,32.79,5.22
MENRES002473_7,2023-04-12T03:35:37,38.21,34.87,3.34
MENRES002474_1,2023-07-26T08:04:15,31.99,27.35,4.64
MENRES002474_2,2023-10-01T22:13:44,24.27,20.45,3.82
MENRES002474_5,2023-03-14T21:33:55,32.49,27.39,5.1
MENRES002475_0,2023-10-03T01:49:00,72.17,60.17,12.0
MENRES002475_4,2023-11-03T08:32:53,24.51,23.21,1.3
MENRES002475_8,2023-04-26T18:51:27,47.07,37.95,9.12
MENRES002475_9,2023-12-17T19:02:34,31.12,26.16,4.96
MENRES002475_10,2023-05-23T21:25:02,67.91,58.22,9.69
MENRES002475_11,2023-10-04T19:49:40,19.92,17.49,2.43
MENRES002475_13,2023-12-22T04:11:47,30.88,24.79,6.09
MENRES002475_15,2023-02-28T19:58:57,21.63,18.92,2.71
MENRES002475_16,2023-10-19T03:03:07,11.32,10.22,1.1
MENRES002476_2,2023-03-02T03:23:55,42.76,36.46,6.3
MENRES002476_3,2023-08-28T13:28:26,18.97,16.65,2.32
MENRES002477_0,2023-10-21T22:38:59,44.42,40.38,4.04
MENRES002477_12,2023-03-25T18:14:55,37.31,31.94,5.37
MENRES002477_13,2023-08-10T17:02:22,67.42,56.92,10.5
MENRES002478_0,2023-11-01T01:21:04,95.95,89.97,5.98
MENRES002478_1,2023-01-15T07:39:55,27.73,25.33,2.4
MENRES002478_5,2023-01-03T09:10:51,114.87,104.55,10.32
MENRES002478_6,2023-07-06T00:25:23,51.34,44.45,6.89
MENRES002478_7,2023-03-20T01:18:46,157.22,135.02,22.2
MENRES002478_8,2023-09-29T11:20:22,98.1,92.65,5.45
MENRES002478_10,2023-03-22T15:36:44,152.13,134.93,17.2
MENRES002479_4,2023-12-30T20:45:02,24.13,21.25,2.88
MENRES002479_9,2023-03-24T14:07:57,36.86,33.55,3.31
MENRES002480_7,2023-12-16T20:05:53,8.83,7.11,1.72
MENRES002480_11,2023-03-21T07:48:41,24.1,22.39,1.71
MENRES002480_14,2023-12-24T03:18:05,18.17,15.08,3.09
MENRES002481_2,2023-12-01T15:31:12,39.01,34.73,4.28
MENRES002481_5,2023-10-20T19:38:31,23.42,21.82,1.6
MENRES002482_0,2023-08-24T06:21:40,28.62,26.16,2.46
MENRES002482_4,2023-01-06T17:00:38,106.13,86.69,19.44
MENRES002483_0,2023-11-27T05:23:59,21.54,18.93,2.61
MENRES002483_2,2023-06-14T15:43:05,61.48,53.97,7.51
MENRES002483_3,2023-11-06T19:43:06,54.88,47.06,7.82
MENRES002483_6,2023-09-07T01:10:11,21.19,18.94,2.25
MENRES002483_7,2023-10-19T22:25:24,15.06,13.8,1.26
MENRES002483_8,2023-08-03T13:18:39,59.86,54.67,5.19
MENRES002483_9,2023-08-06T11:33:15,57.01,53.67,3.34
MENRES002484_1,2023-10-16T01:47:53,39.57,34.56,5.01
MENRES002484_2,2023-10-14T03:57:26,25.6,23.05,2.55
MENRES002484_3,2023-08-21T16:05:01,18.9,17.25,1.65
MENRES002484_4,2023-07-09T12:50:09,9.14,7.32,1.82
MENRES002484_7,2023-09-16T17:16:58,37.0,31.21,5.79
MENRES002485_1,2023-05-02T02:42:35,49.99,41.89,8.1
MENRES002485_3,2023-03-21T05:42:22,32.43,28.03,4.4
MENRES002485_11,2023-03-30T19:43:46,43.74,40.17,3.57
MENRES002485_13,2023-03-21T15:51:43,18.99,16.35,2.64
MENRES002485_14,2023-10-06T06:32:06,31.49,28.91,2.58
MENRES002487_2,2023-04-07T07:49:53,54.55,44.9,9.65
MENRES002487_4,2023-01-29T11:38:38,39.14,31.87,7.27
MENRES002487_6,2023-03-27T03:23:59,27.46,24.01,3.45
MENRES002487_7,2023-09-20T09:47:34,68.95,59.88,9.07
MENRES002487_9,2023-05-18T14:11:53,72.93,61.0,11.93
MENRES002487_11,2023-06-12T08:36:32,61.14,57.47,3.67
MENRES002487_13,2023-01-26T08:53:58,30.56,24.7,5.86
MENRES002487_14,2023-12-10T01:09:12,17.73,14.66,3.07
MENRES002488_0,2023-09-09T04:45:44,33.94,30.25,3.69
MENRES002488_4,2023-04-14T19:53:25,15.7,14.56,1.14
MENRES002488_6,2023-03-15T01:48:30,31.45,27.5,3.95
MENRES002489_0,2023-08-26T16:28:02,53.75,44.67,9.08
MENRES002489_7,2023-05-23T05:43:28,48.52,42.22,6.3
MENRES002489_9,2023-02-16T00:11:34,106.6,92.42,14.18
MENRES002489_12,2023-07-05T07:08:51,53.43,47.33,6.1
MENRES002489_14,2023-07-14T12:42:15,121.15,100.48,20.67
MENRES002489_18,2023-09-28T17:09:49,148.75,139.34,9.41
MENRES002489_19,2023-01-16T08:08:05,84.89,71.8,13.09
MENRES002490_0,2023-03-05T20:45:25,18.54,17.22,1.32
MENRES002490_1,2023-11-23T11:53:43,23.32,20.83,2.49
MENRES002490_2,2023-08-25T21:14:29,36.63,30.15,6.48
MENRES002490_4,2023-08-11T00:17:31,14.06,11.51,2.55
MENRES002490_7,2023-07-28T17:49:00,28.03,26.44,1.59
MENRES002490_12,2023-08-14T12:41:03,32.4,28.86,3.54
MENRES002491_1,2023-02-20T23:05:11,60.85,56.89,3.96
MENRES002491_6,2023-04-15T01:03:25,124.11,110.95,13.16
MENRES002492_1,2023-10-24T07:44:38,49.79,40.82,8.97
MENRES002492_2,2023-11-24T03:52:56,71.98,61.4,10.58
MENRES002492_9,2023-02-07T01:21:45,37.95,34.65,3.3
MENRES002493_0,2023-04-14T06:18:31,18.94,17.09,1.85
MENRES002493_1,2023-07-03T04:31:28,29.32,25.52,3.8
MENRES002493_3,2023-12-13T12:48:29,31.08,26.54,4.54
MENRES002493_7,2023-07-10T01:25:11,10.77,9.38,1.39
MENRES002493_10,2023-04-27T03:28:10,26.83,23.45,3.38
MENRES002494_3,2023-01-22T02:14:07,34.0,28.48,5.52
MENRES002494_4,2023-03-09T16:39:33,102.05,84.04,18.01
MENRES002495_1,2023-06-14T05:38:32,98.32,90.35,7.97
MENRES002495_3,2023-12-28T10:57:47,69.12,58.21,10.91
MENRES002496_1,2023-06-23T15:28:47,33.51,30.18,3.33
MENRES002496_2,2023-11-16T15:44:41,11.63,10.25,1.38
MENRES002496_5,2023-03-11T19:08:16,33.5,29.31,4.19
MENRES002496_6,2023-09-09T11:35:18,14.53,13.79,0.74
MENRES002496_7,2023-12-30T08:49:45,38.16,31.47,6.69
MENRES002496_8,2023-09-16T16:12:38,11.73,10.72,1.01
MENRES002496_10,2023-11-04T15:39:48,19.62,18.17,1.45
MENRES002497_4,2023-02-18T18:09:43,6.97,5.76,1.21
MENRES002497_8,2023-06-03T13:04:26,7.56,6.73,0.83
MENRES002497_14,2023-08-15T07:33:11,11.01,9.82,1.19
MENRES002497_15,2023-03-13T04:57:45,26.6,22.77,3.83
MENRES002497_17,2023-07-23T17:30:27,35.55,29.31,6.24
MENRES002498_0,2023-05-26T18:41:15,27.65,23.19,4.46
MENRES002499_3,2023-09-12T01:50:31,78.48,63.62,14.86
MENRES002499_5,2023-01-29T13:16:48,113.57,107.72,5.85
MENRES002499_7,2023-11-10T10:52:59,84.11,77.78,6.33
MENRES002499_10,2023-12-24T21:23:46,115.37,102.37,13.0
MENRES002499_11,2023-12-21T00:14:57,16.34,14.03,2.31
MENRES002500_0,2023-04-30T06:12:13,19.67,18.18,1.49
MENRES002500_2,2023-12-10T20:14:17,15.58,12.88,2.7
MENRES002500_5,2023-10-06T05:09:29,34.6,31.97,2.63
MENRES002501_1,2023-04-05T04:35:39,57.05,46.29,10.76
MENRES002501_3,2023-04-09T07:10:56,28.05,25.83,2.22
MENRES002501_4,2023-06-09T05:35:34,77.37,68.86,8.51
MENRES002501_5,2023-04-21T10:45:12,79.53,70.77,8.76
MENRES002502_1,2023-02-07T05:07:04,19.17,17.1,2.07
MENRES002502_5,2023-03-21T09:29:34,22.2,18.17,4.03
MENRES002502_6,2023-01-24T12:20:12,47.01,42.89,4.12
MENRES002502_7,2023-10-19T14:25:11,55.38,51.12,4.26
MENRES002502_10,2023-04-07T16:49:02,47.54,38.2,9.34
MENRES002502_16,2023-12-13T06:36:00,50.45,42.82,7.63
MENRES002503_5,2023-09-21T01:10:35,38.69,33.37,5.32
MENRES002504_0,2023-02-04T00:35:08,93.05,88.37,4.68
MENRES002504_6,2023-02-11T07:47:55,15.26,12.79,2.47
MENRES002505_3,2023-07-10T08:49:47,75.41,69.72,5.69
MENRES002506_13,2023-10-17T10:06:46,105.51,98.43,7.08
MENRES002507_0,2023-10-13T15:55:24,106.1,97.59,8.51
MENRES002507_3,2023-12-08T03:36:26,95.97,83.63,12.34
MENRES002507_4,2023-10-08T04:23:21,90.54,73.79,16.75
MENRES002507_8,2023-11-15T11:53:47,56.38,45.74,10.64
MENRES002507_11,2023-09-09T08:08:53,31.52,29.78,1.74
MENRES002507_15,2023-01-29T22:57:45,101.06,87.91,13.15
MENRES002507_18,2023-04-08T22:04:30,39.84,32.46,7.38
MENRES002508_2,2023-03-14T02:50:09,66.22,55.64,10.58
MENRES002508_3,2023-02-19T13:23:07,10.69,9.11,1.58
MENRES002508_12,2023-02-03T16:54:41,70.2,61.17,9.03
MENRES002508_16,2023-03-03T22:32:26,68.44,59.92,8.52
MENRES002508_18,2023-05-25T05:56:17,65.41,52.4,13.01
MENRES002509_4,2023-10-11T00:18:12,26.23,22.61,3.62
MENRES002509_7,2023-02-26T05:50:21,32.02,27.95,4.07
MENRES002510_2,2023-03-05T01:19:00,39.05,34.99,4.06
MENRES002510_3,2023-11-20T05:47:39,45.17,38.7,6.47
MENRES002510_7,2023-03-21T13:45:03,26.54,23.39,3.15
MENRES002510_11,2023-06-12T00:29:48,14.07,11.83,2.24
MENRES002511_0,2023-01-11T01:31:35,11.87,10.9,0.97
MENRES002511_1,2023-08-13T17:15:13,7.53,6.7,0.83
MENRES002511_2,2023-05-25T21:20:37,26.53,23.14,3.39
MENRES002511_3,2023-12-07T23:38:28,33.53,30.79,2.74
MENRES002511_5,2023-03-06T00:44:27,14.64,13.42,1.22
MENRES002511_8,2023-06-02T08:05:00,35.05,32.99,2.06
MENRES002511_10,2023-11-02T10:12:53,18.92,17.11,1.81
MENRES002511_13,2023-05-18T19:23:07,12.53,11.82,0.71
MENRES002511_17,2023-10-24T21:16:43,15.62,14.8,0.82
MENRES002512_1,2023-03-19T03:56:20,72.86,66.93,5.93
MENRES002512_5,2023-12-06T08:48:29,65.35,58.31,7.04
MENRES002512_6,2023-01-16T23:17:24,62.38,56.01,6.37
MENRES002512_11,2023-12-22T01:48:36,36.86,30.81,6.05
MENRES002512_12,2023-11-04T11:54:52,17.67,14.52,3.15
MENRES002512_15,2023-12-19T21:04:42,13.43,11.26,2.17
MENRES002513_0,2023-03-16T14:41:33,23.94,21.66,2.28
MENRES002513_2,2023-10-14T03:27:37,16.09,14.17,1.92
MENRES002513_3,2023-08-03T20:33:03,38.1,33.17,4.93
MENRES002513_4,2023-08-22T18:41:37,17.23,14.55,2.68
MENRES002513_7,2023-02-05T21:45:06,24.14,21.44,2.7
MENRES002514_2,2023-07-09T03:39:20,71.64,67.16,4.48
MENRES002514_5,2023-11-12T15:15:32,58.23,46.76,11.47
MENRES002514_6,2023-12-21T17:59:44,67.18,55.52,11.66
MENRES002514_7,2023-08-22T19:41:03,64.24,60.55,3.69
MENRES002514_13,2023-08-02T21:33:51,117.94,100.93,17.01
MENRES002514_14,2023-04-18T05:30:54,108.34,88.88,19.46
MENRES002514_18,2023-09-18T11:58:47,82.63,73.89,8.74
MENRES002515_7,2023-07-09T02:00:47,34.97,30.41,4.56
MENRES002517_0,2023-04-11T20:46:31,76.58,71.7,4.88
MENRES002517_1,2023-05-22T05:15:45,71.76,62.23,9.53
MENRES002517_2,2023-03-02T15:41:29,69.54,57.03,12.51
MENRES002517_8,2023-09-12T05:33:41,30.34,28.59,1.75
MENRES002517_9,2023-05-08T18:45:49,39.81,36.42,3.39
MENRES002517_12,2023-10-23T20:16:02,101.25,84.19,17.06
MENRES002517_13,2023-01-04T09:35:23,25.99,23.86,2.13
MENRES002517_14,2023-04-07T06:06:41,75.39,65.01,10.38
MENRES002517_19,2023-08-01T03:50:39,74.26,69.16,5.1
MENRES002518_0,2023-05-08T16:12:40,20.88,17.84,3.04
MENRES002518_1,2023-12-03T10:51:32,28.52,24.31,4.21
MENRES002518_2,2023-04-08T17:16:27,39.9,34.63,5.27
MENRES002518_8,2023-01-24T09:09:41,40.84,38.37,2.47
MENRES002518_11,2023-01-14T09:29:49,79.04,64.24,14.8
MENRES002519_1,2023-08-13T20:08:54,27.94,24.4,3.54
MENRES002519_4,2023-10-17T05:51:49,68.25,64.15,4.1
MENRES002519_5,2023-01-07T12:13:52,42.1,39.97,2.13
MENRES002519_7,2023-01-17T17:34:46,27.4,24.68,2.72
MENRES002519_9,2023-10-17T01:17:43,42.07,35.74,6.33
MENRES002519_13,2023-03-02T05:32:05,18.65,16.61,2.04
MENRES002520_2,2023-06-14T20:42:10,24.83,20.89,3.94
MENRES002520_4,2023-11-07T15:34:05,44.12,40.66,3.46
MENRES002520_6,2023-06-02T09:21:27,18.17,16.23,1.94
MENRES002520_8,2023-04-24T00:51:44,68.89,63.29,5.6
MENRES002520_13,2023-10-02T23:59:13,40.76,35.82,4.94
MENRES002521_5,2023-01-19T18:53:30,5.06,4.06,1.0
MENRES002521_8,2023-11-13T10:43:41,9.05,8.12,0.93
MENRES002521_10,2023-01-22T09:01:22,37.77,34.95,2.82
MENRES002521_15,2023-02-21T19:08:14,8.0,7.18,0.82
MENRES002521_16,2023-05-08T07:42:16,13.81,12.92,0.89
MENRES002521_19,2023-09-13T11:35:05,14.86,12.01,2.85
MENRES002522_0,2023-12-01T17:10:34,108.15,99.11,9.04
MENRES002522_4,2023-03-14T00:40:57,133.11,119.63,13.48
MENRES002522_5,2023-08-24T03:07:42,59.69,53.57,6.12
MENRES002522_7,2023-05-10T03:58:34,88.35,78.81,9.54
MENRES002522_12,2023-03-26T20:35:29,104.02,83.41,20.61
MENRES002523_0,2023-11-23T11:09:51,156.38,128.05,28.33
MENRES002523_7,2023-12-25T08:46:51,51.03,41.29,9.74
MENRES002524_0,2023-04-23T14:13:01,33.23,28.03,5.2
MENRES002524_4,2023-09-24T18:14:27,48.26,45.45,2.81
MENRES002524_13,2023-02-21T01:47:32,48.8,42.77,6.03
MENRES002524_15,2023-08-08T01:54:15,61.93,53.68,8.25
MENRES002524_16,2023-02-04T15:01:24,41.44,37.57,3.87
MENRES002524_17,2023-06-01T19:53:23,28.81,27.23,1.58
MENRES002525_5,2023-09-04T05:05:04,100.23,81.0,19.23
MENRES002525_6,2023-08-13T20:02:47,157.44,142.96,14.48
MENRES002525_7,2023-09-11T16:23:20,35.45,30.55,4.9
MENRES002525_13,2023-07-16T12:39:36,24.03,20.02,4.01
MENRES002525_14,2023-04-11T13:20:58,143.36,120.98,22.38
MENRES002525_15,2023-07-03T09:49:25,88.99,75.1,13.89
MENRES002526_3,2023-09-16T09:50:03,22.11,20.05,2.06
MENRES002526_4,2023-01-24T02:16:15,25.59,20.79,4.8
MENRES002526_5,2023-10-03T11:27:15,125.23,107.3,17.93
MENRES002526_7,2023-01-19T09:36:35,79.09,66.53,12.56
MENRES002527_2,2023-06-11T08:43:21,109.04,100.93,8.11
MENRES002527_7,2023-11-10T09:37:47,111.35,104.06,7.29
MENRES002528_2,2023-09-11T15:39:59,84.24,72.13,12.11
MENRES002530_4,2023-03-25T00:20:42,23.3,20.81,2.49
MENRES002531_0,2023-08-28T15:07:50,12.03,11.15,0.88
MENRES002531_8,2023-06-30T07:54:30,16.42,15.51,0.91
MENRES002532_6,2023-10-08T16:08:42,53.53,50.55,2.98
MENRES002532_7,2023-02-08T09:47:14,27.0,21.61,5.39
MENRES002533_0,2023-01-02T09:46:38,58.13,47.22,10.91
MENRES002533_5,2023-02-06T13:10:15,20.81,17.61,3.2
MENRES002533_6,2023-06-10T02:25:14,86.61,73.92,12.69
MENRES002533_7,2023-03-05T19:12:00,91.04,85.88,5.16
MENRES002534_2,2023-02-28T09:47:55,138.16,127.57,10.59
MENRES002534_4,2023-10-14T00:50:20,116.7,102.48,14.22
MENRES002534_5,2023-01-03T02:50:44,34.98,29.14,5.84
MENRES002534_7,2023-03-23T09:18:38,149.51,140.83,8.68
MENRES002534_9,2023-11-14T19:25:03,36.86,32.44,4.42
MENRES002534_11,2023-11-19T15:18:08,71.94,58.07,13.87
MENRES002534_13,2023-07-03T16:55:08,38.11,33.27,4.84
MENRES002534_14,2023-10-18T01:07:50,115.8,104.36,11.44
MENRES002535_6,2023-02-12T02:05:23,65.36,54.32,11.04
MENRES002536_0,2023-01-05T00:18:21,54.89,48.56,6.33
MENRES002536_3,2023-03-27T16:28:24,105.28,84.67,20.61
MENRES002536_5,2023-09-15T23:57:49,108.74,93.79,14.95
MENRES002537_3,2023-06-13T05:01:44,134.01,109.5,24.51
MENRES002537_4,2023-03-24T22:00:39,29.26,23.55,5.71
MENRES002537_5,2023-04-08T22:09:17,156.28,127.71,28.57
MENRES002537_6,2023-05-26T19:22:39,117.81,108.24,9.57
MENRES002537_9,2023-09-20T16:26:55,113.79,93.49,20.3
MENRES002537_10,2023-10-01T10:17:13,125.41,100.64,24.77
MENRES002537_12,2023-01-03T01:29:29,60.53,53.08,7.45
MENRES002537_15,2023-10-26T15:28:50,136.02,114.63,21.39
MENRES002537_16,2023-05-03T23:58:10,83.64,74.01,9.63
MENRES002538_1,2023-08-18T23:13:08,137.2,114.8,22.4
MENRES002538_15,2023-06-07T09:51:14,140.51,116.16,24.35
MENRES002539_6,2023-07-26T02:08:06,71.48,62.95,8.53
MENRES002539_7,2023-12-29T08:48:12,55.48,47.77,7.71
MENRES002539_9,2023-06-20T16:30:35,101.02,89.07,11.95
MENRES002540_0,2023-08-19T04:41:00,27.15,22.88,4.27
MENRES002540_10,2023-02-19T03:28:33,27.39,23.14,4.25
MENRES002540_12,2023-08-12T14:47:39,75.83,71.2,4.63
MENRES002540_13,2023-03-08T16:55:42,25.82,22.01,3.81
MENRES002540_14,2023-01-03T09:00:56,21.68,17.66,4.02
MENRES002541_2,2023-03-18T13:57:31,42.84,35.66,7.18
MENRES002541_10,2023-12-09T11:04:36,100.09,90.02,10.07
MENRES002542_4,2023-07-02T03:47:04,36.49,31.38,5.11
MENRES002542_12,2023-10-14T03:38:53,50.42,43.77,6.65
MENRES002542_16,2023-09-14T10:50:31,66.6,59.4,7.2
MENRES002543_1,2023-06-16T12:36:18,18.33,16.35,1.98
MENRES002543_4,2023-12-14T16:02:09,25.48,22.9,2.58
MENRES002543_8,2023-10-20T21:12:27,26.24,23.01,3.23
MENRES002544_0,2023-09-02T15:25:51,78.21,65.15,13.06
MENRES002545_4,2023-03-30T18:26:34,100.18,83.57,16.61
MENRES002546_0,2023-10-26T08:24:42,51.23,43.21,8.02
MENRES002546_3,2023-11-19T17:06:05,76.62,68.91,7.71
MENRES002546_4,2023-03-23T09:41:51,24.24,19.47,4.77
MENRES002546_5,2023-03-03T21:01:10,42.08,39.8,2.28
MENRES002546_7,2023-07-08T18:02:59,64.56,53.96,10.6
MENRES002546_11,2023-08-29T03:01:37,26.06,22.63,3.43
MENRES002546_13,2023-12-30T22:08:35,44.28,41.83,2.45
MENRES002546_16,2023-06-28T10:27:40,23.25,21.01,2.24
MENRES002547_1,2023-01-11T12:02:33,32.11,27.97,4.14
MENRES002547_6,2023-10-24T00:23:33,68.97,58.97,10.0
MENRES002547_7,2023-10-31T15:21:59,30.61,25.09,5.52
MENRES002547_9,2023-04-13T15:58:51,89.42,80.81,8.61
MENRES002547_11,2023-07-17T06:47:33,50.04,42.38,7.66
MENRES002549_1,2023-10-07T23:16:24,20.18,18.56,1.62
MENRES002549_7,2023-10-08T03:28:45,11.36,9.55,1.81
MENRES002549_9,2023-06-09T12:20:24,6.35,5.99,0.36
MENRES002550_5,2023-05-18T19:50:40,81.38,71.47,9.91
MENRES002551_0,2023-03-31T03:34:19,44.05,37.11,6.94
MENRES002551_1,2023-09-01T00:42:04,21.51,19.86,1.65
MENRES002551_2,2023-06-01T00:57:41,134.77,109.7,25.07
MENRES002551_9,2023-08-18T23:14:13,83.2,77.88,5.32
MENRES002551_14,2023-05-19T16:34:13,38.6,31.5,7.1
MENRES002551_15,2023-09-09T03:18:05,75.52,67.09,8.43
MENRES002551_17,2023-12-26T22:53:37,78.29,67.69,10.6
MENRES002551_18,2023-01-06T00:36:24,61.73,52.87,8.86
MENRES002552_8,2023-03-14T00:36:41,25.39,21.88,3.51
MENRES002552_9,2023-01-07T04:12:34,39.46,36.69,2.77
MENRES002552_10,2023-03-04T07:41:47,56.79,51.87,4.92
MENRES002552_12,2023-09-26T06:34:18,71.39,66.23,5.16
MENRES002552_14,2023-08-31T02:29:09,38.34,35.24,3.1
MENRES002553_3,2023-03-14T13:42:10,114.63,106.04,8.59
MENRES002553_6,2023-10-27T01:27:29,57.04,52.77,4.27
MENRES002556_4,2023-01-29T19:58:20,29.0,27.0,2.0
MENRES002557_4,2023-11-20T19:35:28,51.54,47.51,4.03
MENRES002557_7,2023-08-06T05:43:46,86.9,81.22,5.68
MENRES002557_12,2023-04-07T15:14:35,49.85,44.37,5.48
MENRES002557_13,2023-08-04T02:46:30,101.54,87.54,14.0
MENRES002558_2,2023-12-07T16:58:59,134.49,116.62,17.87
MENRES002558_8,2023-02-11T11:20:52,54.08,46.37,7.71
MENRES002558_14,2023-10-16T01:17:56,22.08,17.98,4.1
MENRES002559_4,2023-05-01T11:13:07,75.43,65.65,9.78
MENRES002559_13,2023-10-04T08:15:20,36.8,30.96,5.84
MENRES002559_14,2023-11-08T02:03:38,70.03,60.57,9.46
MENRES002560_6,2023-08-24T13:10:58,73.55,62.02,11.53
MENRES002560_8,2023-09-08T11:25:26,96.47,83.64,12.83
MENRES002560_9,2023-06-16T09:26:33,84.67,70.09,14.58
MENRES002560_11,2023-11-26T22:11:56,102.6,93.97,8.63
MENRES002560_12,2023-08-09T06:00:59,43.88,39.66,4.22
MENRES002560_13,2023-04-14T08:41:36,55.01,44.79,10.22
MENRES002561_9,2023-10-21T12:02:07,26.83,25.17,1.66
MENRES002562_0,2023-04-11T07:48:36,17.47,14.67,2.8
MENRES002563_8,2023-03-07T08:27:31,77.45,70.92,6.53
MENRES002563_9,2023-11-20T17:24:07,55.94,51.11,4.83
MENRES002563_10,2023-10-03T03:46:29,115.15,98.93,16.22
MENRES002564_1,2023-06-02T15:13:06,40.06,34.65,5.41
MENRES002564_4,2023-01-05T13:41:06,48.55,39.0,9.55
MENRES002564_5,2023-09-05T07:00:15,57.88,47.52,10.36
MENRES002565_2,2023-02-26T10:57:03,137.12,111.94,25.18
MENRES002565_9,2023-08-25T07:39:12,105.03,86.42,18.61
MENRES002565_14,2023-07-15T12:07:19,126.76,110.15,16.61
MENRES002565_16,2023-11-20T20:04:46,144.48,117.31,27.17
MENRES002566_1,2023-10-14T05:14:16,50.42,41.86,8.56
MENRES002566_2,2023-08-25T15:14:08,95.08,78.18,16.9
MENRES002566_4,2023-06-04T08:55:54,27.88,23.93,3.95
MENRES002566_5,2023-12-11T05:39:58,86.23,81.66,4.57
MENRES002566_6,2023-09-17T11:51:00,115.57,100.67,14.9
MENRES002566_7,2023-02-12T01:23:35,98.91,85.21,13.7
MENRES002566_11,2023-09-08T13:44:17,20.44,16.67,3.77
MENRES002566_15,2023-09-27T10:46:39,111.64,98.04,13.6
MENRES002567_2,2023-12-03T10:28:43,18.76,17.8,0.96
MENRES002567_7,2023-11-28T11:44:20,47.65,40.5,7.15
MENRES002567_10,2023-06-01T07:41:33,53.4,47.98,5.42
MENRES002568_1,2023-12-16T15:11:12,77.26,73.12,4.14
MENRES002568_3,2023-01-11T20:37:02,131.39,123.69,7.7
MENRES002568_6,2023-05-19T11:11:13,46.31,39.31,7.0
MENRES002568_7,2023-12-03T13:42:30,58.82,48.27,10.55
MENRES002568_8,2023-10-12T10:35:17,51.59,47.33,4.26
MENRES002569_2,2023-06-27T21:22:31,67.33,63.03,4.3
MENRES002570_2,2023-12-05T08:19:26,13.17,11.4,1.77
MENRES002570_5,2023-04-07T14:31:07,15.53,13.72,1.81
MENRES002571_0,2023-11-19T16:29:48,22.3,18.77,3.53
MENRES002571_3,2023-04-02T16:55:11,53.76,50.32,3.44
MENRES002571_5,2023-08-23T20:06:09,56.13,51.52,4.61
MENRES002571_6,2023-05-18T20:16:10,70.59,63.63,6.96
MENRES002571_7,2023-01-02T23:46:08,25.82,21.17,4.65
MENRES002571_10,2023-09-03T14:36:38,65.11,58.91,6.2
MENRES002571_12,2023-11-24T23:14:45,51.46,45.9,5.56
MENRES002571_17,2023-12-04T05:52:23,54.35,47.24,7.11
MENRES002572_0,2023-07-23T13:22:54,26.4,21.44,4.96
MENRES002572_2,2023-03-08T06:28:27,25.5,24.12,1.38
MENRES002572_3,2023-06-29T09:49:18,18.49,15.59,2.9
MENRES002572_8,2023-08-31T16:54:09,20.23,18.32,1.91
MENRES002572_9,2023-03-15T07:38:13,15.65,12.75,2.9
MENRES002573_0,2023-03-03T02:46:57,75.22,63.42,11.8
MENRES002573_3,2023-03-11T08:54:47,106.75,88.3,18.45
MENRES002573_4,2023-02-10T19:49:24,121.56,103.58,17.98
MENRES002573_8,2023-02-05T07:50:56,133.78,126.73,7.05
MENRES002573_9,2023-05-14T16:56:27,42.28,35.92,6.36
MENRES002573_17,2023-08-23T01:03:04,122.15,102.72,19.43
MENRES002573_18,2023-03-03T00:14:53,74.75,69.73,5.02
MENRES002574_3,2023-05-08T11:09:12,91.45,83.61,7.84
MENRES002574_6,2023-07-16T03:23:06,117.87,110.3,7.57
MENRES002574_9,2023-04-02T13:06:22,16.62,15.44,1.18
MENRES002574_11,2023-06-27T01:46:54,87.01,77.03,9.98
MENRES002574_14,2023-11-25T00:16:12,90.16,84.84,5.32
MENRES002575_0,2023-08-04T23:38:34,86.69,80.78,5.91
MENRES002575_2,2023-09-28T12:41:26,93.97,85.2,8.77
MENRES002575_4,2023-03-28T04:26:12,101.45,81.8,19.65
MENRES002575_6,2023-01-02T13:52:15,46.11,41.68,4.43
MENRES002576_9,2023-06-12T20:08:27,73.42,61.24,12.18
MENRES002576_11,2023-07-28T17:05:10,77.03,70.62,6.41
MENRES002576_13,2023-10-16T16:35:01,99.9,80.22,19.68
MENRES002576_15,2023-03-24T16:56:33,36.02,31.03,4.99
MENRES002577_2,2023-12-22T04:38:48,59.91,50.49,9.42
MENRES002577_3,2023-10-12T15:57:03,57.27,54.4,2.87
MENRES002577_5,2023-01-22T16:48:47,17.83,16.47,1.36
MENRES002577_6,2023-12-11T01:17:17,56.5,50.27,6.23
MENRES002577_7,2023-12-19T21:40:25,20.23,18.96,1.27
MENRES002578_1,2023-07-23T04:06:16,71.13,61.71,9.42
MENRES002578_2,2023-09-19T21:36:21,74.41,66.58,7.83
MENRES002578_6,2023-06-09T13:32:55,101.34,90.9,10.44
MENRES002578_7,2023-11-17T18:28:01,91.44,78.24,13.2
MENRES002579_3,2023-11-24T12:21:45,118.83,100.36,18.47
MENRES002579_12,2023-03-24T04:45:25,82.77,69.81,12.96
MENRES002579_16,2023-05-28T16:34:34,47.34,43.11,4.23
MENRES002580_0,2023-09-10T12:55:37,29.1,27.51,1.59
MENRES002580_9,2023-07-09T16:52:02,12.18,11.32,0.86
MENRES002580_11,2023-06-21T00:38:21,12.89,11.95,0.94
MENRES002580_12,2023-07-31T02:16:51,5.53,4.97,0.56
MENRES002581_3,2023-10-04T06:10:35,28.87,24.47,4.4
MENRES002582_6,2023-02-17T16:41:49,85.85,71.48,14.37
MENRES002582_8,2023-10-04T19:25:15,34.66,30.26,4.4
MENRES002582_9,2023-01-26T13:01:56,68.93,64.86,4.07
MENRES002582_10,2023-11-13T21:38:41,45.44,39.92,5.52
MENRES002582_15,2023-05-11T10:04:11,35.17,28.98,6.19
MENRES002583_7,2023-04-18T15:35:42,30.31,26.26,4.05
MENRES002584_3,2023-08-23T03:48:44,59.17,51.35,7.82
MENRES002584_4,2023-11-09T10:22:09,61.49,50.05,11.44
MENRES002584_5,2023-05-28T10:05:20,49.7,43.41,6.29
MENRES002585_2,2023-02-04T06:01:32,12.33,10.23,2.1
MENRES002585_3,2023-12-22T08:52:43,49.22,45.33,3.89
MENRES002585_4,2023-06-28T15:06:31,54.63,51.04,3.59
MENRES002586_4,2023-04-30T09:28:15,12.5,10.81,1.69
MENRES002586_7,2023-07-03T04:21:34,17.38,16.07,1.31
MENRES002586_9,2023-02-28T08:58:08,39.12,35.27,3.85
MENRES002586_10,2023-07-08T09:21:34,29.71,26.66,3.05
MENRES002586_12,2023-05-19T01:27:03,69.8,58.26,11.54
MENRES002586_13,2023-04-29T14:21:46,19.41,17.58,1.83
MENRES002587_0,2023-12-04T21:35:08,40.34,38.29,2.05
MENRES002587_3,2023-12-25T10:18:35,150.61,141.48,9.13
MENRES002587_4,2023-09-05T03:10:11,59.36,53.1,6.26
MENRES002587_5,2023-01-13T03:58:43,109.85,94.99,14.86
MENRES002587_10,2023-11-11T16:19:16,139.54,125.23,14.31
MENRES002587_11,2023-12-20T14:36:47,146.14,132.47,13.67
MENRES002588_2,2023-06-29T07:44:02,92.2,74.84,17.36
MENRES002589_4,2023-11-10T23:29:44,40.63,37.43,3.2
MENRES002589_6,2023-02-16T10:51:27,10.7,8.93,1.77
MENRES002590_0,2023-03-08T04:23:13,29.97,24.83,5.14
MENRES002590_1,2023-12-09T02:10:58,38.33,35.99,2.34
MENRES002590_3,2023-07-21T17:20:44,9.88,8.25,1.63
MENRES002590_7,2023-06-02T20:52:10,35.09,32.45,2.64
MENRES002590_10,2023-09-08T15:05:08,5.81,4.77,1.04
MENRES002590_14,2023-01-11T19:23:12,29.63,24.92,4.71
MENRES002591_2,2023-11-02T14:46:39,25.26,20.79,4.47
MENRES002591_3,2023-05-27T22:12:40,30.26,24.79,5.47
MENRES002591_5,2023-09-26T02:45:11,19.09,17.83,1.26
MENRES002591_7,2023-04-19T03:18:59,77.36,66.14,11.22
MENRES002591_9,2023-08-01T14:22:13,63.02,51.15,11.87
MENRES002592_2,2023-11-03T10:55:47,35.45,29.72,5.73
MENRES002592_3,2023-01-17T08:28:08,62.54,55.89,6.65
MENRES002592_4,2023-04-18T07:42:25,17.58,16.53,1.05
MENRES002592_9,2023-03-30T19:16:25,74.87,70.0,4.87
MENRES002592_11,2023-02-22T23:31:41,59.84,55.4,4.44
MENRES002593_1,2023-11-29T17:58:34,105.86,86.95,18.91
MENRES002593_3,2023-08-13T06:31:34,150.88,140.75,10.13
MENRES002593_9,2023-10-28T04:15:16,49.79,43.09,6.7
MENRES002593_10,2023-12-17T11:39:37,134.79,117.97,16.82
MENRES002594_0,2023-07-18T12:26:05,69.55,57.36,12.19
MENRES002594_1,2023-01-01T16:31:50,25.75,20.93,4.82
MENRES002594_2,2023-08-20T13:02:34,32.6,28.63,3.97
MENRES002594_4,2023-10-08T11:28:42,19.77,15.95,3.82
MENRES002594_5,2023-02-12T04:48:17,30.0,24.1,5.9
MENRES002594_8,2023-07-12T15:59:49,57.25,52.63,4.62
MENRES002594_14,2023-10-25T09:43:52,39.81,33.96,5.85
MENRES002594_15,2023-11-25T12:59:05,65.03,60.49,4.54
MENRES002594_17,2023-09-08T22:44:17,29.8,24.3,5.5
MENRES002595_1,2023-11-03T15:47:33,18.76,15.44,3.32
MENRES002595_5,2023-02-26T21:32:52,37.32,31.39,5.93
MENRES002596_3,2023-08-15T08:42:30,66.2,60.79,5.41
MENRES002596_5,2023-11-13T07:45:51,106.48,87.14,19.34
MENRES002597_0,2023-01-15T21:50:42,78.27,63.34,14.93
MENRES002597_2,2023-04-26T02:09:17,65.35,56.34,9.01
MENRES002597_3,2023-09-15T17:18:47,20.15,16.65,3.5
MENRES002597_4,2023-10-24T18:55:18,26.12,22.22,3.9
MENRES002597_7,2023-02-15T05:28:05,91.94,82.35,9.59
MENRES002597_8,2023-03-15T19:21:46,107.11,95.79,11.32
MENRES002597_9,2023-08-11T13:58:40,115.78,109.62,6.16
MENRES002597_11,2023-06-07T15:55:48,67.95,56.0,11.95
MENRES002597_14,2023-05-10T05:28:10,72.76,67.82,4.94
MENRES002597_15,2023-11-05T16:39:29,40.04,37.55,2.49
MENRES002598_0,2023-07-03T11:05:36,17.25,14.91,2.34
MENRES002598_1,2023-10-27T04:20:47,35.99,30.68,5.31
MENRES002598_3,2023-09-10T23:09:56,13.79,12.23,1.56
MENRES002599_0,2023-04-12T20:47:46,78.87,65.6,13.27
MENRES002599_3,2023-10-04T17:21:52,111.49,100.73,10.76
MENRES002600_5,2023-01-04T19:43:54,43.48,38.59,4.89
MENRES002600_6,2023-11-19T00:41:41,27.12,22.79,4.33
MENRES002600_15,2023-03-20T22:56:45,99.53,91.99,7.54
MENRES002601_0,2023-03-13T04:17:06,20.38,18.72,1.66
MENRES002601_2,2023-01-03T21:11:57,120.97,98.41,22.56
MENRES002601_4,2023-03-10T16:59:22,20.91,18.87,2.04
MENRES002601_5,2023-08-08T19:56:36,123.71,105.03,18.68
MENRES002601_7,2023-07-09T11:32:55,40.61,33.86,6.75
MENRES002601_10,2023-03-04T00:13:52,24.68,23.07,1.61
MENRES002601_15,2023-08-14T12:58:03,47.35,41.34,6.01
MENRES002602_1,2023-05-25T23:04:24,66.06,60.71,5.35
MENRES002602_3,2023-03-13T04:23:21,142.56,117.24,25.32
MENRES002602_9,2023-09-23T13:27:08,104.12,87.09,17.03
MENRES002602_10,2023-01-20T12:11:58,50.59,45.32,5.27
MENRES002602_17,2023-02-14T19:33:23,96.38,83.22,13.16
MENRES002603_0,2023-07-28T05:23:03,30.94,29.09,1.85
MENRES002603_1,2023-06-13T14:00:12,45.0,39.93,5.07
MENRES002603_6,2023-03-22T00:54:15,51.36,48.16,3.2
MENRES002603_7,2023-08-28T23:05:26,26.28,24.7,1.58
MENRES002604_5,2023-10-29T22:51:15,71.91,67.9,4.01
MENRES002605_0,2023-11-03T09:28:19,33.17,30.58,2.59
MENRES002605_1,2023-10-12T18:41:07,123.22,116.26,6.96
MENRES002605_2,2023-11-01T20:22:28,75.04,63.49,11.55
MENRES002606_4,2023-05-23T08:24:06,23.74,22.42,1.32
MENRES002607_1,2023-03-12T23:12:42,32.85,30.83,2.02
MENRES002607_2,2023-04-17T20:40:39,35.72,32.94,2.78
MENRES002607_4,2023-02-18T19:39:10,21.23,19.63,1.6
MENRES002607_6,2023-04-07T17:39:16,34.02,27.68,6.34
MENRES002608_0,2023-01-13T08:29:47,27.64,25.62,2.02
MENRES002608_3,2023-09-25T04:22:35,42.5,38.73,3.77
MENRES002608_5,2023-10-16T11:31:09,119.27,103.2,16.07
MENRES002609_1,2023-11-20T21:00:56,114.47,92.88,21.59
MENRES002609_3,2023-04-23T01:00:35,55.83,45.27,10.56
MENRES002609_6,2023-11-30T05:21:37,108.57,95.03,13.54
MENRES002609_8,2023-10-22T21:07:10,136.89,125.48,11.41
MENRES002609_9,2023-09-22T20:48:52,81.7,72.97,8.73
MENRES002609_11,2023-10-20T14:50:57,151.43,143.61,7.82
MENRES002609_12,2023-05-18T04:14:46,78.33,73.75,4.58
MENRES002610_5,2023-03-24T13:18:33,45.69,37.9,7.79
MENRES002610_6,2023-03-23T03:41:50,58.98,53.52,5.46
MENRES002610_7,2023-08-28T22:00:19,64.32,55.84,8.48
MENRES002610_9,2023-07-14T17:37:42,31.53,26.73,4.8
MENRES002610_10,2023-01-23T03:52:01,37.64,35.07,2.57
MENRES002610_12,2023-05-13T01:41:54,87.36,73.17,14.19
MENRES002610_14,2023-08-30T08:29:58,111.88,103.39,8.49
MENRES002611_3,2023-08-24T23:56:21,56.6,47.86,8.74
MENRES002611_10,2023-12-01T17:38:19,71.28,63.88,7.4
MENRES002612_0,2023-07-12T14:21:51,87.82,73.76,14.06
MENRES002612_2,2023-01-12T10:22:28,71.93,64.98,6.95
MENRES002612_4,2023-08-30T13:04:09,84.58,77.61,6.97
MENRES002612_7,2023-07-02T02:55:10,106.15,85.24,20.91
MENRES002612_10,2023-02-26T18:08:09,34.91,32.58,2.33
MENRES002612_17,2023-04-04T03:09:11,115.74,105.1,10.64
MENRES002613_0,2023-03-01T16:24:57,83.39,71.25,12.14
MENRES002613_5,2023-06-17T05:26:10,96.77,80.51,16.26
MENRES002614_4,2023-02-06T11:17:32,36.55,33.78,2.77
MENRES002614_6,2023-01-22T17:59:41,34.73,30.84,3.89
MENRES002615_0,2023-12-23T01:22:31,113.56,105.87,7.69
MENRES002615_7,2023-07-24T07:31:11,77.91,67.68,10.23
MENRES002615_9,2023-04-19T17:17:51,88.53,74.44,14.09
MENRES002615_12,2023-08-23T16:49:06,23.37,20.65,2.72
MENRES002615_16,2023-05-16T05:56:54,86.3,77.54,8.76
MENRES002615_18,2023-09-14T22:42:53,31.86,29.36,2.5
MENRES002615_19,2023-03-15T13:33:01,71.23,57.92,13.31
MENRES002616_1,2023-07-16T15:44:13,12.36,11.69,0.67
MENRES002616_3,2023-06-06T21:03:59,8.9,7.63,1.27
MENRES002616_6,2023-02-27T08:29:41,29.26,24.83,4.43
MENRES002616_9,2023-03-07T02:48:21,32.69,28.21,4.48
MENRES002616_12,2023-07-04T07:17:24,7.67,6.66,1.01
MENRES002616_14,2023-02-16T04:54:59,8.3,7.03,1.27
MENRES002616_15,2023-06-29T17:08:04,25.02,20.3,4.72
MENRES002616_19,2023-05-07T06:46:26,13.03,12.19,0.84
MENRES002617_5,2023-12-03T21:14:17,37.77,33.69,4.08
MENRES002617_7,2023-12-05T20:32:46,49.79,40.48,9.31
MENRES002618_0,2023-11-15T11:58:56,105.91,91.79,14.12
MENRES002618_2,2023-06-02T10:53:13,24.53,21.96,2.57
MENRES002618_3,2023-05-04T00:20:32,149.32,122.4,26.92
MENRES002618_4,2023-11-15T21:18:03,30.84,26.39,4.45
MENRES002618_8,2023-06-25T22:33:41,91.44,85.62,5.82
MENRES002619_0,2023-05-02T20:55:05,12.97,11.37,1.6
MENRES002619_8,2023-04-30T06:54:15,27.39,24.13,3.26
MENRES002619_9,2023-10-10T17:12:42,35.89,33.15,2.74
MENRES002619_12,2023-05-31T16:59:51,32.5,29.1,3.4
MENRES002619_13,2023-08-17T00:57:23,22.06,20.15,1.91
MENRES002620_5,2023-07-11T15:32:17,70.0,60.03,9.97
MENRES002621_2,2023-04-22T10:53:06,30.03,26.67,3.36
MENRES002621_5,2023-04-03T09:03:21,22.52,20.17,2.35
MENRES002621_7,2023-02-28T19:53:42,21.23,18.21,3.02
MENRES002621_9,2023-10-15T05:29:54,20.1,16.9,3.2
MENRES002622_1,2023-06-15T11:23:31,62.21,58.12,4.09
MENRES002622_4,2023-01-01T03:02:43,54.02,46.54,7.48
MENRES002622_7,2023-01-28T23:43:03,84.9,69.41,15.49
MENRES002623_5,2023-06-27T03:20:30,41.11,33.75,7.36
MENRES002623_9,2023-12-22T06:45:56,10.29,9.27,1.02
MENRES002624_1,2023-04-21T20:05:30,38.22,35.19,3.03
MENRES002624_3,2023-07-15T09:37:56,21.54,18.63,2.91
MENRES002624_4,2023-05-26T21:42:31,52.85,49.94,2.91
MENRES002624_5,2023-01-12T19:04:43,33.11,30.92,2.19
MENRES002624_7,2023-10-05T19:58:27,25.0,22.75,2.25
MENRES002624_8,2023-09-21T02:29:01,79.38,72.13,7.25
MENRES002624_12,2023-12-13T18:54:50,43.67,37.34,6.33
MENRES002625_0,2023-05-28T07:10:24,70.3,61.67,8.63
MENRES002625_9,2023-06-14T08:38:27,58.84,49.98,8.86
MENRES002625_10,2023-01-09T00:57:13,62.02,50.36,11.66
MENRES002626_5,2023-12-02T15:37:34,6.24,5.77,0.47
MENRES002626_7,2023-03-13T02:34:30,21.65,18.1,3.55
MENRES002626_15,2023-01-08T09:14:30,30.91,27.4,3.51
MENRES002627_0,2023-04-15T17:27:53,11.19,9.31,1.88
MENRES002627_3,2023-05-21T19:13:56,13.0,11.49,1.51
MENRES002627_4,2023-08-24T03:53:52,37.76,33.7,4.06
MENRES002628_2,2023-05-25T01:52:47,39.56,36.87,2.69
MENRES002628_3,2023-12-01T08:50:53,12.1,10.83,1.27
MENRES002628_5,2023-12-04T01:44:42,38.94,35.55,3.39
MENRES002628_8,2023-07-20T13:39:01,9.46,7.78,1.68
MENRES002628_9,2023-04-03T11:04:49,23.4,21.98,1.42
MENRES002628_12,2023-08-13T20:56:36,17.81,14.79,3.02
MENRES002628_13,2023-04-03T14:13:52,19.9,17.96,1.94
MENRES002629_0,2023-06-16T21:55:04,54.92,48.59,6.33
MENRES002629_1,2023-09-18T12:57:55,45.57,40.53,5.04
MENRES002629_6,2023-05-01T09:45:49,28.3,24.97,3.33
MENRES002629_7,2023-02-21T22:50:12,49.97,41.63,8.34
MENRES002630_6,2023-06-20T09:42:14,129.24,118.37,10.87
MENRES002630_7,2023-06-29T21:04:50,155.34,130.06,25.28
MENRES002631_0,2023-02-13T04:57:12,116.69,103.77,12.92
MENRES002631_2,2023-09-30T20:33:35,118.99,101.56,17.43
MENRES002631_14,2023-01-12T16:43:11,111.28,92.04,19.24
MENRES002631_15,2023-05-01T12:29:24,155.21,144.0,11.21
MENRES002632_3,2023-06-23T16:07:35,26.79,23.64,3.15
MENRES002632_4,2023-02-25T00:09:42,67.93,62.57,5.36
MENRES002633_1,2023-09-30T23:32:34,148.54,129.55,18.99
MENRES002633_3,2023-08-09T10:22:56,118.08,106.82,11.26
MENRES002633_7,2023-01-10T15:07:08,63.99,57.98,6.01
MENRES002633_10,2023-07-19T00:07:10,36.08,32.32,3.76
MENRES002634_2,2023-10-04T15:21:34,52.5,47.21,5.29
MENRES002634_4,2023-12-24T09:07:49,95.4,81.93,13.47
MENRES002635_0,2023-02-07T18:46:02,142.19,133.64,8.55
MENRES002636_5,2023-03-20T05:50:47,111.81,104.98,6.83
MENRES002637_6,2023-11-09T02:38:57,118.1,103.17,14.93
MENRES002638_6,2023-02-01T03:50:27,59.87,49.33,10.54
MENRES002638_8,2023-09-11T13:14:32,55.21,50.24,4.97
MENRES002638_11,2023-01-08T08:39:32,113.25,95.92,17.33
MENRES002639_1,2023-03-19T04:07:12,90.86,75.26,15.6
MENRES002639_5,2023-01-04T20:56:50,22.42,18.8,3.62
MENRES002639_6,2023-08-13T09:33:18,52.64,49.47,3.17
MENRES002640_2,2023-04-03T09:07:42,58.58,50.1,8.48
MENRES002640_6,2023-01-12T09:51:05,23.02,21.51,1.51
MENRES002640_8,2023-06-16T01:38:43,79.78,64.66,15.12
MENRES002640_11,2023-01-28T16:40:55,70.78,61.98,8.8
MENRES002640_12,2023-04-23T05:48:25,27.0,25.55,1.45
MENRES002640_14,2023-08-08T11:14:08,56.59,47.73,8.86
MENRES002640_15,2023-04-25T00:58:11,69.79,59.65,10.14
MENRES002641_3,2023-02-07T14:57:03,84.38,68.35,16.03
MENRES002641_6,2023-12-05T08:29:17,95.88,82.6,13.28
MENRES002642_6,2023-01-15T00:34:44,78.52,65.55,12.97
MENRES002642_13,2023-03-10T17:12:41,47.45,41.58,5.87
MENRES002642_14,2023-02-25T14:50:38,24.57,21.23,3.34
MENRES002643_2,2023-08-06T05:25:08,38.17,33.43,4.74
MENRES002643_4,2023-03-23T13:12:24,21.9,19.7,2.2
MENRES002644_0,2023-11-28T07:16:42,21.43,19.86,1.57
MENRES002644_1,2023-05-25T08:56:59,17.92,16.92,1.0
MENRES002644_2,2023-06-03T09:48:46,27.87,22.34,5.53
MENRES002644_3,2023-06-18T21:47:31,53.52,47.78,5.74
MENRES002644_12,2023-07-07T09:14:00,68.65,56.99,11.66
MENRES002644_13,2023-09-24T11:10:35,53.31,43.56,9.75
MENRES002645_6,2023-06-05T22:13:38,76.64,62.0,14.64
MENRES002645_7,2023-09-25T15:48:52,48.1,42.13,5.97
MENRES002645_9,2023-04-13T21:57:48,116.83,101.53,15.3
MENRES002645_12,2023-08-27T21:42:37,109.78,91.83,17.95
MENRES002646_0,2023-03-07T10:44:23,8.66,7.35,1.31
MENRES002646_2,2023-06-07T18:50:13,8.38,6.82,1.56
MENRES002646_3,2023-07-18T20:36:04,26.45,22.36,4.09
MENRES002646_4,2023-07-28T04:40:45,17.95,14.44,3.51
MENRES002647_1,2023-11-18T09:31:29,76.01,61.58,14.43
MENRES002647_4,2023-01-19T14:48:26,49.14,45.37,3.77
MENRES002647_5,2023-02-20T22:47:00,17.53,16.26,1.27
MENRES002647_13,2023-09-21T06:42:52,69.39,61.11,8.28
MENRES002648_4,2023-11-15T00:30:38,18.22,16.72,1.5
MENRES002648_5,2023-07-10T21:38:20,21.32,17.71,3.61
MENRES002648_8,2023-06-07T10:30:31,12.1,11.06,1.04
MENRES002648_10,2023-03-01T22:40:23,8.37,7.0,1.37
MENRES002648_11,2023-08-18T14:10:15,26.3,21.18,5.12
MENRES002649_0,2023-01-09T23:22:58,23.82,21.97,1.85
MENRES002649_4,2023-10-12T04:06:48,76.38,64.67,11.71
MENRES002649_6,2023-03-30T09:07:10,61.92,58.35,3.57
MENRES002649_9,2023-04-10T10:45:10,36.59,29.4,7.19
MENRES002649_11,2023-02-22T20:09:14,43.51,38.62,4.89
MENRES002649_12,2023-12-07T20:05:34,16.04,13.88,2.16
MENRES002650_0,2023-04-02T17:50:01,59.16,52.41,6.75
MENRES002650_2,2023-06-09T05:03:22,56.14,49.68,6.46
MENRES002650_9,2023-09-19T23:42:01,32.15,28.36,3.79
MENRES002650_12,2023-11-12T15:09:30,62.52,57.71,4.81
MENRES002650_14,2023-11-13T00:43:27,15.83,12.74,3.09
MENRES002652_0,2023-06-21T06:04:23,82.44,78.21,4.23
MENRES002652_2,2023-07-11T10:57:30,91.5,86.15,5.35
MENRES002652_10,2023-08-30T11:48:22,136.11,114.88,21.23
MENRES002652_15,2023-05-26T07:51:17,152.71,139.0,13.71
MENRES002653_1,2023-10-25T17:22:09,18.89,17.56,1.33
MENRES002653_4,2023-01-24T02:11:52,46.17,37.62,8.55
MENRES002653_7,2023-02-04T05:47:58,15.0,13.85,1.15
MENRES002653_10,2023-04-17T05:25:22,31.71,26.0,5.71
MENRES002653_11,2023-07-03T03:40:52,36.65,34.23,2.42
MENRES002654_0,2023-03-15T22:56:56,38.66,35.46,3.2
MENRES002654_3,2023-02-21T20:25:44,56.68,52.67,4.01
MENRES002654_5,2023-11-18T19:29:07,106.48,99.1,7.38
MENRES002654_6,2023-07-07T13:22:39,23.3,21.66,1.64
MENRES002655_1,2023-03-03T22:16:05,46.28,43.25,3.03
MENRES002655_3,2023-12-06T13:33:04,45.66,43.18,2.48
MENRES002655_4,2023-07-23T15:55:53,51.69,46.09,5.6
MENRES002655_6,2023-05-07T23:24:51,77.86,63.25,14.61
MENRES002655_13,2023-06-12T20:15:22,79.03,66.0,13.03
MENRES002655_15,2023-12-26T07:32:52,33.51,27.98,5.53
MENRES002655_18,2023-05-19T09:21:16,76.7,65.14,11.56
MENRES002656_3,2023-12-01T08:40:05,111.46,102.24,9.22
MENRES002656_4,2023-12-12T15:21:33,128.45,106.78,21.67
MENRES002656_7,2023-01-31T12:00:32,78.41,65.69,12.72
MENRES002656_10,2023-04-02T01:51:53,85.45,80.48,4.97
MENRES002657_1,2023-10-03T22:02:21,22.11,18.41,3.7
MENRES002657_3,2023-05-01T00:02:23,11.44,10.03,1.41
MENRES002657_4,2023-05-06T18:25:53,17.04,16.15,0.89
MENRES002657_8,2023-04-20T23:12:31,32.69,26.59,6.1
MENRES002657_15,2023-12-26T17:48:55,38.69,33.4,5.29
MENRES002657_16,2023-12-27T06:01:55,14.49,12.37,2.12
MENRES002657_17,2023-09-09T22:47:33,10.33,9.65,0.68
MENRES002657_18,2023-11-19T17:39:39,21.45,17.8,3.65
MENRES002658_5,2023-03-31T22:42:31,5.39,4.65,0.74
MENRES002658_9,2023-07-02T07:58:04,29.92,25.88,4.04
MENRES002658_11,2023-11-27T02:03:08,11.91,9.73,2.18
MENRES002659_1,2023-10-19T22:02:04,24.5,21.91,2.59
MENRES002659_2,2023-08-08T02:07:47,11.01,9.37,1.64
MENRES002659_4,2023-05-22T18:36:53,13.92,12.52,1.4
MENRES002660_4,2023-03-26T17:44:34,50.91,47.55,3.36
MENRES002660_6,2023-12-24T15:10:30,149.06,136.49,12.57
MENRES002660_8,2023-12-27T12:51:43,88.22,79.55,8.67
MENRES002661_3,2023-01-11T12:52:58,49.12,41.88,7.24
MENRES002661_9,2023-01-27T10:43:58,38.67,31.72,6.95
MENRES002661_15,2023-03-06T17:42:44,143.33,123.49,19.84
MENRES002661_17,2023-04-30T09:20:17,124.2,112.65,11.55
MENRES002662_0,2023-04-26T14:38:18,63.58,52.15,11.43
MENRES002662_1,2023-09-05T00:46:59,50.82,46.27,4.55
MENRES002662_2,2023-09-14T03:09:52,43.89,38.12,5.77
MENRES002662_3,2023-11-08T19:23:15,41.84,34.01,7.83
MENRES002662_8,2023-09-06T07:44:34,87.35,82.49,4.86
MENRES002663_9,2023-08-21T16:20:55,70.99,57.82,13.17
MENRES002663_10,2023-09-06T06:00:30,148.27,122.97,25.3
MENRES002664_4,2023-08-15T03:34:27,87.29,74.25,13.04
MENRES002664_5,2023-07-09T11:16:06,55.22,51.59,3.63
MENRES002664_11,2023-01-30T13:48:11,50.06,43.8,6.26
MENRES002665_0,2023-12-06T00:00:27,73.4,63.43,9.97
MENRES002665_4,2023-11-19T05:45:20,65.96,56.22,9.74
MENRES002665_6,2023-08-11T04:53:27,46.61,40.72,5.89
MENRES002666_0,2023-07-14T14:56:57,8.82,7.33,1.49
MENRES002666_6,2023-05-10T22:21:43,34.28,29.5,4.78
MENRES002667_1,2023-10-16T00:55:12,6.97,6.42,0.55
MENRES002667_9,2023-03-11T08:27:57,31.67,28.79,2.88
MENRES002667_10,2023-11-16T03:39:48,32.73,29.5,3.23
MENRES002668_6,2023-10-14T10:28:50,41.59,34.29,7.3
MENRES002668_13,2023-05-11T09:43:44,57.7,47.76,9.94
MENRES002668_14,2023-12-01T18:53:18,121.58,109.19,12.39
MENRES002669_2,2023-03-13T16:52:56,34.85,30.77,4.08
MENRES002669_3,2023-02-06T13:25:09,39.8,36.28,3.52
MENRES002669_11,2023-12-04T15:23:38,106.44,89.87,16.57
MENRES002670_3,2023-04-13T10:16:19,69.51,63.98,5.53
MENRES002670_5,2023-07-23T19:47:58,86.49,76.59,9.9
MENRES002670_6,2023-01-18T22:16:48,19.72,16.79,2.93
MENRES002671_2,2023-03-02T00:41:44,71.75,62.39,9.36
MENRES002671_3,2023-05-11T15:09:16,68.6,59.67,8.93
MENRES002671_8,2023-12-01T23:07:30,36.7,30.57,6.13
MENRES002671_9,2023-06-16T06:37:36,39.75,37.09,2.66
MENRES002671_13,2023-01-23T21:34:36,68.91,57.92,10.99
MENRES002672_2,2023-02-07T14:50:15,39.29,35.08,4.21
MENRES002672_6,2023-03-30T00:40:02,9.03,7.63,1.4
MENRES002672_8,2023-02-16T22:09:31,14.61,12.27,2.34
MENRES002672_10,2023-09-01T17:51:59,20.51,17.76,2.75
MENRES002673_1,2023-10-18T22:23:21,25.5,22.51,2.99
MENRES002673_3,2023-04-20T17:46:10,77.87,62.9,14.97
MENRES002673_4,2023-08-24T17:13:45,25.08,20.81,4.27
MENRES002673_6,2023-04-28T04:55:26,154.75,141.83,12.92
MENRES002674_1,2023-01-17T19:14:08,106.01,95.38,10.63
MENRES002674_3,2023-11-09T00:39:20,135.56,109.59,25.97
MENRES002675_1,2023-01-03T01:30:57,30.94,25.41,5.53
MENRES002675_4,2023-12-28T20:09:09,24.02,21.4,2.62
MENRES002675_6,2023-05-15T07:06:52,19.9,16.11,3.79
MENRES002675_8,2023-07-16T04:16:36,32.33,26.27,6.06
MENRES002675_15,2023-07-12T19:05:59,21.46,19.33,2.13
MENRES002676_5,2023-09-15T16:43:04,117.35,109.89,7.46
MENRES002677_1,2023-05-27T18:43:25,113.39,100.37,13.02
MENRES002677_4,2023-08-29T12:13:56,110.72,103.32,7.4
MENRES002678_0,2023-07-29T11:44:49,54.68,51.16,3.52
MENRES002678_2,2023-10-29T02:10:50,41.85,38.85,3.0
MENRES002678_5,2023-06-09T19:06:37,43.11,34.58,8.53
MENRES002679_5,2023-03-20T06:38:06,94.72,81.47,13.25
MENRES002679_7,2023-12-17T13:29:06,54.12,47.29,6.83
MENRES002680_6,2023-06-06T16:48:36,34.02,28.58,5.44
MENRES002680_7,2023-01-27T20:59:05,36.57,34.14,2.43
MENRES002681_1,2023-09-28T04:07:57,26.22,21.7,4.52
MENRES002681_6,2023-12-22T10:29:41,82.64,73.38,9.26
MENRES002681_11,2023-02-18T19:44:26,73.05,62.84,10.21
MENRES002681_16,2023-06-13T08:17:18,93.88,88.98,4.9
MENRES002682_5,2023-12-08T23:18:42,61.33,51.33,10.0
MENRES002683_0,2023-10-21T01:54:12,30.17,28.66,1.51
MENRES002683_2,2023-10-01T06:21:34,66.87,55.32,11.55
MENRES002683_4,2023-08-09T03:24:31,20.71,17.87,2.84
MENRES002683_6,2023-11-12T16:23:50,24.86,22.59,2.27
MENRES002683_7,2023-04-04T18:14:34,73.39,63.28,10.11
MENRES002683_10,2023-11-03T10:43:57,32.77,26.75,6.02
MENRES002683_11,2023-02-04T10:17:22,52.97,50.31,2.66
MENRES002684_0,2023-03-29T12:54:22,38.34,36.41,1.93
MENRES002684_5,2023-05-08T13:08:12,45.4,43.09,2.31
MENRES002684_9,2023-11-11T17:07:06,79.0,69.63,9.37
MENRES002684_10,2023-04-12T10:14:43,67.45,59.08,8.37
MENRES002684_13,2023-09-20T18:14:00,29.68,27.85,1.83
MENRES002684_16,2023-11-28T01:50:20,73.37,63.46,9.91
MENRES002684_17,2023-06-15T22:25:40,13.05,12.2,0.85
MENRES002685_0,2023-07-21T14:12:12,56.05,47.02,9.03
MENRES002685_7,2023-12-16T20:47:24,36.12,29.64,6.48
MENRES002686_1,2023-04-02T17:06:17,58.81,54.32,4.49
MENRES002686_3,2023-04-04T22:10:09,18.14,14.74,3.4
MENRES002686_8,2023-05-02T15:35:03,24.71,20.69,4.02
MENRES002686_9,2023-12-24T12:43:46,70.53,65.56,4.97
MENRES002686_16,2023-07-01T13:02:35,51.48,47.69,3.79
MENRES002686_17,2023-01-29T15:46:32,73.53,66.83,6.7
MENRES002686_19,2023-06-19T03:23:44,21.76,19.06,2.7
MENRES002687_2,2023-10-20T08:18:54,94.12,78.53,15.59
MENRES002687_5,2023-07-09T05:28:38,99.56,83.06,16.5
MENRES002687_6,2023-05-07T07:15:07,17.48,14.88,2.6
MENRES002687_8,2023-11-22T16:28:26,48.22,43.62,4.6
MENRES002688_3,2023-03-05T06:39:40,95.39,90.02,5.37
MENRES002689_3,2023-03-11T01:12:18,126.57,110.37,16.2
MENRES002689_6,2023-01-28T02:35:30,145.76,121.36,24.4
MENRES002689_8,2023-05-18T19:17:50,121.0,114.93,6.07
MENRES002690_0,2023-03-18T04:09:42,72.89,67.36,5.53
MENRES002690_1,2023-07-08T11:39:53,70.56,63.24,7.32
MENRES002690_3,2023-09-20T17:10:08,39.92,33.17,6.75
MENRES002690_5,2023-09-03T15:00:54,24.12,21.55,2.57
MENRES002690_6,2023-10-04T22:25:11,53.6,48.25,5.35
MENRES002690_9,2023-09-21T14:40:53,59.89,52.51,7.38
MENRES002691_1,2023-09-17T23:46:21,8.48,6.89,1.59
MENRES002691_6,2023-10-11T16:09:47,15.54,12.89,2.65
MENRES002691_10,2023-07-12T05:46:18,18.71,17.68,1.03
MENRES002691_12,2023-03-20T09:15:38,34.99,30.74,4.25
MENRES002691_14,2023-02-19T10:04:30,26.55,23.54,3.01
MENRES002692_8,2023-10-08T03:15:35,18.26,15.01,3.25
MENRES002694_1,2023-12-19T12:46:05,49.27,39.87,9.4
MENRES002695_0,2023-07-05T04:34:01,23.94,21.41,2.53
MENRES002695_2,2023-07-18T17:23:12,39.14,33.04,6.1
MENRES002696_0,2023-06-21T01:16:19,64.01,59.3,4.71
MENRES002696_1,2023-03-31T19:12:11,58.25,47.01,11.24
MENRES002696_2,2023-04-24T03:32:35,77.48,72.58,4.9
MENRES002696_3,2023-07-24T02:45:44,35.91,32.89,3.02
MENRES002696_6,2023-06-24T00:41:43,38.06,35.99,2.07
MENRES002697_1,2023-10-03T20:55:34,26.81,24.19,2.62
MENRES002697_3,2023-09-16T21:34:55,33.79,31.17,2.62
MENRES002697_6,2023-03-21T01:44:38,21.13,19.89,1.24
MENRES002697_7,2023-08-05T07:54:43,28.0,26.1,1.9
MENRES002697_11,2023-07-28T15:58:02,28.22,22.88,5.34
MENRES002698_1,2023-07-24T07:27:42,23.9,21.01,2.89
MENRES002698_2,2023-09-29T10:59:10,10.7,8.83,1.87
MENRES002698_7,2023-08-14T01:04:05,27.88,25.33,2.55
MENRES002698_8,2023-01-19T22:13:48,28.22,24.67,3.55
MENRES002698_12,2023-07-21T18:10:24,9.88,8.29,1.59
MENRES002698_13,2023-06-09T20:07:42,11.56,9.45,2.11
MENRES002699_2,2023-08-18T08:41:22,35.25,32.97,2.28
MENRES002699_3,2023-07-05T21:26:41,33.44,28.67,4.77
MENRES002699_9,2023-06-01T01:26:58,24.04,22.0,2.04
MENRES002699_12,2023-07-30T15:10:33,19.55,17.07,2.48
MENRES002699_13,2023-05-29T07:51:48,30.72,26.76,3.96
MENRES002699_15,2023-09-24T20:55:15,9.41,8.03,1.38
MENRES002700_2,2023-07-06T11:57:46,131.16,109.02,22.14
MENRES002701_0,2023-02-25T13:14:07,151.99,140.75,11.24
MENRES002701_3,2023-06-26T03:43:50,37.35,32.13,5.22
MENRES002702_0,2023-02-19T17:28:56,44.62,35.71,8.91
MENRES002702_1,2023-06-07T17:53:40,15.1,13.31,1.79
MENRES002702_9,2023-06-07T14:12:21,36.72,32.26,4.46
MENRES002703_0,2023-03-10T08:00:40,36.3,30.93,5.37
MENRES002703_3,2023-02-27T00:44:08,88.59,72.7,15.89
MENRES002705_1,2023-03-21T11:59:35,21.08,17.96,3.12
MENRES002705_2,2023-10-24T09:25:17,18.48,16.46,2.02
MENRES002705_4,2023-12-21T04:34:22,31.51,25.95,5.56
MENRES002705_5,2023-06-12T14:28:35,45.09,36.09,9.0
MENRES002706_2,2023-09-25T20:04:17,67.65,56.88,10.77
MENRES002706_9,2023-11-05T19:49:39,51.64,44.77,6.87
MENRES002706_10,2023-11-06T06:26:49,78.28,65.06,13.22
MENRES002707_0,2023-09-02T01:37:15,7.28,6.2,1.08
MENRES002707_3,2023-10-05T04:15:56,28.12,23.82,4.3
MENRES002707_11,2023-10-25T13:48:32,24.33,21.0,3.33
MENRES002708_0,2023-03-21T15:29:33,12.18,9.95,2.23
MENRES002708_3,2023-04-18T03:52:27,52.24,42.26,9.98
MENRES002708_4,2023-01-18T10:38:12,21.69,19.93,1.76
MENRES002708_10,2023-02-27T15:35:08,12.87,11.77,1.1
MENRES002709_1,2023-07-12T04:06:18,117.8,107.3,10.5
MENRES002709_3,2023-01-21T11:13:41,84.71,79.8,4.91
MENRES002709_7,2023-07-29T13:35:43,105.48,87.05,18.43
MENRES002709_11,2023-11-18T19:02:22,90.81,75.6,15.21
MENRES002709_12,2023-05-22T10:06:08,44.1,37.58,6.52
MENRES002709_17,2023-04-10T09:17:26,25.84,24.14,1.7
MENRES002710_0,2023-06-13T02:59:41,38.5,36.27,2.23
MENRES002710_1,2023-04-24T11:44:08,118.1,96.02,22.08
MENRES002710_5,2023-07-11T09:54:31,90.27,81.9,8.37
MENRES002710_8,2023-06-07T04:26:23,98.86,86.47,12.39
MENRES002710_13,2023-07-31T02:05:19,77.14,69.23,7.91
MENRES002711_1,2023-11-20T08:27:35,23.54,21.92,1.62
MENRES002711_4,2023-09-12T08:58:45,25.08,20.24,4.84
MENRES002712_2,2023-11-05T23:27:10,38.03,30.56,7.47
MENRES002712_3,2023-11-13T23:20:21,30.33,24.77,5.56
MENRES002713_5,2023-10-06T19:29:46,44.95,40.54,4.41
MENRES002713_10,2023-10-11T17:36:27,29.62,25.04,4.58
MENRES002713_12,2023-11-20T22:58:04,60.96,49.76,11.2
MENRES002714_2,2023-02-12T13:22:27,124.63,101.11,23.52
MENRES002715_6,2023-12-17T01:04:31,24.98,23.03,1.95
MENRES002715_15,2023-09-09T22:16:58,11.97,10.25,1.72
MENRES002716_4,2023-07-11T05:19:35,64.4,58.04,6.36
MENRES002716_5,2023-04-11T08:05:31,112.46,93.28,19.18
MENRES002717_4,2023-01-29T07:08:57,7.16,6.32,0.84
MENRES002717_6,2023-02-15T15:06:29,30.55,26.03,4.52
MENRES002717_7,2023-07-14T13:46:33,19.01,17.91,1.1
MENRES002718_0,2023-10-05T07:34:36,61.2,55.58,5.62
MENRES002718_7,2023-06-29T22:43:58,47.16,41.59,5.57
MENRES002718_11,2023-05-07T22:56:53,46.23,37.89,8.34
MENRES002719_1,2023-03-27T15:28:46,74.88,69.83,5.05
MENRES002719_2,2023-05-01T06:19:42,56.28,49.53,6.75
MENRES002719_4,2023-05-29T06:00:22,21.34,19.0,2.34
MENRES002719_8,2023-04-05T03:03:16,59.91,49.6,10.31
MENRES002719_11,2023-09-29T02:28:38,78.84,66.19,12.65
MENRES002719_16,2023-11-09T09:15:12,22.95,18.76,4.19
MENRES002720_1,2023-02-23T14:26:07,94.12,86.41,7.71
MENRES002720_2,2023-11-30T00:50:00,23.27,20.12,3.15
MENRES002721_3,2023-01-01T13:02:36,16.76,15.06,1.7
MENRES002721_7,2023-12-22T23:13:15,17.37,14.84,2.53
MENRES002721_8,2023-01-18T08:19:59,24.34,22.67,1.67
MENRES002721_9,2023-01-04T11:45:44,25.55,23.44,2.11
MENRES002722_0,2023-01-10T02:31:11,14.71,12.65,2.06
MENRES002722_5,2023-12-27T06:32:15,39.14,34.54,4.6
MENRES002723_8,2023-10-18T22:32:24,64.57,54.28,10.29
MENRES002723_12,2023-04-10T16:10:23,37.46,32.95,4.51
MENRES002723_14,2023-09-16T07:27:56,71.17,59.1,12.07
MENRES002724_1,2023-06-30T13:04:15,11.73,10.58,1.15
MENRES002724_3,2023-11-02T22:49:10,19.29,17.6,1.69
MENRES002724_5,2023-03-16T22:21:13,32.24,28.9,3.34
MENRES002725_2,2023-07-20T18:01:49,14.63,13.35,1.28
MENRES002725_11,2023-06-02T05:04:48,6.51,5.89,0.62
MENRES002725_13,2023-05-08T07:39:12,24.32,20.18,4.14
MENRES002726_5,2023-10-28T14:16:37,23.18,19.18,4.0
MENRES002726_12,2023-03-05T05:59:27,26.43,23.93,2.5
MENRES002726_13,2023-07-24T00:07:25,22.55,18.75,3.8
MENRES002726_15,2023-01-03T16:32:11,126.94,113.9,13.04
MENRES002726_16,2023-04-21T02:21:43,33.74,27.13,6.61
MENRES002727_0,2023-02-20T19:16:59,35.72,30.74,4.98
MENRES002727_3,2023-03-05T03:40:35,36.28,32.33,3.95
MENRES002728_0,2023-01-13T17:59:53,51.15,47.81,3.34
MENRES002728_4,2023-10-08T22:48:26,13.12,11.93,1.19
MENRES002729_1,2023-02-14T16:10:48,87.5,78.49,9.01
MENRES002729_4,2023-12-06T02:25:03,107.76,97.73,10.03
MENRES002729_6,2023-10-17T18:22:47,16.76,14.1,2.66
MENRES002730_2,2023-02-22T23:27:22,81.04,65.82,15.22
MENRES002730_3,2023-02-28T09:09:51,63.91,51.14,12.77
MENRES002730_4,2023-08-15T20:23:44,115.53,100.81,14.72
MENRES002730_8,2023-07-05T13:07:00,34.6,31.91,2.69
MENRES002731_0,2023-04-13T11:31:57,80.29,66.8,13.49
MENRES002731_3,2023-01-12T05:34:02,104.38,94.95,9.43
MENRES002731_10,2023-06-14T00:12:11,77.85,62.44,15.41
MENRES002732_1,2023-08-28T01:47:43,135.1,108.69,26.41
MENRES002732_2,2023-06-19T11:15:39,124.89,105.6,19.29
MENRES002732_3,2023-03-13T14:49:50,93.36,77.56,15.8
MENRES002732_10,2023-01-09T15:53:29,102.59,82.63,19.96
MENRES002733_3,2023-07-29T18:54:24,28.92,25.19,3.73
MENRES002733_4,2023-01-28T17:58:43,22.13,18.7,3.43
MENRES002733_8,2023-06-25T04:40:09,39.02,35.1,3.92
MENRES002733_9,2023-05-17T00:36:11,36.36,32.64,3.72
MENRES002734_2,2023-12-06T09:19:41,98.63,81.45,17.18
MENRES002734_15,2023-02-20T02:12:17,84.28,77.65,6.63
MENRES002734_16,2023-07-01T02:14:08,87.32,82.05,5.27
MENRES002734_17,2023-11-15T21:21:06,47.47,40.22,7.25
MENRES002735_4,2023-01-26T11:03:41,123.48,115.23,8.25
MENRES002735_5,2023-04-29T03:29:44,76.97,64.73,12.24
MENRES002735_9,2023-10-14T03:27:47,94.19,82.8,11.39
MENRES002735_15,2023-06-21T03:30:55,25.45,23.41,2.04
MENRES002735_16,2023-01-07T15:37:56,24.29,19.69,4.6
MENRES002735_17,2023-08-23T23:51:57,47.07,43.82,3.25
MENRES002736_0,2023-01-15T13:52:45,13.99,13.25,0.74
MENRES002736_1,2023-04-04T06:23:58,17.04,14.89,2.15
MENRES002736_2,2023-02-14T04:57:16,23.87,21.1,2.77
MENRES002736_4,2023-03-24T22:34:48,34.29,32.21,2.08
MENRES002736_5,2023-08-27T13:40:41,29.22,26.45,2.77
MENRES002737_0,2023-06-05T23:32:15,30.73,26.41,4.32
MENRES002737_2,2023-08-01T04:18:58,73.03,69.1,3.93
MENRES002737_4,2023-08-23T06:09:54,55.93,48.85,7.08
MENRES002737_8,2023-01-06T01:54:13,61.77,51.54,10.23
MENRES002737_12,2023-07-06T14:46:02,48.3,43.14,5.16
MENRES002738_1,2023-11-06T12:33:51,15.4,13.33,2.07
MENRES002738_2,2023-03-25T10:54:09,15.28,12.66,2.62
MENRES002738_3,2023-01-21T09:41:13,63.98,57.49,6.49
MENRES002738_6,2023-01-31T06:24:16,78.11,68.82,9.29
MENRES002740_1,2023-01-11T19:23:09,22.17,19.75,2.42
MENRES002741_5,2023-04-25T00:16:07,73.63,65.44,8.19
MENRES002741_9,2023-05-17T11:17:19,86.3,74.41,11.89
MENRES002742_1,2023-08-29T10:44:23,16.5,14.69,1.81
MENRES002742_6,2023-04-26T16:21:27,36.37,31.59,4.78
MENRES002742_8,2023-05-15T13:58:13,18.66,17.37,1.29
MENRES002742_9,2023-08-11T07:37:11,16.22,14.2,2.02
MENRES002742_10,2023-09-22T00:23:54,20.5,16.92,3.58
MENRES002742_11,2023-11-23T09:27:54,29.9,23.95,5.95
MENRES002742_13,2023-03-24T16:19:08,16.19,14.44,1.75
MENRES002742_14,2023-11-06T04:46:51,38.84,31.17,7.67
MENRES002743_6,2023-10-14T03:03:58,10.78,8.75,2.03
MENRES002743_8,2023-05-29T06:22:07,76.16,69.92,6.24
MENRES002743_10,2023-12-30T10:25:40,14.48,11.93,2.55
MENRES002744_0,2023-01-26T01:47:37,84.89,75.87,9.02
MENRES002744_11,2023-09-01T11:26:46,47.62,38.16,9.46
MENRES002744_14,2023-04-13T15:28:58,57.18,50.76,6.42
MENRES002744_15,2023-07-22T16:52:53,145.38,131.25,14.13
MENRES002744_16,2023-01-11T21:51:41,85.52,76.02,9.5
MENRES002744_17,2023-07-08T12:46:50,86.16,77.3,8.86
MENRES002745_3,2023-10-20T12:07:09,13.88,12.38,1.5
MENRES002745_4,2023-10-28T12:40:32,39.23,31.98,7.25
MENRES002745_5,2023-01-08T18:10:35,13.65,12.22,1.43
MENRES002745_6,2023-07-15T03:41:58,27.23,23.85,3.38
MENRES002746_1,2023-09-13T08:25:24,37.96,34.38,3.58
MENRES002746_2,2023-04-08T17:25:07,26.68,22.77,3.91
MENRES002746_4,2023-03-21T22:14:44,59.84,50.85,8.99
MENRES002746_6,2023-06-29T09:22:21,31.39,29.36,2.03
MENRES002746_7,2023-10-18T02:55:35,87.31,72.87,14.44
MENRES002747_0,2023-08-13T04:48:50,18.93,16.47,2.46
MENRES002747_2,2023-07-18T05:28:53,9.5,8.17,1.33
MENRES002747_4,2023-04-13T03:48:50,16.56,14.12,2.44
MENRES002747_5,2023-09-26T03:41:55,19.7,17.58,2.12
MENRES002747_7,2023-06-23T16:13:55,9.88,8.13,1.75
MENRES002747_8,2023-11-09T05:34:26,24.4,20.68,3.72
MENRES002748_1,2023-07-12T23:24:29,28.28,26.08,2.2
MENRES002748_2,2023-07-10T13:44:12,6.26,5.58,0.68
MENRES002748_3,2023-04-19T02:36:14,32.23,29.72,2.51
MENRES002748_6,2023-05-10T20:24:10,20.61,16.67,3.94
MENRES002748_11,2023-12-30T22:55:02,10.07,8.36,1.71
MENRES002749_3,2023-06-03T10:10:00,113.27,104.75,8.52
MENRES002749_4,2023-06-29T22:32:26,72.7,65.92,6.78
MENRES002750_1,2023-09-08T04:15:17,24.78,23.44,1.34
MENRES002750_3,2023-11-30T12:50:36,13.61,11.63,1.98
MENRES002750_4,2023-08-09T17:59:19,19.11,16.54,2.57
MENRES002750_10,2023-08-01T13:52:22,21.65,17.56,4.09
MENRES002750_13,2023-08-03T06:51:46,16.58,13.57,3.01
MENRES002751_4,2023-05-19T22:13:42,13.27,12.04,1.23
MENRES002751_5,2023-04-20T11:29:00,8.35,7.91,0.44
MENRES002751_6,2023-07-11T12:57:54,20.35,19.27,1.08
MENRES002751_13,2023-02-04T18:33:57,29.93,26.97,2.96
MENRES002751_15,2023-04-05T11:38:19,31.35,28.06,3.29
MENRES002752_2,2023-03-25T22:30:56,73.69,64.57,9.12
MENRES002752_3,2023-04-12T12:03:42,138.65,118.28,20.37
MENRES002753_4,2023-01-28T20:41:24,66.23,59.44,6.79
MENRES002753_5,2023-11-28T23:46:55,99.41,87.88,11.53
MENRES002753_8,2023-11-30T10:23:58,49.71,42.65,7.06
MENRES002754_3,2023-06-09T21:30:39,62.68,59.47,3.21
MENRES002754_5,2023-05-23T07:24:58,68.2,57.37,10.83
MENRES002755_0,2023-03-20T17:27:28,62.04,55.58,6.46
MENRES002755_2,2023-03-12T22:08:03,112.33,90.38,21.95
MENRES002755_4,2023-12-29T06:05:59,119.45,95.92,23.53
MENRES002755_6,2023-09-21T16:17:18,48.72,43.01,5.71
MENRES002756_3,2023-01-25T02:44:15,31.41,25.76,5.65
MENRES002756_5,2023-04-20T19:35:57,19.1,17.97,1.13
MENRES002756_8,2023-01-28T02:37:39,14.63,12.76,1.87
MENRES002757_7,2023-03-06T18:38:34,115.39,106.53,8.86
MENRES002758_0,2023-08-22T13:13:22,25.1,20.66,4.44
MENRES002758_4,2023-04-23T02:21:57,67.33,57.72,9.61
MENRES002759_7,2023-12-30T01:26:44,15.42,12.92,2.5
MENRES002759_10,2023-12-10T19:04:16,15.8,12.73,3.07
MENRES002760_0,2023-01-24T10:13:56,12.4,11.47,0.93
MENRES002760_2,2023-02-12T19:07:47,77.29,65.47,11.82
MENRES002760_5,2023-12-13T04:28:08,75.46,64.29,11.17
MENRES002760_6,2023-07-15T07:51:49,18.61,15.18,3.43
MENRES002760_7,2023-06-02T02:50:50,74.71,62.07,12.64
MENRES002760_8,2023-09-18T15:25:46,75.41,67.63,7.78
MENRES002760_10,2023-07-23T04:52:44,33.83,27.85,5.98
MENRES002761_1,2023-05-01T02:33:03,56.78,48.22,8.56
MENRES002761_4,2023-06-29T21:53:42,54.67,48.88,5.79
MENRES002761_5,2023-08-23T02:42:44,85.1,73.38,11.72
MENRES002761_7,2023-02-27T18:50:08,58.72,55.22,3.5
MENRES002761_14,2023-04-03T18:09:45,16.41,15.44,0.97
MENRES002762_3,2023-05-15T10:10:17,12.55,10.81,1.74
MENRES002762_7,2023-11-29T05:13:32,8.09,7.16,0.93
MENRES002762_9,2023-08-30T10:39:20,32.91,30.47,2.44
MENRES002762_10,2023-05-22T18:18:22,38.77,36.71,2.06
MENRES002763_1,2023-10-05T12:21:01,42.94,40.33,2.61
MENRES002763_2,2023-05-22T00:01:53,48.76,39.04,9.72
MENRES002763_8,2023-10-16T14:14:07,16.21,13.1,3.11
MENRES002763_14,2023-09-22T02:39:22,26.66,25.16,1.5
MENRES002763_15,2023-12-03T08:11:42,62.68,57.39,5.29
MENRES002764_2,2023-09-07T05:10:43,47.71,41.31,6.4
MENRES002764_3,2023-08-14T18:32:13,64.46,60.89,3.57
MENRES002764_6,2023-08-21T09:35:49,74.42,64.08,10.34
MENRES002764_10,2023-05-07T15:01:20,43.19,40.1,3.09
MENRES002764_16,2023-04-28T18:59:23,13.8,11.8,2.0
MENRES002765_0,2023-06-26T12:59:15,21.1,19.04,2.06
MENRES002765_2,2023-07-30T14:51:55,33.68,31.91,1.77
MENRES002765_3,2023-12-10T20:02:23,37.72,31.14,6.58
MENRES002765_4,2023-03-17T19:42:16,31.78,28.82,2.96
MENRES002765_7,2023-12-22T23:54:20,19.01,15.64,3.37
MENRES002765_12,2023-10-02T12:19:54,22.63,19.51,3.12
MENRES002766_3,2023-06-26T10:18:51,69.91,58.82,11.09
MENRES002766_4,2023-06-15T15:19:19,33.96,30.52,3.44
MENRES002766_5,2023-10-08T21:14:35,25.4,22.06,3.34
MENRES002766_6,2023-04-22T02:51:20,70.77,62.16,8.61
MENRES002766_7,2023-10-03T21:56:26,51.66,46.93,4.73
MENRES002766_8,2023-10-24T18:10:07,18.73,15.11,3.62
MENRES002766_10,2023-09-19T04:46:17,41.17,33.58,7.59
MENRES002766_12,2023-11-06T21:06:20,71.6,61.4,10.2
MENRES002766_13,2023-07-13T16:28:26,49.6,43.61,5.99
MENRES002767_3,2023-03-05T21:56:06,145.44,116.66,28.78
MENRES002767_5,2023-08-21T20:45:36,127.87,111.77,16.1
MENRES002767_6,2023-09-30T19:44:04,153.23,128.75,24.48
MENRES002768_1,2023-01-29T00:12:17,23.16,18.99,4.17
MENRES002768_2,2023-02-24T00:59:45,13.93,12.79,1.14
MENRES002768_3,2023-05-15T18:22:02,38.08,34.9,3.18
MENRES002768_5,2023-12-20T12:08:37,31.17,28.41,2.76
MENRES002768_12,2023-12-22T04:46:32,30.98,28.23,2.75
MENRES002768_14,2023-12-12T17:55:44,11.53,10.39,1.14
MENRES002769_1,2023-12-30T09:41:19,84.03,78.97,5.06
MENRES002769_2,2023-04-03T17:09:41,98.86,87.05,11.81
MENRES002769_4,2023-04-16T17:30:04,86.53,77.58,8.95
MENRES002769_5,2023-06-27T08:13:27,121.57,109.75,11.82
MENRES002769_6,2023-10-15T18:31:17,80.21,73.49,6.72
MENRES002769_7,2023-10-14T12:32:26,157.45,147.04,10.41
MENRES002769_9,2023-05-29T20:39:46,138.28,123.75,14.53
MENRES002769_13,2023-02-24T14:12:11,35.24,32.61,2.63
MENRES002769_14,2023-07-08T00:10:25,108.41,88.97,19.44
MENRES002770_2,2023-03-09T08:27:46,153.16,139.69,13.47
MENRES002770_5,2023-03-12T17:08:08,90.05,83.03,7.02
MENRES002770_14,2023-09-28T15:37:32,143.04,126.84,16.2
MENRES002771_4,2023-07-10T12:03:35,91.3,75.09,16.21
MENRES002771_5,2023-04-22T12:22:45,37.2,35.13,2.07
MENRES002771_7,2023-09-19T05:07:37,54.75,49.83,4.92
MENRES002771_8,2023-06-11T07:44:02,88.64,82.35,6.29
MENRES002771_9,2023-05-26T16:13:15,42.51,36.62,5.89
MENRES002771_12,2023-03-13T15:19:05,74.55,66.26,8.29
MENRES002772_3,2023-01-14T03:40:40,42.16,36.58,5.58
MENRES002772_5,2023-02-08T01:02:04,28.61,23.18,5.43
MENRES002772_8,2023-04-20T07:49:37,34.63,29.38,5.25
MENRES002772_9,2023-04-04T03:17:08,16.44,15.06,1.38
MENRES002772_11,2023-01-23T09:36:46,39.54,32.34,7.2
MENRES002773_5,2023-07-26T00:38:13,56.34,48.33,8.01
MENRES002773_10,2023-07-01T01:23:23,57.42,51.64,5.78
MENRES002773_15,2023-02-06T10:25:15,58.34,48.62,9.72
MENRES002773_16,2023-11-16T17:21:48,68.13,61.13,7.0
MENRES002774_0,2023-12-13T19:31:16,21.61,17.55,4.06
MENRES002774_2,2023-06-10T15:11:03,111.76,100.76,11.0
MENRES002774_5,2023-03-30T19:56:04,108.09,97.68,10.41
MENRES002774_10,2023-05-26T15:31:42,46.27,42.8,3.47
MENRES002775_3,2023-03-20T18:21:57,37.89,33.73,4.16
MENRES002775_6,2023-01-18T10:01:36,35.63,29.02,6.61
MENRES002775_9,2023-11-06T23:08:40,32.37,30.52,1.85
MENRES002775_10,2023-05-14T04:41:35,18.6,17.06,1.54
MENRES002775_13,2023-04-02T05:45:31,12.87,11.98,0.89
MENRES002776_2,2023-08-30T18:48:52,29.99,26.31,3.68
MENRES002776_3,2023-07-15T00:34:01,12.49,11.54,0.95
MENRES002776_5,2023-11-22T07:49:36,22.14,20.07,2.07
MENRES002776_8,2023-04-05T17:49:39,35.01,31.22,3.79
MENRES002776_11,2023-07-01T21:52:59,32.37,30.47,1.9
MENRES002776_13,2023-09-13T22:12:23,29.11,25.87,3.24
MENRES002776_14,2023-08-18T23:35:21,22.26,19.17,3.09
MENRES002776_17,2023-01-06T22:32:40,23.94,20.16,3.78
MENRES002777_0,2023-06-25T19:26:53,156.28,142.46,13.82
MENRES002777_3,2023-04-17T11:16:41,51.61,47.22,4.39
MENRES002777_7,2023-01-21T20:52:29,153.84,144.19,9.65
MENRES002777_8,2023-09-30T06:38:55,156.46,138.75,17.71
MENRES002777_9,2023-10-23T11:30:39,101.64,85.42,16.22
MENRES002777_10,2023-06-13T07:38:43,123.45,117.17,6.28
MENRES002777_12,2023-12-04T19:25:58,106.4,97.1,9.3
MENRES002777_13,2023-06-12T11:48:34,56.6,50.87,5.73
MENRES002777_16,2023-10-28T06:14:23,152.18,137.53,14.65
MENRES002778_0,2023-02-11T11:15:40,113.73,105.92,7.81
MENRES002778_2,2023-10-20T03:58:58,137.5,111.75,25.75
MENRES002778_4,2023-01-26T20:22:24,109.21,98.77,10.44
MENRES002779_0,2023-10-05T09:41:02,84.89,68.82,16.07
MENRES002779_3,2023-03-23T11:29:21,47.52,40.7,6.82
MENRES002780_0,2023-05-09T16:59:29,89.66,84.37,5.29
MENRES002780_5,2023-02-12T20:48:31,32.85,28.41,4.44
MENRES002780_8,2023-09-06T15:52:07,27.01,21.85,5.16
MENRES002780_12,2023-02-23T21:35:20,92.99,75.95,17.04
MENRES002782_2,2023-03-29T15:33:20,49.44,41.6,7.84
MENRES002783_2,2023-09-11T21:05:25,43.77,35.43,8.34
MENRES002783_4,2023-08-20T04:25:55,37.59,34.51,3.08
MENRES002783_5,2023-01-31T02:20:37,15.93,14.91,1.02
MENRES002784_7,2023-08-13T17:01:59,128.31,109.58,18.73
MENRES002784_12,2023-04-25T14:52:25,27.65,22.81,4.84
MENRES002784_13,2023-10-22T19:25:09,63.66,58.6,5.06
MENRES002785_0,2023-01-25T05:36:16,32.87,27.23,5.64
MENRES002785_4,2023-11-05T00:30:29,28.77,26.85,1.92
MENRES002786_2,2023-02-18T20:48:36,71.0,64.1,6.9
MENRES002786_13,2023-06-28T04:12:25,55.93,49.66,6.27
MENRES002787_0,2023-05-07T23:26:27,35.7,32.22,3.48
MENRES002787_3,2023-10-12T00:24:26,35.95,33.43,2.52
MENRES002787_4,2023-06-07T17:55:37,26.11,24.58,1.53
MENRES002787_5,2023-03-02T23:44:36,27.71,23.25,4.46
MENRES002787_8,2023-12-19T22:16:19,29.41,26.67,2.74
MENRES002788_4,2023-04-15T16:58:16,19.19,17.92,1.27
MENRES002788_7,2023-11-20T11:40:30,5.58,4.87,0.71
MENRES002788_14,2023-03-13T02:24:38,16.58,13.9,2.68
MENRES002789_1,2023-05-02T18:09:45,34.98,29.69,5.29
MENRES002789_3,2023-10-24T15:43:34,89.5,73.24,16.26
MENRES002790_1,2023-11-08T04:55:51,145.04,129.57,15.47
MENRES002791_1,2023-07-10T15:06:53,60.58,53.93,6.65
MENRES002791_6,2023-06-02T04:42:55,52.59,48.02,4.57
MENRES002791_10,2023-09-28T01:42:43,100.34,86.57,13.77
MENRES002791_11,2023-03-05T11:39:58,95.03,78.74,16.29
MENRES002791_15,2023-10-06T06:56:02,44.48,36.97,7.51
MENRES002791_16,2023-02-10T12:30:37,39.32,31.59,7.73
MENRES002792_6,2023-11-08T00:55:06,68.6,57.27,11.33
MENRES002792_7,2023-12-23T19:18:16,54.68,45.57,9.11
MENRES002792_12,2023-05-14T09:31:01,74.97,62.66,12.31
MENRES002793_1,2023-03-29T02:42:48,50.67,45.23,5.44
MENRES002793_3,2023-10-01T09:52:00,43.77,36.06,7.71
MENRES002793_5,2023-03-24T22:31:17,46.49,37.73,8.76
MENRES002793_10,2023-10-02T06:08:55,59.61,53.12,6.49
MENRES002794_0,2023-03-02T21:44:11,34.32,31.04,3.28
MENRES002794_5,2023-04-27T05:14:23,11.24,9.61,1.63
MENRES002794_6,2023-12-28T19:31:11,10.55,9.02,1.53
MENRES002794_10,2023-06-10T11:01:12,26.87,23.68,3.19
MENRES002794_11,2023-10-03T20:21:22,33.86,30.5,3.36
MENRES002794_14,2023-02-26T10:56:42,7.98,7.29,0.69
MENRES002795_2,2023-01-06T15:11:18,19.72,17.69,2.03
MENRES002795_3,2023-08-05T00:48:55,45.59,39.23,6.36
MENRES002795_11,2023-11-03T03:57:46,43.47,38.55,4.92
MENRES002795_12,2023-11-22T17:04:55,75.7,62.73,12.97
MENRES002796_1,2023-05-10T04:49:12,55.68,52.09,3.59
MENRES002796_3,2023-02-09T22:04:11,56.62,49.96,6.66
MENRES002796_5,2023-12-02T12:49:13,70.59,62.84,7.75
MENRES002796_7,2023-04-13T00:32:27,32.5,29.74,2.76
MENRES002796_8,2023-09-14T04:43:49,140.62,117.91,22.71
MENRES002796_10,2023-07-14T21:50:40,33.44,29.95,3.49
MENRES002796_13,2023-04-19T18:46:19,82.61,75.27,7.34
MENRES002796_14,2023-11-12T01:46:10,43.05,37.79,5.26
MENRES002797_1,2023-05-01T00:59:04,38.86,36.45,2.41
MENRES002797_2,2023-08-25T20:33:00,28.03,24.89,3.14
MENRES002797_3,2023-05-20T07:56:42,20.05,16.07,3.98
MENRES002797_8,2023-01-24T15:14:02,24.48,22.16,2.32
MENRES002798_3,2023-09-30T22:18:12,11.47,9.18,2.29
MENRES002799_2,2023-07-29T13:35:04,29.54,26.01,3.53
MENRES002800_4,2023-06-03T22:21:46,40.21,38.19,2.02
MENRES002800_8,2023-10-20T11:56:00,49.91,42.87,7.04
MENRES002801_4,2023-03-30T16:30:08,83.49,73.66,9.83
MENRES002801_5,2023-11-26T22:37:45,59.32,53.07,6.25
MENRES002801_6,2023-05-31T15:32:43,129.18,107.85,21.33
MENRES002801_14,2023-10-16T23:29:06,145.88,134.97,10.91
MENRES002802_2,2023-04-03T09:24:10,27.68,24.83,2.85
MENRES002802_3,2023-11-28T05:28:38,20.45,18.76,1.69
MENRES002802_5,2023-06-17T09:08:49,21.33,19.46,1.87
MENRES002803_0,2023-02-28T09:19:04,27.03,25.15,1.88
MENRES002803_5,2023-10-26T20:09:02,31.91,26.03,5.88
MENRES002803_8,2023-09-01T11:57:41,14.55,12.4,2.15
MENRES002803_10,2023-06-23T13:55:17,30.36,28.15,2.21
MENRES002803_12,2023-02-23T09:59:26,12.61,10.64,1.97
MENRES002803_13,2023-08-27T15:23:29,5.19,4.74,0.45
MENRES002804_1,2023-04-19T00:36:31,27.57,24.07,3.5
MENRES002804_7,2023-11-30T20:56:43,108.6,94.71,13.89
MENRES002804_11,2023-12-18T07:59:33,134.34,107.5,26.84
MENRES002804_12,2023-07-24T00:20:03,111.36,105.29,6.07
MENRES002804_14,2023-01-09T23:16:44,115.7,106.98,8.72
MENRES002804_16,2023-11-18T11:08:27,87.25,78.55,8.7
MENRES002805_0,2023-08-17T10:37:07,44.59,40.58,4.01
MENRES002805_4,2023-09-30T18:26:17,71.01,63.31,7.7
MENRES002806_9,2023-06-18T17:35:21,96.55,87.15,9.4
MENRES002806_10,2023-05-04T18:42:48,27.51,23.54,3.97
MENRES002807_0,2023-03-28T02:37:56,6.04,5.29,0.75
MENRES002808_1,2023-05-22T18:10:04,13.28,11.66,1.62
MENRES002809_0,2023-08-01T19:36:26,129.31,119.32,9.99
MENRES002809_1,2023-02-10T03:35:58,50.82,44.85,5.97
MENRES002809_3,2023-01-22T02:43:48,75.91,65.31,10.6
MENRES002810_3,2023-01-11T20:57:38,30.34,25.65,4.69
MENRES002810_4,2023-09-25T12:34:33,30.65,27.26,3.39
MENRES002810_5,2023-10-21T12:21:12,23.37,21.97,1.4
MENRES002810_7,2023-12-07T02:06:37,35.7,29.18,6.52
MENRES002810_12,2023-02-05T13:50:49,16.4,13.19,3.21
MENRES002810_15,2023-11-13T21:39:02,20.85,17.75,3.1
MENRES002811_2,2023-03-13T22:53:39,78.07,72.34,5.73
MENRES002811_3,2023-11-23T23:29:53,63.1,57.33,5.77
MENRES002811_4,2023-01-08T20:09:47,54.54,48.99,5.55
MENRES002811_7,2023-05-16T05:49:18,14.85,13.93,0.92
MENRES002812_1,2023-09-10T00:53:23,75.94,67.54,8.4
MENRES002812_3,2023-06-23T06:38:42,54.14,49.52,4.62
MENRES002812_7,2023-07-25T13:01:52,76.39,64.87,11.52
MENRES002812_8,2023-08-15T23:11:04,15.31,12.64,2.67
MENRES002813_0,2023-10-03T05:19:51,21.82,19.98,1.84
MENRES002814_0,2023-03-10T21:06:47,111.06,91.67,19.39
MENRES002814_1,2023-06-27T06:36:35,73.76,63.48,10.28
MENRES002814_7,2023-02-02T01:56:18,38.59,31.79,6.8
MENRES002814_10,2023-10-20T05:39:34,109.01,89.44,19.57
MENRES002814_13,2023-01-23T16:00:52,79.4,68.13,11.27
MENRES002814_17,2023-04-14T23:49:40,17.31,14.46,2.85
MENRES002814_18,2023-07-11T14:14:07,84.59,78.92,5.67
MENRES002815_0,2023-07-23T09:30:47,109.9,88.76,21.14
MENRES002815_1,2023-12-16T20:55:36,111.15,99.79,11.36
MENRES002815_2,2023-05-06T12:47:17,25.0,22.83,2.17
MENRES002815_4,2023-01-19T09:25:42,73.58,67.38,6.2
MENRES002815_5,2023-02-09T11:23:18,34.75,28.33,6.42
MENRES002816_2,2023-12-10T12:26:19,13.63,12.67,0.96
MENRES002816_4,2023-02-06T14:26:06,6.71,6.31,0.4
MENRES002817_3,2023-05-08T05:38:32,132.96,124.23,8.73
MENRES002817_8,2023-04-04T18:08:50,154.18,137.08,17.1
MENRES002817_10,2023-03-02T06:56:26,140.32,124.52,15.8
MENRES002817_18,2023-02-26T05:10:22,119.4,111.15,8.25
MENRES002819_1,2023-07-18T10:50:04,40.12,34.1,6.02
MENRES002819_7,2023-05-09T15:51:11,38.2,33.35,4.85
MENRES002819_10,2023-01-05T14:07:05,105.1,90.63,14.47
MENRES002819_16,2023-03-09T07:38:05,18.85,17.5,1.35
MENRES002820_5,2023-12-03T02:16:56,39.19,33.67,5.52
MENRES002820_7,2023-10-11T04:14:23,36.6,29.81,6.79
MENRES002821_0,2023-01-03T13:03:45,60.73,57.48,3.25
MENRES002821_1,2023-08-19T17:37:16,49.86,40.72,9.14
MENRES002821_4,2023-03-27T10:48:24,133.04,107.05,25.99
MENRES002822_1,2023-08-04T15:46:28,42.12,34.74,7.38
MENRES002822_4,2023-01-23T12:31:31,26.18,24.15,2.03
MENRES002823_1,2023-01-22T12:48:02,57.07,52.14,4.93
MENRES002823_2,2023-04-02T21:35:46,120.41,103.66,16.75
MENRES002823_3,2023-09-21T13:46:05,83.04,67.45,15.59
MENRES002823_5,2023-09-30T19:53:24,152.2,140.76,11.44
MENRES002823_6,2023-12-19T19:29:08,81.03,76.26,4.77
MENRES002823_8,2023-08-25T07:58:34,134.39,119.83,14.56
MENRES002823_13,2023-09-07T18:01:30,48.4,44.66,3.74
MENRES002823_14,2023-01-07T14:07:00,29.17,25.51,3.66
MENRES002824_1,2023-07-16T21:27:30,21.27,17.1,4.17
MENRES002824_2,2023-02-16T06:27:46,9.93,9.09,0.84
MENRES002824_3,2023-07-22T04:21:29,19.25,17.89,1.36
MENRES002824_6,2023-01-03T01:08:17,9.57,8.2,1.37
MENRES002824_7,2023-10-05T16:55:04,21.77,20.0,1.77
MENRES002825_1,2023-12-03T09:35:10,22.82,21.0,1.82
MENRES002825_3,2023-09-11T19:00:00,34.93,32.47,2.46
MENRES002825_7,2023-10-21T10:47:11,33.91,31.95,1.96
MENRES002825_9,2023-01-03T03:28:57,14.49,12.54,1.95
MENRES002825_10,2023-01-01T08:57:12,16.93,13.84,3.09
MENRES002826_0,2023-09-20T07:12:38,43.78,36.59,7.19
MENRES002826_6,2023-11-01T07:45:38,28.69,24.96,3.73
MENRES002826_7,2023-09-26T04:57:44,55.36,44.65,10.71
MENRES002826_8,2023-03-21T07:26:11,66.72,58.77,7.95
MENRES002828_0,2023-07-19T17:40:43,29.06,24.99,4.07
MENRES002828_7,2023-10-09T22:23:46,26.07,23.66,2.41
MENRES002829_5,2023-01-22T20:39:30,48.05,39.79,8.26
MENRES002829_7,2023-09-11T20:55:11,116.12,98.75,17.37
MENRES002830_1,2023-10-23T13:21:09,122.17,105.18,16.99
MENRES002830_2,2023-03-04T18:04:48,72.46,65.63,6.83
MENRES002830_3,2023-07-16T09:40:35,98.62,89.76,8.86
MENRES002830_4,2023-02-24T11:35:34,110.47,96.78,13.69
MENRES002830_6,2023-03-06T23:55:37,49.67,43.99,5.68
MENRES002830_7,2023-07-23T00:42:33,36.37,30.89,5.48
MENRES002831_2,2023-08-18T03:24:30,65.28,59.15,6.13
MENRES002831_5,2023-03-07T14:54:11,53.51,50.41,3.1
MENRES002832_0,2023-01-12T18:50:35,106.67,99.91,6.76
MENRES002832_5,2023-01-15T21:07:56,23.46,21.32,2.14
MENRES002832_6,2023-07-04T03:45:42,73.53,59.44,14.09
MENRES002834_3,2023-04-25T18:32:09,10.04,9.03,1.01
MENRES002835_1,2023-08-31T12:12:30,122.54,110.92,11.62
MENRES002835_9,2023-12-17T16:41:55,59.13,54.84,4.29
MENRES002836_0,2023-06-18T22:26:44,36.89,30.46,6.43
MENRES002836_3,2023-01-25T08:27:13,38.42,32.66,5.76
MENRES002836_7,2023-10-20T12:08:26,35.97,31.23,4.74
MENRES002836_11,2023-09-11T10:02:05,17.95,16.33,1.62
MENRES002836_12,2023-05-08T18:30:05,10.47,9.77,0.7
MENRES002837_1,2023-04-16T07:48:15,73.5,68.39,5.11
MENRES002837_2,2023-05-15T06:30:05,75.12,62.17,12.95
MENRES002837_3,2023-01-01T07:59:22,25.06,23.36,1.7
MENRES002837_10,2023-02-15T15:37:55,49.08,45.7,3.38
MENRES002837_14,2023-07-17T21:58:10,24.85,21.98,2.87
MENRES002838_3,2023-02-02T16:29:43,52.36,48.29,4.07
MENRES002838_8,2023-11-22T21:45:19,35.08,30.12,4.96
MENRES002838_10,2023-12-05T19:31:07,38.76,35.62,3.14
MENRES002839_1,2023-02-07T03:34:15,37.95,33.72,4.23
MENRES002839_6,2023-10-25T09:57:44,28.07,24.95,3.12
MENRES002839_7,2023-12-25T05:40:40,29.01,26.5,2.51
MENRES002839_9,2023-08-01T04:53:04,35.06,29.98,5.08
MENRES002839_12,2023-08-13T23:20:55,30.98,28.55,2.43
MENRES002840_1,2023-10-14T12:58:58,62.91,52.49,10.42
MENRES002840_2,2023-12-26T22:15:23,65.28,57.56,7.72
MENRES002840_3,2023-07-24T05:26:10,47.53,42.29,5.24
MENRES002840_4,2023-05-11T08:53:18,48.23,45.15,3.08
MENRES002843_1,2023-03-29T10:13:06,158.57,140.97,17.6
MENRES002843_2,2023-05-26T21:00:22,154.28,138.28,16.0
MENRES002843_4,2023-04-12T08:32:53,89.57,72.55,17.02
MENRES002843_7,2023-04-17T21:34:46,39.88,36.75,3.13
MENRES002843_10,2023-06-28T14:11:12,144.32,124.4,19.92
MENRES002843_12,2023-09-08T05:58:29,59.08,49.41,9.67
MENRES002843_13,2023-04-02T05:34:09,80.61,72.76,7.85
MENRES002843_14,2023-01-11T08:56:40,133.08,124.46,8.62
MENRES002844_0,2023-08-11T16:36:14,28.84,26.06,2.78
MENRES002844_3,2023-03-08T09:53:46,90.42,80.44,9.98
MENRES002844_7,2023-06-07T09:45:18,76.4,61.64,14.76
MENRES002845_1,2023-07-12T07:08:34,19.03,16.55,2.48
MENRES002845_6,2023-01-30T22:21:33,61.86,52.24,9.62
MENRES002846_0,2023-09-19T20:59:03,6.25,5.22,1.03
MENRES002847_0,2023-08-17T18:37:10,67.38,54.13,13.25
MENRES002847_3,2023-07-11T20:11:14,73.43,62.17,11.26
MENRES002847_5,2023-02-10T12:09:01,31.23,26.11,5.12
MENRES002847_11,2023-11-25T09:12:22,25.41,22.36,3.05
MENRES002847_12,2023-12-12T10:03:28,116.42,101.47,14.95
MENRES002847_13,2023-04-05T05:41:23,67.43,58.28,9.15
MENRES002848_0,2023-10-01T00:16:30,58.83,49.13,9.7
MENRES002848_4,2023-10-15T16:19:13,30.16,27.18,2.98
MENRES002848_5,2023-10-09T18:03:07,65.26,53.9,11.36
MENRES002848_6,2023-04-17T19:05:25,59.3,50.97,8.33
MENRES002848_12,2023-08-01T05:41:29,79.87,75.32,4.55
MENRES002849_0,2023-03-01T00:17:36,70.83,66.17,4.66
MENRES002849_4,2023-06-22T18:12:50,36.36,34.54,1.82
MENRES002849_9,2023-04-08T21:49:22,27.46,23.58,3.88
MENRES002849_10,2023-08-17T08:02:06,14.93,12.28,2.65
MENRES002849_11,2023-06-01T13:33:34,32.14,28.39,3.75
MENRES002849_12,2023-07-26T09:15:38,20.33,19.26,1.07
MENRES002849_13,2023-06-30T11:35:40,19.25,17.94,1.31
MENRES002849_14,2023-02-06T17:27:14,60.51,48.59,11.92
MENRES002850_1,2023-02-03T16:33:33,67.51,56.5,11.01
MENRES002850_2,2023-07-30T18:56:19,18.71,15.77,2.94
MENRES002850_3,2023-02-06T06:33:25,11.07,9.18,1.89
MENRES002850_5,2023-07-07T03:02:37,40.08,32.78,7.3
MENRES002850_7,2023-02-12T07:48:35,39.44,32.72,6.72
MENRES002851_2,2023-11-08T14:54:47,72.52,58.6,13.92
MENRES002851_11,2023-08-10T23:18:12,39.29,36.06,3.23
MENRES002851_12,2023-02-21T12:44:50,16.92,15.85,1.07
MENRES002852_4,2023-01-07T08:58:34,95.86,88.53,7.33
MENRES002852_7,2023-12-24T08:36:50,77.67,67.23,10.44
MENRES002852_8,2023-09-30T14:32:20,72.31,62.98,9.33
MENRES002852_10,2023-10-28T18:56:21,80.06,73.74,6.32
MENRES002852_11,2023-11-26T23:21:12,51.08,48.13,2.95
MENRES002852_15,2023-02-13T19:44:01,74.86,66.27,8.59
MENRES002852_19,2023-06-14T09:02:23,38.8,33.78,5.02
MENRES002854_6,2023-08-04T20:11:52,84.99,70.29,14.7
MENRES002854_7,2023-12-19T04:34:15,40.91,35.55,5.36
MENRES002854_10,2023-12-09T14:07:36,40.18,36.56,3.62
MENRES002855_0,2023-04-13T04:33:19,78.04,73.64,4.4
MENRES002855_1,2023-05-13T06:36:54,72.11,64.28,7.83
MENRES002855_9,2023-06-22T11:07:26,12.8,11.62,1.18
MENRES002855_13,2023-08-26T06:20:05,72.69,59.79,12.9
MENRES002857_0,2023-02-07T09:21:39,29.77,25.23,4.54
MENRES002857_1,2023-09-11T12:22:09,27.91,25.5,2.41
MENRES002857_3,2023-04-16T21:03:19,14.5,12.06,2.44
MENRES002857_4,2023-04-16T18:03:12,39.11,33.86,5.25
MENRES002858_0,2023-12-06T20:56:12,71.95,68.2,3.75
MENRES002858_3,2023-05-21T08:57:07,24.57,20.92,3.65
MENRES002859_0,2023-11-23T04:06:10,43.08,38.4,4.68
MENRES002859_1,2023-02-03T22:46:40,120.41,104.92,15.49
MENRES002859_4,2023-01-10T07:24:19,104.38,92.96,11.42
MENRES002859_5,2023-12-12T17:00:26,27.69,24.67,3.02
MENRES002860_1,2023-05-11T08:19:02,32.65,29.11,3.54
MENRES002860_5,2023-08-16T00:33:33,56.96,49.16,7.8
MENRES002860_15,2023-12-06T20:29:34,147.85,129.51,18.34
MENRES002861_3,2023-12-29T22:35:04,78.94,65.76,13.18
MENRES002862_7,2023-03-15T21:04:46,75.92,70.31,5.61
MENRES002863_4,2023-09-06T10:01:11,122.54,98.5,24.04
MENRES002863_8,2023-07-16T15:11:48,81.38,72.57,8.81
MENRES002863_11,2023-11-12T19:55:03,106.77,93.28,13.49
MENRES002863_13,2023-02-19T12:44:31,142.62,125.81,16.81
MENRES002863_15,2023-11-25T06:10:11,159.86,146.49,13.37
MENRES002863_17,2023-09-15T04:49:32,42.8,38.79,4.01
MENRES002864_0,2023-10-20T23:34:12,25.34,20.82,4.52
MENRES002864_2,2023-12-19T01:26:45,100.2,81.66,18.54
MENRES002864_9,2023-05-07T04:30:31,58.71,49.17,9.54
MENRES002864_12,2023-01-11T23:45:04,144.75,131.53,13.22
MENRES002864_14,2023-12-12T13:54:40,23.92,21.64,2.28
MENRES002864_15,2023-10-10T07:45:24,89.73,75.38,14.35
MENRES002865_3,2023-06-16T10:28:16,69.97,57.67,12.3
MENRES002865_8,2023-10-01T05:28:33,19.59,18.36,1.23
MENRES002866_4,2023-08-18T03:02:22,13.91,12.05,1.86
MENRES002867_1,2023-01-14T04:46:28,12.27,11.33,0.94
MENRES002867_3,2023-04-16T07:26:11,29.72,28.13,1.59
MENRES002867_5,2023-04-22T02:32:05,28.64,23.86,4.78
MENRES002867_10,2023-10-27T08:37:44,26.19,22.33,3.86
MENRES002867_11,2023-12-09T01:24:01,29.99,26.02,3.97
MENRES002868_0,2023-03-14T10:07:12,73.62,63.96,9.66
MENRES002868_3,2023-01-23T09:55:23,80.54,75.33,5.21
MENRES002868_5,2023-01-28T07:48:25,42.82,37.27,5.55
MENRES002868_6,2023-05-29T22:53:33,40.73,33.44,7.29
MENRES002869_1,2023-09-18T01:13:35,32.56,27.6,4.96
MENRES002869_12,2023-09-30T19:14:58,19.77,16.3,3.47
MENRES002869_13,2023-08-21T08:09:18,55.07,48.54,6.53
MENRES002869_14,2023-11-18T10:34:04,50.63,45.84,4.79
MENRES002870_0,2023-03-29T11:44:30,31.07,28.0,3.07
MENRES002870_1,2023-07-20T22:00:44,21.24,18.06,3.18
MENRES002870_4,2023-01-26T08:14:27,26.65,24.26,2.39
MENRES002870_9,2023-06-24T15:24:09,32.69,26.39,6.3
MENRES002870_11,2023-11-10T13:58:41,7.16,6.49,0.67
MENRES002870_16,2023-10-29T07:34:40,17.07,14.76,2.31
MENRES002871_2,2023-03-07T09:07:41,152.85,134.63,18.22
MENRES002871_3,2023-05-30T13:21:35,52.59,49.86,2.73
MENRES002871_5,2023-07-19T18:28:18,148.75,131.02,17.73
MENRES002871_6,2023-11-09T09:42:19,117.66,106.42,11.24
MENRES002871_11,2023-03-29T02:21:28,21.34,19.69,1.65
MENRES002871_12,2023-01-03T15:37:48,155.48,128.71,26.77
MENRES002872_1,2023-10-06T15:23:33,135.14,121.54,13.6
MENRES002872_2,2023-10-16T07:50:53,29.83,27.39,2.44
MENRES002872_5,2023-09-03T14:37:14,76.5,64.5,12.0
MENRES002872_7,2023-04-11T08:46:27,149.51,128.05,21.46
MENRES002872_13,2023-05-05T19:52:24,64.03,53.49,10.54
MENRES002872_14,2023-02-13T19:35:57,76.07,70.0,6.07
MENRES002873_8,2023-02-04T02:53:38,23.74,21.68,2.06
MENRES002873_9,2023-09-21T19:59:31,10.25,9.23,1.02
MENRES002875_0,2023-05-25T08:57:17,53.72,46.76,6.96
MENRES002875_2,2023-07-05T10:25:59,41.25,34.3,6.95
MENRES002876_3,2023-04-06T16:09:27,93.63,83.34,10.29
MENRES002876_4,2023-12-26T14:45:38,150.52,140.23,10.29
MENRES002876_7,2023-07-17T04:57:37,75.28,66.44,8.84
MENRES002876_9,2023-09-24T03:18:29,62.19,50.15,12.04
MENRES002876_13,2023-06-10T19:36:46,26.49,23.4,3.09
MENRES002876_16,2023-10-07T11:29:26,118.79,105.81,12.98
MENRES002877_0,2023-12-22T15:50:36,31.0,29.18,1.82
MENRES002877_1,2023-03-31T05:07:00,67.85,57.25,10.6
MENRES002877_4,2023-12-19T07:41:27,43.82,40.18,3.64
MENRES002877_18,2023-04-11T08:34:22,119.01,96.74,22.27
MENRES002878_2,2023-02-25T13:35:36,54.96,48.96,6.0
MENRES002878_5,2023-01-30T02:05:18,58.34,54.48,3.86
MENRES002879_4,2023-07-22T00:43:47,19.7,16.12,3.58
MENRES002880_1,2023-02-07T23:44:02,18.86,15.44,3.42
MENRES002880_4,2023-12-12T19:03:16,74.64,63.69,10.95
MENRES002881_0,2023-02-09T12:53:51,93.53,86.02,7.51
MENRES002881_1,2023-12-19T05:14:22,132.64,116.92,15.72
MENRES002881_3,2023-03-05T16:42:50,71.38,64.06,7.32
MENRES002881_4,2023-06-29T22:23:35,155.18,140.35,14.83
MENRES002882_0,2023-10-22T12:50:31,27.62,23.89,3.73
MENRES002882_2,2023-01-22T09:24:59,24.81,20.66,4.15
MENRES002882_4,2023-04-08T14:17:42,35.52,31.74,3.78
MENRES002882_9,2023-09-28T11:07:30,33.73,30.08,3.65
MENRES002882_11,2023-02-03T23:28:16,65.39,59.05,6.34
MENRES002882_12,2023-09-14T23:57:28,53.23,50.23,3.0
MENRES002882_13,2023-10-27T05:37:28,43.12,39.04,4.08
MENRES002883_0,2023-01-13T15:48:26,58.33,49.26,9.07
MENRES002883_2,2023-11-08T06:15:39,24.66,20.5,4.16
MENRES002883_3,2023-11-23T23:44:29,65.76,56.96,8.8
MENRES002883_4,2023-01-21T17:49:04,21.37,18.89,2.48
MENRES002884_0,2023-03-18T06:14:42,51.95,42.27,9.68
MENRES002884_1,2023-04-19T22:27:29,24.46,20.07,4.39
MENRES002884_3,2023-10-27T20:55:53,43.94,35.2,8.74
MENRES002884_5,2023-03-26T06:45:16,18.13,14.82,3.31
MENRES002885_1,2023-11-15T13:33:46,17.75,15.78,1.97
MENRES002885_2,2023-06-07T00:43:51,56.53,51.21,5.32
MENRES002885_3,2023-02-04T04:53:05,15.18,12.61,2.57
MENRES002886_2,2023-01-26T01:02:16,89.25,79.58,9.67
MENRES002886_5,2023-09-06T23:54:59,64.24,60.99,3.25
MENRES002886_8,2023-01-12T07:29:53,42.67,34.73,7.94
MENRES002887_1,2023-11-23T20:01:00,86.4,77.2,9.2
MENRES002887_2,2023-10-21T12:38:47,102.27,88.16,14.11
MENRES002887_3,2023-01-14T00:17:11,82.83,75.49,7.34
MENRES002887_5,2023-01-15T11:02:12,55.06,47.21,7.85
MENRES002888_0,2023-08-08T18:55:39,87.08,72.21,14.87
MENRES002888_2,2023-01-16T04:02:48,77.66,69.6,8.06
MENRES002888_6,2023-07-11T23:57:20,61.53,54.27,7.26
MENRES002888_13,2023-10-05T13:17:46,124.93,102.26,22.67
MENRES002889_0,2023-11-03T07:11:43,108.51,101.66,6.85
MENRES002890_2,2023-06-10T02:56:00,71.3,58.9,12.4
MENRES002890_12,2023-11-18T02:41:42,18.98,18.03,0.95
MENRES002891_0,2023-10-05T22:07:42,39.57,36.51,3.06
MENRES002891_2,2023-09-15T03:13:37,33.59,29.95,3.64
MENRES002892_1,2023-09-24T06:15:11,153.13,143.13,10.0
MENRES002892_11,2023-09-12T19:58:56,80.46,76.19,4.27
MENRES002892_16,2023-01-23T17:19:44,153.7,136.05,17.65
MENRES002892_17,2023-01-23T16:23:14,29.66,23.99,5.67
MENRES002893_0,2023-05-08T13:10:27,6.82,6.02,0.8
MENRES002893_5,2023-05-18T14:34:34,28.25,22.72,5.53
MENRES002894_6,2023-10-16T02:05:46,32.14,29.5,2.64
MENRES002894_9,2023-04-01T21:02:21,71.0,60.28,10.72
MENRES002894_11,2023-02-25T10:53:36,65.61,55.57,10.04
MENRES002895_0,2023-11-08T15:26:56,100.73,87.18,13.55
MENRES002895_10,2023-02-18T02:20:30,63.62,55.42,8.2
MENRES002895_13,2023-09-12T20:52:18,21.25,19.97,1.28
MENRES002896_1,2023-05-26T19:07:13,106.69,100.15,6.54
MENRES002896_4,2023-05-30T07:43:12,57.33,49.52,7.81
MENRES002896_8,2023-02-01T01:15:05,15.4,13.8,1.6
MENRES002897_0,2023-12-21T10:50:04,62.23,54.57,7.66
MENRES002897_4,2023-06-13T15:52:17,54.19,46.61,7.58
MENRES002897_5,2023-12-24T17:34:56,50.74,45.07,5.67
MENRES002897_7,2023-01-14T05:42:34,111.79,98.33,13.46
MENRES002897_10,2023-07-28T02:13:48,114.4,101.85,12.55
MENRES002897_16,2023-01-12T23:15:30,15.45,14.32,1.13
MENRES002897_17,2023-02-14T23:48:45,113.11,102.43,10.68
MENRES002898_0,2023-11-04T01:22:35,159.65,141.62,18.03
MENRES002899_2,2023-11-29T16:24:27,16.41,15.31,1.1
MENRES002899_4,2023-06-14T18:18:11,60.65,51.85,8.8
MENRES002899_12,2023-02-22T03:24:35,28.79,27.07,1.72
MENRES002900_0,2023-07-27T07:28:30,95.61,76.59,19.02
MENRES002900_4,2023-09-25T08:21:51,89.08,83.74,5.34
MENRES002901_3,2023-05-08T00:21:11,9.23,8.27,0.96
MENRES002901_4,2023-11-26T18:39:31,15.4,14.26,1.14
MENRES002901_7,2023-11-08T15:09:11,11.34,10.23,1.11
MENRES002901_8,2023-01-30T17:00:08,10.36,8.61,1.75
MENRES002901_9,2023-01-22T09:09:37,18.59,17.66,0.93
MENRES002902_0,2023-01-12T00:22:48,13.95,11.55,2.4
MENRES002902_1,2023-12-20T09:33:00,30.35,26.65,3.7
MENRES002903_1,2023-05-07T15:33:58,69.07,65.21,3.86
MENRES002903_2,2023-01-20T17:57:49,19.89,18.07,1.82
MENRES002903_12,2023-06-01T03:12:26,14.12,12.06,2.06
MENRES002903_13,2023-09-15T13:08:39,72.12,57.89,14.23
MENRES002904_0,2023-04-05T13:27:13,13.53,12.3,1.23
MENRES002904_4,2023-08-28T17:07:09,26.12,22.57,3.55
MENRES002904_7,2023-07-12T17:13:07,29.51,25.5,4.01
MENRES002904_8,2023-03-20T21:47:26,29.02,24.71,4.31
MENRES002904_13,2023-12-17T05:44:00,15.37,13.88,1.49
MENRES002904_14,2023-03-11T18:01:57,24.21,20.26,3.95
MENRES002904_15,2023-03-10T02:19:49,28.0,24.11,3.89
MENRES002904_18,2023-04-19T17:00:55,35.8,29.44,6.36
MENRES002905_3,2023-04-09T20:06:30,36.94,31.5,5.44
MENRES002905_5,2023-08-21T18:14:00,28.26,26.33,1.93
MENRES002905_6,2023-02-01T02:33:17,16.82,15.37,1.45
MENRES002906_2,2023-04-21T15:02:22,144.64,127.46,17.18
MENRES002907_3,2023-05-25T04:19:35,151.3,131.48,19.82
MENRES002908_0,2023-01-11T01:04:25,54.8,44.33,10.47
MENRES002908_2,2023-02-05T14:18:50,59.02,51.61,7.41
MENRES002908_5,2023-08-30T11:57:33,41.06,33.04,8.02
MENRES002909_3,2023-08-09T06:31:22,144.81,116.72,28.09
MENRES002909_7,2023-02-09T04:50:06,107.47,94.49,12.98
MENRES002909_10,2023-07-31T02:11:29,111.76,94.54,17.22
MENRES002910_1,2023-07-31T10:24:13,24.85,23.47,1.38
MENRES002910_2,2023-04-18T04:48:58,54.58,43.91,10.67
MENRES002910_6,2023-04-01T13:36:28,96.93,87.68,9.25
MENRES002910_8,2023-01-13T04:20:44,66.07,61.47,4.6
MENRES002910_13,2023-01-14T22:39:07,24.01,21.29,2.72
MENRES002910_15,2023-12-18T21:28:17,67.48,60.23,7.25
MENRES002910_18,2023-06-11T14:22:04,106.41,86.16,20.25
MENRES002911_1,2023-02-13T13:22:56,27.6,23.82,3.78
MENRES002911_2,2023-10-26T00:33:59,17.69,15.38,2.31
MENRES002911_4,2023-09-14T18:20:00,73.03,64.15,8.88
MENRES002911_6,2023-12-29T02:36:22,19.16,15.71,3.45
MENRES002911_10,2023-09-13T13:42:33,61.86,53.32,8.54
MENRES002911_12,2023-09-29T21:54:09,24.7,21.88,2.82
MENRES002912_2,2023-08-04T13:10:45,58.9,49.65,9.25
MENRES002912_4,2023-03-08T05:32:59,86.32,69.1,17.22
MENRES002913_0,2023-10-05T19:21:47,47.74,44.35,3.39
MENRES002913_4,2023-04-23T17:36:50,29.31,24.13,5.18
MENRES002913_6,2023-03-07T23:45:47,36.31,30.37,5.94
MENRES002914_1,2023-03-13T14:37:50,69.98,62.66,7.32
MENRES002914_2,2023-09-26T19:12:55,45.13,39.69,5.44
MENRES002914_3,2023-05-16T18:53:16,21.86,18.25,3.61
MENRES002915_4,2023-05-23T01:48:44,98.24,79.8,18.44
MENRES002915_5,2023-03-04T23:10:28,46.19,40.36,5.83
MENRES002915_6,2023-05-01T23:22:52,16.9,14.75,2.15
MENRES002915_7,2023-07-27T19:57:30,34.84,29.79,5.05
MENRES002915_8,2023-06-29T23:57:11,80.37,71.05,9.32
MENRES002915_9,2023-08-29T04:48:18,113.41,91.4,22.01
MENRES002916_1,2023-05-23T06:50:46,30.55,26.63,3.92
MENRES002916_5,2023-08-26T01:56:12,65.77,58.28,7.49
MENRES002916_11,2023-02-21T03:32:16,27.93,26.06,1.87
MENRES002916_12,2023-09-10T19:49:11,11.47,10.85,0.62
MENRES002916_13,2023-06-30T10:28:02,47.1,40.86,6.24
MENRES002917_2,2023-04-28T09:26:02,79.06,73.24,5.82
MENRES002917_4,2023-04-19T13:26:27,147.15,121.65,25.5
MENRES002917_6,2023-12-21T23:58:45,26.05,23.15,2.9
MENRES002918_2,2023-08-16T12:19:33,43.12,39.51,3.61
MENRES002918_8,2023-04-20T18:09:40,37.41,34.38,3.03
MENRES002918_12,2023-06-14T23:21:00,34.52,30.35,4.17
MENRES002918_13,2023-04-09T00:11:54,67.29,60.27,7.02
MENRES002918_16,2023-10-09T00:06:08,74.97,62.92,12.05
MENRES002918_17,2023-05-07T11:50:36,31.56,27.16,4.4
MENRES002918_18,2023-08-06T10:19:37,49.9,46.3,3.6
MENRES002919_4,2023-06-15T02:24:13,72.92,63.31,9.61
MENRES002919_6,2023-04-18T14:30:30,66.06,57.03,9.03
MENRES002919_11,2023-01-28T03:58:40,77.38,66.37,11.01
MENRES002919_12,2023-11-05T20:26:14,97.42,80.11,17.31
MENRES002919_14,2023-06-18T18:13:07,28.93,25.76,3.17
MENRES002920_2,2023-12-18T12:13:46,33.39,28.06,5.33
MENRES002920_5,2023-05-30T00:34:03,67.53,56.97,10.56
MENRES002920_9,2023-11-21T21:51:34,104.01,92.43,11.58
MENRES002920_12,2023-02-24T15:54:41,40.02,33.53,6.49
MENRES002920_13,2023-04-08T00:49:26,116.23,98.86,17.37
MENRES002921_0,2023-06-20T20:31:46,62.82,57.37,5.45
MENRES002921_4,2023-10-08T01:52:36,85.49,69.11,16.38
MENRES002922_1,2023-11-03T04:47:18,106.19,86.67,19.52
MENRES002922_4,2023-12-14T12:59:17,67.27,59.47,7.8
MENRES002922_6,2023-10-25T14:42:17,124.27,106.76,17.51
MENRES002922_9,2023-01-13T09:47:49,40.68,36.68,4.0
MENRES002923_0,2023-07-21T17:32:17,11.91,10.8,1.11
MENRES002923_2,2023-10-19T10:53:23,13.21,11.57,1.64
MENRES002924_0,2023-06-20T05:04:59,69.94,59.77,10.17
MENRES002924_5,2023-02-28T02:35:58,70.7,64.97,5.73
MENRES002924_6,2023-05-05T02:13:38,102.74,93.34,9.4
MENRES002924_8,2023-09-21T05:23:30,101.51,96.18,5.33
MENRES002924_9,2023-12-10T01:07:07,99.73,83.82,15.91
MENRES002924_10,2023-12-04T14:26:09,46.12,38.95,7.17
MENRES002925_1,2023-11-08T04:39:00,36.77,33.48,3.29
MENRES002925_3,2023-10-29T05:25:28,36.82,31.32,5.5
MENRES002925_4,2023-12-09T11:53:26,7.25,6.27,0.98
MENRES002925_8,2023-03-30T07:01:31,20.64,16.99,3.65
MENRES002925_9,2023-05-15T04:15:00,17.7,14.56,3.14
MENRES002926_0,2023-12-25T01:34:10,78.69,71.82,6.87
MENRES002926_6,2023-01-24T04:17:46,62.71,55.34,7.37
MENRES002926_11,2023-06-05T16:50:19,45.87,40.17,5.7
MENRES002926_14,2023-01-17T12:51:07,13.21,12.02,1.19
MENRES002926_15,2023-08-23T05:16:37,48.28,44.59,3.69
MENRES002927_1,2023-10-18T01:57:37,38.85,33.05,5.8
MENRES002928_6,2023-05-04T10:23:53,140.02,124.37,15.65
MENRES002928_8,2023-05-02T17:30:04,129.24,107.22,22.02
MENRES002929_7,2023-03-28T20:55:05,62.24,58.86,3.38
MENRES002930_1,2023-05-05T08:51:11,43.78,36.26,7.52
MENRES002930_2,2023-07-25T21:20:23,78.56,72.64,5.92
MENRES002930_5,2023-09-27T09:52:28,22.98,21.25,1.73
MENRES002930_10,2023-02-06T12:15:23,34.48,31.1,3.38
MENRES002930_12,2023-09-13T06:37:34,23.19,21.98,1.21
MENRES002931_4,2023-03-02T12:59:38,25.2,21.77,3.43
MENRES002931_8,2023-04-11T11:12:59,16.26,13.75,2.51
MENRES002931_9,2023-05-25T14:57:30,34.28,30.5,3.78
MENRES002931_10,2023-02-13T23:40:57,30.69,28.06,2.63
MENRES002931_15,2023-12-02T19:38:56,19.64,17.11,2.53
MENRES002931_16,2023-06-13T16:18:01,12.07,11.37,0.7
MENRES002932_5,2023-09-12T23:17:38,42.02,33.83,8.19
MENRES002932_7,2023-04-23T17:36:06,21.2,19.21,1.99
MENRES002932_13,2023-05-11T13:23:58,23.67,19.78,3.89
MENRES002933_1,2023-06-06T05:58:38,111.46,99.18,12.28
MENRES002933_5,2023-03-20T18:50:43,24.49,23.06,1.43
MENRES002933_9,2023-10-12T11:24:45,72.03,62.65,9.38
MENRES002934_4,2023-01-14T06:59:18,119.82,107.4,12.42
MENRES002934_5,2023-10-02T06:23:14,143.06,119.65,23.41
MENRES002934_6,2023-11-30T21:15:54,53.96,44.07,9.89
MENRES002934_7,2023-05-15T19:33:49,84.37,72.07,12.3
MENRES002934_8,2023-07-06T02:44:08,94.48,82.87,11.61
MENRES002934_12,2023-07-25T07:58:27,94.3,80.5,13.8
MENRES002934_13,2023-09-08T08:14:39,146.61,135.39,11.22
MENRES002935_1,2023-07-09T16:50:22,76.98,67.08,9.9
MENRES002936_4,2023-08-19T18:30:36,105.34,84.77,20.57
MENRES002936_8,2023-08-27T05:39:58,135.67,127.23,8.44
MENRES002937_0,2023-06-17T12:15:56,147.8,139.33,8.47
MENRES002937_1,2023-10-09T15:02:46,115.4,98.63,16.77
MENRES002937_6,2023-03-11T22:33:12,61.44,54.57,6.87
MENRES002937_7,2023-09-22T19:11:41,35.56,29.06,6.5
MENRES002938_0,2023-03-13T01:01:53,6.8,6.2,0.6
MENRES002939_1,2023-11-06T10:45:15,71.03,67.34,3.69
MENRES002939_2,2023-03-02T21:12:46,48.84,40.85,7.99
MENRES002939_8,2023-07-23T07:08:41,59.28,55.88,3.4
MENRES002939_15,2023-09-10T04:12:22,63.41,52.98,10.43
MENRES002940_9,2023-09-24T20:02:38,53.26,45.15,8.11
MENRES002940_11,2023-05-25T22:22:11,15.14,14.01,1.13
MENRES002940_13,2023-09-08T15:36:20,34.49,31.39,3.1
MENRES002941_1,2023-09-04T07:42:55,8.61,7.47,1.14
MENRES002941_7,2023-07-03T11:03:41,39.26,31.75,7.51
MENRES002941_8,2023-06-06T23:57:43,35.54,28.83,6.71
MENRES002941_9,2023-11-13T14:05:41,34.42,27.78,6.64
MENRES002941_10,2023-03-12T21:37:57,30.97,27.85,3.12
MENRES002941_13,2023-10-06T06:23:21,36.84,31.91,4.93
MENRES002941_16,2023-07-26T13:24:53,14.9,12.58,2.32
MENRES002942_2,2023-01-12T07:08:27,10.19,9.51,0.68
MENRES002942_5,2023-11-05T12:21:18,51.16,43.27,7.89
MENRES002942_6,2023-06-30T11:31:38,29.83,24.0,5.83
MENRES002942_8,2023-07-23T19:31:05,22.07,19.91,2.16
MENRES002942_9,2023-02-04T15:49:14,43.4,34.86,8.54
MENRES002942_11,2023-02-17T23:36:26,53.38,45.48,7.9
MENRES002942_18,2023-03-14T22:50:26,78.14,71.66,6.48
MENRES002943_0,2023-04-21T02:26:38,17.1,14.71,2.39
MENRES002943_3,2023-12-01T17:03:25,24.19,21.11,3.08
MENRES002943_4,2023-05-03T18:11:27,59.79,55.73,4.06
MENRES002943_6,2023-10-03T01:10:36,75.69,63.24,12.45
MENRES002944_0,2023-03-26T10:44:11,45.05,42.55,2.5
MENRES002944_2,2023-07-10T22:59:24,71.14,66.1,5.04
MENRES002944_4,2023-03-14T02:38:18,65.96,59.48,6.48
MENRES002945_0,2023-11-22T20:07:01,9.44,7.67,1.77
MENRES002945_1,2023-04-27T23:39:31,15.01,12.83,2.18
MENRES002945_2,2023-02-08T23:32:29,28.29,26.34,1.95
MENRES002945_8,2023-05-03T00:38:38,5.29,5.0,0.29
MENRES002945_9,2023-10-17T01:05:56,25.64,23.17,2.47
MENRES002946_2,2023-12-13T07:42:09,38.07,30.96,7.11
MENRES002946_3,2023-11-07T20:23:45,66.92,62.54,4.38
MENRES002946_4,2023-07-21T08:22:53,48.39,42.49,5.9
MENRES002946_6,2023-10-10T10:10:02,34.05,31.27,2.78
MENRES002946_11,2023-10-14T16:31:57,56.55,47.08,9.47
MENRES002946_13,2023-04-15T10:00:20,104.85,86.69,18.16
MENRES002946_14,2023-02-02T15:47:08,90.59,81.06,9.53
MENRES002946_15,2023-07-14T02:59:18,76.66,67.8,8.86
MENRES002947_4,2023-10-31T22:59:28,19.5,17.92,1.58
MENRES002947_5,2023-07-29T14:09:29,35.94,32.6,3.34
MENRES002947_7,2023-05-25T00:14:31,27.85,26.34,1.51
MENRES002947_8,2023-12-20T23:30:00,35.48,31.43,4.05
MENRES002947_12,2023-09-18T07:43:07,7.7,6.59,1.11
MENRES002947_13,2023-12-28T15:00:13,26.98,22.33,4.65
MENRES002947_14,2023-05-01T09:54:02,38.12,31.81,6.31
MENRES002948_1,2023-08-17T03:53:37,157.89,144.73,13.16
MENRES002948_3,2023-12-02T03:26:20,45.54,40.83,4.71
MENRES002948_5,2023-10-09T18:11:53,110.98,103.9,7.08
MENRES002949_2,2023-02-04T13:44:54,37.33,30.87,6.46
MENRES002949_5,2023-07-01T04:16:06,45.26,38.95,6.31
MENRES002949_10,2023-07-13T15:21:20,95.65,85.05,10.6
MENRES002949_14,2023-10-29T15:07:11,57.7,54.17,3.53
MENRES002950_0,2023-06-25T18:26:24,114.37,104.38,9.99
MENRES002950_2,2023-02-25T23:15:42,68.06,58.36,9.7
MENRES002950_3,2023-03-23T18:27:20,39.47,35.58,3.89
MENRES002950_4,2023-04-28T22:54:48,117.0,101.37,15.63
MENRES002950_6,2023-06-25T02:35:43,132.68,112.74,19.94
MENRES002950_7,2023-06-13T09:32:19,143.18,120.15,23.03
MENRES002951_2,2023-09-05T01:54:33,23.44,22.15,1.29
MENRES002951_11,2023-06-27T18:18:30,30.93,28.21,2.72
MENRES002951_12,2023-04-18T06:19:17,11.0,8.89,2.11
MENRES002952_1,2023-05-14T14:50:47,22.2,20.13,2.07
MENRES002952_2,2023-03-28T21:13:32,37.0,31.0,6.0
MENRES002952_4,2023-12-09T03:25:05,7.67,6.77,0.9
MENRES002952_5,2023-03-18T21:33:12,33.46,28.34,5.12
MENRES002952_10,2023-04-06T11:16:52,8.02,7.12,0.9
MENRES002952_11,2023-05-31T10:28:41,14.79,13.83,0.96
MENRES002952_12,2023-12-23T10:25:44,19.66,18.54,1.12
MENRES002952_15,2023-02-16T15:51:18,11.62,10.4,1.22
MENRES002953_1,2023-02-11T05:25:07,21.5,18.22,3.28
MENRES002953_2,2023-07-03T03:29:17,42.82,39.57,3.25
MENRES002953_6,2023-12-15T04:31:23,54.11,45.76,8.35
MENRES002953_10,2023-10-06T23:06:34,92.52,82.03,10.49
MENRES002953_14,2023-05-30T00:39:04,15.44,14.51,0.93
MENRES002954_5,2023-06-17T20:14:06,7.79,7.3,0.49
MENRES002955_0,2023-09-29T01:23:51,26.27,22.52,3.75
MENRES002956_2,2023-04-16T11:39:44,60.15,51.33,8.82
MENRES002956_6,2023-08-01T18:07:06,74.01,65.65,8.36
MENRES002956_11,2023-11-01T00:05:29,39.96,32.85,7.11
MENRES002956_14,2023-10-18T07:58:18,43.43,35.41,8.02
MENRES002957_0,2023-05-03T11:28:35,80.53,65.73,14.8
MENRES002957_1,2023-12-30T07:38:10,93.36,83.71,9.65
MENRES002957_3,2023-08-08T04:53:32,117.27,101.95,15.32
MENRES002957_5,2023-10-31T01:39:20,44.02,36.11,7.91
MENRES002957_11,2023-09-15T21:56:41,37.76,34.45,3.31
MENRES002957_13,2023-06-16T09:39:13,118.39,97.39,21.0
MENRES002958_3,2023-08-17T08:58:53,24.41,20.35,4.06
MENRES002958_5,2023-06-05T16:57:01,78.73,67.57,11.16
MENRES002958_6,2023-05-25T01:51:22,96.6,90.43,6.17
MENRES002958_7,2023-11-14T19:51:51,108.64,92.96,15.68
MENRES002958_8,2023-04-17T17:55:13,137.03,123.64,13.39
MENRES002959_0,2023-12-16T08:20:44,157.39,142.29,15.1
MENRES002959_1,2023-01-03T19:39:55,67.12,56.6,10.52
MENRES002959_2,2023-08-06T12:35:23,76.68,70.78,5.9
MENRES002959_3,2023-02-13T03:03:33,152.78,131.36,21.42
MENRES002959_4,2023-03-21T15:02:06,94.34,80.28,14.06
MENRES002959_5,2023-05-24T06:32:05,106.53,95.52,11.01
MENRES002959_7,2023-10-16T17:33:26,52.83,45.39,7.44
MENRES002959_9,2023-02-04T03:24:54,119.55,107.76,11.79
MENRES002960_0,2023-09-28T16:52:46,82.92,74.01,8.91
MENRES002960_1,2023-10-23T18:01:42,54.84,47.45,7.39
MENRES002960_2,2023-01-19T01:59:03,27.8,24.71,3.09
MENRES002961_0,2023-02-28T07:47:13,54.38,45.34,9.04
MENRES002961_1,2023-11-08T09:51:45,75.7,69.33,6.37
MENRES002961_5,2023-04-01T15:17:45,45.44,39.0,6.44
MENRES002961_7,2023-10-01T08:23:29,13.64,11.6,2.04
MENRES002961_8,2023-12-10T05:32:48,34.1,28.39,5.71
MENRES002961_10,2023-05-05T07:46:28,69.85,65.2,4.65
MENRES002961_12,2023-04-11T05:22:50,48.1,42.9,5.2
MENRES002961_13,2023-09-14T17:45:29,25.9,21.57,4.33
MENRES002962_0,2023-05-24T23:02:41,65.17,53.91,11.26
MENRES002962_1,2023-03-06T16:31:29,34.24,27.42,6.82
MENRES002962_2,2023-04-12T13:51:31,34.67,31.93,2.74
MENRES002962_4,2023-11-04T05:11:33,31.15,28.72,2.43
MENRES002962_5,2023-10-14T18:13:06,61.58,55.91,5.67
MENRES002962_7,2023-03-01T09:54:10,49.1,42.99,6.11
MENRES002962_10,2023-06-24T19:06:54,40.67,34.87,5.8
MENRES002962_14,2023-08-04T03:49:02,21.83,18.43,3.4
MENRES002962_17,2023-07-26T13:49:54,26.16,22.36,3.8
MENRES002963_3,2023-03-09T21:59:14,20.92,18.0,2.92
MENRES002963_5,2023-01-11T12:06:40,137.3,118.13,19.17
MENRES002963_6,2023-09-11T00:20:06,30.0,25.3,4.7
MENRES002963_9,2023-08-15T20:50:07,125.8,106.75,19.05
MENRES002963_11,2023-05-27T16:15:59,144.82,121.72,23.1
MENRES002964_2,2023-10-11T22:52:32,16.81,14.58,2.23
MENRES002964_4,2023-10-11T06:50:40,73.83,59.3,14.53
MENRES002964_6,2023-05-24T19:07:15,33.12,30.46,2.66
MENRES002965_0,2023-08-15T09:09:52,46.53,39.78,6.75
MENRES002965_6,2023-02-08T21:34:05,149.58,138.4,11.18
MENRES002966_2,2023-12-07T18:45:53,49.23,44.23,5.0
MENRES002966_4,2023-04-22T19:47:32,52.38,47.83,4.55
MENRES002966_8,2023-07-29T21:05:13,32.88,28.84,4.04
MENRES002966_9,2023-10-06T19:20:55,31.76,29.82,1.94
MENRES002968_2,2023-08-21T14:35:53,57.53,47.02,10.51
MENRES002968_3,2023-03-07T23:22:17,89.64,81.51,8.13
MENRES002968_4,2023-11-13T02:33:51,22.57,20.54,2.03
MENRES002968_7,2023-05-02T19:55:00,93.63,75.5,18.13
MENRES002968_11,2023-03-13T12:18:40,16.96,13.74,3.22
MENRES002969_6,2023-11-12T20:28:08,11.67,10.93,0.74
MENRES002969_7,2023-04-13T04:12:19,26.76,22.81,3.95
MENRES002969_10,2023-03-10T17:30:43,30.68,28.54,2.14
MENRES002969_11,2023-09-04T22:53:55,16.08,13.16,2.92
MENRES002969_13,2023-07-01T10:58:04,35.68,29.53,6.15
MENRES002969_15,2023-12-14T04:39:15,18.27,15.0,3.27
MENRES002969_16,2023-05-20T06:33:24,25.72,21.42,4.3
MENRES002970_1,2023-05-06T08:19:27,76.56,65.06,11.5
MENRES002970_2,2023-05-28T12:35:01,43.41,36.47,6.94
MENRES002971_2,2023-12-25T17:21:17,100.42,85.9,14.52
MENRES002971_6,2023-03-10T18:39:37,35.11,33.28,1.83
MENRES002971_7,2023-01-25T08:53:40,27.47,22.05,5.42
MENRES002971_8,2023-02-24T05:54:37,19.16,17.51,1.65
MENRES002971_10,2023-10-22T11:07:09,114.34,106.0,8.34
MENRES002971_11,2023-10-19T14:00:43,102.24,86.85,15.39
MENRES002971_13,2023-09-21T11:04:14,43.94,37.86,6.08
MENRES002972_1,2023-11-06T22:15:45,68.7,61.93,6.77
MENRES002972_6,2023-05-28T05:56:24,42.49,35.53,6.96
MENRES002973_1,2023-01-28T04:00:59,36.63,31.44,5.19
MENRES002973_3,2023-02-09T06:16:42,9.63,8.89,0.74
MENRES002973_6,2023-04-12T17:50:07,19.48,15.81,3.67
MENRES002973_7,2023-12-07T21:08:20,21.4,19.45,1.95
MENRES002973_9,2023-12-09T02:47:02,20.89,19.62,1.27
MENRES002974_1,2023-11-04T07:36:01,32.47,30.31,2.16
MENRES002975_4,2023-01-25T05:02:19,5.42,4.62,0.8
MENRES002975_8,2023-12-30T02:08:26,35.3,32.83,2.47
MENRES002976_3,2023-05-14T12:51:54,17.56,16.24,1.32
MENRES002976_5,2023-01-24T16:23:22,10.41,8.75,1.66
MENRES002976_9,2023-01-25T17:07:08,19.61,17.44,2.17
MENRES002976_11,2023-03-23T13:22:15,6.67,5.39,1.28
MENRES002976_12,2023-04-06T03:51:56,34.7,32.74,1.96
MENRES002976_13,2023-02-02T13:20:59,10.65,9.79,0.86
MENRES002977_0,2023-02-02T05:59:03,45.64,39.52,6.12
MENRES002977_6,2023-10-04T15:06:54,62.64,56.54,6.1
MENRES002977_10,2023-05-19T13:47:16,112.48,105.76,6.72
MENRES002977_11,2023-08-23T19:33:24,75.92,67.68,8.24
MENRES002978_0,2023-05-20T13:56:53,75.79,71.5,4.29
MENRES002978_1,2023-04-21T06:04:03,22.37,18.19,4.18
MENRES002978_5,2023-12-07T01:22:45,63.19,56.5,6.69
MENRES002978_6,2023-12-13T13:51:27,45.58,39.91,5.67
MENRES002978_12,2023-01-02T02:31:42,25.71,23.61,2.1
MENRES002978_13,2023-07-05T23:34:53,39.88,34.24,5.64
MENRES002979_0,2023-09-30T11:20:17,70.27,61.22,9.05
MENRES002979_2,2023-09-22T13:07:10,45.65,38.59,7.06
MENRES002979_5,2023-04-05T18:29:10,50.68,47.69,2.99
MENRES002979_8,2023-05-07T19:58:04,54.25,49.34,4.91
MENRES002979_9,2023-07-11T01:48:00,67.3,55.24,12.06
MENRES002979_12,2023-02-08T22:47:26,42.99,35.67,7.32
MENRES002979_16,2023-06-03T23:25:52,86.3,79.71,6.59
MENRES002980_3,2023-02-21T19:32:36,102.56,92.87,9.69
MENRES002980_4,2023-11-02T18:40:48,151.74,139.5,12.24
MENRES002980_6,2023-11-14T13:54:42,100.75,81.58,19.17
MENRES002980_7,2023-07-07T10:34:05,102.55,89.41,13.14
MENRES002980_8,2023-04-13T03:28:32,82.33,73.55,8.78
MENRES002980_9,2023-07-20T16:43:04,139.59,124.53,15.06
MENRES002981_2,2023-03-07T11:56:06,103.84,89.91,13.93
MENRES002981_5,2023-06-19T12:12:59,61.23,55.54,5.69
MENRES002981_6,2023-02-10T15:06:05,42.79,39.42,3.37
MENRES002981_13,2023-04-19T03:52:30,53.91,45.4,8.51
MENRES002982_4,2023-07-19T10:21:33,20.67,17.03,3.64
MENRES002982_6,2023-08-18T19:17:33,32.71,30.48,2.23
MENRES002983_0,2023-09-03T08:16:20,45.75,38.49,7.26
MENRES002983_3,2023-06-10T08:56:22,45.52,37.31,8.21
MENRES002983_4,2023-04-06T15:56:07,69.63,56.81,12.82
MENRES002983_11,2023-06-15T09:58:50,51.28,45.71,5.57
MENRES002983_13,2023-10-13T15:35:33,113.91,98.44,15.47
MENRES002984_2,2023-12-09T11:06:12,125.68,102.18,23.5
MENRES002984_3,2023-02-24T23:12:29,104.99,86.81,18.18
MENRES002985_0,2023-07-25T08:47:42,115.05,92.43,22.62
MENRES002985_1,2023-10-26T12:57:37,57.83,54.32,3.51
MENRES002985_9,2023-06-17T20:06:10,68.56,57.4,11.16
MENRES002986_3,2023-03-21T18:23:48,11.0,9.48,1.52
MENRES002986_4,2023-03-18T20:57:18,25.84,24.54,1.3
MENRES002986_7,2023-03-25T13:53:45,27.61,22.27,5.34
MENRES002986_13,2023-12-15T06:41:06,34.76,32.05,2.71
MENRES002986_16,2023-10-20T11:07:04,20.83,19.02,1.81
MENRES002986_19,2023-05-28T04:52:22,15.43,14.09,1.34
MENRES002987_0,2023-08-28T12:25:14,23.54,21.05,2.49
MENRES002988_1,2023-09-17T21:45:35,116.82,107.24,9.58
MENRES002988_5,2023-01-30T04:09:37,25.87,22.21,3.66
MENRES002989_6,2023-03-23T04:37:23,94.02,81.22,12.8
MENRES002990_5,2023-11-12T20:53:12,119.3,109.94,9.36
MENRES002990_7,2023-12-23T20:17:36,33.66,30.96,2.7
MENRES002991_3,2023-07-13T11:15:58,74.39,64.09,10.3
MENRES002991_7,2023-03-25T17:24:48,55.72,49.86,5.86
MENRES002991_8,2023-02-28T11:16:44,66.57,57.98,8.59
MENRES002991_9,2023-06-06T14:12:39,21.57,20.23,1.34
MENRES002991_10,2023-10-14T20:50:15,20.9,17.55,3.35
MENRES002991_11,2023-08-22T03:04:51,30.11,24.77,5.34
MENRES002991_13,2023-12-06T20:48:29,25.11,21.75,3.36
MENRES002992_1,2023-08-15T21:14:53,37.61,34.16,3.45
MENRES002993_3,2023-01-28T15:27:11,78.54,74.13,4.41
MENRES002993_5,2023-03-08T22:46:16,17.46,16.03,1.43
MENRES002993_6,2023-05-31T16:20:17,56.39,46.98,9.41
MENRES002994_0,2023-11-16T20:15:40,27.66,22.73,4.93
MENRES002994_3,2023-02-25T21:26:33,27.1,22.75,4.35
MENRES002994_5,2023-05-03T19:21:14,29.9,26.06,3.84
MENRES002994_7,2023-04-03T10:12:48,6.81,6.19,0.62
MENRES002994_9,2023-10-12T00:22:13,16.57,13.98,2.59
MENRES002994_10,2023-09-15T08:40:38,32.44,27.37,5.07
MENRES002994_14,2023-07-10T03:25:31,34.32,29.33,4.99
MENRES002995_0,2023-12-20T03:58:45,154.04,140.84,13.2
MENRES002995_2,2023-05-27T08:56:58,109.73,100.16,9.57
MENRES002995_3,2023-04-22T13:06:50,157.28,140.9,16.38
MENRES002995_6,2023-07-20T03:51:54,105.83,87.02,18.81
MENRES002995_8,2023-01-09T01:58:54,107.28,100.98,6.3
MENRES002995_9,2023-08-21T18:22:32,27.04,23.75,3.29
MENRES002996_1,2023-06-19T22:37:04,137.83,111.3,26.53
MENRES002996_12,2023-03-03T00:03:24,155.71,147.21,8.5
MENRES002996_17,2023-09-02T23:45:07,146.55,128.12,18.43
MENRES002997_5,2023-06-22T00:18:09,46.9,43.91,2.99
MENRES002997_16,2023-10-26T12:55:23,112.04,102.04,10.0
MENRES002997_18,2023-07-27T12:08:58,104.07,86.06,18.01
MENRES002998_1,2023-10-14T13:21:55,23.79,21.16,2.63
MENRES002999_2,2023-05-18T19:55:03,35.24,29.82,5.42
MENRES002999_6,2023-10-20T18:59:18,48.99,44.47,4.52
MENRES002999_10,2023-05-25T18:32:00,111.64,105.76,5.88
MENRES002999_13,2023-03-12T13:50:26,20.34,16.76,3.58
MENRES002999_18,2023-10-16T05:14:09,107.99,94.06,13.93
MENRES003000_3,2023-04-19T16:51:12,20.35,17.92,2.43
MENRES003000_5,2023-03-08T05:36:12,30.46,24.96,5.5
MENRES003000_7,2023-06-23T09:25:45,8.94,7.58,1.36
MENRES003000_8,2023-03-08T01:10:57,37.32,32.93,4.39
MENRES003000_9,2023-05-23T21:19:52,37.13,33.08,4.05
MENRES003000_11,2023-04-02T09:12:59,19.07,17.81,1.26
MENRES003000_12,2023-11-15T05:38:22,33.35,28.98,4.37
MENRES003001_1,2023-03-30T19:33:13,20.44,18.58,1.86
MENRES003001_2,2023-04-12T06:17:44,55.65,48.57,7.08
MENRES003001_4,2023-04-09T22:18:53,52.95,42.73,10.22
MENRES003001_6,2023-08-26T02:28:13,37.62,33.13,4.49
MENRES003001_13,2023-01-29T17:07:57,39.29,36.83,2.46
MENRES003002_6,2023-02-03T21:12:07,25.29,21.51,3.78
MENRES003002_10,2023-07-24T17:12:15,90.59,75.61,14.98
MENRES003002_11,2023-07-27T03:03:30,38.54,34.5,4.04
MENRES003002_15,2023-02-01T19:24:27,75.31,71.46,3.85
MENRES003002_16,2023-11-12T07:30:43,49.11,42.07,7.04
MENRES003003_0,2023-09-13T20:37:07,20.53,19.05,1.48
MENRES003003_2,2023-03-23T20:12:35,77.9,64.55,13.35
MENRES003003_4,2023-09-26T23:16:53,70.42,62.58,7.84
MENRES003003_12,2023-10-05T18:28:27,15.94,14.4,1.54
MENRES003003_17,2023-10-10T14:42:46,18.13,16.64,1.49
MENRES003004_2,2023-01-23T04:57:00,125.3,101.32,23.98
MENRES003004_6,2023-08-08T15:38:13,98.72,90.13,8.59
MENRES003004_7,2023-01-04T07:55:16,83.91,72.9,11.01
MENRES003004_11,2023-09-21T15:40:57,127.44,117.7,9.74
MENRES003004_13,2023-11-07T11:14:17,69.47,63.62,5.85
MENRES003004_16,2023-12-14T00:15:31,41.03,32.96,8.07
MENRES003004_17,2023-11-30T12:38:06,81.24,73.72,7.52
MENRES003005_3,2023-10-18T12:50:50,41.98,38.96,3.02
MENRES003005_5,2023-08-10T00:50:33,24.87,22.82,2.05
MENRES003005_6,2023-03-31T21:02:01,12.48,10.47,2.01
MENRES003006_2,2023-09-30T01:57:54,32.71,29.28,3.43
MENRES003006_6,2023-02-03T12:38:29,71.13,60.57,10.56
MENRES003007_6,2023-04-11T00:26:32,115.31,103.07,12.24
MENRES003007_7,2023-11-20T20:40:24,81.26,71.11,10.15
MENRES003007_8,2023-10-07T20:13:56,79.62,66.39,13.23
MENRES003007_9,2023-06-26T17:43:29,93.13,74.72,18.41
MENRES003008_3,2023-07-22T16:10:13,15.74,14.53,1.21
MENRES003008_6,2023-08-05T03:54:27,30.1,25.27,4.83
MENRES003009_4,2023-12-08T03:28:29,37.1,31.15,5.95
MENRES003009_6,2023-11-02T02:41:52,51.71,44.62,7.09
MENRES003010_3,2023-05-12T07:35:08,105.11,85.29,19.82
MENRES003011_0,2023-10-20T07:13:22,51.56,44.45,7.11
MENRES003011_3,2023-12-24T09:19:48,44.97,40.49,4.48
MENRES003011_9,2023-07-11T10:45:16,24.91,19.96,4.95
MENRES003012_2,2023-02-23T03:03:09,13.33,12.48,0.85
MENRES003012_7,2023-09-30T01:41:07,23.98,22.52,1.46
MENRES003013_3,2023-05-28T09:12:12,13.14,10.69,2.45
MENRES003013_4,2023-12-17T23:44:19,36.78,34.06,2.72
MENRES003013_9,2023-04-02T09:14:19,33.58,29.14,4.44
MENRES003014_5,2023-09-20T02:47:51,61.73,53.28,8.45
MENRES003014_9,2023-09-20T12:48:25,79.47,64.33,15.14
MENRES003014_15,2023-09-28T23:59:26,53.22,44.35,8.87
MENRES003014_16,2023-02-26T22:37:43,59.71,47.87,11.84
MENRES003014_17,2023-08-24T06:20:48,34.75,30.84,3.91
MENRES003015_4,2023-12-24T11:29:39,35.04,31.27,3.77
MENRES003015_5,2023-02-12T03:40:48,27.21,24.25,2.96
MENRES003016_1,2023-11-21T17:11:12,45.4,39.46,5.94
MENRES003016_3,2023-05-01T05:08:10,30.76,25.1,5.66
MENRES003016_5,2023-09-26T15:03:51,23.89,20.49,3.4
MENRES003016_8,2023-10-07T10:00:31,60.56,49.47,11.09
MENRES003016_9,2023-07-21T22:42:32,41.97,35.35,6.62
MENRES003016_10,2023-10-11T15:07:59,11.2,9.02,2.18
MENRES003016_14,2023-04-02T22:23:47,13.2,12.44,0.76
MENRES003017_3,2023-12-01T10:55:17,34.59,28.01,6.58
MENRES003017_8,2023-05-16T00:50:46,39.4,35.34,4.06
MENRES003017_11,2023-05-30T10:46:33,8.74,7.41,1.33
MENRES003018_0,2023-01-11T10:04:19,45.66,36.66,9.0
MENRES003018_2,2023-02-01T07:29:20,29.71,26.86,2.85
MENRES003018_3,2023-06-24T02:27:03,32.74,26.75,5.99
MENRES003018_4,2023-08-08T10:23:20,83.11,77.64,5.47
MENRES003018_5,2023-10-19T16:45:50,104.13,95.96,8.17
MENRES003018_8,2023-07-03T06:37:01,113.42,102.29,11.13
MENRES003018_14,2023-01-26T23:10:32,41.29,34.96,6.33
MENRES003019_1,2023-06-08T01:29:35,91.45,73.46,17.99
MENRES003019_3,2023-07-18T21:29:23,87.47,72.62,14.85
MENRES003019_4,2023-12-11T08:50:25,36.9,34.96,1.94
MENRES003019_10,2023-06-06T04:51:11,83.6,67.27,16.33
MENRES003019_12,2023-02-21T04:32:55,28.95,23.95,5.0
MENRES003019_14,2023-09-25T06:52:45,81.24,74.71,6.53
MENRES003020_0,2023-04-29T22:59:17,51.21,48.45,2.76
MENRES003020_1,2023-01-13T13:33:27,26.96,25.22,1.74
MENRES003020_5,2023-08-04T21:01:24,21.55,18.29,3.26
MENRES003021_0,2023-06-30T22:26:14,105.2,90.24,14.96
MENRES003021_3,2023-03-16T19:00:16,70.98,67.08,3.9
MENRES003021_4,2023-03-10T20:25:40,137.16,120.3,16.86
MENRES003021_5,2023-06-20T04:23:51,21.39,17.34,4.05
MENRES003021_7,2023-01-12T22:46:54,20.88,19.83,1.05
MENRES003022_0,2023-04-26T04:48:16,36.46,29.25,7.21
MENRES003022_1,2023-01-02T23:50:30,18.13,15.39,2.74
MENRES003022_3,2023-12-28T03:49:12,64.3,60.32,3.98
MENRES003022_4,2023-01-14T20:05:10,25.47,20.86,4.61
MENRES003022_5,2023-08-09T11:54:35,77.81,73.24,4.57
MENRES003022_9,2023-01-02T01:33:32,38.53,33.55,4.98
MENRES003022_13,2023-07-02T11:44:27,49.07,46.14,2.93
MENRES003022_15,2023-05-29T07:45:04,54.31,48.29,6.02
MENRES003023_11,2023-06-20T03:39:59,52.31,43.57,8.74
MENRES003023_12,2023-05-21T21:40:25,21.53,18.35,3.18
MENRES003023_13,2023-06-19T17:14:19,29.66,26.89,2.77
MENRES003023_14,2023-10-31T15:05:49,29.09,23.76,5.33
MENRES003023_17,2023-08-28T08:31:21,27.43,23.48,3.95
MENRES003024_1,2023-05-10T23:17:55,59.77,54.81,4.96
MENRES003024_7,2023-11-24T07:23:08,15.63,13.47,2.16
MENRES003024_8,2023-05-14T07:44:25,55.48,49.89,5.59
MENRES003025_0,2023-07-06T01:17:01,96.76,82.29,14.47
MENRES003025_1,2023-02-18T14:00:41,85.71,76.34,9.37
MENRES003025_4,2023-07-13T08:55:13,26.38,21.56,4.82
MENRES003025_6,2023-11-12T20:19:21,117.94,96.51,21.43
MENRES003025_7,2023-01-08T01:46:10,83.17,69.74,13.43
MENRES003025_11,2023-04-29T10:21:20,58.48,48.2,10.28
MENRES003025_12,2023-12-26T05:55:49,60.59,50.46,10.13
MENRES003025_15,2023-12-23T01:02:25,82.21,67.07,15.14
MENRES003026_1,2023-08-03T11:40:09,17.38,14.71,2.67
MENRES003026_6,2023-06-04T15:05:20,5.39,4.45,0.94
MENRES003027_5,2023-08-03T17:18:36,119.37,110.82,8.55
MENRES003028_1,2023-04-26T03:15:30,20.67,17.01,3.66
MENRES003028_5,2023-07-04T12:37:08,96.47,88.69,7.78
MENRES003028_6,2023-01-16T04:00:28,156.73,127.88,28.85
MENRES003028_8,2023-02-23T19:18:15,47.76,45.04,2.72
MENRES003028_9,2023-12-12T10:13:46,125.71,101.3,24.41
MENRES003028_10,2023-06-27T22:31:39,22.33,18.12,4.21
MENRES003028_13,2023-03-02T07:58:29,38.09,35.13,2.96
MENRES003029_0,2023-04-27T11:53:26,39.49,35.09,4.4
MENRES003029_3,2023-07-20T20:11:03,19.67,16.1,3.57
MENRES003029_6,2023-05-24T19:09:41,39.12,34.34,4.78
MENRES003029_7,2023-10-23T02:09:25,18.28,15.15,3.13
MENRES003030_0,2023-04-24T19:55:25,31.29,29.73,1.56
MENRES003030_1,2023-03-23T18:02:39,39.89,35.25,4.64
MENRES003030_2,2023-10-02T00:04:34,96.77,84.47,12.3
MENRES003031_6,2023-10-26T12:03:28,31.34,29.54,1.8
MENRES003031_7,2023-11-19T11:55:03,14.0,11.44,2.56
MENRES003032_1,2023-06-24T02:21:40,126.11,118.47,7.64
MENRES003032_7,2023-09-13T11:32:19,132.98,113.59,19.39
MENRES003032_9,2023-02-27T14:36:16,84.33,76.92,7.41
MENRES003032_13,2023-03-25T14:52:03,83.5,78.04,5.46
MENRES003032_14,2023-03-24T03:02:41,103.51,91.23,12.28
MENRES003033_1,2023-09-02T03:07:31,33.86,27.98,5.88
MENRES003034_0,2023-06-09T04:17:18,18.41,17.32,1.09
MENRES003034_6,2023-07-17T05:08:59,31.1,26.36,4.74
MENRES003034_9,2023-10-02T08:08:37,32.81,31.09,1.72
MENRES003035_1,2023-06-06T19:37:08,20.5,18.89,1.61
MENRES003035_5,2023-10-05T08:09:21,65.54,59.67,5.87
MENRES003035_8,2023-10-21T13:34:45,70.95,66.24,4.71
MENRES003035_11,2023-06-21T10:43:03,30.51,26.6,3.91
MENRES003036_2,2023-01-15T21:33:12,44.53,37.27,7.26
MENRES003036_3,2023-07-19T18:20:13,122.52,105.87,16.65
MENRES003036_5,2023-12-27T23:45:25,48.0,41.53,6.47
MENRES003037_5,2023-09-21T13:05:18,32.88,30.0,2.88
MENRES003038_2,2023-08-22T04:04:07,15.02,12.44,2.58
MENRES003038_7,2023-03-11T06:30:40,5.75,4.65,1.1
MENRES003038_8,2023-06-11T07:01:00,7.99,6.45,1.54
MENRES003038_15,2023-09-08T09:37:41,26.06,21.82,4.24
MENRES003039_0,2023-10-21T17:43:26,11.42,10.7,0.72
MENRES003039_9,2023-03-06T17:57:43,11.9,9.99,1.91
MENRES003039_14,2023-12-13T21:19:35,14.96,12.56,2.4
MENRES003040_3,2023-05-20T07:49:04,8.48,7.61,0.87
MENRES003040_5,2023-07-13T04:19:32,7.16,6.01,1.15
MENRES003040_7,2023-01-08T18:42:00,23.24,18.69,4.55
MENRES003040_8,2023-09-12T15:32:14,27.46,26.01,1.45
MENRES003040_9,2023-04-28T04:37:25,38.18,34.67,3.51
MENRES003040_14,2023-06-11T01:30:42,25.99,24.5,1.49
MENRES003041_1,2023-02-18T03:30:25,138.1,113.74,24.36
MENRES003041_2,2023-08-27T17:17:59,119.5,102.46,17.04
MENRES003041_8,2023-12-22T10:15:28,117.07,94.82,22.25
MENRES003041_11,2023-05-01T03:44:05,54.55,45.38,9.17
MENRES003041_12,2023-03-02T15:34:42,28.02,25.75,2.27
MENRES003041_14,2023-09-26T07:21:38,75.07,70.85,4.22
MENRES003041_15,2023-08-05T07:33:42,80.25,72.31,7.94
MENRES003042_1,2023-01-09T12:13:15,21.18,19.69,1.49
MENRES003043_1,2023-09-28T02:04:36,98.71,89.61,9.1
MENRES003043_2,2023-01-07T13:25:15,39.17,36.1,3.07
MENRES003043_9,2023-03-28T20:56:28,143.93,132.62,11.31
MENRES003044_3,2023-01-25T08:24:19,54.49,47.94,6.55
MENRES003044_4,2023-12-11T16:35:53,30.24,27.38,2.86
MENRES003045_2,2023-01-07T04:20:27,25.55,21.11,4.44
MENRES003045_3,2023-07-13T04:44:22,7.79,6.45,1.34
MENRES003045_4,2023-09-26T17:42:37,18.54,15.59,2.95
MENRES003045_8,2023-09-03T05:17:46,32.08,27.03,5.05
MENRES003045_10,2023-03-21T12:32:13,20.23,18.05,2.18
MENRES003045_11,2023-03-09T13:59:27,29.5,26.58,2.92
MENRES003045_13,2023-04-29T07:53:21,12.12,9.83,2.29
MENRES003045_14,2023-03-25T14:07:32,33.06,27.07,5.99
MENRES003045_16,2023-04-25T05:22:45,11.89,10.83,1.06
MENRES003046_0,2023-03-25T06:42:27,61.53,58.05,3.48
MENRES003046_7,2023-09-04T10:33:53,48.61,43.19,5.42
MENRES003046_9,2023-12-30T02:36:46,45.8,43.16,2.64
MENRES003048_0,2023-10-17T18:19:18,63.05,51.05,12.0
MENRES003049_0,2023-03-21T15:21:00,116.92,95.25,21.67
MENRES003049_1,2023-01-05T02:38:59,65.78,53.57,12.21
MENRES003049_3,2023-11-03T06:22:57,56.29,47.38,8.91
MENRES003049_10,2023-11-12T16:20:14,28.39,25.57,2.82
MENRES003049_11,2023-09-22T18:24:19,157.06,143.32,13.74
MENRES003050_2,2023-04-01T23:03:53,101.23,81.65,19.58
MENRES003050_6,2023-10-21T09:46:16,26.82,24.56,2.26
MENRES003050_7,2023-07-17T05:41:17,76.51,65.06,11.45
MENRES003050_10,2023-12-16T00:49:52,22.93,20.29,2.64
MENRES003050_13,2023-02-02T09:42:52,158.1,133.13,24.97
MENRES003050_15,2023-06-26T21:10:03,153.65,137.56,16.09
MENRES003051_4,2023-04-20T19:44:52,35.84,28.98,6.86
MENRES003051_5,2023-12-28T10:10:09,33.54,30.75,2.79
MENRES003051_6,2023-03-09T12:29:51,37.27,31.4,5.87
MENRES003052_0,2023-04-08T09:00:56,118.79,95.61,23.18
MENRES003052_3,2023-01-22T00:09:57,138.22,118.52,19.7
MENRES003052_7,2023-06-02T10:43:02,46.68,41.26,5.42
MENRES003053_1,2023-06-15T04:53:05,19.24,16.9,2.34
MENRES003053_4,2023-08-04T05:30:41,51.64,46.54,5.1
MENRES003053_5,2023-04-15T13:30:04,36.11,31.44,4.67
MENRES003053_11,2023-02-23T15:15:18,14.94,13.5,1.44
MENRES003054_0,2023-10-21T10:48:52,72.56,67.19,5.37
MENRES003054_2,2023-04-10T03:00:52,29.03,24.69,4.34
MENRES003054_4,2023-09-06T15:40:17,15.45,12.6,2.85
MENRES003054_9,2023-08-21T19:03:47,94.59,88.56,6.03
MENRES003054_14,2023-06-02T03:29:02,71.98,65.64,6.34
MENRES003054_15,2023-03-25T06:19:05,40.66,36.47,4.19
MENRES003054_17,2023-08-03T16:44:16,62.17,51.1,11.07
MENRES003055_3,2023-02-26T06:11:00,118.16,109.48,8.68
MENRES003055_5,2023-10-03T01:33:05,122.07,112.35,9.72
MENRES003055_10,2023-12-22T16:19:15,92.52,86.22,6.3
MENRES003056_2,2023-09-09T14:04:57,17.02,14.41,2.61
MENRES003057_8,2023-09-24T08:45:12,87.61,82.52,5.09
MENRES003058_3,2023-02-25T12:42:34,23.26,21.49,1.77
MENRES003059_2,2023-01-04T09:30:29,43.03,34.68,8.35
MENRES003059_5,2023-02-20T20:28:26,110.81,91.0,19.81
MENRES003059_7,2023-11-23T12:21:16,54.71,45.95,8.76
MENRES003060_0,2023-03-14T10:27:59,19.03,16.83,2.2
MENRES003060_9,2023-02-01T01:26:44,27.61,25.3,2.31
MENRES003060_12,2023-04-13T15:36:09,30.99,27.21,3.78
MENRES003061_2,2023-08-09T08:16:56,76.97,67.34,9.63
MENRES003061_5,2023-07-18T06:02:14,40.87,34.1,6.77
MENRES003062_1,2023-01-16T12:23:12,69.17,56.28,12.89
MENRES003062_3,2023-04-18T04:48:35,137.01,117.95,19.06
MENRES003062_9,2023-03-10T01:01:57,64.92,60.65,4.27
MENRES003062_10,2023-07-16T20:16:52,88.35,73.16,15.19
MENRES003062_11,2023-07-30T09:54:47,59.44,53.67,5.77
MENRES003062_12,2023-11-12T22:04:34,87.77,81.24,6.53
MENRES003062_14,2023-03-20T14:29:44,113.81,93.65,20.16
MENRES003062_19,2023-05-21T05:16:34,115.69,101.05,14.64
MENRES003063_1,2023-07-20T21:30:20,41.78,38.61,3.17
MENRES003063_2,2023-12-26T01:15:52,42.57,39.15,3.42
MENRES003063_3,2023-10-18T18:44:25,37.59,31.77,5.82
MENRES003063_15,2023-12-21T18:15:03,78.92,67.08,11.84
MENRES003064_1,2023-05-02T18:11:27,82.72,68.61,14.11
MENRES003064_3,2023-06-22T01:19:46,105.33,85.82,19.51
MENRES003064_4,2023-08-12T03:22:14,121.73,98.32,23.41
MENRES003065_12,2023-04-28T09:56:47,16.36,13.82,2.54
MENRES003066_4,2023-09-04T14:35:21,80.49,75.88,4.61
MENRES003067_4,2023-05-28T01:51:57,31.69,29.37,2.32
MENRES003068_1,2023-12-16T23:10:00,115.89,99.87,16.02
MENRES003068_2,2023-05-25T19:53:46,54.85,45.91,8.94
MENRES003068_4,2023-08-07T12:44:25,47.68,41.66,6.02
MENRES003068_5,2023-07-12T14:46:05,115.54,99.52,16.02
MENRES003068_6,2023-11-23T23:53:07,17.27,14.82,2.45
MENRES003068_9,2023-03-27T01:42:57,26.56,22.13,4.43
MENRES003068_11,2023-01-05T09:22:17,17.38,14.48,2.9
MENRES003069_0,2023-08-09T19:00:15,6.23,5.17,1.06
MENRES003069_3,2023-01-16T19:20:53,11.48,10.15,1.33
MENRES003069_5,2023-05-09T06:56:54,33.12,27.36,5.76
MENRES003069_9,2023-11-12T17:34:30,23.21,20.87,2.34
MENRES003070_0,2023-04-29T02:55:24,151.33,138.46,12.87
MENRES003070_1,2023-05-15T05:03:18,96.38,84.66,11.72
MENRES003070_2,2023-06-01T07:05:19,36.58,29.63,6.95
MENRES003070_8,2023-08-16T03:10:22,120.82,113.18,7.64
MENRES003070_16,2023-06-22T08:14:27,83.0,70.48,12.52
MENRES003071_1,2023-12-13T18:01:20,37.5,32.58,4.92
MENRES003071_10,2023-01-23T16:15:06,35.55,32.52,3.03
MENRES003071_13,2023-11-20T07:17:34,31.65,27.26,4.39
MENRES003072_1,2023-03-12T08:20:46,20.67,16.59,4.08
MENRES003072_3,2023-05-15T23:43:51,99.25,86.42,12.83
MENRES003072_6,2023-11-12T19:25:46,56.19,53.37,2.82
MENRES003072_8,2023-03-02T19:28:38,33.28,29.37,3.91
MENRES003072_11,2023-12-29T21:41:48,73.1,60.73,12.37
MENRES003072_14,2023-04-30T14:03:34,66.65,54.68,11.97
MENRES003073_0,2023-04-26T05:28:38,29.75,28.11,1.64
MENRES003073_2,2023-04-26T09:39:48,23.8,20.15,3.65
MENRES003074_6,2023-01-27T09:13:53,97.45,83.03,14.42
MENRES003074_9,2023-10-17T03:13:39,103.83,84.33,19.5
MENRES003075_3,2023-07-21T18:58:25,63.48,59.35,4.13
MENRES003076_1,2023-04-03T02:58:58,94.59,76.02,18.57
MENRES003076_3,2023-10-19T09:39:06,97.3,79.32,17.98
MENRES003076_4,2023-07-15T03:11:39,106.46,97.46,9.0
MENRES003076_7,2023-10-31T03:06:48,77.49,70.53,6.96
MENRES003076_13,2023-02-27T14:57:45,56.42,45.76,10.66
MENRES003076_19,2023-02-27T13:23:52,109.89,91.49,18.4
MENRES003077_2,2023-10-08T23:29:09,28.29,25.02,3.27
MENRES003077_8,2023-04-21T22:53:43,33.29,26.7,6.59
MENRES003077_9,2023-06-26T16:52:03,90.67,77.24,13.43
MENRES003077_16,2023-11-27T13:05:40,118.0,103.88,14.12
MENRES003078_0,2023-07-29T16:13:05,25.91,23.45,2.46
MENRES003078_5,2023-04-03T03:15:51,69.89,61.4,8.49
MENRES003078_6,2023-07-04T12:04:04,59.56,50.94,8.62
MENRES003078_8,2023-01-09T06:38:50,23.32,21.78,1.54
MENRES003078_9,2023-09-18T03:46:04,44.36,40.82,3.54
MENRES003078_11,2023-04-17T18:24:24,49.21,45.22,3.99
MENRES003078_12,2023-01-23T05:12:41,26.09,24.78,1.31
MENRES003078_14,2023-08-09T13:06:35,74.91,62.41,12.5
MENRES003079_5,2023-02-18T19:44:56,84.34,78.77,5.57
MENRES003079_6,2023-09-15T06:48:58,21.96,19.76,2.2
MENRES003079_7,2023-11-26T09:01:14,51.93,42.15,9.78
MENRES003080_1,2023-09-14T10:08:15,46.6,39.05,7.55
MENRES003080_3,2023-07-23T18:20:33,75.63,62.76,12.87
MENRES003080_5,2023-12-30T18:00:02,27.68,25.65,2.03
MENRES003080_8,2023-07-10T19:36:48,35.79,29.93,5.86
MENRES003080_9,2023-08-27T21:37:51,33.67,28.63,5.04
MENRES003080_16,2023-10-20T18:23:11,86.54,74.19,12.35
MENRES003081_0,2023-12-20T11:59:27,23.58,19.22,4.36
MENRES003081_6,2023-01-14T13:07:20,16.42,14.97,1.45
MENRES003081_7,2023-03-02T19:50:12,15.03,13.34,1.69
MENRES003081_11,2023-12-19T20:03:40,23.68,21.56,2.12
MENRES003081_12,2023-10-14T08:45:51,8.15,7.32,0.83
MENRES003082_6,2023-12-19T17:32:33,19.24,15.47,3.77
MENRES003082_8,2023-06-16T17:10:56,32.66,29.54,3.12
MENRES003082_17,2023-02-14T07:02:00,8.43,7.33,1.1
MENRES003082_19,2023-04-08T12:17:36,29.69,24.44,5.25
MENRES003083_4,2023-05-09T00:22:01,120.0,96.92,23.08
MENRES003083_5,2023-12-12T08:07:04,68.66,55.21,13.45
MENRES003083_6,2023-07-16T09:31:10,34.44,30.42,4.02
MENRES003083_10,2023-03-29T13:47:47,67.9,59.72,8.18
MENRES003083_12,2023-04-18T00:26:45,33.43,29.6,3.83
MENRES003084_0,2023-07-21T12:21:40,74.27,60.9,13.37
MENRES003084_6,2023-07-10T13:54:57,35.23,30.56,4.67
MENRES003084_8,2023-12-07T09:21:09,71.48,65.92,5.56
MENRES003084_10,2023-05-07T10:56:35,77.33,73.26,4.07
MENRES003084_15,2023-11-22T23:52:37,99.51,88.55,10.96
MENRES003085_0,2023-06-16T03:10:24,12.94,11.03,1.91
MENRES003085_4,2023-04-21T15:15:07,33.28,30.83,2.45
MENRES003086_2,2023-06-16T04:59:23,13.11,11.63,1.48
MENRES003086_5,2023-10-25T21:57:53,28.25,26.18,2.07
MENRES003086_6,2023-01-29T06:48:16,66.71,58.86,7.85
MENRES003086_7,2023-09-11T16:40:08,66.53,62.06,4.47
MENRES003086_11,2023-05-01T02:17:24,48.46,44.95,3.51
MENRES003086_12,2023-12-01T18:48:34,19.7,18.05,1.65
MENRES003086_15,2023-07-15T14:19:30,34.9,31.85,3.05
MENRES003087_0,2023-06-01T11:34:06,17.82,14.91,2.91
MENRES003087_8,2023-10-27T14:06:24,15.74,14.94,0.8
MENRES003087_9,2023-05-21T06:07:28,15.4,13.09,2.31
MENRES003087_10,2023-05-31T01:58:56,14.54,13.32,1.22
MENRES003087_14,2023-12-04T20:35:14,25.04,23.5,1.54
MENRES003087_15,2023-10-29T13:17:25,11.85,9.71,2.14
MENRES003087_16,2023-09-29T11:13:27,23.73,19.81,3.92
MENRES003088_2,2023-11-07T00:57:22,22.56,20.99,1.57
MENRES003088_3,2023-05-02T07:23:09,39.95,36.19,3.76
MENRES003090_0,2023-12-27T20:31:23,77.89,63.26,14.63
MENRES003090_2,2023-04-22T20:46:39,90.46,74.95,15.51
MENRES003090_4,2023-04-19T10:29:01,103.7,94.83,8.87
MENRES003090_5,2023-08-28T00:20:12,19.95,17.58,2.37
MENRES003090_6,2023-07-23T03:10:27,27.11,24.04,3.07
MENRES003091_0,2023-05-22T00:15:21,14.15,12.7,1.45
MENRES003091_3,2023-06-11T18:28:24,11.99,9.97,2.02
MENRES003091_4,2023-10-01T16:17:14,31.54,28.62,2.92
MENRES003091_6,2023-09-07T21:26:39,25.66,23.25,2.41
MENRES003091_9,2023-10-05T11:09:27,17.21,16.12,1.09
MENRES003091_10,2023-03-26T11:13:27,13.68,11.8,1.88
MENRES003092_2,2023-03-04T16:05:42,110.72,94.69,16.03
MENRES003092_9,2023-02-08T14:36:29,111.62,103.92,7.7
MENRES003092_10,2023-09-04T19:01:32,28.06,25.76,2.3
MENRES003092_15,2023-07-08T22:47:48,52.04,46.62,5.42
MENRES003092_16,2023-03-12T09:09:51,86.47,76.59,9.88
MENRES003093_6,2023-05-15T15:10:06,56.86,51.57,5.29
MENRES003094_0,2023-05-02T00:26:27,94.57,76.39,18.18
MENRES003094_1,2023-09-01T02:25:02,87.52,79.64,7.88
MENRES003094_3,2023-08-03T20:48:09,17.92,15.4,2.52
MENRES003094_5,2023-08-10T21:52:43,83.4,76.35,7.05
MENRES003095_2,2023-10-12T05:58:32,38.54,32.81,5.73
MENRES003095_5,2023-01-10T00:08:06,9.47,7.92,1.55
MENRES003095_6,2023-09-21T18:52:06,7.49,6.28,1.21
MENRES003096_0,2023-02-04T01:17:07,97.63,82.0,15.63
MENRES003096_1,2023-06-25T17:39:34,60.05,48.74,11.31
MENRES003096_5,2023-09-05T12:13:13,147.44,135.57,11.87
MENRES003096_6,2023-03-23T13:32:44,73.85,69.18,4.67
MENRES003096_8,2023-12-03T08:50:47,127.78,102.74,25.04
MENRES003098_4,2023-12-28T01:31:26,18.96,16.86,2.1
MENRES003098_5,2023-10-02T02:10:00,31.67,27.27,4.4
MENRES003098_7,2023-01-28T03:22:10,12.68,11.5,1.18
MENRES003098_9,2023-09-01T14:03:34,24.64,22.54,2.1
MENRES003098_11,2023-10-10T06:52:25,30.98,24.89,6.09
MENRES003098_12,2023-11-16T03:49:24,26.37,22.51,3.86
MENRES003099_3,2023-04-17T13:24:04,13.27,12.46,0.81
MENRES003099_6,2023-07-28T22:32:13,23.68,20.69,2.99
MENRES003099_9,2023-03-23T21:18:03,8.0,6.68,1.32
MENRES003099_11,2023-10-04T10:45:34,26.23,24.8,1.43
MENRES003100_0,2023-05-06T19:43:40,38.58,36.37,2.21
MENRES003100_2,2023-01-20T11:11:12,34.09,27.99,6.1
MENRES003100_6,2023-10-10T14:46:45,22.67,19.55,3.12
MENRES003100_8,2023-10-23T19:28:07,24.87,20.33,4.54
MENRES003100_9,2023-10-11T05:56:10,6.03,5.08,0.95
MENRES003100_12,2023-07-12T22:20:24,20.02,18.34,1.68
MENRES003100_14,2023-12-22T19:30:06,9.06,8.15,0.91
MENRES003100_16,2023-10-08T13:09:27,16.34,15.34,1.0
MENRES003100_18,2023-01-16T11:37:00,13.36,11.96,1.4
MENRES003101_6,2023-07-24T20:06:07,99.46,84.03,15.43
MENRES003102_1,2023-08-20T20:20:13,26.67,22.14,4.53
MENRES003102_6,2023-01-02T05:39:26,26.26,23.6,2.66
MENRES003102_12,2023-01-25T15:55:34,30.22,26.76,3.46
MENRES003102_14,2023-02-09T03:12:40,26.48,24.43,2.05
MENRES003103_3,2023-02-21T22:40:02,21.26,17.99,3.27
MENRES003103_4,2023-02-01T11:24:12,37.45,33.9,3.55
MENRES003103_8,2023-09-20T17:12:44,9.46,7.59,1.87
MENRES003103_11,2023-08-18T10:56:37,5.64,5.33,0.31
MENRES003103_13,2023-09-13T13:51:05,26.37,21.71,4.66
MENRES003104_1,2023-10-11T23:56:23,154.42,133.33,21.09
MENRES003104_8,2023-07-26T18:23:02,26.14,22.87,3.27
MENRES003105_2,2023-02-05T14:41:08,120.18,96.63,23.55
MENRES003106_0,2023-12-02T14:45:58,98.03,88.31,9.72
MENRES003107_1,2023-08-31T20:36:46,21.31,17.18,4.13
MENRES003107_5,2023-06-20T20:36:42,5.67,4.73,0.94
MENRES003107_6,2023-04-17T15:25:49,23.3,19.16,4.14
MENRES003107_8,2023-11-09T22:05:17,27.41,22.68,4.73
MENRES003107_11,2023-12-06T15:40:32,32.44,30.48,1.96
MENRES003107_15,2023-01-17T07:38:23,31.61,27.79,3.82
MENRES003108_0,2023-10-07T17:17:47,72.89,62.66,10.23
MENRES003108_1,2023-12-24T15:59:03,78.02,71.15,6.87
MENRES003108_2,2023-08-26T12:11:58,90.41,77.72,12.69
MENRES003108_8,2023-10-23T17:40:30,119.66,101.28,18.38
MENRES003109_2,2023-10-27T12:13:42,105.54,95.24,10.3
MENRES003109_4,2023-02-03T11:34:20,22.53,18.82,3.71
MENRES003109_5,2023-11-25T11:36:50,85.51,69.08,16.43
MENRES003109_6,2023-03-10T05:13:30,118.65,106.53,12.12
MENRES003109_10,2023-09-01T00:39:06,93.42,88.38,5.04
MENRES003110_0,2023-09-07T04:28:24,25.15,23.29,1.86
MENRES003110_1,2023-05-15T12:21:43,35.69,29.67,6.02
MENRES003110_3,2023-11-10T11:40:45,35.21,31.45,3.76
MENRES003111_0,2023-04-23T12:19:35,40.92,32.77,8.15
MENRES003111_1,2023-04-08T10:48:35,74.73,68.28,6.45
MENRES003111_2,2023-09-09T20:52:26,57.28,53.07,4.21
MENRES003111_4,2023-08-20T19:47:52,73.03,68.67,4.36
MENRES003112_0,2023-08-20T13:20:11,61.7,53.97,7.73
MENRES003112_1,2023-04-21T19:58:42,46.44,41.89,4.55
MENRES003112_3,2023-04-18T10:11:08,39.32,34.86,4.46
MENRES003113_0,2023-11-11T04:15:44,62.83,51.22,11.61
MENRES003113_2,2023-02-15T16:15:04,100.33,90.79,9.54
MENRES003113_4,2023-06-15T02:10:26,97.83,81.66,16.17
MENRES003113_6,2023-05-23T09:35:09,116.88,102.61,14.27
MENRES003114_0,2023-11-17T05:25:16,110.03,92.23,17.8
MENRES003114_7,2023-03-04T10:48:14,46.03,41.16,4.87
MENRES003114_8,2023-11-20T18:20:48,104.88,89.74,15.14
MENRES003114_11,2023-08-19T16:57:29,40.3,33.42,6.88
MENRES003115_4,2023-05-16T12:12:49,48.71,42.58,6.13
MENRES003115_5,2023-12-07T20:00:35,61.24,53.98,7.26
MENRES003115_6,2023-12-27T12:46:22,55.06,46.8,8.26
MENRES003115_7,2023-08-02T05:48:33,12.98,11.2,1.78
MENRES003117_6,2023-12-04T11:30:51,115.92,103.23,12.69
MENRES003117_14,2023-04-08T21:46:31,71.08,57.36,13.72
MENRES003117_16,2023-11-07T23:00:23,106.22,95.45,10.77
MENRES003117_17,2023-04-23T23:59:19,64.53,60.08,4.45
MENRES003117_18,2023-10-20T06:15:05,44.64,38.96,5.68
MENRES003118_2,2023-05-12T10:20:22,48.14,45.55,2.59
MENRES003119_1,2023-11-23T02:00:12,38.08,31.12,6.96
MENRES003119_3,2023-12-15T02:56:38,55.72,52.91,2.81
MENRES003119_5,2023-09-20T03:23:59,44.0,35.99,8.01
MENRES003119_6,2023-12-11T17:23:42,17.01,13.81,3.2
MENRES003120_1,2023-08-04T00:37:46,60.34,53.36,6.98
MENRES003120_3,2023-02-22T18:47:32,27.67,22.65,5.02
MENRES003120_6,2023-12-05T11:49:29,13.37,11.47,1.9
MENRES003121_0,2023-02-09T11:06:48,45.27,39.24,6.03
MENRES003121_6,2023-07-20T20:31:41,82.48,71.61,10.87
MENRES003121_9,2023-05-12T21:41:30,38.54,34.93,3.61
MENRES003121_12,2023-09-24T15:49:56,91.41,74.19,17.22
MENRES003121_19,2023-11-10T04:39:55,105.82,96.2,9.62
MENRES003122_2,2023-01-18T19:18:42,28.4,26.12,2.28
MENRES003122_3,2023-03-06T23:17:50,8.33,7.8,0.53
MENRES003123_0,2023-05-01T18:49:45,70.83,64.09,6.74
MENRES003123_1,2023-09-25T10:43:51,18.62,15.53,3.09
MENRES003124_7,2023-06-09T10:27:45,77.42,66.11,11.31
MENRES003124_8,2023-07-06T20:52:56,78.38,73.77,4.61
MENRES003125_1,2023-07-15T00:41:26,149.3,139.99,9.31
MENRES003125_4,2023-11-06T05:18:01,155.7,132.98,22.72
MENRES003125_6,2023-03-04T21:37:16,154.64,135.62,19.02
MENRES003125_7,2023-01-24T11:11:04,147.12,138.79,8.33
MENRES003125_17,2023-12-21T13:49:42,90.13,78.92,11.21
MENRES003126_0,2023-11-05T11:51:35,63.87,54.76,9.11
MENRES003126_2,2023-09-17T06:30:34,26.58,24.3,2.28
MENRES003126_3,2023-01-18T14:05:35,48.63,42.85,5.78
MENRES003127_0,2023-07-05T21:54:15,6.94,6.33,0.61
MENRES003127_5,2023-02-27T03:50:04,28.39,25.74,2.65
MENRES003127_14,2023-12-23T10:58:03,31.83,27.71,4.12
MENRES003129_1,2023-07-11T23:22:13,21.77,17.54,4.23
MENRES003129_2,2023-12-28T22:10:44,8.96,7.55,1.41
MENRES003129_4,2023-04-04T07:11:53,38.09,34.28,3.81
MENRES003129_5,2023-04-10T01:04:02,31.16,27.07,4.09
MENRES003130_0,2023-11-14T03:00:36,75.75,65.63,10.12
MENRES003130_2,2023-06-27T19:01:19,41.68,33.93,7.75
MENRES003130_3,2023-12-26T06:22:03,70.29,64.23,6.06
MENRES003130_6,2023-04-21T12:15:52,29.1,26.83,2.27
MENRES003130_8,2023-10-16T09:28:56,76.27,63.56,12.71
MENRES003130_9,2023-07-03T02:53:09,46.02,39.97,6.05
MENRES003130_11,2023-08-21T02:30:09,29.94,24.56,5.38
MENRES003130_13,2023-01-02T16:04:48,32.0,28.73,3.27
MENRES003131_1,2023-09-13T18:24:00,14.39,12.27,2.12
MENRES003131_2,2023-07-29T12:54:53,57.85,53.41,4.44
MENRES003131_9,2023-12-20T09:26:22,37.39,30.35,7.04
MENRES003131_10,2023-12-22T00:41:39,35.35,32.55,2.8
MENRES003131_11,2023-10-10T22:38:52,23.66,19.15,4.51
MENRES003132_0,2023-03-01T13:25:08,136.19,125.45,10.74
MENRES003132_4,2023-08-17T16:40:18,131.15,110.0,21.15
MENRES003133_3,2023-02-08T22:14:37,116.29,94.6,21.69
MENRES003133_5,2023-05-04T21:19:14,67.39,62.58,4.81
MENRES003133_6,2023-07-27T05:07:17,115.13,103.63,11.5
MENRES003133_12,2023-02-13T23:41:03,43.1,37.32,5.78
MENRES003133_13,2023-05-09T17:57:26,55.43,45.71,9.72
MENRES003133_17,2023-04-30T15:23:55,20.57,17.87,2.7
MENRES003134_5,2023-04-28T12:53:51,51.18,44.0,7.18
MENRES003135_4,2023-09-23T10:22:39,59.04,49.97,9.07
MENRES003136_7,2023-01-25T10:12:16,33.16,28.12,5.04
MENRES003136_11,2023-08-21T09:22:15,76.05,65.05,11.0
MENRES003137_5,2023-07-08T16:56:40,56.47,46.69,9.78
MENRES003137_6,2023-10-25T11:21:35,58.4,52.1,6.3
MENRES003137_13,2023-06-30T03:12:35,134.35,111.93,22.42
MENRES003137_17,2023-09-14T06:35:58,49.04,41.96,7.08
MENRES003138_3,2023-02-12T08:19:05,26.14,22.76,3.38
MENRES003138_4,2023-09-12T12:16:44,52.72,46.3,6.42
MENRES003139_1,2023-09-16T12:26:40,26.2,22.99,3.21
MENRES003140_1,2023-02-25T23:35:12,30.78,28.55,2.23
MENRES003140_2,2023-05-27T08:55:25,33.19,30.31,2.88
MENRES003140_5,2023-03-15T10:35:30,30.4,27.3,3.1
MENRES003140_11,2023-02-21T00:06:14,6.78,6.06,0.72
MENRES003140_16,2023-12-20T01:18:10,17.72,15.55,2.17
MENRES003140_17,2023-01-23T12:46:47,11.04,8.88,2.16
MENRES003141_1,2023-10-31T06:09:12,25.67,24.08,1.59
MENRES003141_4,2023-05-12T11:16:50,25.18,20.46,4.72
MENRES003142_0,2023-09-28T17:36:49,76.66,70.31,6.35
MENRES003142_1,2023-10-29T10:34:06,49.05,42.19,6.86
MENRES003143_1,2023-02-13T14:28:06,109.51,90.42,19.09
MENRES003143_7,2023-02-12T20:23:58,33.39,31.69,1.7
MENRES003143_12,2023-04-13T01:12:04,31.76,30.08,1.68
MENRES003144_2,2023-06-13T22:53:36,23.05,18.46,4.59
MENRES003144_4,2023-05-07T17:11:21,19.47,15.91,3.56
MENRES003144_6,2023-06-08T13:04:29,27.23,23.67,3.56
MENRES003144_8,2023-12-14T14:06:38,36.61,34.31,2.3
MENRES003145_7,2023-09-26T12:52:52,19.21,17.11,2.1
MENRES003146_0,2023-04-22T16:58:17,51.44,43.97,7.47
MENRES003146_2,2023-03-10T15:26:39,97.76,80.55,17.21
MENRES003146_4,2023-05-20T05:31:00,98.57,81.86,16.71
MENRES003147_0,2023-08-13T12:58:07,35.27,28.22,7.05
MENRES003147_9,2023-02-16T20:45:30,27.02,24.91,2.11
MENRES003147_13,2023-11-23T16:41:57,8.47,7.08,1.39
MENRES003147_14,2023-02-25T17:47:12,25.09,20.94,4.15
MENRES003147_17,2023-03-07T19:07:40,12.15,11.32,0.83
MENRES003148_0,2023-04-17T08:54:06,27.22,23.3,3.92
MENRES003149_7,2023-09-21T03:33:34,157.17,134.71,22.46
MENRES003149_8,2023-09-04T05:49:07,100.54,86.54,14.0
MENRES003149_11,2023-03-28T23:28:22,42.15,34.17,7.98
MENRES003149_12,2023-12-23T07:37:01,24.46,20.13,4.33
MENRES003150_0,2023-03-30T21:53:07,70.9,60.11,10.79
MENRES003151_2,2023-03-25T00:52:26,32.47,28.12,4.35
MENRES003151_4,2023-05-15T11:22:17,110.25,94.81,15.44
MENRES003151_6,2023-03-26T01:50:24,114.41,92.15,22.26
MENRES003151_7,2023-09-26T02:17:41,112.0,100.89,11.11
MENRES003151_13,2023-11-04T20:55:20,85.35,78.12,7.23
MENRES003152_0,2023-08-02T19:23:14,41.94,39.34,2.6
MENRES003152_3,2023-06-11T13:16:27,73.44,64.75,8.69
MENRES003153_0,2023-06-03T07:09:28,10.58,9.45,1.13
MENRES003153_1,2023-09-15T20:28:36,9.3,8.03,1.27
MENRES003153_2,2023-02-18T22:08:51,23.36,18.8,4.56
MENRES003153_4,2023-06-15T01:04:57,38.91,34.58,4.33
MENRES003153_5,2023-12-06T18:23:25,22.44,18.59,3.85
MENRES003154_3,2023-04-29T20:04:16,72.19,65.07,7.12
MENRES003154_5,2023-07-19T16:43:05,153.68,138.48,15.2
MENRES003154_6,2023-06-27T02:16:28,129.73,115.82,13.91
MENRES003155_0,2023-11-23T10:03:21,131.51,114.89,16.62
MENRES003155_2,2023-02-23T04:00:03,50.83,46.02,4.81
MENRES003155_3,2023-10-14T14:50:10,50.38,46.75,3.63
MENRES003155_5,2023-05-18T08:35:44,109.73,102.75,6.98
MENRES003155_10,2023-07-13T08:41:19,64.8,55.09,9.71
MENRES003155_12,2023-05-01T17:38:47,102.84,96.77,6.07
MENRES003156_3,2023-05-02T09:37:43,25.98,23.34,2.64
MENRES003156_6,2023-02-25T15:18:24,13.78,12.76,1.02
MENRES003156_7,2023-11-12T05:47:03,38.83,34.08,4.75
MENRES003156_12,2023-01-11T02:58:47,12.72,10.73,1.99
MENRES003156_15,2023-01-23T17:49:30,29.25,25.19,4.06
MENRES003156_18,2023-03-06T23:03:38,37.48,30.04,7.44
MENRES003157_2,2023-05-05T11:54:30,72.35,66.59,5.76
MENRES003157_5,2023-05-12T09:49:03,78.91,74.83,4.08
MENRES003157_7,2023-01-23T17:37:08,71.97,62.81,9.16
MENRES003158_4,2023-01-12T23:46:02,52.39,42.17,10.22
MENRES003158_5,2023-01-10T15:16:18,28.3,24.98,3.32
MENRES003159_0,2023-11-19T22:16:21,16.98,14.64,2.34
MENRES003159_6,2023-11-19T01:46:29,6.34,5.98,0.36
MENRES003159_7,2023-07-15T06:58:46,10.07,9.35,0.72
MENRES003159_9,2023-05-29T19:12:08,34.9,29.36,5.54
MENRES003159_11,2023-02-11T07:22:23,6.95,6.1,0.85
MENRES003160_1,2023-09-28T17:42:51,38.15,33.32,4.83
MENRES003160_5,2023-10-17T10:03:44,15.56,14.78,0.78
MENRES003160_7,2023-12-30T07:54:12,26.14,23.5,2.64
MENRES003160_8,2023-10-16T10:08:19,18.37,14.72,3.65
MENRES003160_10,2023-02-23T22:01:21,23.3,20.33,2.97
MENRES003160_11,2023-01-24T13:06:07,32.62,30.12,2.5
MENRES003160_15,2023-05-10T19:52:54,35.26,28.51,6.75
MENRES003160_17,2023-04-05T16:31:41,11.8,9.46,2.34
MENRES003161_0,2023-09-28T13:01:45,46.14,39.32,6.82
MENRES003161_3,2023-05-11T01:06:19,36.75,34.77,1.98
MENRES003161_4,2023-08-29T08:13:13,45.51,42.96,2.55
MENRES003161_6,2023-11-18T09:07:24,35.39,28.57,6.82
MENRES003161_13,2023-07-08T17:15:22,12.28,10.99,1.29
MENRES003161_17,2023-02-04T19:14:16,43.77,36.73,7.04
MENRES003162_0,2023-06-06T02:01:50,116.85,106.14,10.71
MENRES003162_3,2023-01-28T04:21:21,85.48,71.68,13.8
MENRES003163_1,2023-10-13T12:25:00,91.78,84.15,7.63
MENRES003163_5,2023-06-20T22:40:04,63.61,55.61,8.0
MENRES003163_9,2023-08-22T18:18:57,67.47,54.76,12.71
MENRES003164_1,2023-04-17T16:21:06,20.78,17.64,3.14
MENRES003164_4,2023-06-22T00:56:59,21.03,18.89,2.14
MENRES003164_7,2023-06-08T08:00:16,25.01,23.09,1.92
MENRES003164_15,2023-04-18T20:07:59,21.43,18.55,2.88
MENRES003165_0,2023-01-24T11:35:36,39.87,37.3,2.57
MENRES003165_1,2023-05-15T07:45:21,22.49,20.65,1.84
MENRES003165_6,2023-12-29T14:03:46,11.33,10.24,1.09
MENRES003165_8,2023-02-15T17:17:07,8.91,7.94,0.97
MENRES003165_9,2023-08-20T01:32:26,24.95,20.68,4.27
MENRES003166_1,2023-04-07T21:57:07,42.02,37.85,4.17
MENRES003166_4,2023-10-05T14:13:55,93.19,76.58,16.61
MENRES003166_5,2023-02-21T02:38:46,84.9,73.15,11.75
MENRES003166_8,2023-12-27T05:06:00,96.45,78.7,17.75
MENRES003167_1,2023-03-09T23:54:16,159.81,130.92,28.89
MENRES003167_4,2023-06-29T05:20:40,55.41,48.65,6.76
MENRES003167_8,2023-03-15T16:25:58,88.56,81.97,6.59
MENRES003167_11,2023-10-01T22:36:31,87.77,79.27,8.5
MENRES003167_15,2023-07-02T09:13:07,100.68,87.14,13.54
MENRES003167_16,2023-02-04T15:08:08,89.98,83.83,6.15
MENRES003168_1,2023-05-15T09:28:07,17.27,14.31,2.96
MENRES003168_4,2023-04-16T13:03:55,82.34,68.94,13.4
MENRES003168_5,2023-11-25T03:35:29,113.42,100.0,13.42
MENRES003169_2,2023-10-31T03:28:13,77.69,69.99,7.7
MENRES003169_4,2023-01-24T20:11:32,16.02,12.89,3.13
MENRES003170_0,2023-11-19T13:35:44,153.92,137.98,15.94
MENRES003170_2,2023-01-02T11:18:11,83.05,77.68,5.37
MENRES003170_5,2023-09-25T09:00:06,39.14,33.93,5.21
MENRES003170_6,2023-12-15T11:35:11,107.41,88.56,18.85
MENRES003171_3,2023-01-13T16:05:35,119.83,113.42,6.41
MENRES003171_5,2023-01-30T21:30:40,47.06,38.6,8.46
MENRES003171_8,2023-04-18T05:53:47,93.64,83.75,9.89
MENRES003172_0,2023-07-25T19:13:39,16.58,15.64,0.94
MENRES003172_1,2023-09-15T07:20:38,38.7,35.59,3.11
MENRES003172_2,2023-04-05T12:46:54,23.18,19.14,4.04
MENRES003172_11,2023-12-23T02:45:19,31.21,27.3,3.91
MENRES003172_15,2023-10-13T17:47:36,26.9,23.14,3.76
MENRES003173_1,2023-12-13T08:45:23,87.18,70.01,17.17
MENRES003173_7,2023-04-20T20:34:10,27.15,23.9,3.25
MENRES003173_9,2023-10-21T21:22:41,139.38,123.07,16.31
MENRES003173_10,2023-06-19T21:36:12,26.25,22.95,3.3
MENRES003174_1,2023-07-17T12:38:26,36.02,31.15,4.87
MENRES003174_4,2023-06-05T23:54:01,19.5,17.71,1.79
MENRES003174_6,2023-02-16T15:23:07,21.97,17.94,4.03
MENRES003174_7,2023-05-10T23:54:29,18.07,15.18,2.89
MENRES003174_9,2023-11-13T02:21:07,7.49,6.8,0.69
MENRES003174_10,2023-07-21T08:09:37,38.98,36.27,2.71
MENRES003174_12,2023-03-29T04:18:43,30.98,27.86,3.12
MENRES003174_17,2023-12-02T12:08:53,8.63,7.13,1.5
MENRES003174_18,2023-09-05T09:56:34,8.03,6.61,1.42
MENRES003174_19,2023-07-04T14:00:31,27.51,24.84,2.67
MENRES003175_0,2023-12-09T20:53:35,19.65,18.66,0.99
MENRES003175_3,2023-11-18T03:26:27,16.41,14.18,2.23
MENRES003175_4,2023-01-22T03:03:28,51.19,45.07,6.12
MENRES003175_6,2023-05-21T18:02:02,34.5,28.17,6.33
MENRES003175_8,2023-10-04T05:11:27,105.64,86.61,19.03
MENRES003176_0,2023-08-16T01:15:32,38.63,34.85,3.78
MENRES003176_6,2023-08-11T04:10:17,56.52,47.96,8.56
MENRES003176_12,2023-08-16T12:33:50,75.95,71.45,4.5
MENRES003177_2,2023-04-24T18:07:43,113.41,98.34,15.07
MENRES003177_5,2023-07-22T16:44:43,111.72,99.96,11.76
MENRES003178_1,2023-06-30T20:05:59,20.1,17.98,2.12
MENRES003178_2,2023-05-08T08:00:21,28.68,26.95,1.73
MENRES003179_1,2023-07-26T01:11:27,13.66,12.72,0.94
MENRES003179_2,2023-11-09T08:07:36,16.46,13.27,3.19
MENRES003179_3,2023-05-27T00:30:44,28.49,26.08,2.41
MENRES003179_4,2023-07-22T16:03:29,29.95,27.74,2.21
MENRES003179_6,2023-01-03T10:40:29,8.87,7.67,1.2
MENRES003180_3,2023-09-18T16:26:53,73.27,64.35,8.92
MENRES003180_4,2023-01-10T22:33:02,83.67,77.31,6.36
MENRES003180_8,2023-04-08T01:39:30,26.94,24.5,2.44
MENRES003180_10,2023-09-27T05:51:15,15.83,14.09,1.74
MENRES003180_13,2023-10-05T07:21:49,106.46,96.52,9.94
MENRES003181_0,2023-10-14T19:36:13,65.8,58.72,7.08
MENRES003181_5,2023-03-19T17:06:05,48.97,42.96,6.01
MENRES003181_6,2023-04-28T05:27:04,63.95,57.29,6.66
MENRES003181_10,2023-05-18T04:03:13,101.21,82.53,18.68
MENRES003182_6,2023-03-23T14:46:37,14.62,12.32,2.3
MENRES003182_9,2023-07-19T09:36:23,17.06,14.12,2.94
MENRES003182_12,2023-10-14T12:33:16,8.2,6.93,1.27
MENRES003182_14,2023-07-17T02:22:03,26.86,23.49,3.37
MENRES003182_18,2023-07-07T17:39:07,30.48,24.49,5.99
MENRES003183_2,2023-11-30T04:36:21,128.48,104.22,24.26
MENRES003183_3,2023-12-26T22:55:39,125.48,115.36,10.12
MENRES003183_5,2023-06-06T22:00:08,48.07,44.85,3.22
MENRES003183_7,2023-09-16T12:07:45,25.56,22.84,2.72
MENRES003183_12,2023-01-28T08:24:28,144.38,125.0,19.38
MENRES003183_14,2023-10-08T11:35:10,87.15,78.44,8.71
MENRES003184_0,2023-10-20T10:59:06,28.31,25.71,2.6
MENRES003184_3,2023-10-15T11:57:36,18.81,17.35,1.46
MENRES003184_4,2023-06-23T14:19:43,5.99,4.91,1.08
MENRES003184_5,2023-07-17T00:12:07,34.02,30.12,3.9
MENRES003184_7,2023-12-01T11:49:00,15.22,14.19,1.03
MENRES003184_11,2023-11-28T03:34:57,37.9,31.42,6.48
MENRES003184_14,2023-08-13T06:56:18,30.35,25.4,4.95
MENRES003186_0,2023-05-13T07:27:40,46.55,38.68,7.87
MENRES003186_1,2023-10-29T20:32:27,77.84,68.86,8.98
MENRES003186_3,2023-10-08T08:39:31,62.94,55.08,7.86
MENRES003186_5,2023-03-05T20:41:07,49.35,42.37,6.98
MENRES003186_6,2023-04-06T09:24:51,140.08,130.67,9.41
MENRES003186_7,2023-03-01T11:03:46,127.11,115.17,11.94
MENRES003186_12,2023-10-02T11:46:35,30.13,24.52,5.61
MENRES003186_15,2023-09-23T16:09:12,88.72,79.61,9.11
MENRES003186_16,2023-11-12T17:27:39,156.81,140.19,16.62
MENRES003187_1,2023-09-29T10:49:15,13.64,11.14,2.5
MENRES003187_2,2023-12-17T18:14:08,6.94,6.58,0.36
MENRES003187_6,2023-03-25T08:09:39,15.37,13.23,2.14
MENRES003187_7,2023-01-18T15:10:12,32.5,27.85,4.65
MENRES003187_8,2023-02-23T02:30:36,11.77,9.49,2.28
MENRES003187_10,2023-12-11T14:03:16,19.14,17.76,1.38
MENRES003187_13,2023-08-21T22:01:04,9.32,7.71,1.61
MENRES003188_0,2023-01-28T00:45:36,19.04,16.66,2.38
MENRES003188_2,2023-03-21T17:12:42,67.08,55.08,12.0
MENRES003188_4,2023-05-18T07:33:40,10.26,8.58,1.68
MENRES003188_5,2023-10-15T18:15:11,44.41,40.71,3.7
MENRES003188_6,2023-12-13T21:55:50,79.63,74.87,4.76
MENRES003188_7,2023-01-25T19:36:51,18.39,16.48,1.91
MENRES003188_8,2023-08-03T10:02:13,30.91,26.13,4.78
MENRES003188_12,2023-11-08T08:47:49,56.87,52.3,4.57
MENRES003189_2,2023-07-20T17:01:57,94.09,83.33,10.76
MENRES003189_4,2023-06-12T02:10:16,158.97,147.89,11.08
MENRES003189_7,2023-12-20T02:44:03,144.53,129.1,15.43
MENRES003189_9,2023-12-01T14:21:31,66.3,61.23,5.07
MENRES003190_2,2023-12-21T18:18:00,32.89,29.02,3.87
MENRES003190_8,2023-03-31T09:03:13,59.45,55.09,4.36
MENRES003190_10,2023-11-15T06:33:52,44.25,39.27,4.98
MENRES003190_11,2023-12-01T04:00:17,11.63,9.5,2.13
MENRES003191_0,2023-09-16T07:09:18,130.92,113.87,17.05
MENRES003191_3,2023-03-06T14:51:39,38.27,33.83,4.44
MENRES003191_5,2023-06-14T12:26:03,67.54,62.4,5.14
MENRES003191_7,2023-05-06T18:07:15,90.65,76.16,14.49
MENRES003191_10,2023-12-24T01:13:08,147.88,138.36,9.52
MENRES003191_12,2023-10-21T09:59:51,52.94,46.98,5.96
MENRES003191_13,2023-02-21T07:55:28,48.31,39.16,9.15
MENRES003191_16,2023-06-05T04:39:30,33.91,29.2,4.71
MENRES003191_17,2023-04-10T23:52:24,34.04,29.77,4.27
MENRES003192_3,2023-06-28T03:29:40,73.13,67.54,5.59
MENRES003192_4,2023-12-10T03:54:25,115.79,93.15,22.64
MENRES003193_3,2023-07-21T22:29:20,37.52,31.64,5.88
MENRES003193_8,2023-11-28T22:48:04,62.05,54.06,7.99
MENRES003193_14,2023-05-28T17:05:08,15.87,13.11,2.76
MENRES003193_15,2023-09-12T10:40:07,104.32,85.91,18.41
MENRES003194_1,2023-03-19T23:05:44,87.36,81.37,5.99
MENRES003194_4,2023-11-06T14:15:30,99.49,86.74,12.75
MENRES003194_8,2023-10-24T12:34:42,103.76,95.54,8.22
MENRES003194_9,2023-05-31T20:11:58,93.27,86.22,7.05
MENRES003195_0,2023-02-08T22:41:41,33.21,28.61,4.6
MENRES003195_1,2023-08-04T22:11:29,94.5,81.62,12.88
MENRES003195_2,2023-03-18T15:52:52,90.63,78.43,12.2
MENRES003195_4,2023-08-15T17:55:14,77.75,70.47,7.28
MENRES003196_0,2023-02-14T02:07:10,85.37,71.32,14.05
MENRES003196_2,2023-05-20T13:30:05,100.05,94.88,5.17
MENRES003196_6,2023-04-28T01:14:30,48.28,45.48,2.8
MENRES003197_1,2023-12-30T05:26:49,42.12,34.64,7.48
MENRES003197_2,2023-03-24T02:56:59,60.73,50.58,10.15
MENRES003197_4,2023-11-10T12:28:15,53.03,48.45,4.58
MENRES003197_8,2023-06-04T12:46:42,33.56,27.7,5.86
MENRES003197_11,2023-11-25T22:27:57,33.3,29.82,3.48
MENRES003198_1,2023-02-18T00:15:44,13.33,11.65,1.68
MENRES003198_2,2023-05-05T18:00:23,27.79,26.37,1.42
MENRES003198_3,2023-11-05T21:10:58,56.78,48.98,7.8
MENRES003198_4,2023-01-29T02:05:25,66.1,61.64,4.46
MENRES003198_6,2023-03-20T04:35:52,77.45,69.89,7.56
MENRES003199_1,2023-03-12T19:23:46,78.86,71.21,7.65
MENRES003199_4,2023-12-14T01:26:25,99.91,93.85,6.06
MENRES003200_1,2023-09-09T06:18:13,38.9,33.04,5.86
MENRES003200_3,2023-03-17T01:27:18,85.39,81.01,4.38
MENRES003200_4,2023-06-08T04:57:23,133.82,110.67,23.15
MENRES003200_6,2023-03-31T15:07:42,142.0,126.05,15.95
MENRES003200_8,2023-04-21T23:20:38,125.99,112.62,13.37
MENRES003201_0,2023-05-25T23:31:16,61.7,50.28,11.42
MENRES003201_1,2023-02-18T23:13:57,28.76,25.77,2.99
MENRES003202_1,2023-10-09T11:50:02,36.2,29.92,6.28
MENRES003202_3,2023-02-24T14:05:55,33.99,31.02,2.97
MENRES003202_10,2023-08-29T15:12:35,13.61,12.73,0.88
MENRES003203_0,2023-04-09T03:42:22,109.28,101.85,7.43
MENRES003203_2,2023-03-08T13:24:48,152.47,142.02,10.45
MENRES003203_3,2023-07-25T14:43:42,64.5,58.5,6.0
MENRES003203_6,2023-11-25T14:23:59,135.75,123.76,11.99
MENRES003204_1,2023-10-17T07:59:30,34.96,28.49,6.47
MENRES003204_2,2023-01-25T13:45:41,16.33,13.23,3.1
MENRES003204_3,2023-07-02T00:43:12,37.94,33.16,4.78
MENRES003204_5,2023-10-18T13:00:25,7.52,6.32,1.2
MENRES003204_7,2023-06-23T23:47:52,9.63,8.74,0.89
MENRES003204_10,2023-04-17T21:07:51,15.26,12.32,2.94
MENRES003204_12,2023-11-18T13:22:55,18.79,17.38,1.41
MENRES003204_16,2023-08-29T19:24:46,36.48,30.49,5.99
MENRES003205_7,2023-04-29T21:29:20,156.01,146.48,9.53
MENRES003205_8,2023-10-08T14:36:12,50.41,42.07,8.34
MENRES003205_9,2023-02-02T05:07:48,56.84,53.03,3.81
MENRES003205_10,2023-11-15T10:52:23,135.55,119.9,15.65
MENRES003206_2,2023-09-14T16:53:42,83.4,77.72,5.68
MENRES003206_4,2023-12-30T03:19:01,62.88,51.82,11.06
MENRES003206_7,2023-03-25T17:26:21,88.69,73.29,15.4
MENRES003206_10,2023-12-10T20:45:09,66.48,60.04,6.44
MENRES003206_11,2023-04-06T14:09:25,99.35,85.04,14.31
MENRES003206_12,2023-06-18T04:05:23,69.76,63.35,6.41
MENRES003206_14,2023-05-16T14:47:01,102.45,85.84,16.61
MENRES003206_15,2023-08-04T23:10:47,21.05,17.8,3.25
MENRES003207_6,2023-12-27T15:13:02,20.47,18.17,2.3
MENRES003207_9,2023-09-14T20:12:31,38.93,31.85,7.08
MENRES003207_10,2023-07-03T08:02:14,25.64,21.57,4.07
MENRES003208_1,2023-12-24T01:51:07,71.36,65.16,6.2
MENRES003208_6,2023-04-12T05:55:27,55.5,50.03,5.47
MENRES003209_3,2023-03-19T18:03:49,17.28,15.95,1.33
MENRES003209_6,2023-09-08T04:20:10,19.34,17.04,2.3
MENRES003210_0,2023-01-28T04:59:43,37.24,33.0,4.24
MENRES003210_3,2023-08-22T20:38:59,19.17,15.87,3.3
MENRES003210_10,2023-04-02T04:24:12,101.01,83.37,17.64
MENRES003210_16,2023-06-07T12:45:24,27.67,23.23,4.44
MENRES003211_0,2023-08-07T02:03:28,37.4,31.01,6.39
MENRES003211_3,2023-07-10T07:51:58,35.7,30.49,5.21
MENRES003211_9,2023-07-21T17:40:00,21.94,18.6,3.34
MENRES003211_11,2023-11-08T20:43:44,8.23,7.08,1.15
MENRES003211_15,2023-10-15T21:45:14,30.75,25.96,4.79
MENRES003212_0,2023-12-20T01:08:43,26.95,24.01,2.94
MENRES003212_3,2023-10-27T13:46:47,119.97,98.73,21.24
MENRES003213_0,2023-02-27T03:24:32,33.25,29.04,4.21
MENRES003213_5,2023-02-01T07:31:58,10.57,9.27,1.3
MENRES003213_7,2023-09-18T01:00:57,22.19,20.09,2.1
MENRES003214_1,2023-02-07T21:11:17,41.97,34.76,7.21
MENRES003214_2,2023-12-13T01:50:57,100.18,85.87,14.31
MENRES003214_3,2023-10-30T16:21:37,69.75,62.91,6.84
MENRES003214_4,2023-06-25T13:14:02,33.81,27.87,5.94
MENRES003214_6,2023-08-10T17:05:17,129.03,105.99,23.04
MENRES003215_2,2023-03-11T10:34:12,74.79,62.04,12.75
MENRES003215_3,2023-07-20T11:36:13,78.72,66.26,12.46
MENRES003215_6,2023-02-26T23:29:27,12.44,10.73,1.71
MENRES003215_13,2023-08-04T02:54:17,49.07,43.18,5.89
MENRES003215_16,2023-04-07T09:33:10,75.02,67.67,7.35
MENRES003216_0,2023-02-22T07:57:19,51.68,44.42,7.26
MENRES003216_2,2023-02-02T20:25:11,111.59,101.58,10.01
MENRES003216_7,2023-05-22T20:10:31,46.15,37.11,9.04
MENRES003216_10,2023-01-08T11:51:04,75.24,60.52,14.72
MENRES003216_11,2023-11-19T22:50:21,117.38,101.59,15.79
MENRES003216_12,2023-05-09T20:21:05,117.06,100.22,16.84
MENRES003217_1,2023-09-10T05:04:51,114.37,102.36,12.01
MENRES003217_5,2023-07-12T09:43:55,96.56,81.14,15.42
MENRES003217_10,2023-10-24T06:39:42,28.59,25.75,2.84
MENRES003218_0,2023-02-14T12:12:24,63.11,52.02,11.09
MENRES003218_3,2023-04-02T18:20:10,36.81,32.03,4.78
MENRES003218_7,2023-11-07T12:41:20,43.37,39.26,4.11
MENRES003218_10,2023-10-13T01:12:47,116.66,103.02,13.64
MENRES003218_12,2023-08-21T01:16:25,114.81,97.42,17.39
MENRES003219_2,2023-12-01T05:04:07,44.66,40.58,4.08
MENRES003219_9,2023-08-29T20:52:09,56.74,46.61,10.13
MENRES003219_13,2023-06-17T16:05:12,69.08,65.21,3.87
MENRES003220_3,2023-09-01T16:01:20,58.69,53.04,5.65
MENRES003220_5,2023-08-11T00:32:55,150.69,134.33,16.36
MENRES003220_7,2023-11-11T19:11:31,33.73,29.16,4.57
MENRES003220_9,2023-11-27T05:00:29,159.66,137.75,21.91
MENRES003221_3,2023-01-27T23:23:39,53.11,47.33,5.78
MENRES003221_10,2023-02-23T17:10:44,18.63,14.99,3.64
MENRES003222_5,2023-12-02T19:20:38,6.42,6.01,0.41
MENRES003223_0,2023-02-18T09:17:23,22.46,18.35,4.11
MENRES003223_1,2023-01-10T06:04:57,59.94,55.41,4.53
MENRES003223_2,2023-08-17T16:23:42,52.53,42.09,10.44
MENRES003223_11,2023-07-15T17:28:44,27.65,24.48,3.17
MENRES003223_16,2023-12-20T11:40:43,61.21,58.07,3.14
MENRES003223_19,2023-05-14T16:24:40,36.43,31.82,4.61
MENRES003224_1,2023-03-22T03:28:21,30.14,26.81,3.33
MENRES003224_7,2023-03-21T09:20:01,33.62,29.1,4.52
MENRES003224_8,2023-02-06T10:51:34,147.05,123.46,23.59
MENRES003224_12,2023-06-25T19:18:19,44.01,36.91,7.1
MENRES003224_15,2023-01-01T16:33:23,107.95,86.65,21.3
MENRES003224_16,2023-02-02T04:51:10,58.63,48.53,10.1
MENRES003224_19,2023-09-09T16:00:03,145.39,118.53,26.86
MENRES003225_2,2023-03-24T20:19:24,52.44,43.4,9.04
MENRES003225_3,2023-02-12T03:12:22,17.31,13.89,3.42
MENRES003225_7,2023-09-08T00:06:27,43.01,37.49,5.52
MENRES003225_10,2023-02-11T00:02:06,65.21,55.47,9.74
MENRES003226_5,2023-12-12T20:30:51,21.64,20.52,1.12
MENRES003226_12,2023-08-23T13:52:20,6.74,5.55,1.19
MENRES003227_0,2023-11-20T11:22:50,46.19,40.89,5.3
MENRES003227_5,2023-07-11T14:30:17,60.16,54.24,5.92
MENRES003227_12,2023-03-24T06:42:40,32.49,27.69,4.8
MENRES003227_16,2023-12-07T04:34:59,63.08,59.53,3.55
MENRES003227_18,2023-06-03T03:15:58,41.75,36.01,5.74
MENRES003227_19,2023-05-01T19:22:45,37.61,32.98,4.63
MENRES003228_3,2023-02-17T14:52:12,107.6,89.2,18.4
MENRES003228_4,2023-03-19T01:21:51,56.65,51.91,4.74
MENRES003228_5,2023-08-30T16:44:39,39.15,35.93,3.22
MENRES003229_2,2023-04-03T07:59:38,63.27,55.92,7.35
MENRES003229_3,2023-09-29T19:08:59,15.9,13.79,2.11
MENRES003229_4,2023-09-24T02:14:46,20.47,19.06,1.41
MENRES003229_5,2023-04-15T01:10:45,53.55,45.84,7.71
MENRES003230_0,2023-03-07T21:08:54,151.13,130.58,20.55
MENRES003230_1,2023-03-29T11:22:37,49.61,42.27,7.34
MENRES003230_5,2023-05-14T22:48:10,80.62,68.5,12.12
MENRES003230_12,2023-02-01T05:32:09,144.37,123.71,20.66
MENRES003231_0,2023-10-09T03:21:29,66.59,61.89,4.7
MENRES003231_1,2023-04-24T18:54:09,88.98,83.91,5.07
MENRES003231_2,2023-11-13T23:19:22,108.39,102.67,5.72
MENRES003231_5,2023-06-26T00:59:26,94.69,88.44,6.25
MENRES003232_0,2023-02-04T18:25:11,36.69,30.81,5.88
MENRES003232_1,2023-05-08T03:24:00,21.81,18.24,3.57
MENRES003232_3,2023-06-25T14:25:32,15.5,14.35,1.15
MENRES003232_4,2023-02-18T03:11:23,7.33,6.54,0.79
MENRES003232_6,2023-07-24T09:20:28,32.23,29.33,2.9
MENRES003233_0,2023-12-25T01:02:08,56.51,48.72,7.79
MENRES003233_2,2023-07-23T19:11:58,52.1,47.77,4.33
MENRES003233_4,2023-10-23T04:35:44,91.35,80.82,10.53
MENRES003233_6,2023-09-09T06:13:01,92.99,85.02,7.97
MENRES003233_7,2023-08-27T16:33:33,102.87,90.31,12.56
MENRES003233_10,2023-11-21T08:34:40,117.77,107.82,9.95
MENRES003233_11,2023-03-18T02:10:05,42.31,37.1,5.21
MENRES003234_2,2023-10-12T05:33:15,146.59,135.53,11.06
MENRES003234_3,2023-01-12T13:03:44,37.85,35.31,2.54
MENRES003235_1,2023-09-05T02:42:52,39.88,34.94,4.94
MENRES003235_2,2023-11-10T04:01:19,33.46,30.06,3.4
MENRES003236_0,2023-10-15T02:27:39,37.75,30.95,6.8
MENRES003236_2,2023-01-15T14:26:35,37.71,34.77,2.94
MENRES003236_4,2023-06-12T16:57:32,30.4,27.23,3.17
MENRES003236_8,2023-08-20T07:16:28,30.85,25.17,5.68
MENRES003236_10,2023-11-24T22:36:10,24.94,22.07,2.87
MENRES003236_13,2023-05-14T12:44:00,35.62,32.35,3.27
MENRES003236_16,2023-01-30T01:59:17,7.2,5.85,1.35
MENRES003237_0,2023-07-21T05:09:47,24.52,21.61,2.91
MENRES003237_2,2023-03-21T21:00:19,98.53,93.54,4.99
MENRES003237_3,2023-04-08T09:28:20,83.94,75.47,8.47
MENRES003237_4,2023-04-30T01:57:44,50.05,43.75,6.3
MENRES003237_6,2023-08-04T21:35:11,70.73,64.93,5.8
MENRES003237_8,2023-04-17T04:22:21,39.74,33.68,6.06
MENRES003237_9,2023-04-24T12:40:02,18.11,16.13,1.98
MENRES003237_14,2023-11-13T09:31:08,19.09,16.7,2.39
MENRES003237_15,2023-02-15T23:22:56,66.63,54.91,11.72
MENRES003238_0,2023-11-24T10:55:49,17.78,16.54,1.24
MENRES003238_1,2023-03-24T20:05:33,48.35,40.03,8.32
MENRES003238_4,2023-11-17T08:48:10,50.32,47.47,2.85
MENRES003238_6,2023-02-13T12:54:46,45.46,39.05,6.41
MENRES003238_18,2023-10-13T13:18:54,15.48,14.19,1.29
MENRES003239_4,2023-07-27T09:01:47,114.22,93.94,20.28
MENRES003239_5,2023-04-01T16:05:02,20.97,19.08,1.89
MENRES003239_7,2023-09-23T20:35:39,105.83,95.23,10.6
MENRES003239_10,2023-08-10T09:56:35,54.34,44.02,10.32
MENRES003240_0,2023-06-17T04:34:03,50.71,46.29,4.42
MENRES003240_5,2023-06-29T04:58:01,61.92,54.52,7.4
MENRES003240_6,2023-10-25T01:38:35,40.04,32.46,7.58
MENRES003240_10,2023-02-20T23:29:36,13.57,10.97,2.6
MENRES003240_15,2023-05-09T14:00:35,70.59,64.45,6.14
MENRES003241_10,2023-08-19T02:50:48,59.84,49.08,10.76
MENRES003241_13,2023-10-21T04:09:08,55.81,44.86,10.95
MENRES003242_0,2023-05-27T13:15:53,19.68,17.08,2.6
MENRES003243_6,2023-03-08T22:46:49,24.23,19.68,4.55
MENRES003243_8,2023-12-03T06:42:03,74.81,66.86,7.95
MENRES003243_9,2023-06-24T20:17:03,49.73,42.09,7.64
MENRES003243_12,2023-10-13T09:37:55,70.58,66.41,4.17
MENRES003243_13,2023-03-30T05:32:11,118.36,111.19,7.17
MENRES003244_1,2023-06-03T22:07:19,120.85,102.59,18.26
MENRES003244_2,2023-06-08T04:28:46,71.75,61.96,9.79
MENRES003244_11,2023-06-15T11:22:09,93.31,77.73,15.58
MENRES003244_12,2023-08-24T23:43:13,24.07,19.91,4.16
MENRES003244_14,2023-12-16T05:13:49,111.29,93.03,18.26
MENRES003244_16,2023-11-15T03:50:31,59.47,55.87,3.6
MENRES003244_17,2023-09-27T12:27:44,33.7,29.75,3.95
MENRES003245_0,2023-02-24T18:47:04,39.11,36.98,2.13
MENRES003245_3,2023-02-17T10:35:22,38.75,33.82,4.93
MENRES003245_4,2023-06-30T19:27:51,13.24,11.98,1.26
MENRES003245_6,2023-06-22T13:26:37,22.84,21.01,1.83
MENRES003246_2,2023-07-05T04:53:21,94.83,82.68,12.15
MENRES003246_5,2023-06-24T12:29:03,107.17,91.99,15.18
MENRES003246_8,2023-12-07T22:37:02,78.51,64.7,13.81
MENRES003246_9,2023-01-26T15:46:04,86.91,79.91,7.0
MENRES003246_15,2023-09-17T02:15:19,15.62,13.8,1.82
MENRES003246_19,2023-10-10T14:41:52,98.6,85.43,13.17
MENRES003247_3,2023-12-07T12:45:06,60.48,51.42,9.06
MENRES003247_9,2023-02-10T12:15:07,33.19,28.82,4.37
MENRES003247_12,2023-02-14T12:48:34,23.42,21.34,2.08
MENRES003247_13,2023-08-29T15:09:42,20.09,16.94,3.15
MENRES003248_0,2023-07-31T13:52:17,88.84,77.93,10.91
MENRES003248_3,2023-09-10T19:03:39,50.31,45.6,4.71
MENRES003248_6,2023-05-07T03:19:37,84.5,68.54,15.96
MENRES003249_1,2023-09-30T08:57:13,36.42,29.22,7.2
MENRES003249_2,2023-07-15T15:49:05,29.92,27.53,2.39
MENRES003249_6,2023-01-27T15:54:28,25.58,20.95,4.63
MENRES003249_7,2023-04-19T10:16:43,36.31,29.75,6.56
MENRES003249_8,2023-04-02T14:49:21,9.2,8.39,0.81
MENRES003249_10,2023-12-28T20:55:47,34.24,31.3,2.94
MENRES003249_11,2023-03-06T00:06:09,22.83,19.88,2.95
MENRES003249_18,2023-02-14T04:11:41,21.99,20.63,1.36
MENRES003250_0,2023-12-02T16:49:22,81.85,69.46,12.39
MENRES003251_6,2023-04-07T02:35:36,16.48,13.53,2.95
MENRES003251_9,2023-09-27T02:57:27,13.15,12.14,1.01
MENRES003251_10,2023-09-26T16:26:26,6.71,6.25,0.46
MENRES003252_6,2023-04-04T21:38:03,66.96,53.6,13.36
MENRES003252_7,2023-06-29T17:40:52,26.24,21.48,4.76
MENRES003252_8,2023-10-06T04:35:06,40.11,33.09,7.02
MENRES003252_9,2023-01-29T12:25:36,31.98,29.34,2.64
MENRES003252_10,2023-12-27T08:33:44,26.02,23.13,2.89
MENRES003253_2,2023-08-04T02:36:24,17.68,14.45,3.23
MENRES003253_8,2023-04-10T11:38:34,15.72,13.74,1.98
MENRES003253_9,2023-11-29T13:25:04,11.29,10.5,0.79
MENRES003253_12,2023-07-02T16:20:34,6.67,5.74,0.93
MENRES003253_18,2023-06-29T11:34:37,28.17,25.74,2.43
MENRES003254_1,2023-06-05T18:22:13,155.67,143.02,12.65
MENRES003254_5,2023-12-04T16:45:11,75.54,61.93,13.61
MENRES003254_13,2023-09-20T22:54:29,55.72,48.15,7.57
MENRES003254_14,2023-09-08T18:23:54,88.21,78.74,9.47
MENRES003254_15,2023-06-02T02:29:53,133.09,108.7,24.39
MENRES003255_0,2023-02-08T23:01:41,97.31,78.47,18.84
MENRES003255_2,2023-12-10T02:19:19,101.36,92.13,9.23
MENRES003255_4,2023-01-19T17:19:51,111.51,105.67,5.84
MENRES003255_6,2023-02-13T20:31:47,92.75,79.11,13.64
MENRES003255_10,2023-09-18T13:37:28,101.33,86.37,14.96
MENRES003255_11,2023-10-16T00:07:10,47.63,40.32,7.31
MENRES003255_14,2023-07-16T13:01:27,104.57,92.37,12.2
MENRES003255_19,2023-12-08T15:39:01,55.74,48.7,7.04
MENRES003256_15,2023-05-30T20:07:07,11.09,9.37,1.72
MENRES003256_16,2023-01-28T22:55:06,35.01,28.33,6.68
MENRES003256_17,2023-07-07T22:47:59,8.79,8.1,0.69
MENRES003257_3,2023-05-20T01:31:29,12.04,9.97,2.07
MENRES003257_5,2023-04-17T15:43:30,23.99,22.53,1.46
MENRES003257_6,2023-06-22T06:57:53,5.5,4.59,0.91
MENRES003257_7,2023-04-08T03:28:27,27.35,22.73,4.62
MENRES003257_12,2023-02-20T05:13:40,5.73,4.71,1.02
MENRES003257_13,2023-11-23T11:39:42,10.64,8.87,1.77
MENRES003258_4,2023-11-04T06:33:55,39.3,33.14,6.16
MENRES003259_3,2023-06-18T21:50:19,9.19,8.37,0.82
MENRES003259_4,2023-06-08T18:25:45,32.03,29.07,2.96
MENRES003259_6,2023-06-18T20:03:10,17.84,14.54,3.3
MENRES003259_7,2023-12-26T05:30:49,17.72,16.47,1.25
MENRES003259_8,2023-11-04T02:20:43,36.67,31.17,5.5
MENRES003260_2,2023-12-22T15:50:43,95.97,89.74,6.23
MENRES003261_0,2023-02-22T22:43:32,119.44,98.34,21.1
MENRES003261_1,2023-01-25T14:49:42,87.91,79.18,8.73
MENRES003261_2,2023-04-19T19:23:50,75.37,66.15,9.22
MENRES003261_5,2023-04-12T21:11:08,114.37,91.9,22.47
MENRES003261_6,2023-07-03T13:47:49,92.67,74.43,18.24
MENRES003261_7,2023-07-19T09:05:02,87.11,71.39,15.72
MENRES003261_8,2023-01-25T08:18:52,51.85,48.19,3.66
MENRES003261_10,2023-03-29T13:51:30,35.62,30.56,5.06
MENRES003261_13,2023-06-01T07:16:46,38.77,31.48,7.29
MENRES003262_0,2023-04-04T23:03:41,97.24,80.02,17.22
MENRES003262_1,2023-05-02T19:54:22,153.61,127.0,26.61
MENRES003262_2,2023-02-12T03:44:11,151.02,138.88,12.14
MENRES003262_3,2023-04-13T00:05:19,119.21,106.31,12.9
MENRES003262_5,2023-04-14T20:20:07,129.13,107.01,22.12
MENRES003262_9,2023-07-23T19:09:24,45.73,43.02,2.71
MENRES003262_10,2023-06-23T21:46:44,58.09,54.41,3.68
MENRES003262_11,2023-05-22T18:10:48,114.61,105.8,8.81
MENRES003262_17,2023-01-22T04:55:12,95.69,90.07,5.62
MENRES003263_9,2023-02-16T06:33:37,84.56,72.44,12.12
MENRES003264_0,2023-01-09T04:06:22,57.51,51.57,5.94
MENRES003264_1,2023-09-05T03:24:43,28.51,26.88,1.63
MENRES003264_4,2023-04-26T09:25:49,66.69,62.99,3.7
MENRES003264_10,2023-04-23T22:12:29,39.1,34.05,5.05
MENRES003264_17,2023-06-04T08:30:25,31.96,28.62,3.34
MENRES003264_18,2023-04-26T21:19:25,52.63,42.84,9.79
MENRES003265_1,2023-08-15T17:40:09,122.25,114.54,7.71
MENRES003265_3,2023-08-13T10:40:06,96.83,84.49,12.34
MENRES003265_14,2023-02-07T14:47:45,107.78,100.05,7.73
MENRES003266_2,2023-09-04T15:27:20,10.95,9.56,1.39
MENRES003266_3,2023-10-20T06:34:54,33.72,28.16,5.56
MENRES003266_4,2023-06-20T22:46:04,21.19,18.6,2.59
MENRES003266_9,2023-12-15T01:12:51,17.89,14.93,2.96
MENRES003266_10,2023-01-11T04:43:21,38.74,34.43,4.31
MENRES003266_17,2023-06-24T00:32:29,17.21,14.08,3.13
MENRES003267_0,2023-09-04T07:21:06,70.09,61.17,8.92
MENRES003267_1,2023-07-31T06:43:51,104.86,91.03,13.83
MENRES003267_4,2023-05-18T17:12:41,159.63,129.93,29.7
MENRES003267_6,2023-04-06T18:23:36,94.42,80.5,13.92
MENRES003267_15,2023-11-16T07:45:38,136.4,111.17,25.23
MENRES003268_0,2023-12-16T02:23:24,94.39,76.59,17.8
MENRES003268_4,2023-05-11T03:26:54,41.52,36.32,5.2
MENRES003268_7,2023-01-17T03:20:58,37.16,34.65,2.51
MENRES003269_1,2023-04-08T13:16:52,17.38,14.73,2.65
MENRES003269_7,2023-02-28T09:22:33,52.92,48.93,3.99
MENRES003269_10,2023-08-06T21:30:11,45.37,39.61,5.76
MENRES003270_1,2023-02-24T12:39:30,54.78,45.7,9.08
MENRES003270_3,2023-11-27T15:25:19,79.01,71.59,7.42
MENRES003270_5,2023-02-02T13:48:50,22.81,19.83,2.98
MENRES003271_3,2023-03-24T03:10:54,85.49,68.48,17.01
MENRES003271_5,2023-04-14T20:41:07,46.54,40.72,5.82
MENRES003271_6,2023-12-01T12:24:45,61.05,56.22,4.83
MENRES003271_7,2023-04-14T00:04:06,86.4,79.86,6.54
MENRES003271_8,2023-03-13T11:33:26,86.6,72.98,13.62
MENRES003271_14,2023-03-20T13:32:47,69.41,55.93,13.48
MENRES003271_15,2023-12-01T19:01:08,31.57,26.54,5.03
MENRES003272_2,2023-11-28T14:52:08,28.76,24.68,4.08
MENRES003272_3,2023-03-08T09:11:38,30.29,28.24,2.05
MENRES003273_3,2023-03-03T11:13:50,39.44,34.24,5.2
MENRES003273_9,2023-12-22T18:06:50,10.42,9.37,1.05
MENRES003273_10,2023-08-02T20:52:19,25.53,23.24,2.29
MENRES003274_0,2023-08-01T15:23:25,105.57,90.97,14.6
MENRES003274_2,2023-08-06T15:44:47,50.26,41.04,9.22
MENRES003274_4,2023-05-31T02:09:07,79.32,70.5,8.82
MENRES003274_6,2023-03-24T17:47:43,38.85,35.4,3.45
MENRES003275_3,2023-03-25T21:35:57,7.29,6.72,0.57
MENRES003275_7,2023-05-27T09:25:51,38.7,35.21,3.49
MENRES003275_9,2023-09-13T23:26:09,33.86,28.19,5.67
MENRES003276_0,2023-01-07T09:41:53,76.45,66.8,9.65
MENRES003276_2,2023-07-19T19:29:32,46.81,38.05,8.76
MENRES003276_3,2023-09-21T23:36:27,34.16,29.49,4.67
MENRES003277_2,2023-12-16T06:53:18,35.48,30.34,5.14
MENRES003277_4,2023-12-21T22:43:18,17.69,14.78,2.91
MENRES003277_5,2023-11-27T00:15:50,53.18,46.2,6.98
MENRES003277_7,2023-03-11T21:24:59,71.0,67.3,3.7
MENRES003277_10,2023-08-04T00:37:24,55.96,50.81,5.15
MENRES003278_1,2023-02-21T21:11:32,73.18,62.7,10.48
MENRES003278_4,2023-10-27T01:26:00,72.08,61.18,10.9
MENRES003279_2,2023-06-20T12:40:38,49.84,46.93,2.91
MENRES003279_5,2023-01-18T01:44:35,86.73,76.48,10.25
MENRES003279_7,2023-11-01T23:12:39,62.59,51.32,11.27
MENRES003279_12,2023-03-12T04:32:29,33.01,27.86,5.15
MENRES003280_1,2023-03-25T08:24:21,140.78,123.96,16.82
MENRES003280_5,2023-08-30T22:55:01,100.03,92.96,7.07
MENRES003281_1,2023-05-25T05:34:55,149.25,121.13,28.12
MENRES003281_10,2023-01-20T20:22:40,156.64,144.97,11.67
MENRES003281_12,2023-03-10T11:15:58,37.17,34.74,2.43
MENRES003282_3,2023-05-24T17:36:00,61.02,49.56,11.46
MENRES003282_5,2023-09-22T16:54:16,30.46,26.15,4.31
MENRES003282_7,2023-08-28T02:05:41,26.33,23.78,2.55
MENRES003282_15,2023-02-10T07:12:33,79.54,67.73,11.81
MENRES003283_0,2023-02-21T18:19:25,20.83,17.91,2.92
MENRES003283_4,2023-11-10T09:23:51,27.87,22.58,5.29
MENRES003284_5,2023-11-26T11:02:41,47.75,42.82,4.93
MENRES003284_11,2023-04-29T22:53:29,20.51,19.1,1.41
MENRES003284_12,2023-08-02T16:48:22,62.96,54.2,8.76
MENRES003284_14,2023-10-12T22:41:36,33.66,31.91,1.75
MENRES003284_15,2023-10-13T01:22:09,61.82,50.29,11.53
MENRES003284_16,2023-09-29T00:26:03,39.22,36.63,2.59
MENRES003285_0,2023-01-12T07:55:34,79.23,68.93,10.3
MENRES003285_7,2023-08-02T13:42:36,20.66,17.56,3.1
MENRES003285_8,2023-06-01T01:55:51,25.07,21.56,3.51
MENRES003285_10,2023-11-07T13:05:18,19.01,17.05,1.96
MENRES003285_11,2023-12-19T01:30:03,17.51,15.54,1.97
MENRES003285_14,2023-03-18T18:38:55,20.89,17.53,3.36
MENRES003286_0,2023-04-08T07:14:04,130.52,107.74,22.78
MENRES003286_4,2023-02-02T21:39:37,21.48,19.47,2.01
MENRES003286_6,2023-12-11T23:35:16,155.27,133.97,21.3
MENRES003286_7,2023-07-19T05:34:22,59.3,50.39,8.91
MENRES003286_14,2023-03-20T01:43:18,99.66,93.61,6.05
MENRES003287_4,2023-08-17T06:37:01,48.24,41.65,6.59
MENRES003287_5,2023-07-26T08:16:58,31.13,29.01,2.12
MENRES003287_10,2023-01-24T04:15:32,158.62,127.83,30.79
MENRES003287_12,2023-05-17T07:14:31,158.24,139.24,19.0
MENRES003288_0,2023-03-05T21:31:15,12.4,11.51,0.89
MENRES003288_2,2023-06-17T06:08:51,27.71,25.53,2.18
MENRES003288_4,2023-06-02T02:07:15,34.19,31.8,2.39
MENRES003288_7,2023-04-26T22:51:39,9.7,8.4,1.3
MENRES003288_11,2023-11-16T12:19:32,11.71,10.81,0.9
MENRES003289_1,2023-05-24T15:51:07,69.26,56.47,12.79
MENRES003289_4,2023-09-08T06:44:59,15.58,13.22,2.36
MENRES003289_7,2023-07-29T16:38:43,88.2,82.01,6.19
MENRES003289_9,2023-10-19T15:14:30,103.57,90.37,13.2
MENRES003289_12,2023-02-13T13:06:50,72.55,58.16,14.39
MENRES003289_15,2023-12-27T20:08:14,71.15,57.87,13.28
MENRES003289_18,2023-07-17T15:07:58,53.15,44.67,8.48
MENRES003289_19,2023-09-22T08:07:03,63.37,59.13,4.24
MENRES003290_2,2023-11-25T23:37:23,12.1,9.85,2.25
MENRES003290_6,2023-09-10T02:54:06,15.35,13.19,2.16
MENRES003290_9,2023-09-11T21:20:20,23.71,21.41,2.3
MENRES003291_3,2023-11-16T19:42:54,70.38,61.28,9.1
MENRES003291_7,2023-07-18T21:24:58,56.22,49.38,6.84
MENRES003291_8,2023-06-19T17:19:32,53.45,42.88,10.57
MENRES003291_10,2023-04-09T02:54:27,78.69,71.49,7.2
MENRES003292_7,2023-09-27T19:50:44,29.25,25.05,4.2
MENRES003293_6,2023-01-18T02:16:24,42.19,36.13,6.06
MENRES003294_0,2023-04-26T16:16:19,150.26,127.73,22.53
MENRES003294_5,2023-05-25T20:10:24,154.75,141.17,13.58
MENRES003294_7,2023-05-29T12:57:39,108.99,101.81,7.18
MENRES003294_8,2023-07-10T07:56:34,39.75,37.17,2.58
MENRES003294_9,2023-07-16T20:55:20,69.28,56.93,12.35
MENRES003294_12,2023-07-05T21:05:41,140.74,123.42,17.32
MENRES003294_14,2023-04-29T23:58:53,94.61,76.29,18.32
MENRES003294_17,2023-08-01T01:01:09,93.44,75.93,17.51
MENRES003294_19,2023-02-06T20:07:03,80.02,70.76,9.26
MENRES003295_2,2023-02-13T08:01:21,121.48,100.1,21.38
MENRES003295_5,2023-02-19T00:59:53,146.93,135.89,11.04
MENRES003295_7,2023-09-26T23:57:34,84.86,78.36,6.5
MENRES003295_9,2023-11-15T04:48:51,51.66,46.6,5.06
MENRES003296_0,2023-11-30T05:15:03,73.24,59.79,13.45
MENRES003296_3,2023-04-24T07:58:48,77.52,65.56,11.96
MENRES003297_2,2023-03-30T01:12:27,39.07,33.12,5.95
MENRES003297_10,2023-04-30T06:49:01,104.27,93.03,11.24
MENRES003297_11,2023-04-12T06:08:45,111.92,100.59,11.33
MENRES003297_14,2023-05-25T01:12:26,89.02,82.79,6.23
MENRES003298_6,2023-12-30T03:16:59,6.13,5.52,0.61
MENRES003298_8,2023-06-20T08:58:00,7.06,6.57,0.49
MENRES003299_0,2023-04-25T04:52:33,56.62,45.85,10.77
MENRES003299_2,2023-07-12T01:51:09,28.89,26.8,2.09
MENRES003299_4,2023-11-14T12:02:40,46.47,43.89,2.58
MENRES003299_5,2023-04-25T01:19:39,45.68,41.75,3.93
MENRES003299_7,2023-01-09T19:17:30,29.69,27.09,2.6
MENRES003299_10,2023-08-07T04:41:05,70.16,63.08,7.08
MENRES003299_14,2023-10-17T08:57:00,59.8,56.59,3.21
MENRES003299_18,2023-02-14T19:37:31,67.94,60.5,7.44
MENRES003300_0,2023-10-09T16:03:21,32.41,27.24,5.17
MENRES003300_3,2023-04-08T13:49:50,33.46,28.18,5.28
MENRES003300_5,2023-05-09T08:50:01,9.42,8.38,1.04
MENRES003301_1,2023-02-23T10:19:26,61.21,53.86,7.35
MENRES003301_3,2023-11-10T00:44:16,150.04,139.65,10.39
MENRES003301_4,2023-08-19T11:29:33,91.01,79.09,11.92
MENRES003301_6,2023-05-22T15:35:25,106.6,91.41,15.19
MENRES003301_7,2023-11-15T19:41:04,93.09,81.42,11.67
MENRES003301_8,2023-04-27T06:08:46,156.8,132.9,23.9
MENRES003301_12,2023-10-05T18:23:32,90.15,80.53,9.62
MENRES003302_1,2023-08-05T00:00:09,24.62,21.44,3.18
MENRES003302_5,2023-12-08T16:29:29,17.28,14.33,2.95
MENRES003302_9,2023-11-05T09:54:01,6.51,5.24,1.27
MENRES003302_12,2023-12-29T11:03:12,9.59,7.82,1.77
MENRES003303_4,2023-09-18T05:49:04,35.19,30.67,4.52
MENRES003303_11,2023-05-15T21:42:09,31.36,26.49,4.87
MENRES003303_13,2023-03-06T22:26:34,29.0,27.04,1.96
MENRES003304_2,2023-07-15T10:47:49,72.22,57.86,14.36
MENRES003304_5,2023-01-22T16:48:44,49.77,42.24,7.53
MENRES003304_9,2023-11-25T20:36:03,39.03,33.38,5.65
MENRES003304_11,2023-06-08T21:15:10,62.3,55.95,6.35
MENRES003305_2,2023-04-13T21:12:11,10.1,9.39,0.71
MENRES003305_3,2023-02-24T12:35:44,39.81,34.83,4.98
MENRES003305_8,2023-07-31T21:35:01,33.65,30.89,2.76
MENRES003305_9,2023-08-09T00:07:57,47.08,40.66,6.42
MENRES003305_12,2023-08-19T11:07:09,45.41,42.65,2.76
MENRES003306_0,2023-12-01T11:40:57,24.81,21.11,3.7
MENRES003307_1,2023-01-16T20:42:18,19.57,16.37,3.2
MENRES003307_2,2023-10-12T13:05:45,60.37,53.29,7.08
MENRES003307_9,2023-09-28T11:37:20,58.22,52.29,5.93
MENRES003307_12,2023-07-13T05:16:17,11.16,9.51,1.65
MENRES003307_19,2023-03-11T12:52:43,15.96,14.9,1.06
MENRES003308_4,2023-08-29T22:28:15,89.9,83.34,6.56
MENRES003308_6,2023-12-12T21:57:51,33.64,31.33,2.31
MENRES003308_7,2023-06-02T20:33:57,66.98,58.82,8.16
MENRES003308_10,2023-08-28T07:58:13,76.12,68.07,8.05
MENRES003308_11,2023-07-24T19:34:14,115.94,108.73,7.21
MENRES003309_0,2023-04-17T21:05:22,57.5,49.89,7.61
MENRES003309_4,2023-09-05T06:30:47,76.28,63.07,13.21
MENRES003310_12,2023-11-04T13:57:09,116.6,94.31,22.29
MENRES003311_3,2023-06-14T21:57:04,68.21,55.09,13.12
MENRES003311_6,2023-02-07T23:35:09,30.73,24.88,5.85
MENRES003312_0,2023-07-20T11:18:30,32.66,26.14,6.52
MENRES003312_1,2023-04-22T14:46:48,9.96,8.87,1.09
MENRES003312_5,2023-03-24T04:29:50,33.64,28.99,4.65
MENRES003313_0,2023-08-09T11:18:55,18.25,15.94,2.31
MENRES003313_1,2023-01-09T22:16:10,23.44,19.84,3.6
MENRES003313_7,2023-06-21T19:29:09,26.55,23.97,2.58
MENRES003314_4,2023-06-20T12:46:39,62.78,54.55,8.23
MENRES003314_5,2023-01-23T23:19:52,12.88,11.63,1.25
MENRES003315_0,2023-04-20T05:28:36,118.31,102.69,15.62
MENRES003315_1,2023-02-02T02:45:34,142.37,126.69,15.68
MENRES003315_2,2023-06-28T15:55:43,152.32,131.9,20.42
MENRES003315_4,2023-04-19T14:47:45,119.32,97.05,22.27
MENRES003315_6,2023-10-17T00:04:08,96.6,84.13,12.47
MENRES003315_9,2023-01-12T15:03:25,26.62,24.31,2.31
MENRES003316_1,2023-05-26T15:08:56,73.67,60.97,12.7
MENRES003316_4,2023-09-28T22:46:43,101.06,95.02,6.04
MENRES003316_5,2023-08-20T20:55:01,76.99,66.04,10.95
MENRES003316_6,2023-02-15T12:33:17,78.68,72.98,5.7
MENRES003316_9,2023-04-29T13:24:34,35.16,32.24,2.92
MENRES003316_10,2023-06-24T19:35:08,85.98,76.92,9.06
MENRES003316_12,2023-03-27T19:28:08,78.2,62.86,15.34
MENRES003316_13,2023-01-15T04:41:28,52.58,44.19,8.39
MENRES003316_14,2023-06-30T08:25:28,116.12,101.1,15.02
MENRES003316_15,2023-12-19T12:30:58,19.42,16.4,3.02
MENRES003317_0,2023-01-07T20:05:22,35.48,31.93,3.55
MENRES003317_2,2023-09-06T02:56:20,112.55,102.23,10.32
MENRES003317_7,2023-08-17T01:45:17,22.77,20.54,2.23
MENRES003317_9,2023-09-19T23:29:34,16.11,14.58,1.53
MENRES003318_0,2023-07-01T02:41:29,38.6,36.34,2.26
MENRES003318_6,2023-05-11T16:07:37,18.31,15.02,3.29
MENRES003319_2,2023-03-04T02:03:22,17.96,16.15,1.81
MENRES003319_4,2023-12-07T13:19:41,13.19,12.39,0.8
MENRES003319_5,2023-11-04T10:56:46,23.99,20.0,3.99
MENRES003319_8,2023-05-28T07:04:42,7.59,6.48,1.11
MENRES003320_2,2023-03-01T08:33:47,79.13,74.78,4.35
MENRES003320_3,2023-03-03T15:28:52,49.82,45.11,4.71
MENRES003320_8,2023-11-25T16:21:58,32.66,27.28,5.38
MENRES003320_11,2023-06-27T10:47:37,64.14,59.66,4.48
MENRES003321_1,2023-09-09T01:05:35,55.75,45.59,10.16
MENRES003321_4,2023-06-16T03:36:23,77.59,66.92,10.67
MENRES003322_0,2023-07-04T10:55:51,16.94,13.64,3.3
MENRES003322_2,2023-03-12T22:09:29,70.98,66.5,4.48
MENRES003322_4,2023-11-25T05:42:18,13.38,11.43,1.95
MENRES003322_8,2023-09-24T03:47:20,50.88,43.83,7.05
MENRES003322_13,2023-11-30T08:57:33,75.27,63.13,12.14
MENRES003322_14,2023-01-08T00:28:45,60.06,55.12,4.94
MENRES003322_18,2023-12-17T07:14:58,70.01,57.25,12.76
MENRES003323_1,2023-10-05T19:10:00,84.59,69.03,15.56
MENRES003323_3,2023-11-28T21:35:10,67.22,61.68,5.54
MENRES003323_5,2023-04-09T04:10:20,32.67,27.91,4.76
MENRES003323_6,2023-04-06T11:50:16,103.76,90.83,12.93
MENRES003323_9,2023-06-06T21:48:17,21.5,18.98,2.52
MENRES003323_11,2023-10-17T19:58:34,48.99,41.14,7.85
MENRES003323_16,2023-10-19T17:44:00,44.48,38.05,6.43
MENRES003324_1,2023-06-05T17:56:32,20.64,18.66,1.98
MENRES003324_2,2023-02-16T17:32:36,28.3,25.76,2.54
MENRES003324_4,2023-07-11T07:30:09,54.68,50.47,4.21
MENRES003325_0,2023-12-30T07:28:20,89.06,77.91,11.15
MENRES003325_1,2023-01-09T19:53:26,17.56,14.5,3.06
MENRES003325_3,2023-06-12T04:29:38,27.91,25.2,2.71
MENRES003326_0,2023-04-03T04:37:45,57.67,49.66,8.01
MENRES003326_6,2023-01-29T02:10:30,154.93,125.19,29.74
MENRES003326_10,2023-08-19T09:40:04,116.07,93.95,22.12
MENRES003326_11,2023-05-20T09:21:02,42.75,39.47,3.28
MENRES003327_0,2023-06-04T15:47:07,146.75,135.18,11.57
MENRES003327_4,2023-04-27T16:17:53,87.91,77.13,10.78
MENRES003327_5,2023-09-10T00:24:06,98.85,83.85,15.0
MENRES003327_6,2023-11-01T15:14:01,60.8,50.8,10.0
MENRES003328_4,2023-12-11T20:09:39,87.32,81.31,6.01
MENRES003328_5,2023-09-23T16:12:05,47.42,39.71,7.71
MENRES003328_7,2023-01-27T10:12:24,61.82,57.34,4.48
MENRES003328_11,2023-07-31T18:33:52,112.71,100.38,12.33
MENRES003328_13,2023-11-20T23:07:43,30.36,27.45,2.91
MENRES003329_2,2023-03-26T04:51:56,57.89,46.82,11.07
MENRES003329_7,2023-12-13T11:00:20,113.29,101.88,11.41
MENRES003329_9,2023-02-09T16:27:37,104.56,83.81,20.75
MENRES003330_0,2023-06-30T06:59:42,39.07,35.31,3.76
MENRES003330_1,2023-03-10T12:22:08,74.09,61.79,12.3
MENRES003330_3,2023-12-09T21:47:24,50.58,45.62,4.96
MENRES003330_5,2023-05-30T19:04:45,32.33,28.2,4.13
MENRES003330_8,2023-03-02T19:16:25,32.97,30.41,2.56
MENRES003330_9,2023-05-22T02:58:40,33.77,30.54,3.23
MENRES003330_11,2023-03-12T22:24:50,46.63,41.59,5.04
MENRES003330_13,2023-08-03T10:31:42,52.04,48.75,3.29
MENRES003331_6,2023-02-14T17:08:15,38.77,36.4,2.37
MENRES003331_8,2023-06-03T22:54:01,11.59,10.63,0.96
MENRES003331_9,2023-04-27T05:34:58,30.76,29.01,1.75
MENRES003331_12,2023-06-08T03:20:22,10.8,9.86,0.94
MENRES003332_4,2023-08-04T22:51:03,106.84,95.69,11.15
MENRES003332_6,2023-03-10T02:20:19,35.66,29.34,6.32
MENRES003332_12,2023-10-26T04:04:58,52.75,45.97,6.78
MENRES003332_14,2023-10-18T08:00:05,70.54,60.34,10.2
MENRES003336_0,2023-04-01T14:40:51,106.04,99.85,6.19
MENRES003336_5,2023-07-14T00:45:44,112.15,96.73,15.42
MENRES003336_6,2023-12-08T04:21:45,115.02,98.79,16.23
MENRES003336_13,2023-09-29T06:34:49,72.74,59.26,13.48
MENRES003337_1,2023-01-21T06:45:34,22.25,20.61,1.64
MENRES003337_3,2023-02-01T00:31:45,31.63,26.23,5.4
MENRES003337_5,2023-02-08T16:03:23,17.35,15.64,1.71
MENRES003337_7,2023-01-21T01:21:16,20.43,16.42,4.01
MENRES003337_10,2023-10-10T18:29:26,23.78,22.05,1.73
MENRES003337_12,2023-05-13T17:18:11,17.58,14.72,2.86
MENRES003338_2,2023-09-16T09:44:07,40.55,37.18,3.37
MENRES003338_4,2023-12-28T09:52:59,53.32,47.04,6.28
MENRES003338_7,2023-01-20T13:12:40,64.97,59.96,5.01
MENRES003338_9,2023-09-28T15:26:24,72.14,63.46,8.68
MENRES003338_12,2023-03-27T06:12:30,73.76,63.37,10.39
MENRES003338_13,2023-09-21T20:07:40,113.01,99.14,13.87
MENRES003338_18,2023-10-12T01:51:54,89.91,85.02,4.89
MENRES003339_2,2023-05-12T13:17:12,39.23,33.51,5.72
MENRES003339_6,2023-10-24T09:31:53,19.53,17.15,2.38
MENRES003340_1,2023-01-23T11:47:48,18.38,15.2,3.18
MENRES003341_2,2023-04-30T19:12:45,35.55,28.78,6.77
MENRES003341_3,2023-11-24T13:53:47,11.9,11.27,0.63
MENRES003341_7,2023-06-30T19:56:08,34.3,30.44,3.86
MENRES003343_3,2023-05-18T08:12:43,24.44,22.87,1.57
MENRES003343_9,2023-08-22T02:12:23,96.05,80.43,15.62
MENRES003344_1,2023-05-20T23:55:55,26.58,24.35,2.23
MENRES003344_2,2023-07-27T03:00:21,8.84,7.67,1.17
MENRES003344_5,2023-04-12T07:39:09,13.04,11.96,1.08
MENRES003345_2,2023-11-21T09:35:37,141.87,121.06,20.81
MENRES003345_7,2023-05-07T22:18:03,149.85,135.39,14.46
MENRES003345_12,2023-11-09T08:30:51,66.23,55.32,10.91
MENRES003346_1,2023-03-19T07:20:53,17.13,15.17,1.96
MENRES003346_5,2023-02-28T17:47:42,26.82,22.49,4.33
MENRES003346_7,2023-03-31T14:06:58,5.84,5.31,0.53
MENRES003346_10,2023-10-03T21:27:48,36.26,29.22,7.04
MENRES003346_13,2023-12-11T19:04:14,31.64,29.31,2.33
MENRES003347_4,2023-08-20T20:58:49,38.34,36.26,2.08
MENRES003347_8,2023-12-06T13:18:08,32.1,27.02,5.08
MENRES003347_9,2023-11-06T10:41:03,34.19,28.54,5.65
MENRES003347_12,2023-12-30T15:47:23,21.7,19.85,1.85
MENRES003347_13,2023-11-19T17:11:34,20.67,19.34,1.33
MENRES003347_16,2023-10-07T14:09:21,14.04,13.06,0.98
MENRES003348_3,2023-08-17T15:22:34,136.07,126.6,9.47
MENRES003349_1,2023-12-10T15:04:54,34.02,29.71,4.31
MENRES003349_8,2023-11-15T09:54:30,31.83,28.5,3.33
MENRES003350_7,2023-06-30T04:34:14,36.04,30.61,5.43
MENRES003350_8,2023-11-15T22:49:41,36.23,29.19,7.04
MENRES003350_10,2023-12-16T00:18:05,5.09,4.19,0.9
MENRES003350_11,2023-03-28T17:40:53,32.8,28.06,4.74
MENRES003350_15,2023-01-10T12:10:24,24.85,23.41,1.44
MENRES003350_18,2023-04-25T19:38:28,11.39,9.5,1.89
MENRES003351_7,2023-02-05T22:38:17,69.92,61.02,8.9
MENRES003351_9,2023-11-20T12:47:49,43.13,37.35,5.78
MENRES003351_10,2023-07-30T19:53:32,67.04,63.05,3.99
MENRES003351_11,2023-02-15T07:18:02,46.55,43.89,2.66
MENRES003352_4,2023-11-11T16:28:20,37.42,30.02,7.4
MENRES003352_7,2023-09-19T02:33:50,62.2,58.54,3.66
MENRES003352_8,2023-03-12T23:15:38,25.72,22.9,2.82
MENRES003352_10,2023-06-19T22:04:06,19.02,16.26,2.76
MENRES003353_0,2023-06-10T13:29:40,7.52,7.03,0.49
MENRES003353_1,2023-04-01T20:03:45,5.73,5.22,0.51
MENRES003353_2,2023-04-04T16:58:53,5.62,5.31,0.31
MENRES003353_6,2023-12-09T09:13:26,6.72,6.29,0.43
MENRES003353_9,2023-09-11T11:23:15,21.87,18.92,2.95
MENRES003354_2,2023-12-14T16:23:24,113.59,91.43,22.16
MENRES003354_8,2023-06-11T03:33:04,98.98,89.8,9.18
MENRES003354_9,2023-12-26T20:25:48,104.57,86.69,17.88
MENRES003354_10,2023-07-28T13:32:15,32.24,30.17,2.07
MENRES003355_3,2023-11-10T23:49:40,52.21,43.53,8.68
MENRES003355_4,2023-09-12T21:16:57,27.84,23.9,3.94
MENRES003355_5,2023-01-01T13:58:49,119.91,103.61,16.3
MENRES003355_13,2023-03-04T11:46:59,50.61,47.81,2.8
MENRES003356_8,2023-07-19T07:26:05,95.64,77.07,18.57
MENRES003356_12,2023-08-03T11:04:45,78.62,69.26,9.36
MENRES003357_0,2023-08-12T21:23:20,35.43,31.79,3.64
MENRES003357_1,2023-02-21T09:16:37,35.39,31.68,3.71
MENRES003357_4,2023-01-28T17:14:37,45.86,38.71,7.15
MENRES003358_4,2023-07-30T08:41:51,64.19,60.54,3.65
MENRES003358_6,2023-01-02T15:09:31,120.8,108.26,12.54
MENRES003358_8,2023-02-27T13:43:54,78.5,67.85,10.65
MENRES003358_10,2023-04-03T13:03:57,77.09,71.94,5.15
MENRES003358_14,2023-04-13T12:51:13,48.78,43.05,5.73
MENRES003358_17,2023-09-04T02:42:15,78.28,67.91,10.37
MENRES003358_18,2023-09-24T17:15:46,139.63,126.56,13.07
MENRES003359_2,2023-08-14T23:19:59,77.39,67.24,10.15
MENRES003359_8,2023-06-13T02:55:43,88.34,74.41,13.93
MENRES003359_10,2023-12-28T23:09:57,88.45,80.32,8.13
MENRES003359_11,2023-09-22T19:55:23,56.65,52.87,3.78
MENRES003359_14,2023-11-30T03:19:15,72.65,59.33,13.32
MENRES003359_15,2023-01-25T10:10:59,39.31,36.86,2.45
MENRES003360_2,2023-04-12T21:45:58,140.43,118.26,22.17
MENRES003361_0,2023-11-01T21:56:29,15.62,13.42,2.2
MENRES003361_1,2023-02-02T07:42:10,64.03,51.98,12.05
MENRES003361_3,2023-10-03T18:45:01,119.59,100.14,19.45
MENRES003361_5,2023-08-12T20:35:27,45.47,42.91,2.56
MENRES003361_7,2023-05-08T02:40:29,55.19,50.97,4.22
MENRES003361_8,2023-05-07T20:19:36,118.25,106.79,11.46
MENRES003361_12,2023-08-04T09:55:02,89.06,75.75,13.31
MENRES003362_0,2023-12-26T12:17:23,53.65,47.31,6.34
MENRES003362_7,2023-07-03T12:53:57,128.96,117.57,11.39
MENRES003363_0,2023-11-15T19:50:35,35.93,31.13,4.8
MENRES003363_9,2023-06-14T19:37:38,38.92,32.73,6.19
MENRES003364_7,2023-05-14T23:50:21,50.74,46.12,4.62
MENRES003364_9,2023-06-16T22:08:40,58.69,51.22,7.47
MENRES003365_1,2023-11-24T12:51:17,13.83,11.4,2.43
MENRES003365_11,2023-05-02T12:17:03,14.35,11.55,2.8
MENRES003365_13,2023-11-26T08:46:21,32.8,26.47,6.33
MENRES003366_2,2023-02-06T04:10:17,25.66,21.65,4.01
MENRES003367_2,2023-10-27T23:58:09,81.73,66.23,15.5
MENRES003367_4,2023-04-28T05:37:23,105.37,95.47,9.9
MENRES003367_5,2023-09-28T06:09:47,69.77,58.3,11.47
MENRES003367_7,2023-08-13T11:34:38,154.21,146.04,8.17
MENRES003368_1,2023-11-13T13:49:26,72.91,59.82,13.09
MENRES003368_2,2023-02-20T11:37:26,129.8,112.3,17.5
MENRES003368_7,2023-07-10T10:53:48,38.89,32.45,6.44
MENRES003368_9,2023-11-06T04:06:02,68.25,58.87,9.38
MENRES003368_10,2023-11-23T02:41:52,110.86,99.45,11.41
MENRES003368_17,2023-04-11T19:11:33,147.41,127.02,20.39
MENRES003369_0,2023-10-29T03:45:56,106.6,92.78,13.82
MENRES003370_0,2023-08-31T08:30:43,27.14,24.07,3.07
MENRES003370_6,2023-04-21T07:43:42,19.68,16.65,3.03
MENRES003370_12,2023-08-18T18:16:34,26.34,23.67,2.67
MENRES003371_2,2023-01-14T17:23:52,41.0,38.29,2.71
MENRES003371_3,2023-04-04T05:57:59,16.43,13.3,3.13
MENRES003371_7,2023-12-03T04:27:31,80.41,72.04,8.37
MENRES003372_3,2023-11-08T18:58:46,26.4,22.48,3.92
MENRES003372_11,2023-01-09T15:32:31,21.61,19.34,2.27
MENRES003373_0,2023-01-09T12:01:15,39.94,34.79,5.15
MENRES003373_1,2023-03-16T21:24:10,47.98,39.21,8.77
MENRES003373_2,2023-11-05T03:59:40,77.72,69.19,8.53
MENRES003373_5,2023-01-29T18:34:00,74.61,61.4,13.21
MENRES003373_7,2023-11-25T19:24:27,43.22,37.79,5.43
MENRES003373_11,2023-10-17T09:31:52,41.61,39.34,2.27
MENRES003373_12,2023-10-29T14:50:48,57.82,53.41,4.41
MENRES003373_15,2023-01-17T14:02:06,71.31,59.17,12.14
MENRES003373_16,2023-07-04T10:24:59,32.16,28.89,3.27
MENRES003373_18,2023-07-18T18:38:30,53.95,46.29,7.66
MENRES003373_19,2023-09-24T01:57:29,58.15,54.1,4.05
MENRES003374_0,2023-01-24T16:14:19,41.29,35.78,5.51
MENRES003374_2,2023-07-05T03:48:14,51.63,46.94,4.69
MENRES003374_9,2023-12-29T11:47:15,48.1,44.66,3.44
MENRES003374_11,2023-02-27T23:37:55,44.16,40.54,3.62
MENRES003374_15,2023-03-18T22:32:42,62.84,55.47,7.37
MENRES003375_2,2023-04-19T20:10:36,90.06,73.81,16.25
MENRES003375_6,2023-09-12T04:40:35,20.9,18.18,2.72
MENRES003375_7,2023-09-10T05:48:43,84.82,70.53,14.29
MENRES003375_8,2023-04-19T14:43:55,36.15,29.82,6.33
MENRES003375_11,2023-02-23T13:35:49,116.31,103.05,13.26
MENRES003375_15,2023-07-07T02:09:28,111.31,99.6,11.71
MENRES003377_5,2023-05-22T04:53:32,60.08,49.06,11.02
MENRES003377_6,2023-11-12T08:16:05,71.98,62.58,9.4
MENRES003377_7,2023-02-24T03:41:25,53.22,45.3,7.92
MENRES003377_8,2023-05-31T05:57:21,49.42,44.84,4.58
MENRES003377_10,2023-04-13T15:17:30,57.59,53.81,3.78
MENRES003377_14,2023-02-14T15:49:27,50.37,46.6,3.77
MENRES003377_18,2023-06-22T01:20:34,30.3,27.22,3.08
MENRES003377_19,2023-03-02T23:11:26,36.83,31.62,5.21
MENRES003378_7,2023-10-01T03:43:04,54.99,45.8,9.19
MENRES003379_1,2023-01-29T19:04:02,67.63,54.38,13.25
MENRES003379_2,2023-04-20T19:33:21,32.28,28.33,3.95
MENRES003379_5,2023-07-15T09:02:46,79.26,71.73,7.53
MENRES003380_2,2023-07-16T01:19:16,44.99,37.78,7.21
MENRES003381_0,2023-03-27T02:11:08,9.94,8.76,1.18
MENRES003381_1,2023-10-29T08:03:43,6.99,5.78,1.21
MENRES003381_2,2023-04-05T10:34:58,39.96,33.84,6.12
MENRES003381_7,2023-03-19T05:55:58,25.31,22.83,2.48
MENRES003381_9,2023-07-02T21:44:35,21.77,18.53,3.24
MENRES003381_11,2023-05-25T23:15:10,38.69,34.65,4.04
MENRES003381_12,2023-06-23T22:40:13,20.7,18.77,1.93
MENRES003381_13,2023-04-30T01:33:38,19.22,16.29,2.93
MENRES003381_17,2023-03-14T18:26:31,25.95,23.99,1.96
MENRES003382_1,2023-06-11T20:45:20,76.06,67.5,8.56
MENRES003382_10,2023-11-28T14:44:07,34.73,31.19,3.54
MENRES003382_11,2023-01-01T02:02:41,41.1,38.34,2.76
MENRES003382_12,2023-12-22T01:09:50,75.87,69.31,6.56
MENRES003382_14,2023-08-23T21:30:23,64.88,55.44,9.44
MENRES003382_15,2023-10-09T06:53:14,74.02,67.55,6.47
MENRES003383_2,2023-10-28T16:57:21,62.64,51.03,11.61
MENRES003383_7,2023-12-10T14:15:26,118.63,96.18,22.45
MENRES003383_8,2023-02-07T08:06:14,73.17,62.37,10.8
MENRES003384_8,2023-09-04T16:30:41,48.74,39.86,8.88
MENRES003385_2,2023-06-23T01:45:08,9.73,8.59,1.14
MENRES003385_12,2023-11-29T07:43:52,22.87,18.53,4.34
MENRES003385_14,2023-03-24T20:53:50,36.27,30.67,5.6
MENRES003386_0,2023-03-17T22:46:26,62.79,54.19,8.6
MENRES003387_2,2023-12-15T02:38:26,14.42,12.5,1.92
MENRES003387_4,2023-08-24T18:11:34,36.45,29.89,6.56
MENRES003387_5,2023-05-06T06:22:13,27.47,24.53,2.94
MENRES003387_7,2023-06-03T03:51:22,29.18,24.37,4.81
MENRES003387_12,2023-12-28T20:59:57,78.42,73.07,5.35
MENRES003387_13,2023-03-22T01:07:54,47.09,41.45,5.64
MENRES003387_14,2023-06-23T20:55:42,49.84,46.53,3.31
MENRES003388_3,2023-11-12T00:07:50,77.34,68.48,8.86
MENRES003388_5,2023-09-04T20:21:59,18.22,16.5,1.72
MENRES003388_15,2023-05-14T18:06:21,61.96,53.58,8.38
MENRES003388_18,2023-03-13T04:18:14,61.86,57.43,4.43
MENRES003389_3,2023-05-02T23:56:54,144.52,129.81,14.71
MENRES003389_4,2023-08-17T06:35:30,33.03,30.0,3.03
MENRES003389_6,2023-08-17T08:53:20,75.31,71.03,4.28
MENRES003389_9,2023-06-14T22:08:34,115.33,105.34,9.99
MENRES003389_14,2023-12-09T11:27:31,80.19,64.27,15.92
MENRES003390_2,2023-11-14T11:15:46,93.07,78.68,14.39
MENRES003390_3,2023-01-16T21:45:20,72.61,67.76,4.85
MENRES003390_5,2023-06-11T16:58:02,64.28,54.93,9.35
MENRES003390_6,2023-11-11T03:19:28,88.31,81.91,6.4
MENRES003390_11,2023-11-08T21:50:36,53.46,46.45,7.01
MENRES003390_17,2023-04-27T09:14:51,82.77,74.27,8.5
MENRES003391_4,2023-07-05T11:05:50,51.82,48.09,3.73
MENRES003391_6,2023-01-09T18:59:06,67.55,63.22,4.33
MENRES003392_2,2023-11-20T05:22:32,17.91,16.56,1.35
MENRES003392_5,2023-02-23T10:48:23,14.43,13.06,1.37
MENRES003392_7,2023-09-03T07:47:36,10.33,8.63,1.7
MENRES003392_10,2023-07-30T17:42:31,11.69,10.55,1.14
MENRES003392_11,2023-12-03T23:28:37,17.92,16.95,0.97
MENRES003392_15,2023-07-05T18:46:39,39.31,34.52,4.79
MENRES003393_1,2023-08-05T07:56:00,23.92,20.9,3.02
MENRES003393_5,2023-09-30T05:32:26,19.54,18.4,1.14
MENRES003393_7,2023-01-10T00:25:27,76.42,63.67,12.75
MENRES003393_9,2023-12-12T00:51:23,33.76,31.61,2.15
MENRES003393_12,2023-10-07T06:47:07,43.14,36.04,7.1
MENRES003394_0,2023-10-28T09:44:27,47.92,44.06,3.86
MENRES003394_3,2023-12-07T07:05:05,21.26,19.82,1.44
MENRES003394_7,2023-12-28T10:13:46,79.07,72.34,6.73
MENRES003394_8,2023-09-13T03:28:33,56.9,45.95,10.95
MENRES003395_2,2023-02-14T23:44:38,72.46,65.21,7.25
MENRES003396_10,2023-05-31T15:32:00,104.32,89.83,14.49
MENRES003396_11,2023-11-23T17:32:14,20.85,17.7,3.15
MENRES003396_12,2023-03-01T16:22:21,134.3,112.1,22.2
MENRES003396_13,2023-11-03T02:06:10,116.13,108.43,7.7
MENRES003397_0,2023-08-31T11:40:15,145.44,116.91,28.53
MENRES003397_2,2023-08-12T01:06:42,103.3,84.44,18.86
MENRES003397_9,2023-10-02T11:22:48,137.08,111.11,25.97
MENRES003398_0,2023-04-23T14:33:09,7.53,6.3,1.23
MENRES003398_2,2023-02-16T08:27:09,26.32,21.95,4.37
MENRES003398_7,2023-08-15T21:16:34,29.46,26.85,2.61
MENRES003398_12,2023-10-22T06:07:02,13.84,11.13,2.71
MENRES003399_0,2023-06-14T00:35:40,57.95,53.91,4.04
MENRES003399_4,2023-10-01T07:25:06,110.69,104.53,6.16
MENRES003401_4,2023-04-12T07:55:17,26.65,23.81,2.84
MENRES003401_5,2023-01-31T04:09:02,39.98,37.03,2.95
MENRES003401_6,2023-12-10T18:47:26,7.38,6.68,0.7
MENRES003401_9,2023-05-05T11:02:48,30.63,27.43,3.2
MENRES003401_12,2023-04-20T23:01:49,24.58,23.26,1.32
MENRES003402_5,2023-11-08T11:21:38,11.96,9.69,2.27
MENRES003402_10,2023-11-26T00:13:53,77.63,69.24,8.39
MENRES003402_11,2023-04-02T22:21:51,33.26,28.4,4.86
MENRES003402_18,2023-08-04T17:32:37,12.19,10.22,1.97
MENRES003403_0,2023-03-20T23:52:31,34.64,31.34,3.3
MENRES003403_2,2023-11-21T23:43:15,22.97,21.73,1.24
MENRES003403_4,2023-10-30T17:26:36,13.5,12.28,1.22
MENRES003403_5,2023-07-29T00:50:08,22.07,20.52,1.55
MENRES003403_10,2023-02-12T14:16:05,36.63,34.57,2.06
MENRES003403_15,2023-03-03T09:56:56,21.0,19.15,1.85
MENRES003403_16,2023-10-28T09:50:54,8.05,7.62,0.43
MENRES003404_0,2023-12-30T16:48:58,14.43,11.66,2.77
MENRES003404_3,2023-02-04T09:54:22,11.36,9.89,1.47
MENRES003406_1,2023-09-30T06:52:29,51.08,45.59,5.49
MENRES003406_5,2023-04-26T22:49:11,46.47,38.86,7.61
MENRES003407_1,2023-07-24T06:20:28,30.22,25.56,4.66
MENRES003407_3,2023-06-01T05:38:57,35.3,32.14,3.16
MENRES003407_4,2023-01-14T21:12:17,13.96,11.52,2.44
MENRES003408_4,2023-08-03T04:36:26,105.96,95.27,10.69
MENRES003408_6,2023-08-28T13:29:03,155.52,128.22,27.3
MENRES003408_8,2023-11-21T20:05:50,92.89,85.51,7.38
MENRES003408_11,2023-05-11T00:48:59,96.91,80.73,16.18
MENRES003408_13,2023-08-21T05:34:43,79.15,66.77,12.38
MENRES003408_14,2023-10-01T10:17:39,124.51,117.94,6.57
MENRES003408_17,2023-08-12T20:51:55,156.83,134.32,22.51
MENRES003409_1,2023-01-05T11:08:02,22.44,20.38,2.06
MENRES003409_2,2023-06-11T18:50:28,78.16,69.04,9.12
MENRES003409_5,2023-04-24T19:11:25,61.59,53.99,7.6
MENRES003409_6,2023-11-20T13:24:50,71.88,65.78,6.1
MENRES003409_11,2023-01-31T05:01:34,56.8,49.56,7.24
MENRES003409_13,2023-09-11T09:25:37,71.15,62.38,8.77
MENRES003409_15,2023-03-21T18:00:14,52.79,44.36,8.43
MENRES003410_0,2023-06-21T02:04:07,11.26,9.93,1.33
MENRES003410_1,2023-04-01T09:19:00,15.25,13.06,2.19
MENRES003410_4,2023-03-15T07:40:40,14.02,12.13,1.89
MENRES003410_7,2023-01-20T13:05:27,37.12,32.11,5.01
MENRES003410_12,2023-02-25T06:45:26,25.5,21.1,4.4
MENRES003411_2,2023-12-18T13:19:16,28.81,25.19,3.62
MENRES003411_9,2023-02-01T04:49:06,30.14,25.13,5.01
MENRES003411_10,2023-09-17T00:09:53,37.15,33.58,3.57
MENRES003412_1,2023-03-17T12:26:53,37.33,34.61,2.72
MENRES003412_2,2023-11-05T15:46:33,21.67,20.16,1.51
MENRES003412_8,2023-04-15T22:03:33,79.36,72.28,7.08
MENRES003412_11,2023-04-13T00:04:10,51.01,43.62,7.39
MENRES003413_5,2023-04-09T03:52:23,147.09,132.33,14.76
MENRES003413_6,2023-06-20T11:35:44,33.82,28.7,5.12
MENRES003414_1,2023-06-19T19:29:07,17.62,15.45,2.17
MENRES003414_3,2023-03-24T09:13:05,35.28,32.79,2.49
MENRES003415_4,2023-11-11T18:41:32,38.31,32.66,5.65
MENRES003415_9,2023-06-28T09:07:20,33.69,29.31,4.38
MENRES003415_10,2023-12-07T08:18:22,62.24,55.09,7.15
MENRES003416_2,2023-06-15T04:47:31,49.01,45.06,3.95
MENRES003416_9,2023-03-13T04:13:29,99.98,80.53,19.45
MENRES003416_11,2023-11-18T11:35:51,121.09,100.37,20.72
MENRES003416_14,2023-03-25T21:50:36,147.92,133.68,14.24
MENRES003418_6,2023-08-27T21:00:52,64.05,52.71,11.34
MENRES003418_11,2023-12-10T14:03:22,136.18,117.03,19.15
MENRES003418_12,2023-08-09T14:57:53,136.99,122.03,14.96
MENRES003418_15,2023-07-12T01:17:29,115.6,95.5,20.1
MENRES003419_1,2023-10-18T01:37:04,98.99,82.56,16.43
MENRES003419_6,2023-03-11T09:53:34,117.62,101.94,15.68
MENRES003419_8,2023-08-15T20:50:09,35.64,32.63,3.01
MENRES003420_2,2023-01-14T11:55:04,61.86,54.05,7.81
MENRES003420_5,2023-09-30T10:33:37,54.03,50.13,3.9
MENRES003420_6,2023-03-09T09:02:29,72.48,60.14,12.34
MENRES003420_8,2023-07-15T18:40:56,66.92,59.52,7.4
MENRES003420_9,2023-02-19T15:06:28,36.1,33.89,2.21
MENRES003420_10,2023-05-07T09:45:40,13.41,11.12,2.29
MENRES003420_11,2023-05-12T05:58:32,57.37,52.25,5.12
MENRES003420_15,2023-11-26T12:08:31,13.6,12.46,1.14
MENRES003420_16,2023-09-03T11:55:55,45.11,41.48,3.63
MENRES003421_1,2023-07-25T23:56:18,87.39,73.48,13.91
MENRES003421_4,2023-11-04T01:08:10,48.88,40.27,8.61
MENRES003421_9,2023-07-03T22:04:34,32.33,28.89,3.44
MENRES003423_1,2023-05-12T19:08:32,35.39,31.55,3.84
MENRES003423_2,2023-04-19T10:56:22,43.17,36.62,6.55
MENRES003423_5,2023-12-24T00:55:15,63.33,58.19,5.14
MENRES003423_14,2023-01-26T15:10:27,11.68,10.78,0.9
MENRES003423_15,2023-07-03T10:41:29,43.13,36.04,7.09
MENRES003423_16,2023-08-28T13:23:36,49.8,45.67,4.13
MENRES003423_19,2023-05-23T15:12:48,54.27,47.39,6.88
MENRES003425_2,2023-10-04T22:57:31,44.39,39.48,4.91
MENRES003425_5,2023-02-18T08:49:14,95.98,83.57,12.41
MENRES003425_6,2023-07-28T15:53:34,31.15,28.04,3.11
MENRES003425_8,2023-07-14T21:52:20,72.22,59.42,12.8
MENRES003427_2,2023-08-15T08:36:22,85.91,78.11,7.8
MENRES003427_6,2023-05-12T21:46:42,34.15,30.85,3.3
MENRES003427_7,2023-04-24T07:56:52,25.32,20.31,5.01
MENRES003428_2,2023-05-15T23:17:19,16.96,14.54,2.42
MENRES003428_4,2023-07-23T11:15:13,63.77,53.73,10.04
MENRES003428_7,2023-05-16T13:45:20,71.37,62.29,9.08
MENRES003429_0,2023-07-04T21:35:51,98.14,89.81,8.33
MENRES003429_9,2023-07-03T00:37:31,159.46,145.44,14.02
MENRES003430_0,2023-09-09T21:20:06,72.3,59.74,12.56
MENRES003430_1,2023-12-24T22:40:27,54.16,46.85,7.31
MENRES003430_3,2023-08-19T00:17:23,47.25,43.46,3.79
MENRES003430_5,2023-12-11T14:42:57,76.74,72.56,4.18
MENRES003430_7,2023-03-03T00:59:06,60.78,50.59,10.19
MENRES003431_8,2023-12-19T05:43:05,17.09,16.08,1.01
MENRES003431_9,2023-09-17T19:06:23,7.9,7.21,0.69
MENRES003431_10,2023-08-01T15:07:54,22.34,20.39,1.95
MENRES003431_11,2023-06-14T02:07:09,30.18,25.38,4.8
MENRES003431_14,2023-11-04T01:05:10,24.01,20.32,3.69
MENRES003432_1,2023-04-04T16:44:12,45.05,40.01,5.04
MENRES003432_4,2023-02-27T10:00:21,33.0,30.61,2.39
MENRES003432_8,2023-04-01T10:54:45,36.56,30.9,5.66
MENRES003432_11,2023-03-08T14:54:49,20.53,16.66,3.87
MENRES003432_12,2023-06-10T05:46:02,16.59,13.3,3.29
MENRES003432_14,2023-09-17T07:24:27,53.53,47.12,6.41
MENRES003433_2,2023-10-20T00:43:42,42.94,34.6,8.34
MENRES003433_5,2023-09-11T13:54:54,46.91,39.09,7.82
MENRES003433_6,2023-08-09T08:18:06,21.39,18.65,2.74
MENRES003433_12,2023-05-17T09:53:05,87.91,75.83,12.08
MENRES003433_15,2023-08-29T04:39:15,21.55,19.69,1.86
MENRES003433_17,2023-09-21T05:54:41,64.52,61.18,3.34
MENRES003434_2,2023-11-18T14:22:25,97.37,90.83,6.54
MENRES003434_4,2023-09-13T20:31:27,38.7,33.75,4.95
MENRES003434_7,2023-01-27T16:50:17,49.44,39.93,9.51
MENRES003434_10,2023-12-14T14:34:42,39.93,34.68,5.25
MENRES003434_16,2023-10-30T15:07:10,114.7,107.37,7.33
MENRES003434_17,2023-02-14T22:19:54,21.58,20.11,1.47
MENRES003435_3,2023-11-09T22:50:36,69.0,55.51,13.49
MENRES003435_7,2023-04-26T05:35:03,152.47,144.46,8.01
MENRES003435_10,2023-04-09T01:13:08,59.39,54.2,5.19
MENRES003435_12,2023-03-07T06:54:17,53.15,43.36,9.79
MENRES003436_2,2023-10-10T09:31:36,12.65,10.3,2.35
MENRES003436_4,2023-07-10T17:17:01,29.45,25.99,3.46
MENRES003436_5,2023-06-01T20:43:03,20.67,18.2,2.47
MENRES003436_10,2023-07-05T10:14:52,21.84,19.42,2.42
MENRES003436_12,2023-01-09T09:56:58,33.62,30.39,3.23
MENRES003437_0,2023-03-05T00:00:19,41.08,36.13,4.95
MENRES003437_2,2023-12-09T18:28:35,20.32,16.58,3.74
MENRES003437_5,2023-05-24T14:15:23,12.63,10.27,2.36
MENRES003437_8,2023-10-08T03:35:19,64.11,58.98,5.13
MENRES003437_9,2023-12-12T09:11:14,23.33,20.95,2.38
MENRES003437_11,2023-08-01T16:52:28,35.33,31.96,3.37
MENRES003438_0,2023-02-09T16:21:37,75.56,60.53,15.03
MENRES003438_5,2023-12-27T08:55:57,21.43,18.62,2.81
MENRES003438_6,2023-01-08T06:17:51,122.54,100.81,21.73
MENRES003438_7,2023-02-27T14:35:03,148.44,136.64,11.8
MENRES003438_9,2023-04-26T13:40:06,59.99,53.59,6.4
MENRES003439_6,2023-06-04T19:21:48,45.9,41.92,3.98
MENRES003439_9,2023-10-20T22:36:11,23.17,21.65,1.52
MENRES003439_11,2023-12-26T01:08:00,109.56,97.44,12.12
MENRES003439_12,2023-08-08T20:31:04,64.98,55.5,9.48
MENRES003439_13,2023-01-31T04:30:19,59.68,56.65,3.03
MENRES003440_6,2023-07-31T09:00:03,83.88,73.96,9.92
MENRES003440_7,2023-10-29T17:51:19,87.43,81.78,5.65
MENRES003441_0,2023-12-26T22:08:37,58.06,55.11,2.95
MENRES003441_1,2023-07-19T03:53:22,54.96,47.6,7.36
MENRES003441_10,2023-11-29T12:39:12,155.99,136.92,19.07
MENRES003441_12,2023-07-12T18:55:13,43.76,36.52,7.24
MENRES003441_15,2023-02-27T12:51:28,67.53,56.54,10.99
MENRES003441_16,2023-09-23T18:50:02,40.74,38.64,2.1
MENRES003442_0,2023-12-17T06:07:06,53.64,47.48,6.16
MENRES003442_1,2023-01-14T18:37:13,64.66,61.04,3.62
MENRES003442_2,2023-07-05T21:39:41,125.29,116.33,8.96
MENRES003443_0,2023-01-29T03:03:08,12.86,11.34,1.52
MENRES003443_3,2023-07-29T10:20:36,30.02,28.23,1.79
MENRES003443_7,2023-06-07T12:02:04,16.88,15.9,0.98
MENRES003443_8,2023-01-16T11:10:07,36.98,34.33,2.65
MENRES003443_9,2023-11-25T07:01:11,24.22,21.53,2.69
MENRES003443_10,2023-03-03T13:24:55,9.6,7.8,1.8
MENRES003444_1,2023-11-21T00:58:59,130.43,105.75,24.68
MENRES003444_6,2023-05-20T14:23:19,100.98,82.48,18.5
MENRES003444_15,2023-07-08T06:47:58,153.19,136.28,16.91
MENRES003445_3,2023-03-22T01:25:49,23.95,21.61,2.34
MENRES003445_5,2023-12-15T10:34:00,61.6,50.42,11.18
MENRES003445_6,2023-05-05T04:28:01,49.32,44.09,5.23
MENRES003446_3,2023-10-14T07:03:39,47.56,42.95,4.61
MENRES003446_6,2023-01-22T20:01:04,82.95,66.49,16.46
MENRES003446_8,2023-02-27T23:55:55,79.43,67.35,12.08
MENRES003447_1,2023-11-18T11:24:31,16.27,15.14,1.13
MENRES003447_2,2023-06-08T14:07:02,62.06,50.0,12.06
MENRES003447_3,2023-11-21T01:53:20,71.85,58.95,12.9
MENRES003447_5,2023-07-25T21:15:18,43.74,37.37,6.37
MENRES003448_1,2023-12-18T05:15:41,11.43,10.03,1.4
MENRES003448_4,2023-03-07T19:54:08,17.08,15.67,1.41
MENRES003448_5,2023-09-03T12:37:31,6.09,5.56,0.53
MENRES003448_10,2023-04-08T09:39:05,17.96,15.09,2.87
MENRES003448_15,2023-05-21T00:17:08,8.9,7.45,1.45
MENRES003449_4,2023-02-22T03:34:05,18.42,17.05,1.37
MENRES003449_6,2023-11-05T11:00:15,20.23,18.64,1.59
MENRES003449_7,2023-08-30T17:44:24,28.83,23.79,5.04
MENRES003449_11,2023-05-02T12:07:07,24.92,22.84,2.08
MENRES003450_0,2023-08-27T07:54:14,42.69,35.77,6.92
MENRES003450_4,2023-12-13T01:21:32,10.82,9.95,0.87
MENRES003450_5,2023-06-09T13:47:38,27.19,24.83,2.36
MENRES003450_8,2023-05-31T02:57:06,45.01,41.3,3.71
MENRES003450_10,2023-03-31T15:02:48,37.97,30.9,7.07
MENRES003451_3,2023-04-29T04:51:12,41.78,35.1,6.68
MENRES003451_6,2023-10-22T15:03:20,44.68,36.19,8.49
MENRES003452_2,2023-12-26T01:21:53,134.13,123.04,11.09
MENRES003452_3,2023-06-22T17:55:23,133.81,108.34,25.47
MENRES003452_8,2023-07-03T05:51:06,89.95,80.88,9.07
MENRES003452_9,2023-10-02T08:54:00,63.71,59.94,3.77
MENRES003452_12,2023-06-12T09:44:35,103.47,96.89,6.58
MENRES003452_14,2023-01-08T06:53:32,143.58,116.28,27.3
MENRES003452_16,2023-01-11T08:19:42,159.77,151.08,8.69
MENRES003452_17,2023-11-01T23:12:37,127.37,120.64,6.73
MENRES003453_0,2023-11-09T01:12:04,29.32,27.39,1.93
MENRES003453_1,2023-11-03T17:29:58,38.54,36.53,2.01
MENRES003453_3,2023-08-13T00:40:53,23.66,18.96,4.7
MENRES003453_4,2023-03-30T23:53:14,16.38,13.91,2.47
MENRES003453_8,2023-11-25T19:47:11,38.67,34.32,4.35
MENRES003453_14,2023-04-16T23:49:42,14.34,12.58,1.76
MENRES003454_0,2023-08-22T02:33:49,112.36,101.68,10.68
MENRES003454_3,2023-10-18T02:55:08,27.61,22.43,5.18
MENRES003454_4,2023-04-07T08:48:34,20.98,16.85,4.13
MENRES003454_5,2023-12-06T20:20:15,140.14,114.22,25.92
MENRES003454_8,2023-03-23T22:31:57,122.4,111.6,10.8
MENRES003454_11,2023-02-11T02:39:43,40.11,36.19,3.92
MENRES003454_16,2023-01-23T12:43:19,81.24,71.04,10.2
MENRES003454_19,2023-05-31T22:00:30,110.74,90.71,20.03
MENRES003455_0,2023-05-11T05:53:28,100.04,85.81,14.23
MENRES003455_1,2023-04-15T01:54:12,84.07,72.83,11.24
MENRES003455_5,2023-09-26T10:45:47,95.65,85.98,9.67
MENRES003455_12,2023-11-17T06:27:01,87.31,78.75,8.56
MENRES003456_1,2023-06-26T22:34:06,110.83,98.02,12.81
MENRES003456_2,2023-06-16T14:29:49,61.04,57.36,3.68
MENRES003456_3,2023-08-24T05:57:31,113.63,105.97,7.66
MENRES003456_4,2023-06-24T02:10:27,110.01,101.95,8.06
MENRES003457_5,2023-10-05T00:44:58,57.14,50.08,7.06
MENRES003457_11,2023-09-25T21:08:09,45.19,41.02,4.17
MENRES003458_0,2023-02-19T19:50:36,22.14,17.9,4.24
MENRES003458_1,2023-03-16T01:15:31,43.72,35.77,7.95
MENRES003458_2,2023-09-03T19:42:14,16.13,14.94,1.19
MENRES003458_3,2023-04-11T15:06:02,43.59,36.82,6.77
MENRES003458_4,2023-12-11T19:13:50,70.54,57.43,13.11
MENRES003458_5,2023-02-19T08:59:31,20.86,18.83,2.03
MENRES003459_0,2023-07-28T22:54:26,33.59,27.6,5.99
MENRES003459_1,2023-10-11T03:41:23,20.4,18.05,2.35
MENRES003459_2,2023-12-30T17:40:03,12.19,10.16,2.03
MENRES003459_10,2023-02-03T14:31:52,30.43,27.71,2.72
MENRES003459_11,2023-08-29T02:05:15,13.11,10.64,2.47
MENRES003459_13,2023-05-29T23:42:44,33.68,29.54,4.14
MENRES003460_1,2023-12-17T04:18:15,113.14,101.06,12.08
MENRES003460_2,2023-05-06T19:18:18,40.65,35.89,4.76
MENRES003460_10,2023-01-03T21:46:45,77.25,66.84,10.41
MENRES003460_11,2023-10-12T02:26:35,48.22,41.24,6.98
MENRES003460_13,2023-09-04T22:48:19,58.75,54.54,4.21
MENRES003461_1,2023-08-10T01:37:53,95.61,86.76,8.85
MENRES003461_4,2023-04-05T05:55:11,57.02,49.65,7.37
MENRES003461_11,2023-03-14T14:09:53,29.87,27.11,2.76
MENRES003461_13,2023-03-21T15:33:56,45.65,37.39,8.26
MENRES003461_18,2023-05-15T20:26:00,27.54,22.93,4.61
MENRES003462_1,2023-10-08T01:20:39,31.96,25.68,6.28
MENRES003462_2,2023-05-10T18:48:49,15.85,13.59,2.26
MENRES003462_3,2023-06-04T10:55:00,19.85,18.75,1.1
MENRES003462_4,2023-03-31T18:27:47,13.1,11.2,1.9
MENRES003462_5,2023-10-08T05:22:50,39.59,36.92,2.67
MENRES003462_6,2023-01-12T00:37:48,20.7,16.95,3.75
MENRES003462_7,2023-03-19T01:17:45,5.87,5.24,0.63
MENRES003462_9,2023-08-03T19:14:19,33.95,27.17,6.78
MENRES003462_11,2023-11-10T02:40:50,35.77,32.48,3.29
MENRES003463_4,2023-03-19T05:10:45,20.31,18.5,1.81
MENRES003463_8,2023-07-18T10:39:48,48.17,41.22,6.95
MENRES003463_10,2023-12-07T13:48:58,12.28,11.3,0.98
MENRES003463_16,2023-11-14T15:57:19,27.78,22.31,5.47
MENRES003463_17,2023-06-12T07:45:04,34.11,27.81,6.3
MENRES003464_1,2023-08-26T03:43:48,17.06,14.68,2.38
MENRES003464_3,2023-11-13T18:28:26,106.0,90.42,15.58
MENRES003464_5,2023-02-27T07:18:26,114.91,101.43,13.48
MENRES003465_1,2023-07-27T17:53:09,27.08,24.97,2.11
MENRES003465_2,2023-01-23T22:15:44,47.04,42.63,4.41
MENRES003465_3,2023-09-08T11:17:43,65.07,61.66,3.41
MENRES003465_4,2023-04-22T14:33:09,110.51,99.49,11.02
MENRES003465_5,2023-12-17T05:14:07,37.98,35.31,2.67
MENRES003465_6,2023-04-26T02:29:20,42.1,36.95,5.15
MENRES003466_3,2023-08-24T19:28:43,25.77,22.95,2.82
MENRES003466_5,2023-05-11T19:53:48,38.64,34.26,4.38
MENRES003467_3,2023-12-17T08:17:09,64.85,57.83,7.02
MENRES003467_5,2023-06-10T09:36:52,16.09,13.72,2.37
MENRES003467_7,2023-08-03T03:25:57,50.93,44.72,6.21
MENRES003468_0,2023-09-11T13:55:59,47.11,39.07,8.04
MENRES003468_1,2023-05-15T22:10:50,58.68,53.87,4.81
MENRES003468_9,2023-10-01T14:16:20,75.35,70.21,5.14
MENRES003469_0,2023-05-24T02:38:18,9.03,8.5,0.53
MENRES003469_1,2023-08-14T19:33:19,8.72,7.07,1.65
MENRES003469_4,2023-01-05T13:05:42,25.85,24.14,1.71
MENRES003469_7,2023-05-20T11:16:14,21.44,20.19,1.25
MENRES003469_8,2023-09-06T09:44:44,27.93,23.73,4.2
MENRES003469_10,2023-03-22T20:00:50,34.08,28.3,5.78
MENRES003469_14,2023-12-30T01:22:40,18.22,16.59,1.63
MENRES003470_3,2023-12-17T22:59:45,112.99,92.97,20.02
MENRES003471_4,2023-03-05T13:28:09,38.91,36.87,2.04
MENRES003471_6,2023-04-14T22:39:39,14.15,13.37,0.78
MENRES003471_7,2023-11-11T04:26:04,32.38,27.62,4.76
MENRES003471_10,2023-11-06T04:19:43,37.68,34.0,3.68
MENRES003472_0,2023-04-10T23:02:21,11.76,10.62,1.14
MENRES003472_2,2023-09-25T17:16:49,24.72,21.5,3.22
MENRES003472_5,2023-03-22T00:27:01,31.44,28.48,2.96
MENRES003472_9,2023-04-22T12:45:58,21.36,17.43,3.93
MENRES003473_7,2023-01-10T17:16:58,38.17,31.52,6.65
MENRES003473_8,2023-07-27T15:34:00,59.7,53.29,6.41
MENRES003473_12,2023-02-13T21:23:04,38.69,33.9,4.79
MENRES003473_14,2023-08-13T19:40:14,30.05,25.51,4.54
MENRES003473_15,2023-05-31T08:50:19,49.62,43.12,6.5
MENRES003473_19,2023-04-03T19:07:35,12.21,11.24,0.97
MENRES003474_2,2023-05-31T22:25:56,13.78,11.56,2.22
MENRES003474_4,2023-05-31T08:29:48,43.86,37.43,6.43
MENRES003474_7,2023-04-13T17:03:41,43.96,36.79,7.17
MENRES003474_8,2023-10-07T05:58:04,77.16,62.94,14.22
MENRES003475_2,2023-11-23T12:24:17,30.83,27.07,3.76
MENRES003476_0,2023-01-27T09:04:38,63.46,52.35,11.11
MENRES003476_4,2023-12-03T07:02:28,47.9,44.11,3.79
MENRES003476_5,2023-11-19T08:53:06,48.82,39.95,8.87
MENRES003476_6,2023-10-06T07:33:55,43.91,37.88,6.03
MENRES003476_7,2023-03-13T00:07:45,12.01,10.99,1.02
MENRES003477_3,2023-06-20T23:11:35,101.11,92.1,9.01
MENRES003477_5,2023-11-12T15:20:24,79.32,70.14,9.18
MENRES003477_7,2023-05-15T16:48:43,106.34,100.15,6.19
MENRES003477_8,2023-03-10T10:00:44,27.01,21.64,5.37
MENRES003478_0,2023-03-03T00:55:50,47.42,38.44,8.98
MENRES003479_4,2023-09-09T07:25:16,36.24,29.37,6.87
MENRES003479_5,2023-04-21T01:17:32,32.15,30.51,1.64
MENRES003479_8,2023-04-30T22:29:24,6.3,5.93,0.37
MENRES003480_0,2023-12-19T14:49:34,24.24,19.63,4.61
MENRES003480_1,2023-02-01T14:05:19,9.61,8.46,1.15
MENRES003480_3,2023-06-18T20:14:29,26.28,22.31,3.97
MENRES003480_4,2023-09-12T01:59:08,7.72,6.51,1.21
MENRES003480_11,2023-11-02T09:06:15,35.5,28.88,6.62
MENRES003481_0,2023-01-14T01:18:46,32.88,29.18,3.7
MENRES003482_0,2023-12-03T09:02:17,7.64,6.24,1.4
MENRES003482_1,2023-02-21T04:54:09,14.04,13.25,0.79
MENRES003482_9,2023-05-04T02:48:58,5.57,4.6,0.97
MENRES003482_10,2023-10-23T21:56:07,35.53,30.97,4.56
MENRES003482_12,2023-08-16T06:58:34,22.42,20.99,1.43
MENRES003484_1,2023-11-23T18:06:36,113.53,95.41,18.12
MENRES003484_8,2023-09-09T09:12:05,42.41,36.94,5.47
MENRES003484_9,2023-04-27T08:39:00,97.93,86.62,11.31
MENRES003484_12,2023-06-26T12:00:39,95.11,78.56,16.55
MENRES003484_13,2023-08-03T00:23:53,67.33,59.45,7.88
MENRES003484_15,2023-10-11T12:15:37,53.0,48.02,4.98
MENRES003484_17,2023-06-19T11:07:38,108.77,87.57,21.2
MENRES003485_1,2023-04-19T02:31:01,81.29,75.94,5.35
MENRES003485_4,2023-02-09T15:10:05,39.6,32.66,6.94
MENRES003485_8,2023-10-02T22:05:42,31.71,25.5,6.21
MENRES003485_10,2023-12-04T01:45:27,110.46,88.6,21.86
MENRES003486_3,2023-07-07T08:50:56,61.13,54.77,6.36
MENRES003486_4,2023-11-25T09:20:06,19.65,17.06,2.59
MENRES003486_5,2023-05-21T21:17:41,48.67,45.87,2.8
MENRES003486_6,2023-04-10T16:53:19,44.9,40.98,3.92
MENRES003486_9,2023-12-06T18:26:58,21.48,18.24,3.24
MENRES003486_13,2023-11-15T16:09:10,55.11,47.56,7.55
MENRES003487_0,2023-05-23T01:02:41,48.09,40.98,7.11
MENRES003487_5,2023-08-12T17:03:48,124.66,104.97,19.69
MENRES003487_9,2023-06-25T07:17:52,140.38,117.07,23.31
MENRES003487_10,2023-08-30T01:28:19,24.58,22.86,1.72
MENRES003487_12,2023-12-17T08:10:21,101.96,90.86,11.1
MENRES003487_17,2023-11-04T03:27:37,126.99,114.37,12.62
MENRES003488_3,2023-11-19T10:30:33,119.86,103.37,16.49
MENRES003488_7,2023-12-16T18:34:58,43.22,36.57,6.65
MENRES003488_8,2023-06-10T19:11:12,94.31,82.01,12.3
MENRES003488_9,2023-07-03T21:51:45,75.68,61.84,13.84
MENRES003489_2,2023-03-11T18:38:52,43.61,38.4,5.21
MENRES003489_5,2023-08-20T06:24:56,63.97,53.22,10.75
MENRES003490_1,2023-08-16T21:13:29,24.62,22.75,1.87
MENRES003490_7,2023-04-22T15:07:50,11.78,9.76,2.02
MENRES003490_8,2023-08-31T14:09:56,10.62,10.05,0.57
MENRES003490_15,2023-05-27T00:12:17,21.69,18.43,3.26
MENRES003490_16,2023-12-14T23:43:04,26.8,24.51,2.29
MENRES003491_4,2023-12-16T17:55:59,76.02,62.68,13.34
MENRES003491_8,2023-06-12T12:08:14,18.92,16.15,2.77
MENRES003491_11,2023-01-01T16:16:04,74.44,63.04,11.4
MENRES003492_4,2023-05-28T22:51:41,48.94,40.51,8.43
MENRES003492_6,2023-07-23T03:03:33,51.06,46.84,4.22
MENRES003492_8,2023-08-01T17:30:48,63.28,51.43,11.85
MENRES003492_11,2023-12-16T16:17:52,30.27,25.01,5.26
MENRES003492_12,2023-02-26T15:22:30,71.55,66.78,4.77
MENRES003493_3,2023-03-29T10:47:01,66.0,55.08,10.92
MENRES003493_4,2023-04-14T10:46:31,116.19,105.25,10.94
MENRES003493_6,2023-03-17T07:44:10,131.55,120.3,11.25
MENRES003494_4,2023-12-03T22:54:06,44.28,39.55,4.73
MENRES003494_10,2023-07-31T18:46:50,38.74,36.0,2.74
MENRES003494_11,2023-07-07T13:48:32,24.75,23.49,1.26
MENRES003495_2,2023-03-06T12:29:59,92.32,82.97,9.35
MENRES003495_3,2023-06-19T22:58:38,145.08,124.51,20.57
MENRES003495_11,2023-02-25T00:34:55,54.18,50.68,3.5
MENRES003495_12,2023-11-13T03:35:44,125.59,105.06,20.53
MENRES003495_13,2023-02-13T02:42:58,70.44,65.5,4.94
MENRES003496_0,2023-09-01T20:21:59,36.47,30.28,6.19
MENRES003496_2,2023-01-25T16:22:57,37.76,32.19,5.57
MENRES003496_3,2023-07-22T23:11:43,7.36,6.48,0.88
MENRES003497_0,2023-02-07T12:08:02,115.78,107.27,8.51
MENRES003497_2,2023-12-10T00:06:32,122.45,105.69,16.76
MENRES003497_3,2023-05-28T02:29:59,37.57,35.0,2.57
MENRES003497_5,2023-10-10T03:28:10,82.48,76.43,6.05
MENRES003497_11,2023-07-10T17:54:19,121.42,104.05,17.37
MENRES003497_13,2023-08-14T17:03:42,116.08,103.38,12.7
MENRES003497_15,2023-08-10T23:04:52,65.62,56.59,9.03
MENRES003497_16,2023-02-05T20:24:31,42.94,35.43,7.51
MENRES003498_0,2023-03-14T00:30:37,27.1,23.27,3.83
MENRES003498_2,2023-07-28T03:27:37,39.96,35.4,4.56
MENRES003498_8,2023-02-21T13:08:53,21.68,18.87,2.81
MENRES003498_14,2023-02-28T02:54:22,81.64,75.92,5.72
MENRES003498_15,2023-03-26T03:41:04,72.54,62.47,10.07
MENRES003499_2,2023-09-09T22:02:59,96.26,83.79,12.47
MENRES003499_4,2023-04-15T11:08:22,69.14,62.87,6.27
MENRES003500_1,2023-12-22T18:10:46,111.25,99.81,11.44
MENRES003500_4,2023-01-21T17:09:14,147.69,140.28,7.41
MENRES003500_7,2023-10-13T20:34:35,99.55,88.31,11.24
MENRES003500_11,2023-04-12T21:55:55,115.81,92.78,23.03
MENRES003500_13,2023-03-30T18:43:49,60.3,54.69,5.61
MENRES003500_14,2023-12-29T11:32:50,67.88,59.97,7.91
MENRES003500_16,2023-06-05T19:33:12,116.28,94.56,21.72
MENRES003501_2,2023-07-11T23:12:27,7.53,7.09,0.44
MENRES003501_6,2023-07-09T07:35:59,32.35,29.13,3.22
MENRES003502_1,2023-11-15T11:01:41,49.16,40.07,9.09
MENRES003502_8,2023-10-17T16:25:09,40.61,32.64,7.97
MENRES003502_9,2023-07-30T09:46:39,27.73,23.39,4.34
MENRES003502_10,2023-10-12T19:46:36,95.2,87.99,7.21
MENRES003503_0,2023-07-15T14:47:54,43.74,40.2,3.54
MENRES003503_1,2023-05-24T09:19:48,94.32,77.58,16.74
MENRES003503_8,2023-09-02T04:08:38,40.57,34.43,6.14
MENRES003503_10,2023-06-11T22:49:37,39.54,36.98,2.56
MENRES003504_1,2023-10-03T12:33:05,24.67,20.13,4.54
MENRES003504_2,2023-02-10T04:54:39,49.11,42.73,6.38
MENRES003504_3,2023-01-18T02:27:29,52.3,45.3,7.0
MENRES003504_5,2023-02-12T00:38:17,67.91,62.71,5.2
MENRES003504_6,2023-03-27T22:32:07,16.61,14.19,2.42
MENRES003504_7,2023-02-12T08:03:29,43.78,38.48,5.3
MENRES003504_9,2023-08-15T16:03:40,59.41,47.9,11.51
MENRES003504_11,2023-02-15T11:51:34,49.73,44.61,5.12
MENRES003505_2,2023-06-20T20:15:50,32.16,25.9,6.26
MENRES003505_5,2023-01-11T19:37:21,9.12,7.48,1.64
MENRES003505_7,2023-09-21T13:40:45,33.36,27.1,6.26
MENRES003505_9,2023-07-15T23:11:23,11.27,10.06,1.21
MENRES003506_3,2023-10-04T04:41:39,12.79,11.59,1.2
MENRES003506_4,2023-10-31T00:48:01,26.64,22.95,3.69
MENRES003506_5,2023-04-18T15:34:35,16.52,13.53,2.99
MENRES003506_9,2023-05-26T20:23:14,14.1,12.81,1.29
MENRES003507_4,2023-03-28T01:12:32,40.02,33.2,6.82
MENRES003508_0,2023-01-06T07:40:13,73.9,59.92,13.98
MENRES003508_1,2023-03-03T09:46:56,44.1,41.7,2.4
MENRES003508_4,2023-09-10T06:34:08,29.34,26.71,2.63
MENRES003508_5,2023-09-06T20:48:21,31.85,27.11,4.74
MENRES003508_6,2023-01-16T11:40:07,79.72,74.44,5.28
MENRES003508_9,2023-02-06T17:35:53,35.55,29.25,6.3
MENRES003508_12,2023-01-30T03:41:43,42.49,37.97,4.52
MENRES003508_13,2023-11-06T07:18:39,20.22,16.63,3.59
MENRES003509_1,2023-07-29T21:14:31,43.56,40.88,2.68
MENRES003509_7,2023-07-03T09:31:28,67.5,54.88,12.62
MENRES003509_9,2023-02-04T07:37:35,22.44,18.45,3.99
MENRES003510_2,2023-10-11T03:09:30,103.09,97.03,6.06
MENRES003510_7,2023-06-01T19:54:31,64.79,57.51,7.28
MENRES003510_10,2023-10-27T22:33:53,53.03,48.36,4.67
MENRES003510_11,2023-01-05T10:34:40,112.25,95.13,17.12
MENRES003511_0,2023-12-23T05:32:01,24.15,22.38,1.77
MENRES003511_2,2023-04-05T20:12:02,20.45,18.24,2.21
MENRES003511_4,2023-08-12T21:48:37,8.73,7.57,1.16
MENRES003511_5,2023-10-02T10:28:02,8.23,6.66,1.57
MENRES003511_8,2023-03-20T02:55:27,14.17,12.46,1.71
MENRES003511_13,2023-12-12T16:46:49,23.17,19.84,3.33
MENRES003512_0,2023-04-15T01:02:42,74.24,67.19,7.05
MENRES003512_6,2023-12-03T09:35:31,101.07,90.2,10.87
MENRES003512_11,2023-04-04T04:02:08,50.79,46.97,3.82
MENRES003513_0,2023-10-26T13:44:22,12.13,10.08,2.05
MENRES003513_2,2023-11-15T18:27:22,25.74,21.27,4.47
MENRES003514_11,2023-03-07T23:35:07,39.95,36.24,3.71
MENRES003515_1,2023-04-19T00:22:57,70.65,58.62,12.03
MENRES003515_2,2023-08-22T03:08:35,77.92,64.33,13.59
MENRES003515_5,2023-01-30T08:52:24,138.83,111.39,27.44
MENRES003515_8,2023-04-22T07:31:40,57.57,54.22,3.35
MENRES003515_9,2023-11-12T15:15:38,30.76,27.33,3.43
MENRES003515_10,2023-06-19T10:50:47,37.96,30.66,7.3
MENRES003516_0,2023-08-25T18:00:13,16.37,14.62,1.75
MENRES003516_1,2023-02-03T00:44:06,55.97,50.37,5.6
MENRES003516_2,2023-10-13T13:58:24,27.29,25.39,1.9
MENRES003516_3,2023-06-24T09:43:15,15.36,14.28,1.08
MENRES003517_5,2023-01-02T23:12:38,49.67,41.74,7.93
MENRES003518_5,2023-02-14T00:24:02,73.46,59.55,13.91
MENRES003518_6,2023-12-06T17:46:41,32.3,30.24,2.06
MENRES003518_7,2023-03-01T10:59:27,53.46,47.75,5.71
MENRES003518_9,2023-08-14T06:12:57,77.0,71.38,5.62
MENRES003518_12,2023-03-10T08:28:11,36.13,32.37,3.76
MENRES003518_15,2023-04-24T11:13:42,84.24,76.22,8.02
MENRES003519_3,2023-10-18T12:02:13,23.51,21.49,2.02
MENRES003519_4,2023-05-31T14:43:22,28.68,24.9,3.78
MENRES003519_7,2023-05-10T14:13:09,34.8,29.25,5.55
MENRES003519_12,2023-12-24T18:13:31,39.49,32.27,7.22
MENRES003519_13,2023-08-19T07:41:54,33.39,27.57,5.82
MENRES003519_14,2023-05-17T05:53:59,13.31,11.36,1.95
MENRES003520_3,2023-10-07T01:31:55,77.15,66.45,10.7
MENRES003520_6,2023-10-09T03:26:09,77.2,65.4,11.8
MENRES003520_7,2023-12-22T01:19:22,44.1,36.54,7.56
MENRES003521_0,2023-02-01T14:44:26,46.94,44.06,2.88
MENRES003521_1,2023-07-26T04:23:20,87.77,83.06,4.71
MENRES003521_2,2023-11-14T19:42:32,55.87,51.93,3.94
MENRES003521_3,2023-03-19T21:05:32,111.37,101.96,9.41
MENRES003521_4,2023-08-11T23:36:30,36.78,30.55,6.23
MENRES003521_8,2023-02-09T03:48:14,19.21,15.99,3.22
MENRES003521_10,2023-09-28T04:08:44,107.56,87.53,20.03
MENRES003521_14,2023-11-30T13:16:49,56.57,45.43,11.14
MENRES003522_3,2023-03-29T11:42:58,63.39,56.93,6.46
MENRES003522_5,2023-08-13T15:51:16,39.02,34.69,4.33
MENRES003523_0,2023-01-03T18:28:13,97.17,91.35,5.82
MENRES003523_1,2023-06-28T17:10:08,67.14,59.94,7.2
MENRES003523_2,2023-12-15T22:39:09,145.73,127.21,18.52
MENRES003523_7,2023-05-22T08:01:35,137.2,127.19,10.01
MENRES003524_1,2023-04-18T00:39:07,26.64,25.01,1.63
MENRES003525_2,2023-05-21T23:17:13,8.22,7.53,0.69
MENRES003525_3,2023-12-05T05:24:45,30.53,25.14,5.39
MENRES003526_2,2023-11-10T08:20:32,56.18,48.18,8.0
MENRES003527_0,2023-02-01T12:18:48,78.58,67.31,11.27
MENRES003527_3,2023-02-18T16:26:19,45.41,36.9,8.51
MENRES003527_7,2023-10-18T03:17:21,13.1,11.32,1.78
MENRES003528_0,2023-12-27T16:40:15,66.31,56.92,9.39
MENRES003528_1,2023-01-11T20:17:22,68.58,56.52,12.06
MENRES003528_2,2023-10-22T17:23:52,98.66,87.91,10.75
MENRES003528_4,2023-10-06T01:34:39,67.75,58.64,9.11
MENRES003528_5,2023-06-18T04:16:38,115.25,108.87,6.38
MENRES003529_0,2023-04-09T11:29:00,30.54,27.31,3.23
MENRES003529_2,2023-11-08T09:33:27,9.34,7.82,1.52
MENRES003529_3,2023-09-30T17:01:29,23.33,20.11,3.22
MENRES003529_7,2023-05-23T05:42:10,18.35,14.71,3.64
MENRES003529_8,2023-12-22T21:01:18,21.59,19.55,2.04
MENRES003529_9,2023-08-18T15:01:35,11.55,10.32,1.23
MENRES003529_10,2023-06-18T02:49:47,27.21,25.8,1.41
MENRES003529_17,2023-12-25T23:24:59,7.03,5.83,1.2
MENRES003530_2,2023-04-30T13:06:17,141.92,117.34,24.58
MENRES003530_5,2023-03-14T12:14:26,43.38,39.46,3.92
MENRES003530_7,2023-07-20T15:12:19,122.96,107.54,15.42
MENRES003530_10,2023-06-03T10:31:29,26.32,24.98,1.34
MENRES003530_11,2023-04-17T13:43:36,86.39,71.29,15.1
MENRES003531_0,2023-09-21T10:51:23,40.77,32.78,7.99
MENRES003531_4,2023-04-09T14:51:02,65.0,56.88,8.12
MENRES003532_1,2023-06-08T21:51:00,16.36,15.29,1.07
MENRES003532_3,2023-10-11T02:19:07,39.6,37.12,2.48
MENRES003532_5,2023-12-08T16:24:59,19.16,15.35,3.81
MENRES003532_6,2023-10-04T18:43:28,25.47,22.53,2.94
MENRES003533_2,2023-02-27T01:19:58,29.21,26.3,2.91
MENRES003533_3,2023-10-18T20:48:39,22.58,20.78,1.8
MENRES003533_6,2023-03-21T21:55:23,21.98,18.39,3.59
MENRES003534_3,2023-12-20T13:14:33,8.64,7.75,0.89
MENRES003534_6,2023-05-07T21:55:33,37.64,31.88,5.76
MENRES003535_2,2023-07-19T09:16:10,51.98,47.38,4.6
MENRES003535_3,2023-05-29T05:39:33,36.83,31.59,5.24
MENRES003535_7,2023-03-22T04:29:13,40.97,35.13,5.84
MENRES003535_8,2023-01-30T04:31:03,74.15,64.65,9.5
MENRES003535_14,2023-01-18T20:57:51,64.34,54.59,9.75
MENRES003536_4,2023-08-30T10:05:16,59.85,55.03,4.82
MENRES003537_0,2023-10-17T16:42:30,46.67,39.03,7.64
MENRES003537_7,2023-01-18T08:55:26,116.96,99.06,17.9
MENRES003537_9,2023-09-15T14:54:13,77.55,65.06,12.49
MENRES003538_6,2023-06-17T06:39:14,124.57,100.23,24.34
MENRES003538_9,2023-12-22T15:57:57,127.49,110.52,16.97
MENRES003538_10,2023-02-11T07:39:13,138.17,113.17,25.0
MENRES003539_0,2023-05-20T21:51:42,67.74,62.01,5.73
MENRES003539_3,2023-08-18T15:58:13,64.53,52.67,11.86
MENRES003539_4,2023-02-27T22:26:01,40.1,36.68,3.42
MENRES003539_5,2023-02-17T03:42:21,95.13,87.0,8.13
MENRES003539_13,2023-09-26T00:48:38,41.58,34.85,6.73
MENRES003540_4,2023-06-10T11:40:09,77.92,69.1,8.82
MENRES003540_5,2023-06-25T07:59:19,52.94,49.55,3.39
MENRES003540_8,2023-06-28T04:40:12,36.5,29.2,7.3
MENRES003540_9,2023-01-21T15:24:00,77.57,69.09,8.48
MENRES003540_10,2023-05-16T21:33:27,53.19,44.63,8.56
MENRES003541_1,2023-02-22T10:06:21,20.6,17.03,3.57
MENRES003541_11,2023-11-09T13:13:55,57.25,51.98,5.27
MENRES003542_2,2023-12-17T01:46:51,60.51,52.62,7.89
MENRES003542_3,2023-10-07T12:32:30,34.65,29.82,4.83
MENRES003543_7,2023-11-13T17:33:17,27.67,24.79,2.88
MENRES003543_12,2023-02-24T17:49:59,35.08,30.2,4.88
MENRES003543_15,2023-02-06T05:46:42,55.27,48.13,7.14
MENRES003544_1,2023-09-17T06:55:26,82.37,68.88,13.49
MENRES003544_5,2023-07-17T04:08:19,155.93,133.26,22.67
MENRES003544_6,2023-07-13T03:13:04,152.59,130.91,21.68
MENRES003544_9,2023-10-29T04:28:57,74.94,60.1,14.84
MENRES003545_0,2023-10-03T05:04:38,68.6,59.45,9.15
MENRES003545_2,2023-02-01T04:10:12,18.91,15.33,3.58
MENRES003545_9,2023-12-07T19:19:17,68.49,63.6,4.89
MENRES003545_11,2023-10-31T16:57:36,93.55,86.63,6.92
MENRES003546_3,2023-09-29T12:26:16,36.62,31.85,4.77
MENRES003547_2,2023-01-19T04:18:49,75.42,69.03,6.39
MENRES003548_0,2023-10-12T03:43:35,24.16,19.68,4.48
MENRES003548_2,2023-09-07T20:34:05,93.88,84.74,9.14
MENRES003548_3,2023-06-22T23:50:19,89.05,79.23,9.82
MENRES003548_5,2023-04-23T07:50:39,94.92,80.52,14.4
MENRES003549_2,2023-08-17T18:20:11,52.12,47.11,5.01
MENRES003549_3,2023-09-19T16:36:38,85.96,77.12,8.84
MENRES003550_3,2023-05-03T18:06:08,34.02,30.08,3.94
MENRES003551_1,2023-12-21T15:02:44,15.71,13.6,2.11
MENRES003551_2,2023-10-13T02:40:33,46.2,39.05,7.15
MENRES003551_9,2023-03-23T04:57:11,43.93,36.67,7.26
MENRES003552_4,2023-04-19T09:09:16,51.74,44.49,7.25
MENRES003552_5,2023-07-05T06:54:53,13.36,11.02,2.34
MENRES003552_6,2023-08-21T00:37:51,66.13,55.52,10.61
MENRES003552_8,2023-06-14T11:34:44,45.38,37.45,7.93
MENRES003552_12,2023-10-03T07:31:15,46.3,42.13,4.17
MENRES003553_4,2023-12-02T21:40:30,75.66,69.93,5.73
MENRES003554_0,2023-05-01T12:47:09,135.77,115.01,20.76
MENRES003554_1,2023-02-18T05:08:36,61.25,50.15,11.1
MENRES003554_6,2023-12-13T14:01:59,93.53,87.94,5.59
MENRES003554_10,2023-12-13T11:58:48,69.09,55.33,13.76
MENRES003555_2,2023-08-02T13:05:10,116.07,106.68,9.39
MENRES003555_12,2023-08-05T15:57:04,65.14,57.79,7.35
MENRES003555_14,2023-12-08T21:09:31,26.96,23.59,3.37
MENRES003556_1,2023-01-01T02:49:05,6.83,5.51,1.32
MENRES003556_2,2023-12-27T08:51:45,18.47,17.47,1.0
MENRES003557_4,2023-02-08T03:09:31,18.39,15.96,2.43
MENRES003557_5,2023-10-16T21:32:50,15.71,13.86,1.85
MENRES003557_7,2023-04-19T04:20:34,14.74,13.45,1.29
MENRES003557_10,2023-03-26T16:10:44,32.53,29.91,2.62
MENRES003558_1,2023-11-03T17:18:54,54.2,44.59,9.61
MENRES003558_3,2023-02-15T06:35:05,87.56,75.17,12.39
MENRES003558_5,2023-12-05T18:51:40,114.63,92.15,22.48
MENRES003558_6,2023-05-06T02:39:11,15.73,14.36,1.37
MENRES003558_9,2023-06-15T06:01:35,44.0,39.55,4.45
MENRES003558_10,2023-05-12T08:16:27,46.09,41.87,4.22
MENRES003559_4,2023-10-28T09:16:22,98.45,79.52,18.93
MENRES003560_4,2023-03-25T06:17:11,52.15,46.46,5.69
MENRES003561_1,2023-08-22T08:09:38,96.02,81.01,15.01
MENRES003561_4,2023-04-29T05:02:47,43.94,36.0,7.94
MENRES003561_5,2023-07-16T23:43:08,40.24,36.25,3.99
MENRES003561_7,2023-02-23T07:01:01,41.34,33.99,7.35
MENRES003563_1,2023-11-29T23:32:49,67.68,55.0,12.68
MENRES003563_4,2023-01-08T03:01:32,67.15,56.18,10.97
MENRES003564_1,2023-04-22T09:36:51,84.52,73.13,11.39
MENRES003564_4,2023-06-15T01:32:08,72.29,61.67,10.62
MENRES003564_10,2023-12-25T00:37:50,68.98,57.73,11.25
MENRES003564_11,2023-06-06T09:12:46,62.81,51.66,11.15
MENRES003564_15,2023-07-20T15:41:11,53.83,46.3,7.53
MENRES003565_7,2023-09-07T14:12:33,147.85,136.01,11.84
MENRES003566_2,2023-06-14T01:07:24,110.02,102.53,7.49
MENRES003566_3,2023-05-25T17:54:32,29.47,24.94,4.53
MENRES003566_6,2023-04-11T15:52:31,107.6,92.54,15.06
MENRES003567_0,2023-06-30T05:14:22,19.55,15.81,3.74
MENRES003567_3,2023-02-17T07:42:53,34.12,30.1,4.02
MENRES003567_5,2023-05-05T17:45:47,21.78,19.17,2.61
MENRES003568_2,2023-12-16T03:34:12,29.73,27.79,1.94
MENRES003568_3,2023-02-10T22:38:37,16.9,14.76,2.14
MENRES003568_9,2023-12-18T07:06:39,25.53,21.64,3.89
MENRES003568_12,2023-07-03T16:19:44,10.73,9.7,1.03
MENRES003568_15,2023-07-05T17:34:13,27.34,24.72,2.62
MENRES003569_0,2023-12-05T02:46:28,104.3,89.1,15.2
MENRES003569_2,2023-02-16T16:28:11,30.23,25.24,4.99
MENRES003569_3,2023-09-28T23:14:04,112.16,95.52,16.64
MENRES003569_4,2023-03-21T03:17:01,32.05,27.95,4.1
MENRES003570_0,2023-08-30T03:01:55,106.2,96.93,9.27
MENRES003571_0,2023-05-21T12:23:31,75.91,69.41,6.5
MENRES003571_3,2023-01-23T19:39:50,63.12,56.09,7.03
MENRES003571_5,2023-10-19T07:50:21,49.82,44.51,5.31
MENRES003571_6,2023-02-24T11:12:09,71.31,61.92,9.39
MENRES003571_13,2023-04-04T10:53:31,60.78,49.26,11.52
MENRES003571_15,2023-08-14T13:59:43,49.48,40.98,8.5
MENRES003571_16,2023-09-19T12:19:27,36.53,33.94,2.59
MENRES003571_17,2023-08-26T08:44:31,76.95,63.94,13.01
MENRES003572_7,2023-12-20T05:26:05,60.34,56.52,3.82
MENRES003572_8,2023-12-19T05:18:05,43.16,36.12,7.04
MENRES003573_3,2023-07-18T13:13:45,32.03,26.53,5.5
MENRES003573_4,2023-09-15T12:41:57,61.79,58.08,3.71
MENRES003573_6,2023-04-18T04:46:15,47.1,42.17,4.93
MENRES003573_9,2023-12-02T09:33:28,62.95,59.57,3.38
MENRES003574_1,2023-02-22T00:37:11,55.88,48.08,7.8
MENRES003574_2,2023-03-21T01:33:41,14.29,11.89,2.4
MENRES003575_0,2023-09-02T21:51:28,31.24,28.98,2.26
MENRES003575_1,2023-05-04T11:44:57,22.11,19.45,2.66
MENRES003575_5,2023-12-06T11:33:20,22.0,20.1,1.9
MENRES003576_1,2023-04-01T11:42:30,113.13,100.24,12.89
MENRES003576_4,2023-05-08T12:29:55,102.9,86.06,16.84
MENRES003576_15,2023-04-12T17:40:39,73.29,63.03,10.26
MENRES003576_19,2023-05-22T03:19:30,25.86,21.23,4.63
MENRES003577_4,2023-05-09T18:51:44,104.89,88.14,16.75
MENRES003577_7,2023-11-20T12:38:52,103.77,93.04,10.73
MENRES003577_9,2023-09-11T23:17:24,47.91,43.78,4.13
MENRES003578_0,2023-05-02T16:38:18,42.59,38.03,4.56
MENRES003578_2,2023-11-11T09:09:45,20.51,18.45,2.06
MENRES003578_4,2023-12-13T18:20:05,145.67,118.68,26.99
MENRES003578_9,2023-11-13T01:45:35,157.23,144.22,13.01
MENRES003579_2,2023-07-30T08:01:48,87.12,77.99,9.13
MENRES003579_4,2023-04-14T06:33:59,79.79,74.06,5.73
MENRES003579_6,2023-05-21T18:52:38,36.85,32.46,4.39
MENRES003579_7,2023-05-05T19:42:57,109.86,89.53,20.33
MENRES003579_11,2023-11-17T17:47:54,41.82,35.77,6.05
MENRES003580_0,2023-02-06T04:37:51,123.93,111.31,12.62
MENRES003580_1,2023-05-20T04:35:58,80.37,69.52,10.85
MENRES003580_5,2023-03-08T01:52:35,25.87,23.86,2.01
MENRES003580_6,2023-11-18T04:02:27,110.6,102.99,7.61
MENRES003581_0,2023-10-04T23:23:05,17.67,14.94,2.73
MENRES003581_4,2023-05-19T14:53:36,13.08,10.76,2.32
MENRES003581_13,2023-06-22T03:39:04,31.35,26.47,4.88
MENRES003582_0,2023-11-22T04:21:29,151.94,132.91,19.03
MENRES003582_1,2023-09-22T00:18:32,120.88,107.77,13.11
MENRES003583_2,2023-06-20T04:55:37,30.67,26.85,3.82
MENRES003583_5,2023-09-11T01:59:44,13.87,11.15,2.72
MENRES003583_8,2023-06-07T01:06:34,29.25,24.57,4.68
MENRES003583_10,2023-03-16T23:34:34,33.45,30.09,3.36
MENRES003583_12,2023-03-12T10:02:29,20.56,18.46,2.1
MENRES003583_15,2023-07-10T01:51:36,26.65,21.82,4.83
MENRES003584_3,2023-10-11T03:37:52,114.82,100.72,14.1
MENRES003584_4,2023-08-16T02:31:53,61.23,50.3,10.93
MENRES003585_0,2023-09-18T19:21:35,44.81,37.38,7.43
MENRES003585_1,2023-03-28T17:09:12,45.64,39.49,6.15
MENRES003585_3,2023-03-20T21:00:14,71.9,58.72,13.18
MENRES003585_8,2023-06-15T13:54:41,115.11,108.29,6.82
MENRES003585_9,2023-07-14T21:06:49,43.92,36.74,7.18
MENRES003585_10,2023-10-17T15:53:09,153.43,144.18,9.25
MENRES003585_13,2023-07-29T19:36:05,80.16,64.9,15.26
MENRES003586_0,2023-11-08T23:09:25,93.97,87.67,6.3
MENRES003586_1,2023-02-10T18:11:24,44.9,36.46,8.44
MENRES003586_3,2023-08-22T02:29:37,105.44,96.47,8.97
MENRES003586_4,2023-08-14T05:33:45,83.5,73.59,9.91
MENRES003586_5,2023-03-20T00:19:03,32.55,28.88,3.67
MENRES003586_6,2023-02-28T23:05:05,79.78,67.04,12.74
MENRES003587_3,2023-03-22T21:06:52,10.68,8.68,2.0
MENRES003588_2,2023-07-08T07:42:24,56.1,51.62,4.48
MENRES003588_3,2023-11-11T03:32:55,87.72,78.0,9.72
MENRES003588_7,2023-01-27T04:51:53,106.74,95.13,11.61
MENRES003588_11,2023-02-11T15:56:30,105.33,86.02,19.31
MENRES003588_12,2023-11-02T05:01:28,139.38,125.78,13.6
MENRES003588_14,2023-10-12T22:59:23,55.42,50.53,4.89
MENRES003589_6,2023-03-01T09:18:07,14.53,12.9,1.63
MENRES003589_9,2023-07-27T18:46:47,59.56,50.97,8.59
MENRES003590_4,2023-10-29T03:50:17,33.79,28.17,5.62
MENRES003591_2,2023-08-31T15:52:23,127.59,115.32,12.27
MENRES003591_5,2023-12-10T12:22:51,59.52,51.1,8.42
MENRES003591_10,2023-01-16T08:22:49,136.24,113.62,22.62
MENRES003591_11,2023-01-17T01:56:16,141.6,129.26,12.34
MENRES003591_14,2023-08-23T19:08:55,33.17,26.93,6.24
MENRES003591_16,2023-02-05T07:12:44,47.16,38.99,8.17
MENRES003591_18,2023-06-29T01:46:42,20.4,18.86,1.54
MENRES003592_6,2023-03-06T01:58:35,47.02,39.78,7.24
MENRES003592_9,2023-10-19T21:24:00,20.99,17.14,3.85
MENRES003592_18,2023-08-27T18:03:16,108.25,87.15,21.1
MENRES003592_19,2023-09-03T00:40:13,107.1,96.44,10.66
MENRES003593_5,2023-10-08T00:24:56,38.07,31.09,6.98
MENRES003593_6,2023-02-24T10:15:03,51.48,42.19,9.29
MENRES003593_16,2023-03-31T15:20:42,30.03,28.22,1.81
MENRES003594_0,2023-10-19T19:06:23,57.27,47.81,9.46
MENRES003594_1,2023-05-24T17:31:20,130.88,121.06,9.82
MENRES003594_4,2023-08-30T20:11:53,125.52,106.72,18.8
MENRES003594_7,2023-05-20T17:28:42,118.69,110.46,8.23
MENRES003594_12,2023-12-02T02:48:01,85.24,77.46,7.78
MENRES003594_17,2023-05-04T22:38:23,56.03,49.06,6.97
MENRES003594_18,2023-06-02T15:23:48,142.99,133.39,9.6
MENRES003595_2,2023-08-01T05:20:12,73.66,68.34,5.32
MENRES003595_3,2023-03-07T06:22:30,39.38,33.22,6.16
MENRES003596_6,2023-11-07T01:57:43,115.13,104.05,11.08
MENRES003597_2,2023-07-30T13:39:34,35.32,30.31,5.01
MENRES003597_5,2023-11-17T19:10:57,116.06,107.96,8.1
MENRES003598_7,2023-09-07T06:13:38,29.98,27.03,2.95
MENRES003598_10,2023-11-04T21:37:23,129.96,111.8,18.16
MENRES003598_11,2023-05-15T19:01:22,21.11,19.69,1.42
MENRES003598_12,2023-03-27T04:18:32,67.91,54.96,12.95
MENRES003598_13,2023-12-24T17:46:37,93.48,79.48,14.0
MENRES003599_1,2023-12-22T07:29:17,88.68,71.87,16.81
MENRES003599_2,2023-06-04T04:17:50,93.66,75.25,18.41
MENRES003599_5,2023-02-08T07:15:04,40.79,33.31,7.48
MENRES003599_6,2023-10-08T01:29:21,104.09,87.13,16.96
MENRES003600_2,2023-08-31T16:33:42,75.54,63.96,11.58
MENRES003600_5,2023-12-11T15:35:04,71.34,61.76,9.58
MENRES003600_7,2023-12-03T13:35:10,25.35,20.75,4.6
MENRES003600_10,2023-08-18T14:08:34,46.68,39.93,6.75
MENRES003601_1,2023-10-28T18:29:00,29.14,24.78,4.36
MENRES003601_3,2023-05-18T23:26:58,28.56,25.33,3.23
MENRES003602_1,2023-10-11T04:51:43,55.42,47.95,7.47
MENRES003602_5,2023-09-12T11:02:59,93.26,81.8,11.46
MENRES003602_6,2023-02-08T20:03:41,88.57,77.44,11.13
MENRES003602_7,2023-01-30T13:14:06,107.85,94.82,13.03
MENRES003603_0,2023-07-23T19:55:03,6.63,6.19,0.44
MENRES003603_4,2023-08-01T03:55:29,25.63,23.54,2.09
MENRES003603_5,2023-04-24T02:31:04,27.59,22.08,5.51
MENRES003603_6,2023-01-08T15:51:45,9.54,8.98,0.56
MENRES003603_8,2023-04-29T01:31:29,13.21,12.28,0.93
MENRES003603_9,2023-09-12T21:21:29,39.24,33.2,6.04
MENRES003603_12,2023-02-21T00:19:55,8.2,6.69,1.51
MENRES003603_18,2023-06-11T20:18:54,7.24,6.74,0.5
MENRES003604_0,2023-05-01T01:26:32,69.31,60.73,8.58
MENRES003604_1,2023-09-22T08:27:15,76.87,62.28,14.59
MENRES003605_0,2023-05-28T18:10:59,20.48,18.15,2.33
MENRES003605_3,2023-02-23T02:12:08,18.87,17.0,1.87
MENRES003606_0,2023-01-20T21:22:50,108.18,90.78,17.4
MENRES003606_3,2023-05-07T20:00:22,54.52,45.15,9.37
MENRES003606_5,2023-09-01T11:49:16,92.94,81.93,11.01
MENRES003606_8,2023-06-26T19:34:14,52.19,46.03,6.16
MENRES003606_9,2023-10-09T22:51:52,118.13,110.9,7.23
MENRES003606_11,2023-05-12T19:46:21,91.62,73.6,18.02
MENRES003606_18,2023-08-10T06:12:49,58.41,54.07,4.34
MENRES003607_0,2023-02-11T13:29:38,33.23,28.59,4.64
MENRES003607_1,2023-12-03T21:13:03,124.69,101.77,22.92
MENRES003607_6,2023-05-11T13:19:17,104.95,94.28,10.67
MENRES003607_7,2023-11-25T16:02:53,139.8,129.3,10.5
MENRES003607_10,2023-10-12T21:44:05,49.77,45.09,4.68
MENRES003607_13,2023-07-17T05:17:06,55.04,50.19,4.85
MENRES003608_2,2023-03-21T01:16:28,11.41,9.43,1.98
MENRES003608_4,2023-05-10T08:52:38,38.26,32.09,6.17
MENRES003608_5,2023-08-09T23:46:58,21.96,18.07,3.89
MENRES003609_2,2023-04-07T15:16:25,91.21,73.28,17.93
MENRES003609_3,2023-08-16T12:28:08,107.66,94.59,13.07
MENRES003609_8,2023-07-11T07:20:52,74.86,71.1,3.76
MENRES003609_12,2023-02-18T04:22:21,136.8,110.06,26.74
MENRES003610_1,2023-10-15T15:55:37,31.14,28.06,3.08
MENRES003610_6,2023-06-09T04:00:37,110.4,90.55,19.85
MENRES003610_10,2023-12-28T14:43:34,87.24,81.45,5.79
MENRES003611_2,2023-07-17T21:49:49,7.82,6.82,1.0
MENRES003611_5,2023-01-31T00:21:27,14.05,13.09,0.96
MENRES003611_8,2023-11-21T02:49:53,38.26,30.85,7.41
MENRES003611_11,2023-02-25T16:31:00,5.42,4.63,0.79
MENRES003611_14,2023-02-23T12:29:14,16.85,15.58,1.27
MENRES003612_3,2023-07-04T00:59:20,37.35,33.33,4.02
MENRES003613_0,2023-08-13T09:18:55,47.07,37.79,9.28
MENRES003613_3,2023-07-31T01:02:46,72.03,66.1,5.93
MENRES003614_3,2023-06-30T04:37:31,102.07,93.95,8.12
MENRES003615_2,2023-07-14T12:22:03,32.36,28.96,3.4
MENRES003615_5,2023-07-12T16:55:35,35.5,33.59,1.91
MENRES003615_10,2023-07-17T03:18:55,62.75,52.54,10.21
MENRES003615_11,2023-07-05T10:14:33,75.2,70.26,4.94
MENRES003615_13,2023-01-08T13:22:32,53.44,48.86,4.58
MENRES003616_2,2023-07-21T04:06:49,30.81,26.01,4.8
MENRES003616_3,2023-06-27T17:21:37,21.91,18.38,3.53
MENRES003616_4,2023-08-26T17:08:27,17.83,14.54,3.29
MENRES003616_6,2023-05-20T01:23:53,12.32,11.6,0.72
MENRES003616_7,2023-11-09T11:09:23,16.92,15.29,1.63
MENRES003616_16,2023-05-19T04:00:06,5.56,4.81,0.75
MENRES003617_1,2023-02-26T04:54:43,28.95,25.04,3.91
MENRES003617_8,2023-01-10T23:51:34,6.06,5.53,0.53
MENRES003617_9,2023-02-09T22:00:21,17.07,13.82,3.25
MENRES003618_4,2023-05-30T19:36:11,79.78,65.81,13.97
MENRES003618_7,2023-01-18T12:35:07,42.62,34.2,8.42
MENRES003619_2,2023-07-22T16:00:45,110.03,96.73,13.3
MENRES003619_3,2023-03-12T02:13:09,68.22,59.97,8.25
MENRES003619_5,2023-06-04T07:17:56,95.75,85.42,10.33
MENRES003619_13,2023-04-25T01:18:50,32.67,29.79,2.88
MENRES003620_0,2023-08-03T05:36:23,62.66,55.36,7.3
MENRES003620_2,2023-01-26T23:16:12,52.05,46.45,5.6
MENRES003620_3,2023-04-27T21:15:44,52.58,42.97,9.61
MENRES003620_5,2023-05-22T03:47:57,52.78,47.65,5.13
MENRES003620_6,2023-08-17T06:26:17,74.07,63.82,10.25
MENRES003620_8,2023-01-27T08:48:50,26.7,24.61,2.09
MENRES003620_11,2023-11-12T11:30:26,77.66,64.59,13.07
MENRES003620_15,2023-08-03T17:48:14,44.16,35.68,8.48
MENRES003620_16,2023-02-01T01:05:31,24.43,19.67,4.76
MENRES003621_0,2023-03-31T20:13:16,117.12,97.71,19.41
MENRES003621_1,2023-04-19T15:31:43,149.61,133.47,16.14
MENRES003621_4,2023-02-16T01:58:02,123.26,100.67,22.59
MENRES003621_8,2023-05-27T10:26:49,73.8,66.96,6.84
MENRES003621_12,2023-03-19T04:14:19,96.28,80.66,15.62
MENRES003621_17,2023-11-27T15:22:28,67.69,54.82,12.87
MENRES003623_0,2023-08-02T13:54:55,30.34,26.06,4.28
MENRES003623_3,2023-12-10T04:31:22,17.35,16.4,0.95
MENRES003623_4,2023-09-10T16:11:06,84.25,74.18,10.07
MENRES003623_10,2023-06-04T21:12:35,31.29,26.56,4.73
MENRES003624_6,2023-11-05T10:23:36,47.34,40.36,6.98
MENRES003624_11,2023-11-05T04:12:36,59.04,53.46,5.58
MENRES003625_0,2023-07-10T02:08:08,99.01,82.75,16.26
MENRES003625_2,2023-05-07T18:07:51,96.42,82.81,13.61
MENRES003625_3,2023-01-05T14:58:09,151.5,137.21,14.29
MENRES003625_6,2023-04-23T10:09:40,85.28,71.18,14.1
MENRES003626_6,2023-01-05T09:35:23,7.2,6.22,0.98
MENRES003626_11,2023-05-09T09:21:57,33.84,31.26,2.58
MENRES003627_0,2023-05-11T21:17:57,115.37,108.29,7.08
MENRES003627_1,2023-03-16T22:00:45,97.42,86.4,11.02
MENRES003628_6,2023-02-05T14:34:35,10.35,9.38,0.97
MENRES003628_8,2023-04-09T21:28:22,18.33,16.71,1.62
MENRES003629_2,2023-06-14T07:53:55,91.98,78.36,13.62
MENRES003629_3,2023-06-12T19:50:52,41.75,37.94,3.81
MENRES003629_6,2023-03-27T06:35:44,32.53,29.53,3.0
MENRES003629_7,2023-06-22T10:35:05,46.76,43.34,3.42
MENRES003630_0,2023-10-27T21:45:19,19.44,15.67,3.77
MENRES003630_1,2023-12-02T20:53:54,7.85,6.94,0.91
MENRES003631_0,2023-10-24T04:23:35,74.07,67.93,6.14
MENRES003631_3,2023-03-06T09:03:34,112.99,93.65,19.34
MENRES003631_5,2023-06-06T14:12:55,101.93,91.49,10.44
MENRES003631_12,2023-12-12T16:19:35,107.82,95.26,12.56
MENRES003631_14,2023-05-22T10:08:56,39.63,35.75,3.88
MENRES003632_2,2023-11-12T18:07:35,29.12,27.12,2.0
MENRES003632_8,2023-08-17T11:30:18,7.9,7.46,0.44
MENRES003632_13,2023-04-29T21:19:46,18.32,17.32,1.0
MENRES003632_14,2023-09-02T08:16:52,32.07,29.2,2.87
MENRES003633_5,2023-09-02T21:10:56,55.78,49.47,6.31
MENRES003633_7,2023-08-23T03:38:27,55.91,46.84,9.07
MENRES003633_11,2023-04-15T12:08:13,60.8,53.36,7.44
MENRES003633_13,2023-07-10T06:10:50,43.71,37.42,6.29
MENRES003634_2,2023-01-03T00:32:32,148.86,124.53,24.33
MENRES003634_3,2023-10-23T14:14:17,155.01,136.11,18.9
MENRES003634_4,2023-03-11T03:45:22,145.6,134.07,11.53
MENRES003634_8,2023-07-07T22:51:21,111.13,89.65,21.48
MENRES003634_9,2023-09-16T06:28:57,90.63,79.32,11.31
MENRES003635_0,2023-06-08T09:57:54,74.96,67.48,7.48
MENRES003635_5,2023-09-27T11:11:50,86.28,78.55,7.73
MENRES003635_6,2023-03-19T22:12:48,22.85,18.79,4.06
MENRES003635_7,2023-05-30T22:42:03,48.25,41.05,7.2
MENRES003635_9,2023-09-05T21:12:19,42.83,38.55,4.28
MENRES003635_10,2023-04-04T07:15:08,135.19,122.23,12.96
MENRES003636_0,2023-05-27T19:29:47,36.07,32.85,3.22
MENRES003636_2,2023-10-03T11:40:51,97.05,80.06,16.99
MENRES003636_4,2023-11-28T10:34:51,70.24,60.08,10.16
MENRES003636_6,2023-11-15T23:01:04,19.36,17.77,1.59
MENRES003636_7,2023-06-15T05:48:40,55.82,46.34,9.48
MENRES003636_8,2023-02-11T13:51:57,40.78,36.92,3.86
MENRES003637_0,2023-06-18T17:43:46,55.14,48.52,6.62
MENRES003637_3,2023-01-20T18:35:24,98.45,80.4,18.05
MENRES003637_8,2023-12-17T08:23:06,24.38,20.69,3.69
MENRES003637_15,2023-02-12T00:26:38,45.15,37.05,8.1
MENRES003638_0,2023-11-07T09:38:16,37.31,34.06,3.25
MENRES003638_15,2023-06-04T11:54:21,32.35,26.63,5.72
MENRES003639_2,2023-09-18T00:03:09,75.4,66.55,8.85
MENRES003639_8,2023-03-20T11:56:06,71.77,61.7,10.07
MENRES003640_3,2023-10-13T15:48:02,16.64,14.5,2.14
MENRES003640_8,2023-07-13T14:22:50,12.03,10.09,1.94
MENRES003640_12,2023-12-15T06:41:02,35.67,30.59,5.08
MENRES003640_14,2023-08-10T15:57:21,34.89,32.56,2.33
MENRES003640_15,2023-02-13T10:13:01,24.31,22.19,2.12
MENRES003640_17,2023-06-02T06:22:20,21.71,17.45,4.26
MENRES003641_4,2023-07-01T19:00:02,13.73,11.34,2.39
MENRES003641_5,2023-06-04T12:40:45,21.08,19.39,1.69
MENRES003642_0,2023-11-05T00:33:20,7.58,6.7,0.88
MENRES003642_1,2023-01-17T00:23:38,31.58,26.44,5.14
MENRES003642_4,2023-01-07T08:17:16,19.81,17.25,2.56
MENRES003642_5,2023-03-02T09:05:15,26.7,21.4,5.3
MENRES003642_14,2023-06-05T16:03:47,5.79,4.91,0.88
MENRES003642_18,2023-01-05T17:54:23,22.95,18.55,4.4
MENRES003643_4,2023-07-08T16:17:10,99.23,90.75,8.48
MENRES003643_6,2023-03-24T11:04:05,116.58,106.11,10.47
MENRES003643_7,2023-07-25T18:45:09,85.97,79.66,6.31
MENRES003643_10,2023-06-21T17:05:50,41.18,33.41,7.77
MENRES003644_2,2023-10-03T01:22:39,64.65,57.9,6.75
MENRES003644_8,2023-08-30T07:50:09,96.36,79.34,17.02
MENRES003644_10,2023-11-15T14:04:19,78.83,70.46,8.37
MENRES003644_12,2023-03-18T16:43:42,59.62,52.91,6.71
MENRES003644_13,2023-07-27T18:59:13,26.02,24.35,1.67
MENRES003644_18,2023-10-14T20:46:41,81.34,76.9,4.44
MENRES003645_8,2023-03-15T20:54:25,8.19,6.74,1.45
MENRES003645_12,2023-07-01T22:16:03,35.24,28.53,6.71
MENRES003645_15,2023-04-30T09:25:41,19.95,16.96,2.99
MENRES003646_1,2023-04-26T01:39:45,11.72,9.85,1.87
MENRES003646_3,2023-08-01T07:36:25,10.93,8.87,2.06
MENRES003646_4,2023-04-08T00:01:43,9.17,7.72,1.45
MENRES003646_14,2023-04-09T16:16:20,14.92,12.29,2.63
MENRES003646_15,2023-03-02T13:29:27,23.01,20.05,2.96
MENRES003646_18,2023-12-16T11:38:31,25.09,22.88,2.21
MENRES003646_19,2023-01-22T03:30:46,38.14,32.79,5.35
MENRES003647_2,2023-07-04T11:29:41,5.37,4.61,0.76
MENRES003647_4,2023-05-21T16:08:30,9.12,7.53,1.59
MENRES003647_5,2023-11-16T21:59:30,30.9,24.78,6.12
MENRES003647_7,2023-12-19T22:39:45,32.32,27.03,5.29
MENRES003647_11,2023-10-23T11:38:54,11.45,9.71,1.74
MENRES003647_12,2023-11-13T11:25:44,19.18,16.74,2.44
MENRES003647_15,2023-09-15T16:32:00,8.94,7.38,1.56
MENRES003647_16,2023-10-12T08:19:04,26.82,25.08,1.74
MENRES003648_1,2023-12-02T07:03:26,84.49,73.92,10.57
MENRES003648_3,2023-03-16T16:49:37,15.76,14.43,1.33
MENRES003648_4,2023-08-11T16:35:35,108.12,96.46,11.66
MENRES003648_9,2023-07-16T14:40:14,34.96,31.5,3.46
MENRES003648_10,2023-05-07T18:45:09,37.78,35.49,2.29
MENRES003648_12,2023-09-27T20:50:41,32.52,28.64,3.88
MENRES003648_15,2023-02-22T23:39:40,74.43,61.29,13.14
MENRES003648_17,2023-05-09T11:54:06,77.24,62.75,14.49
MENRES003648_18,2023-09-26T06:28:55,102.37,82.8,19.57
MENRES003649_3,2023-12-11T19:38:30,78.55,73.21,5.34
MENRES003649_6,2023-12-26T09:17:06,41.61,37.35,4.26
MENRES003649_7,2023-04-12T07:36:13,58.86,55.33,3.53
MENRES003650_4,2023-07-19T00:44:38,87.87,81.75,6.12
MENRES003651_1,2023-01-09T21:29:27,148.81,121.29,27.52
MENRES003651_2,2023-07-14T01:25:50,140.87,121.47,19.4
MENRES003651_3,2023-12-27T09:26:08,149.59,134.4,15.19
MENRES003651_10,2023-03-12T00:50:38,145.39,129.28,16.11
MENRES003652_0,2023-10-28T16:36:56,76.82,70.3,6.52
MENRES003652_2,2023-02-25T21:23:30,121.25,106.97,14.28
MENRES003652_7,2023-09-06T09:06:15,57.98,53.23,4.75
MENRES003653_0,2023-02-19T15:19:55,34.39,31.14,3.25
MENRES003653_1,2023-12-12T00:06:36,80.89,71.16,9.73
MENRES003653_7,2023-06-30T06:16:52,56.14,51.45,4.69
MENRES003653_11,2023-08-30T04:46:46,57.5,54.43,3.07
MENRES003654_3,2023-10-05T11:15:41,48.68,42.84,5.84
MENRES003654_4,2023-01-28T12:01:42,50.24,47.71,2.53
MENRES003655_0,2023-11-29T17:20:14,37.97,31.37,6.6
MENRES003655_3,2023-04-15T19:36:42,34.21,29.08,5.13
MENRES003656_2,2023-06-28T06:48:37,26.93,24.07,2.86
MENRES003656_4,2023-10-23T15:19:24,38.95,32.87,6.08
MENRES003656_6,2023-04-19T07:14:02,71.18,63.15,8.03
MENRES003656_7,2023-12-04T05:12:43,62.56,56.32,6.24
MENRES003656_9,2023-06-02T14:48:19,69.18,61.87,7.31
MENRES003657_0,2023-11-03T15:38:33,85.9,72.03,13.87
MENRES003657_3,2023-08-21T06:44:40,50.33,47.17,3.16
MENRES003657_5,2023-03-30T07:53:51,46.34,42.98,3.36
MENRES003657_7,2023-10-31T23:40:20,49.8,44.55,5.25
MENRES003657_8,2023-06-02T14:16:28,26.4,24.58,1.82
MENRES003657_13,2023-07-03T08:46:11,143.72,120.57,23.15
MENRES003657_14,2023-01-01T01:58:47,27.96,24.78,3.18
MENRES003657_15,2023-05-15T13:42:50,108.81,101.81,7.0
MENRES003658_3,2023-11-16T16:11:06,7.51,6.25,1.26
MENRES003658_4,2023-10-17T20:05:08,27.34,24.86,2.48
MENRES003658_6,2023-02-11T22:48:01,14.68,12.65,2.03
MENRES003658_7,2023-04-26T10:03:06,30.41,28.05,2.36
MENRES003658_9,2023-11-03T18:38:21,32.05,28.95,3.1
MENRES003658_11,2023-05-13T03:14:08,32.31,30.47,1.84
MENRES003659_1,2023-12-16T09:35:13,20.6,16.73,3.87
MENRES003659_3,2023-09-01T22:48:54,29.44,25.86,3.58
MENRES003659_6,2023-04-26T20:40:29,5.11,4.57,0.54
MENRES003660_2,2023-02-06T07:58:21,84.9,72.15,12.75
MENRES003660_3,2023-09-20T21:23:08,91.62,80.68,10.94
MENRES003660_4,2023-02-17T08:16:42,15.55,13.38,2.17
MENRES003660_9,2023-12-23T04:14:20,17.81,15.64,2.17
MENRES003660_10,2023-04-06T14:29:17,99.89,86.4,13.49
MENRES003660_12,2023-06-17T19:07:09,42.79,39.3,3.49
MENRES003661_2,2023-01-28T18:13:19,35.42,28.99,6.43
MENRES003661_8,2023-05-23T01:09:49,50.43,45.68,4.75
MENRES003661_10,2023-08-19T17:00:34,79.5,74.82,4.68
MENRES003661_11,2023-04-11T19:59:50,90.45,73.25,17.2
MENRES003662_0,2023-07-09T18:34:51,31.08,29.49,1.59
MENRES003662_6,2023-07-31T03:37:01,10.92,10.18,0.74
MENRES003662_7,2023-10-27T07:33:11,35.36,33.16,2.2
MENRES003663_6,2023-09-25T15:36:58,41.81,34.65,7.16
MENRES003663_7,2023-04-01T11:06:18,40.65,37.42,3.23
MENRES003663_8,2023-01-28T06:10:46,71.79,62.76,9.03
MENRES003664_0,2023-01-09T20:16:12,22.34,20.91,1.43
MENRES003664_2,2023-02-15T22:35:50,48.64,42.54,6.1
MENRES003664_3,2023-01-26T14:34:27,60.15,54.29,5.86
MENRES003664_4,2023-12-22T01:24:13,55.85,49.46,6.39
MENRES003664_8,2023-12-11T08:51:48,138.86,123.93,14.93
MENRES003664_11,2023-10-09T02:44:36,75.1,70.21,4.89
MENRES003665_0,2023-12-13T08:29:19,42.91,38.98,3.93
MENRES003665_5,2023-07-16T03:09:58,120.45,99.18,21.27
MENRES003666_0,2023-07-05T22:24:13,20.2,18.51,1.69
MENRES003666_2,2023-12-12T16:26:50,83.41,72.63,10.78
MENRES003666_6,2023-06-15T19:46:21,36.66,30.53,6.13
MENRES003666_7,2023-05-04T03:12:39,30.74,25.13,5.61
MENRES003666_8,2023-01-12T01:07:04,62.32,52.0,10.32
MENRES003666_9,2023-03-19T10:35:44,98.9,85.66,13.24
MENRES003666_12,2023-12-03T16:07:08,116.83,106.65,10.18
MENRES003666_15,2023-06-29T16:46:05,91.38,85.21,6.17
MENRES003667_6,2023-08-30T14:53:52,45.75,41.6,4.15
MENRES003670_0,2023-04-16T15:02:08,34.38,32.63,1.75
MENRES003670_2,2023-09-22T08:19:06,13.47,12.01,1.46
MENRES003670_3,2023-03-31T10:24:41,31.31,26.26,5.05
MENRES003670_4,2023-05-09T23:01:57,28.95,23.81,5.14
MENRES003670_5,2023-11-30T07:38:41,14.9,14.04,0.86
MENRES003670_7,2023-05-09T10:44:37,13.12,10.76,2.36
MENRES003670_9,2023-01-12T12:11:18,28.66,24.91,3.75
MENRES003670_11,2023-01-04T17:30:52,13.28,11.06,2.22
MENRES003670_16,2023-08-02T05:17:40,39.93,34.47,5.46
MENRES003671_2,2023-05-06T22:03:07,29.57,25.95,3.62
MENRES003671_3,2023-05-22T00:12:16,26.13,24.56,1.57
MENRES003671_4,2023-05-01T18:47:22,12.68,11.29,1.39
MENRES003671_8,2023-02-07T13:51:24,8.38,7.96,0.42
MENRES003671_9,2023-04-30T19:51:18,36.39,31.93,4.46
MENRES003672_2,2023-03-05T08:42:20,25.76,23.89,1.87
MENRES003672_5,2023-10-04T03:34:00,55.89,48.36,7.53
MENRES003673_0,2023-08-04T08:08:12,12.34,10.56,1.78
MENRES003673_2,2023-11-01T21:02:13,37.83,33.75,4.08
MENRES003673_10,2023-12-21T05:06:34,18.47,17.39,1.08
MENRES003673_11,2023-03-24T19:17:19,30.72,27.12,3.6
MENRES003674_4,2023-04-17T08:10:49,22.86,21.24,1.62
MENRES003674_9,2023-09-15T09:45:45,18.1,16.02,2.08
MENRES003675_0,2023-02-28T15:32:35,24.57,23.3,1.27
MENRES003675_4,2023-01-03T04:33:53,18.88,16.39,2.49
MENRES003675_5,2023-12-10T01:38:53,18.0,15.59,2.41
MENRES003675_9,2023-07-25T10:02:19,38.82,35.18,3.64
MENRES003675_15,2023-07-11T17:23:52,5.71,4.79,0.92
MENRES003676_3,2023-05-19T09:22:11,101.47,93.29,8.18
MENRES003676_4,2023-10-05T20:15:32,103.7,89.47,14.23
MENRES003676_5,2023-06-05T09:41:48,107.07,101.46,5.61
MENRES003676_7,2023-04-15T07:55:54,111.42,94.63,16.79
MENRES003676_8,2023-12-18T15:44:46,153.92,131.68,22.24
MENRES003677_0,2023-09-22T14:18:29,23.28,18.86,4.42
MENRES003677_7,2023-08-24T11:19:13,77.02,69.67,7.35
MENRES003677_15,2023-09-11T15:49:17,47.26,42.21,5.05
MENRES003678_1,2023-04-26T13:42:14,28.44,23.2,5.24
MENRES003678_4,2023-11-26T09:26:34,39.33,35.33,4.0
MENRES003679_1,2023-10-11T12:16:00,45.72,41.71,4.01
MENRES003679_4,2023-02-27T03:08:23,73.63,60.23,13.4
MENRES003679_6,2023-04-21T09:42:13,112.52,92.98,19.54
MENRES003680_0,2023-05-24T05:24:34,8.87,7.12,1.75
MENRES003680_1,2023-07-29T15:28:53,19.59,16.96,2.63
MENRES003680_5,2023-09-22T01:33:08,5.57,4.94,0.63
MENRES003680_6,2023-08-27T04:25:27,16.64,15.46,1.18
MENRES003680_7,2023-09-26T14:45:18,37.06,32.83,4.23
MENRES003680_12,2023-06-19T23:21:01,33.28,30.1,3.18
MENRES003680_14,2023-06-27T21:12:58,39.21,35.69,3.52
MENRES003681_6,2023-01-17T15:33:18,28.45,24.52,3.93
MENRES003682_1,2023-06-09T18:38:12,31.34,26.45,4.89
MENRES003682_2,2023-08-10T11:19:44,21.88,18.66,3.22
MENRES003682_3,2023-01-20T07:54:06,27.73,25.34,2.39
MENRES003682_5,2023-01-06T07:44:10,21.42,17.14,4.28
MENRES003683_5,2023-10-06T15:25:59,64.23,57.9,6.33
MENRES003683_10,2023-11-01T17:16:18,57.73,50.25,7.48
MENRES003683_17,2023-04-04T22:20:44,59.7,50.48,9.22
MENRES003683_18,2023-09-12T17:33:28,38.29,34.47,3.82
MENRES003683_19,2023-08-22T07:03:41,51.88,42.92,8.96
MENRES003684_0,2023-08-22T05:29:14,47.81,41.73,6.08
MENRES003684_3,2023-08-15T15:07:51,39.65,32.2,7.45
MENRES003684_7,2023-03-27T16:51:15,65.74,58.04,7.7
MENRES003684_10,2023-01-24T13:43:14,46.84,40.71,6.13
MENRES003685_0,2023-07-15T14:24:44,13.28,11.91,1.37
MENRES003685_1,2023-08-17T13:14:26,17.11,14.18,2.93
MENRES003685_3,2023-06-10T23:01:58,24.75,19.97,4.78
MENRES003685_5,2023-11-09T00:53:15,38.93,32.42,6.51
MENRES003685_6,2023-12-18T08:08:09,30.69,25.46,5.23
MENRES003685_8,2023-09-13T02:55:54,7.22,6.83,0.39
MENRES003685_10,2023-11-22T20:23:57,32.01,26.75,5.26
MENRES003685_11,2023-05-03T04:11:15,39.49,36.48,3.01
MENRES003685_12,2023-08-19T07:41:11,15.85,13.85,2.0
MENRES003687_4,2023-06-27T08:39:00,110.11,95.23,14.88
MENRES003687_10,2023-12-13T22:13:45,85.57,72.56,13.01
MENRES003687_17,2023-06-21T08:04:06,101.16,84.34,16.82
MENRES003688_0,2023-10-20T07:01:49,73.81,60.3,13.51
MENRES003688_3,2023-02-03T21:26:47,79.8,64.09,15.71
MENRES003688_4,2023-03-18T14:40:59,51.91,47.0,4.91
MENRES003688_5,2023-02-09T05:51:52,62.23,58.27,3.96
MENRES003688_6,2023-04-03T11:28:58,45.05,41.28,3.77
MENRES003688_8,2023-11-02T22:30:17,34.71,32.05,2.66
MENRES003688_16,2023-12-01T02:07:43,63.74,57.92,5.82
MENRES003690_2,2023-06-25T11:41:59,26.19,24.61,1.58
MENRES003690_5,2023-03-25T12:43:27,62.06,54.15,7.91
MENRES003690_14,2023-09-28T02:19:20,44.26,38.64,5.62
MENRES003690_16,2023-09-24T11:57:58,53.84,49.19,4.65
MENRES003690_17,2023-03-28T07:50:39,57.08,54.0,3.08
MENRES003691_5,2023-09-05T03:09:14,10.52,9.05,1.47
MENRES003692_4,2023-05-30T03:59:18,46.24,43.21,3.03
MENRES003692_5,2023-08-26T07:41:37,17.19,15.27,1.92
MENRES003693_0,2023-05-02T18:04:16,35.36,28.41,6.95
MENRES003693_5,2023-03-04T06:30:08,17.98,14.51,3.47
MENRES003693_13,2023-01-31T07:40:20,75.24,62.99,12.25
MENRES003693_14,2023-11-12T19:43:09,39.74,35.09,4.65
MENRES003694_0,2023-10-13T18:33:05,95.1,82.66,12.44
MENRES003694_4,2023-08-07T10:59:38,148.69,134.09,14.6
MENRES003694_7,2023-05-24T14:33:04,77.38,69.53,7.85
MENRES003694_10,2023-06-09T20:53:35,112.57,98.71,13.86
MENRES003695_0,2023-03-09T04:35:21,20.34,19.07,1.27
MENRES003695_6,2023-06-04T02:30:04,9.83,9.06,0.77
MENRES003695_8,2023-06-15T20:59:39,27.28,23.35,3.93
MENRES003695_13,2023-04-30T14:09:43,16.26,14.33,1.93
MENRES003696_5,2023-06-02T15:24:27,44.34,40.52,3.82
MENRES003696_6,2023-11-14T19:56:16,14.53,12.07,2.46
MENRES003697_11,2023-12-19T09:23:29,39.01,36.5,2.51
MENRES003698_3,2023-02-01T20:51:03,98.89,93.27,5.62
MENRES003698_6,2023-06-01T13:18:26,24.48,21.66,2.82
MENRES003698_9,2023-08-05T17:19:04,112.62,103.1,9.52
MENRES003698_11,2023-06-29T08:13:34,51.66,46.09,5.57
MENRES003698_14,2023-09-01T18:23:29,24.89,22.85,2.04
MENRES003699_0,2023-02-14T09:21:05,79.28,68.61,10.67
MENRES003699_1,2023-09-17T22:13:33,114.65,97.17,17.48
MENRES003699_2,2023-06-06T10:46:58,107.69,86.45,21.24
MENRES003699_5,2023-04-27T23:14:42,41.8,38.98,2.82
MENRES003699_7,2023-11-11T09:31:27,132.67,118.8,13.87
MENRES003701_5,2023-10-04T21:43:57,132.61,122.35,10.26
MENRES003701_7,2023-03-31T22:54:02,148.31,129.48,18.83
MENRES003701_8,2023-05-25T07:36:20,62.37,58.32,4.05
MENRES003701_9,2023-09-30T16:00:02,92.28,87.23,5.05
MENRES003702_2,2023-09-21T07:05:09,48.43,39.7,8.73
MENRES003702_5,2023-07-23T22:01:14,46.48,39.56,6.92
MENRES003703_4,2023-09-25T16:19:39,21.8,19.66,2.14
MENRES003703_6,2023-01-13T14:16:50,32.99,26.71,6.28
MENRES003704_4,2023-08-03T13:31:11,25.82,24.25,1.57
MENRES003704_5,2023-07-15T04:37:01,40.19,35.84,4.35
MENRES003704_13,2023-05-09T19:56:52,62.31,53.43,8.88
MENRES003704_14,2023-01-29T10:38:17,73.31,69.63,3.68
MENRES003705_3,2023-04-18T09:35:26,152.98,142.4,10.58
MENRES003705_5,2023-08-01T00:56:12,139.8,129.82,9.98
MENRES003705_6,2023-10-17T07:39:33,87.61,79.03,8.58
MENRES003705_7,2023-10-26T11:34:55,155.16,143.68,11.48
MENRES003705_8,2023-06-16T16:29:18,39.66,34.37,5.29
MENRES003705_9,2023-03-20T12:56:16,36.09,29.26,6.83
MENRES003706_5,2023-07-15T23:43:59,5.28,4.77,0.51
MENRES003707_1,2023-11-06T07:18:48,57.11,49.73,7.38
MENRES003707_2,2023-02-18T18:49:27,145.21,129.94,15.27
MENRES003708_0,2023-02-14T15:03:37,14.82,11.95,2.87
MENRES003708_10,2023-07-15T10:09:19,23.55,21.05,2.5
MENRES003709_1,2023-04-07T07:50:08,92.49,78.46,14.03
MENRES003709_3,2023-03-08T00:24:45,23.6,22.31,1.29
MENRES003709_4,2023-05-28T11:44:42,79.68,66.68,13.0
MENRES003709_8,2023-05-07T04:50:34,116.26,108.07,8.19
MENRES003709_10,2023-11-13T07:15:38,28.86,24.33,4.53
MENRES003709_13,2023-09-21T21:32:00,56.18,53.34,2.84
MENRES003709_14,2023-09-15T22:30:16,107.66,98.76,8.9
MENRES003709_15,2023-01-15T04:17:33,49.6,39.88,9.72
MENRES003710_8,2023-01-21T12:17:34,68.36,57.0,11.36
MENRES003711_1,2023-06-04T14:18:01,37.62,33.67,3.95
MENRES003711_4,2023-09-19T07:38:34,12.7,10.31,2.39
MENRES003711_5,2023-12-16T01:40:02,77.08,66.7,10.38
MENRES003711_8,2023-03-11T02:49:54,52.34,47.01,5.33
MENRES003711_9,2023-05-10T14:04:09,30.03,24.58,5.45
MENRES003712_0,2023-01-28T04:14:43,19.44,16.13,3.31
MENRES003712_2,2023-01-12T18:17:57,68.2,61.73,6.47
MENRES003713_6,2023-05-31T15:16:49,41.03,35.25,5.78
MENRES003713_7,2023-06-08T04:51:15,58.65,54.97,3.68
MENRES003713_8,2023-07-05T06:47:03,36.57,32.1,4.47
MENRES003714_1,2023-05-25T10:21:49,22.68,21.01,1.67
MENRES003714_3,2023-12-15T10:24:20,98.52,86.0,12.52
MENRES003714_5,2023-10-10T00:05:48,48.97,44.49,4.48
MENRES003714_12,2023-08-14T03:08:55,91.97,82.39,9.58
MENRES003714_13,2023-07-11T06:30:36,15.72,13.08,2.64
MENRES003715_1,2023-05-10T03:59:22,34.27,28.73,5.54
MENRES003715_2,2023-08-23T02:26:25,67.47,58.92,8.55
MENRES003715_3,2023-02-20T08:22:10,71.03,65.62,5.41
MENRES003715_4,2023-02-19T16:40:09,74.53,59.98,14.55
MENRES003715_8,2023-07-13T04:37:18,34.0,27.61,6.39
MENRES003716_6,2023-04-18T02:56:33,76.66,72.23,4.43
MENRES003716_7,2023-01-21T19:45:24,45.5,38.06,7.44
MENRES003716_9,2023-09-08T10:50:32,124.79,106.54,18.25
MENRES003717_15,2023-04-06T06:03:51,66.69,57.54,9.15
MENRES003718_1,2023-04-19T06:09:12,69.06,61.22,7.84
MENRES003718_5,2023-03-10T02:46:04,118.62,100.87,17.75
MENRES003718_6,2023-02-02T21:21:33,151.26,126.21,25.05
MENRES003718_8,2023-09-03T03:49:50,106.43,89.8,16.63
MENRES003718_11,2023-12-11T20:54:49,108.43,90.15,18.28
MENRES003719_3,2023-07-01T20:23:13,136.47,113.01,23.46
MENRES003719_4,2023-11-30T21:20:40,54.26,45.56,8.7
MENRES003720_0,2023-04-10T08:56:30,107.14,101.63,5.51
MENRES003720_2,2023-03-23T05:27:46,92.01,84.2,7.81
MENRES003720_4,2023-05-15T21:13:21,91.5,81.2,10.3
MENRES003720_6,2023-03-13T11:56:49,85.72,69.41,16.31
MENRES003720_10,2023-02-22T14:57:24,83.9,67.59,16.31
MENRES003721_1,2023-07-16T22:40:15,24.58,21.51,3.07
MENRES003721_8,2023-12-06T08:57:50,155.48,143.67,11.81
MENRES003721_9,2023-06-01T02:23:20,80.39,73.39,7.0
MENRES003721_11,2023-10-10T01:27:37,86.53,73.77,12.76
MENRES003721_12,2023-04-29T23:45:53,49.42,42.83,6.59
MENRES003721_17,2023-05-09T05:15:10,139.26,128.01,11.25
MENRES003722_0,2023-04-23T02:13:51,35.41,30.33,5.08
MENRES003722_3,2023-05-22T23:33:16,8.3,7.24,1.06
MENRES003722_4,2023-11-19T03:53:58,37.3,34.38,2.92
MENRES003723_1,2023-11-03T11:57:38,124.27,106.84,17.43
MENRES003723_5,2023-01-07T10:24:22,94.65,77.53,17.12
MENRES003723_6,2023-01-11T16:05:18,151.07,121.18,29.89
MENRES003723_7,2023-01-08T19:46:12,130.32,110.99,19.33
MENRES003723_8,2023-03-09T20:13:49,93.32,80.86,12.46
MENRES003723_11,2023-12-26T14:13:37,92.75,86.74,6.01
MENRES003724_0,2023-02-03T04:16:47,59.48,49.43,10.05
MENRES003724_1,2023-01-18T06:37:07,41.96,37.29,4.67
MENRES003724_2,2023-06-15T22:33:38,114.81,103.36,11.45
MENRES003724_3,2023-05-09T03:30:41,48.27,38.76,9.51
MENRES003724_6,2023-08-14T09:09:30,99.36,93.13,6.23
MENRES003724_7,2023-06-04T23:39:54,119.79,100.98,18.81
MENRES003724_10,2023-10-28T17:45:16,66.7,54.74,11.96
MENRES003724_12,2023-11-20T21:36:30,68.45,59.43,9.02
MENRES003724_15,2023-04-14T12:37:00,40.42,37.8,2.62
MENRES003725_1,2023-05-16T03:11:04,115.55,93.36,22.19
MENRES003725_2,2023-03-24T21:40:31,63.31,57.98,5.33
MENRES003725_3,2023-02-22T02:53:40,104.55,88.85,15.7
MENRES003725_6,2023-05-25T11:57:06,150.16,126.18,23.98
MENRES003725_9,2023-06-28T03:12:32,95.11,77.95,17.16
MENRES003726_2,2023-08-17T23:41:58,82.89,66.69,16.2
MENRES003726_3,2023-08-12T18:01:52,31.14,27.17,3.97
MENRES003726_6,2023-10-26T00:28:55,106.44,87.32,19.12
MENRES003726_7,2023-10-05T16:20:34,69.8,60.4,9.4
MENRES003726_9,2023-11-21T22:43:29,76.23,70.89,5.34
MENRES003726_12,2023-01-25T21:48:38,116.29,103.66,12.63
MENRES003726_14,2023-12-24T07:43:43,62.21,51.81,10.4
MENRES003726_15,2023-01-25T07:15:46,78.86,74.02,4.84
MENRES003727_2,2023-11-01T20:51:16,24.02,19.67,4.35
MENRES003727_3,2023-01-28T04:24:37,74.95,63.8,11.15
MENRES003727_4,2023-12-04T02:32:22,53.4,49.72,3.68
MENRES003727_6,2023-05-29T09:39:58,106.6,95.36,11.24
MENRES003727_10,2023-04-13T08:07:58,28.92,23.61,5.31
MENRES003727_13,2023-04-08T22:30:06,41.78,34.39,7.39
MENRES003728_0,2023-02-20T05:50:09,74.89,71.04,3.85
MENRES003728_2,2023-01-28T09:17:12,21.4,20.16,1.24
MENRES003728_4,2023-02-24T02:39:45,25.64,23.64,2.0
MENRES003728_5,2023-05-13T01:33:53,69.79,59.16,10.63
MENRES003729_5,2023-01-30T10:43:12,19.31,17.98,1.33
MENRES003729_7,2023-03-21T20:19:59,6.1,5.7,0.4
MENRES003729_8,2023-01-09T14:06:12,25.08,21.65,3.43
MENRES003729_10,2023-08-11T08:50:21,10.46,8.62,1.84
MENRES003729_11,2023-12-21T02:45:24,31.34,28.87,2.47
MENRES003729_13,2023-06-23T09:46:07,19.91,18.22,1.69
MENRES003729_15,2023-04-14T05:25:54,17.49,15.6,1.89
MENRES003730_1,2023-01-14T18:53:00,61.68,50.76,10.92
MENRES003730_3,2023-12-29T05:10:07,35.68,30.14,5.54
MENRES003730_4,2023-07-31T20:57:12,60.9,49.08,11.82
MENRES003730_6,2023-05-14T23:28:44,107.77,91.06,16.71
MENRES003730_11,2023-11-02T18:46:00,36.65,29.35,7.3
MENRES003730_17,2023-11-22T21:22:42,133.19,114.18,19.01
MENRES003730_18,2023-04-15T10:12:17,76.62,67.25,9.37
MENRES003731_0,2023-06-08T05:51:30,21.63,17.74,3.89
MENRES003731_2,2023-08-04T15:14:46,13.35,12.59,0.76
MENRES003731_3,2023-11-25T08:55:30,9.83,8.33,1.5
MENRES003731_7,2023-02-24T20:13:52,16.42,13.98,2.44
MENRES003732_1,2023-06-15T07:39:41,93.07,82.06,11.01
MENRES003732_11,2023-02-13T18:42:44,77.11,62.77,14.34
MENRES003732_15,2023-05-20T12:47:00,111.36,93.21,18.15
MENRES003732_16,2023-10-06T23:20:47,88.49,75.43,13.06
MENRES003732_18,2023-05-06T07:46:55,82.61,68.45,14.16
MENRES003732_19,2023-05-20T11:18:58,69.71,65.68,4.03
MENRES003733_4,2023-07-29T20:11:27,82.15,66.71,15.44
MENRES003733_9,2023-01-26T02:24:10,73.78,61.52,12.26
MENRES003733_11,2023-10-16T17:34:10,76.66,63.16,13.5
MENRES003734_1,2023-03-16T05:29:05,10.61,8.81,1.8
MENRES003734_9,2023-05-30T15:31:23,31.22,27.06,4.16
MENRES003735_0,2023-01-06T03:05:22,81.78,75.48,6.3
MENRES003735_4,2023-09-13T09:04:52,45.59,42.71,2.88
MENRES003735_6,2023-06-17T15:54:41,115.43,108.88,6.55
MENRES003736_5,2023-01-24T22:16:13,39.43,37.45,1.98
MENRES003736_7,2023-05-07T19:18:05,29.76,24.73,5.03
MENRES003736_13,2023-01-15T20:52:19,5.17,4.64,0.53
MENRES003736_16,2023-06-14T03:25:35,27.47,23.05,4.42
MENRES003736_18,2023-03-20T07:30:46,9.84,8.39,1.45
MENRES003736_19,2023-12-25T21:28:08,18.89,16.11,2.78
MENRES003737_4,2023-01-09T21:03:29,80.9,75.26,5.64
MENRES003737_9,2023-01-23T11:36:49,38.24,33.18,5.06
MENRES003738_0,2023-11-21T11:36:56,13.02,10.8,2.22
MENRES003738_2,2023-08-01T11:19:27,35.76,31.4,4.36
MENRES003738_7,2023-04-02T21:07:44,35.1,33.06,2.04
MENRES003739_2,2023-12-11T07:10:25,93.91,84.33,9.58
MENRES003740_4,2023-05-06T04:49:32,125.48,107.0,18.48
MENRES003740_5,2023-03-07T04:04:10,44.43,40.21,4.22
MENRES003740_9,2023-11-10T14:25:36,20.2,17.93,2.27
MENRES003740_10,2023-01-28T16:21:21,52.84,44.78,8.06
MENRES003741_4,2023-02-18T13:39:41,48.88,43.51,5.37
MENRES003742_3,2023-04-19T07:25:53,74.93,64.29,10.64
MENRES003742_5,2023-12-18T12:30:19,24.16,20.05,4.11
MENRES003742_6,2023-11-07T17:08:06,76.04,66.77,9.27
MENRES003742_8,2023-06-07T20:47:28,41.24,39.1,2.14
MENRES003743_1,2023-06-08T11:25:03,77.84,63.67,14.17
MENRES003744_3,2023-09-06T20:22:26,27.01,22.95,4.06
MENRES003744_6,2023-02-04T17:34:17,11.24,9.3,1.94
MENRES003744_8,2023-03-14T20:40:31,22.67,18.23,4.44
MENRES003744_9,2023-02-27T05:18:04,23.83,22.39,1.44
MENRES003744_11,2023-01-01T16:31:48,33.59,28.41,5.18
MENRES003744_12,2023-01-18T04:52:33,6.51,5.44,1.07
MENRES003745_1,2023-12-27T03:11:30,108.16,101.73,6.43
MENRES003745_2,2023-12-28T21:54:00,29.53,26.57,2.96
MENRES003745_3,2023-07-26T04:19:14,67.22,61.41,5.81
MENRES003745_6,2023-06-19T23:48:46,100.38,91.36,9.02
MENRES003745_7,2023-11-22T22:05:01,27.58,22.36,5.22
MENRES003746_0,2023-05-14T21:06:58,80.74,68.45,12.29
MENRES003746_3,2023-05-01T15:48:13,108.18,89.52,18.66
MENRES003747_1,2023-04-20T00:09:14,23.66,20.97,2.69
MENRES003747_5,2023-01-19T13:02:40,46.53,42.89,3.64
MENRES003747_7,2023-06-06T13:26:46,97.12,89.9,7.22
MENRES003747_9,2023-08-09T20:40:29,73.77,61.38,12.39
MENRES003747_12,2023-05-06T22:10:50,74.96,63.62,11.34
MENRES003747_13,2023-06-12T21:44:23,92.29,75.73,16.56
MENRES003747_14,2023-04-14T22:34:05,75.58,69.51,6.07
MENRES003748_4,2023-12-07T07:39:44,19.67,18.36,1.31
MENRES003749_1,2023-08-03T09:27:17,24.83,21.09,3.74
MENRES003749_3,2023-07-10T23:04:24,32.43,28.23,4.2
MENRES003749_6,2023-04-04T20:40:11,18.02,15.01,3.01
MENRES003749_16,2023-02-22T14:12:34,22.19,18.41,3.78
MENRES003750_2,2023-05-19T10:39:51,5.24,4.75,0.49
MENRES003750_3,2023-03-12T01:36:36,14.2,13.47,0.73
MENRES003750_4,2023-10-21T10:44:24,25.86,21.19,4.67
MENRES003750_5,2023-01-14T16:34:41,6.02,5.68,0.34
MENRES003750_6,2023-07-05T00:58:28,21.49,17.65,3.84
MENRES003750_13,2023-10-21T07:53:45,6.57,5.93,0.64
MENRES003750_14,2023-03-20T22:39:44,30.52,26.96,3.56
MENRES003750_15,2023-04-08T04:33:24,24.9,23.47,1.43
MENRES003750_17,2023-11-14T00:38:00,17.95,15.68,2.27
MENRES003751_0,2023-09-04T08:55:16,155.06,145.62,9.44
MENRES003751_4,2023-05-24T17:11:38,57.15,48.23,8.92
MENRES003751_7,2023-01-19T19:20:17,56.37,52.99,3.38
MENRES003751_14,2023-05-27T18:59:10,108.66,93.47,15.19
MENRES003751_16,2023-03-11T13:26:56,116.13,103.42,12.71
MENRES003751_18,2023-11-27T04:06:15,46.95,41.95,5.0
MENRES003752_2,2023-01-31T00:21:05,82.91,77.97,4.94
MENRES003752_5,2023-01-02T15:29:50,35.97,33.44,2.53
MENRES003753_3,2023-05-07T08:29:10,22.67,19.0,3.67
MENRES003753_11,2023-04-29T14:54:20,37.6,33.22,4.38
MENRES003754_2,2023-10-11T20:32:59,14.58,12.36,2.22
MENRES003754_5,2023-06-26T11:37:12,24.29,20.86,3.43
MENRES003754_8,2023-12-01T22:39:34,36.06,33.89,2.17
MENRES003754_9,2023-06-04T20:26:21,35.13,31.94,3.19
MENRES003756_1,2023-11-25T14:34:44,35.13,30.31,4.82
MENRES003756_3,2023-09-18T09:27:51,33.34,27.97,5.37
MENRES003756_4,2023-03-01T02:32:26,38.44,33.38,5.06
MENRES003756_5,2023-02-01T07:21:51,25.75,23.51,2.24
MENRES003756_6,2023-03-30T14:18:15,34.44,32.26,2.18
MENRES003756_11,2023-01-19T10:22:02,12.83,11.97,0.86
MENRES003756_12,2023-02-08T20:44:32,8.72,8.06,0.66
MENRES003757_2,2023-08-28T05:49:12,30.06,25.78,4.28
MENRES003757_11,2023-08-22T04:19:54,30.22,27.88,2.34
MENRES003757_12,2023-10-27T16:37:24,10.79,9.1,1.69
MENRES003758_0,2023-08-13T13:54:00,48.84,45.8,3.04
MENRES003758_8,2023-04-29T22:05:13,98.47,79.33,19.14
MENRES003759_0,2023-06-27T00:34:53,25.29,20.83,4.46
MENRES003759_3,2023-03-03T20:40:32,72.18,62.64,9.54
MENRES003759_8,2023-05-10T11:05:06,42.14,36.19,5.95
MENRES003760_1,2023-11-17T16:15:56,17.78,14.55,3.23
MENRES003760_4,2023-08-25T16:48:08,55.9,50.45,5.45
MENRES003760_8,2023-02-09T17:21:03,74.65,69.04,5.61
MENRES003760_15,2023-08-12T11:41:28,85.03,75.82,9.21
MENRES003761_12,2023-11-09T20:57:47,112.18,94.61,17.57
MENRES003761_17,2023-09-23T19:07:43,43.86,38.99,4.87
MENRES003761_19,2023-07-23T03:50:14,51.35,44.66,6.69
MENRES003762_0,2023-12-04T04:28:17,21.03,19.23,1.8
MENRES003762_2,2023-10-18T05:09:05,8.57,7.4,1.17
MENRES003762_3,2023-03-05T21:47:46,22.46,19.08,3.38
MENRES003762_4,2023-11-20T05:44:37,26.75,24.21,2.54
MENRES003762_9,2023-03-20T08:10:17,22.97,21.77,1.2
MENRES003763_0,2023-09-23T01:34:52,61.22,49.41,11.81
MENRES003763_4,2023-08-22T04:22:40,109.66,97.11,12.55
MENRES003763_6,2023-01-14T08:05:43,90.61,74.26,16.35
MENRES003763_12,2023-07-22T23:10:24,18.57,15.07,3.5
MENRES003764_1,2023-06-08T20:01:16,74.7,70.14,4.56
MENRES003764_4,2023-12-01T13:44:16,75.52,64.44,11.08
MENRES003765_1,2023-01-09T21:36:58,156.25,145.92,10.33
MENRES003765_3,2023-10-23T04:46:03,101.39,90.28,11.11
MENRES003766_0,2023-06-17T21:38:04,30.9,29.34,1.56
MENRES003766_5,2023-04-15T08:30:37,10.52,9.19,1.33
MENRES003767_7,2023-09-30T08:16:41,54.54,45.33,9.21
MENRES003767_9,2023-11-05T09:33:32,51.1,44.67,6.43
MENRES003767_11,2023-02-15T22:49:15,24.98,23.66,1.32
MENRES003767_12,2023-07-13T13:18:40,27.52,24.33,3.19
MENRES003767_13,2023-05-27T05:13:15,11.76,10.3,1.46
MENRES003767_14,2023-10-12T17:31:58,71.53,67.22,4.31
MENRES003768_3,2023-08-07T04:45:37,128.99,111.52,17.47
MENRES003768_8,2023-04-27T17:30:04,134.86,111.78,23.08
MENRES003768_10,2023-10-01T15:58:50,152.96,128.4,24.56
MENRES003768_13,2023-02-07T12:31:54,137.64,115.37,22.27
MENRES003768_16,2023-06-21T05:56:05,57.64,51.05,6.59
MENRES003769_0,2023-07-02T23:50:23,15.58,12.66,2.92
MENRES003769_5,2023-11-16T22:50:32,39.23,33.22,6.01
MENRES003769_6,2023-03-17T22:25:45,30.8,24.85,5.95
MENRES003769_8,2023-10-28T13:02:43,75.22,69.11,6.11
MENRES003770_1,2023-10-28T10:32:11,117.03,97.07,19.96
MENRES003770_4,2023-01-26T14:36:17,54.12,48.72,5.4
MENRES003771_7,2023-06-18T00:59:36,29.43,24.13,5.3
MENRES003771_8,2023-07-20T12:30:25,15.5,12.57,2.93
MENRES003771_11,2023-04-04T13:41:28,7.41,6.56,0.85
MENRES003772_6,2023-09-15T17:25:00,34.24,30.99,3.25
MENRES003772_7,2023-07-28T13:43:54,41.11,34.94,6.17
MENRES003773_1,2023-08-10T02:43:22,95.12,77.76,17.36
MENRES003774_2,2023-09-04T19:21:15,73.64,60.33,13.31
MENRES003774_5,2023-12-20T07:21:05,73.47,66.89,6.58
MENRES003774_9,2023-10-15T12:39:04,43.53,35.69,7.84
MENRES003774_10,2023-09-06T07:49:23,38.81,32.07,6.74
MENRES003774_17,2023-03-27T15:02:26,35.45,29.23,6.22
MENRES003774_19,2023-06-18T15:28:41,62.93,50.54,12.39
MENRES003775_1,2023-07-30T05:23:20,22.39,18.29,4.1
MENRES003775_3,2023-07-20T08:18:45,101.32,87.0,14.32
MENRES003775_5,2023-11-08T18:31:47,38.95,32.54,6.41
MENRES003775_7,2023-01-06T10:20:55,91.41,82.07,9.34
MENRES003775_10,2023-09-13T18:20:26,106.22,98.02,8.2
MENRES003775_11,2023-12-29T11:31:30,61.91,52.17,9.74
MENRES003776_0,2023-09-27T16:45:05,5.89,5.43,0.46
MENRES003776_1,2023-04-21T21:10:33,25.04,23.03,2.01
MENRES003776_6,2023-01-24T18:45:59,20.89,17.45,3.44
MENRES003776_12,2023-11-23T00:33:10,34.29,30.68,3.61
MENRES003777_0,2023-08-27T18:39:01,101.52,88.92,12.6
MENRES003777_8,2023-07-11T06:36:53,98.86,87.9,10.96
MENRES003778_0,2023-10-13T17:06:40,74.66,69.57,5.09
MENRES003778_3,2023-12-06T21:34:32,55.41,46.63,8.78
MENRES003778_6,2023-10-23T01:25:10,73.64,69.09,4.55
MENRES003778_7,2023-04-08T05:20:23,69.97,62.48,7.49
MENRES003779_0,2023-11-22T05:07:28,20.32,17.89,2.43
MENRES003779_1,2023-10-08T03:11:18,111.39,90.52,20.87
MENRES003779_4,2023-03-16T20:20:29,104.19,94.85,9.34
MENRES003780_0,2023-01-29T08:46:18,150.2,139.57,10.63
MENRES003780_1,2023-03-08T23:13:07,81.2,69.99,11.21
MENRES003780_4,2023-08-05T09:53:44,120.67,110.25,10.42
MENRES003780_5,2023-03-29T07:21:57,70.94,59.9,11.04
MENRES003780_12,2023-04-28T15:30:07,94.74,83.86,10.88
MENRES003780_15,2023-09-24T05:30:16,60.08,49.73,10.35
MENRES003780_17,2023-09-20T04:01:34,112.7,92.49,20.21
MENRES003781_0,2023-11-21T10:38:22,104.39,95.7,8.69
MENRES003781_4,2023-12-29T12:54:39,100.29,82.31,17.98
MENRES003781_6,2023-11-26T09:57:15,71.14,62.99,8.15
MENRES003781_7,2023-11-06T13:09:20,53.71,46.26,7.45
MENRES003781_10,2023-10-10T18:13:01,108.63,99.99,8.64
MENRES003781_14,2023-11-28T08:18:51,96.54,83.64,12.9
MENRES003783_4,2023-07-07T11:06:49,44.73,41.26,3.47
MENRES003783_7,2023-05-05T04:32:02,63.82,59.99,3.83
MENRES003784_0,2023-05-10T12:45:49,39.81,33.3,6.51
MENRES003784_2,2023-09-03T18:28:49,33.79,27.73,6.06
MENRES003784_6,2023-07-02T03:04:31,29.39,25.82,3.57
MENRES003784_7,2023-11-18T15:12:19,14.36,11.57,2.79
MENRES003784_9,2023-05-13T02:47:53,27.13,23.28,3.85
MENRES003784_10,2023-08-06T20:52:54,27.24,25.57,1.67
MENRES003784_12,2023-11-04T16:29:48,32.14,29.33,2.81
MENRES003785_1,2023-03-21T19:46:59,6.36,6.03,0.33
MENRES003785_2,2023-03-31T04:57:03,16.84,15.58,1.26
MENRES003785_3,2023-11-17T17:47:32,7.5,6.47,1.03
MENRES003785_5,2023-04-13T12:21:51,15.39,12.66,2.73
MENRES003785_7,2023-11-14T09:50:44,10.1,8.19,1.91
MENRES003785_8,2023-11-09T03:32:49,30.66,24.96,5.7
MENRES003785_10,2023-12-26T20:06:33,28.18,24.41,3.77
MENRES003786_2,2023-04-27T06:18:55,19.78,16.42,3.36
MENRES003786_5,2023-01-30T00:29:25,9.37,8.26,1.11
MENRES003786_6,2023-11-18T07:52:53,30.85,26.94,3.91
MENRES003786_8,2023-04-01T16:47:18,24.08,20.48,3.6
MENRES003786_9,2023-09-14T08:21:10,12.15,9.9,2.25
MENRES003786_11,2023-03-27T16:10:10,12.8,10.65,2.15
MENRES003787_6,2023-06-26T16:07:17,14.44,12.33,2.11
MENRES003787_8,2023-02-20T07:22:53,71.48,61.03,10.45
MENRES003788_4,2023-01-04T04:52:04,46.13,42.76,3.37
MENRES003789_4,2023-10-16T03:44:49,137.93,118.21,19.72
MENRES003790_6,2023-01-17T00:54:33,107.33,98.81,8.52
MENRES003790_9,2023-10-30T01:41:58,55.51,44.84,10.67
MENRES003791_0,2023-12-01T08:31:44,69.06,56.06,13.0
MENRES003791_4,2023-09-28T23:03:26,67.66,55.73,11.93
MENRES003791_9,2023-04-28T21:34:00,22.46,20.74,1.72
MENRES003792_3,2023-03-15T16:34:35,84.88,77.79,7.09
MENRES003793_1,2023-07-25T12:39:46,7.91,7.51,0.4
MENRES003793_2,2023-11-20T11:06:59,16.51,14.15,2.36
MENRES003793_4,2023-07-17T05:36:39,20.04,18.66,1.38
MENRES003793_8,2023-04-10T08:45:21,36.7,33.81,2.89
MENRES003793_11,2023-07-23T19:34:30,29.38,24.78,4.6
MENRES003793_12,2023-02-27T16:44:19,19.22,15.51,3.71
MENRES003793_13,2023-09-09T01:36:48,34.1,27.43,6.67
MENRES003793_16,2023-08-13T09:48:44,20.79,18.96,1.83
MENRES003793_17,2023-08-27T00:43:42,17.08,14.89,2.19
MENRES003794_2,2023-06-12T08:59:45,27.23,24.71,2.52
MENRES003794_4,2023-09-26T12:19:38,30.68,29.09,1.59
MENRES003795_5,2023-03-12T16:33:46,15.63,13.88,1.75
MENRES003795_9,2023-03-01T15:06:11,28.04,24.69,3.35
MENRES003795_11,2023-12-28T16:23:47,77.94,64.44,13.5
MENRES003796_2,2023-11-24T19:20:43,65.68,56.83,8.85
MENRES003796_3,2023-08-28T08:40:42,18.59,15.93,2.66
MENRES003796_4,2023-09-04T22:14:49,35.31,29.27,6.04
MENRES003796_5,2023-12-23T22:36:11,54.56,50.47,4.09
MENRES003796_7,2023-01-18T15:42:52,66.08,60.07,6.01
MENRES003797_2,2023-04-22T05:45:35,40.37,37.88,2.49
MENRES003799_1,2023-02-04T07:24:54,59.65,51.57,8.08
MENRES003799_2,2023-12-16T13:22:04,71.9,60.33,11.57
MENRES003800_2,2023-06-02T03:30:10,16.87,14.37,2.5
MENRES003800_5,2023-03-25T07:47:45,25.69,24.23,1.46
MENRES003800_9,2023-08-06T20:20:23,7.25,6.04,1.21
MENRES003800_10,2023-03-07T00:22:46,18.92,16.5,2.42
MENRES003800_14,2023-10-05T12:00:32,10.69,9.61,1.08
MENRES003800_15,2023-06-26T01:12:13,37.05,30.44,6.61
MENRES003801_0,2023-02-23T22:24:43,112.78,102.29,10.49
MENRES003801_5,2023-03-23T18:29:39,146.28,126.95,19.33
MENRES003801_7,2023-03-26T12:00:32,115.11,94.94,20.17
MENRES003801_11,2023-05-11T12:58:32,72.02,66.39,5.63
MENRES003802_5,2023-05-27T21:33:27,144.23,123.95,20.28
MENRES003803_4,2023-02-28T17:21:52,58.85,50.04,8.81
MENRES003803_10,2023-03-23T15:14:36,84.82,72.39,12.43
MENRES003803_14,2023-06-13T17:12:23,45.22,37.98,7.24
MENRES003803_18,2023-11-27T07:35:20,74.2,69.9,4.3
MENRES003804_3,2023-03-24T12:17:24,52.98,44.82,8.16
MENRES003804_7,2023-11-07T06:47:38,19.38,15.79,3.59
MENRES003805_5,2023-09-27T01:33:28,12.16,11.4,0.76
MENRES003805_9,2023-02-09T18:09:54,77.31,70.15,7.16
MENRES003805_10,2023-02-27T10:37:19,16.57,15.46,1.11
MENRES003805_14,2023-04-21T19:50:57,47.51,43.47,4.04
MENRES003805_15,2023-03-10T23:37:29,38.49,33.75,4.74
MENRES003806_2,2023-09-04T03:34:23,35.96,29.42,6.54
MENRES003806_6,2023-09-15T09:35:21,16.39,14.0,2.39
MENRES003806_8,2023-01-09T13:07:29,9.15,8.34,0.81
MENRES003807_0,2023-09-28T15:57:22,103.53,86.11,17.42
MENRES003807_2,2023-09-20T06:31:45,21.69,19.31,2.38
MENRES003807_3,2023-05-01T10:05:29,78.18,63.04,15.14
MENRES003807_6,2023-07-18T10:52:47,25.97,22.94,3.03
MENRES003807_7,2023-05-29T00:33:45,90.07,74.53,15.54
MENRES003807_10,2023-10-19T16:48:31,56.39,45.47,10.92
MENRES003807_14,2023-01-03T11:48:39,67.62,63.75,3.87
MENRES003808_0,2023-03-23T13:30:57,34.48,28.85,5.63
MENRES003808_9,2023-09-23T08:58:58,51.28,46.33,4.95
MENRES003808_15,2023-06-19T04:46:11,105.96,94.42,11.54
MENRES003809_2,2023-10-07T07:07:26,5.14,4.19,0.95
MENRES003809_6,2023-09-11T04:29:55,33.43,30.06,3.37
MENRES003809_7,2023-09-04T08:00:45,17.0,13.69,3.31
MENRES003809_10,2023-12-01T15:47:43,19.24,17.31,1.93
MENRES003809_11,2023-06-13T21:59:49,23.57,22.15,1.42
MENRES003809_13,2023-06-04T16:31:30,30.54,25.77,4.77
MENRES003809_14,2023-04-05T00:18:04,24.22,22.89,1.33
MENRES003810_0,2023-08-14T07:57:47,70.32,60.04,10.28
MENRES003811_0,2023-02-20T14:33:14,77.66,64.0,13.66
MENRES003811_1,2023-12-20T13:00:12,58.75,54.89,3.86
MENRES003811_3,2023-10-21T19:56:30,52.87,43.67,9.2
MENRES003811_8,2023-02-23T12:03:10,15.81,14.54,1.27
MENRES003811_9,2023-02-28T06:20:35,40.0,32.56,7.44
MENRES003811_12,2023-04-21T15:24:35,87.2,82.0,5.2
MENRES003811_13,2023-04-03T08:04:56,17.08,15.49,1.59
MENRES003812_3,2023-10-23T06:13:53,106.64,87.13,19.51
MENRES003813_0,2023-06-12T17:41:28,24.7,21.81,2.89
MENRES003813_7,2023-08-25T12:29:46,40.79,34.6,6.19
MENRES003814_12,2023-10-07T13:15:16,58.62,51.74,6.88
MENRES003814_13,2023-01-02T03:39:25,130.34,117.09,13.25
MENRES003815_0,2023-03-16T13:12:38,51.18,41.01,10.17
MENRES003815_2,2023-02-05T21:01:16,155.6,139.72,15.88
MENRES003815_3,2023-11-09T05:48:20,142.41,128.61,13.8
MENRES003815_12,2023-05-23T00:37:44,86.56,80.22,6.34
MENRES003816_2,2023-12-15T03:21:37,87.26,80.2,7.06
MENRES003816_3,2023-05-16T06:35:43,29.19,25.18,4.01
MENRES003816_8,2023-10-18T13:43:15,81.4,71.73,9.67
MENRES003816_11,2023-05-21T14:35:43,100.07,92.48,7.59
MENRES003816_14,2023-06-02T10:36:35,60.58,51.93,8.65
MENRES003817_6,2023-02-23T23:24:10,79.36,73.33,6.03
MENRES003817_8,2023-03-13T02:02:36,85.32,78.1,7.22
MENRES003817_11,2023-08-16T21:11:49,103.76,84.3,19.46
MENRES003817_15,2023-01-01T22:53:28,114.09,103.43,10.66
MENRES003818_0,2023-04-29T00:16:18,44.81,39.55,5.26
MENRES003818_3,2023-05-26T09:14:51,55.09,50.97,4.12
MENRES003818_4,2023-08-14T00:38:58,55.68,52.23,3.45
MENRES003818_7,2023-07-30T06:25:01,46.03,43.41,2.62
MENRES003818_10,2023-11-17T00:13:26,72.11,60.02,12.09
MENRES003819_0,2023-10-25T09:45:39,71.15,62.41,8.74
MENRES003819_1,2023-04-27T13:00:34,25.54,23.28,2.26
MENRES003819_2,2023-03-14T23:33:58,58.77,50.93,7.84
MENRES003820_8,2023-04-16T00:47:49,59.38,49.47,9.91
MENRES003820_10,2023-11-22T14:51:26,69.53,62.43,7.1
MENRES003820_12,2023-11-06T19:22:25,26.1,24.62,1.48
MENRES003821_2,2023-04-08T07:29:29,61.38,54.67,6.71
MENRES003821_5,2023-07-03T06:29:48,51.27,41.55,9.72
MENRES003821_6,2023-09-07T19:02:20,43.64,36.98,6.66
MENRES003821_7,2023-11-20T19:32:48,47.11,40.11,7.0
MENRES003821_8,2023-02-09T15:32:07,31.5,26.81,4.69
MENRES003821_12,2023-12-14T21:20:38,34.1,30.41,3.69
MENRES003822_4,2023-09-03T00:12:04,21.3,17.34,3.96
MENRES003822_7,2023-08-26T23:42:51,34.92,29.6,5.32
MENRES003822_12,2023-04-19T05:10:50,13.78,12.48,1.3
MENRES003822_14,2023-02-09T02:13:27,23.44,20.25,3.19
MENRES003822_16,2023-03-22T16:36:34,34.14,32.36,1.78
MENRES003823_3,2023-04-20T15:03:04,61.51,51.77,9.74
MENRES003823_4,2023-08-21T00:14:43,78.52,69.42,9.1
MENRES003823_6,2023-11-03T04:35:04,42.93,39.59,3.34
MENRES003824_0,2023-10-26T07:28:22,35.56,32.84,2.72
MENRES003824_1,2023-05-07T06:20:14,15.65,14.32,1.33
MENRES003824_2,2023-03-02T13:24:19,56.47,51.48,4.99
MENRES003824_3,2023-05-26T05:17:04,15.78,14.6,1.18
MENRES003824_4,2023-04-24T18:28:20,27.13,23.05,4.08
MENRES003824_6,2023-04-10T08:54:44,33.92,30.28,3.64
MENRES003824_7,2023-08-13T08:00:42,34.0,30.9,3.1
MENRES003824_8,2023-06-23T06:11:45,72.17,66.33,5.84
MENRES003824_9,2023-02-22T10:22:43,68.3,57.18,11.12
MENRES003825_3,2023-04-23T18:36:51,78.27,67.83,10.44
MENRES003825_4,2023-09-13T10:17:34,42.6,39.37,3.23
MENRES003825_6,2023-05-19T22:33:21,17.48,15.8,1.68
MENRES003825_11,2023-11-01T15:07:58,41.96,36.08,5.88
MENRES003826_5,2023-01-05T13:15:58,63.69,54.34,9.35
MENRES003826_7,2023-04-22T20:56:31,10.95,10.1,0.85
MENRES003827_9,2023-03-14T15:21:46,20.77,19.6,1.17
MENRES003827_10,2023-11-04T01:39:45,153.27,126.46,26.81
MENRES003827_14,2023-07-28T20:44:44,41.7,34.33,7.37
MENRES003828_3,2023-01-09T06:58:01,65.26,53.2,12.06
MENRES003828_5,2023-07-26T20:29:04,59.39,49.56,9.83
MENRES003828_9,2023-07-23T07:42:10,76.03,65.92,10.11
MENRES003828_10,2023-08-24T17:01:56,50.2,41.35,8.85
MENRES003828_14,2023-03-11T03:00:48,60.13,56.03,4.1
MENRES003828_15,2023-08-20T07:37:28,77.72,63.95,13.77
MENRES003829_2,2023-01-29T20:00:58,22.69,21.35,1.34
MENRES003829_6,2023-01-21T03:40:34,19.05,15.34,3.71
MENRES003829_11,2023-05-28T23:34:19,22.35,19.42,2.93
MENRES003830_0,2023-07-30T18:48:16,67.67,62.31,5.36
MENRES003830_4,2023-01-03T09:15:07,152.48,133.88,18.6
MENRES003830_6,2023-03-31T10:31:23,131.88,117.88,14.0
MENRES003831_2,2023-10-29T17:15:08,28.8,27.27,1.53
MENRES003831_5,2023-12-05T23:14:15,7.42,6.13,1.29
MENRES003831_6,2023-06-11T07:29:43,32.28,30.56,1.72
MENRES003831_11,2023-10-02T14:25:37,16.14,13.21,2.93
MENRES003831_13,2023-01-10T13:17:55,27.8,22.58,5.22
MENRES003831_16,2023-10-15T23:29:12,33.27,28.14,5.13
MENRES003831_17,2023-10-13T10:51:10,38.63,33.22,5.41
MENRES003831_19,2023-11-16T22:23:10,19.49,16.75,2.74
MENRES003832_9,2023-10-13T08:56:57,16.89,14.41,2.48
MENRES003832_11,2023-08-11T01:47:38,69.26,58.93,10.33
MENRES003832_14,2023-02-22T22:55:51,70.62,64.96,5.66
MENRES003832_19,2023-05-16T00:10:10,68.74,56.58,12.16
MENRES003833_0,2023-01-31T02:45:38,75.99,63.08,12.91
MENRES003833_12,2023-12-06T22:11:22,153.27,141.13,12.14
MENRES003833_13,2023-07-27T14:29:04,73.0,68.71,4.29
MENRES003834_4,2023-07-13T08:03:34,5.45,4.41,1.04
MENRES003834_5,2023-10-12T12:15:32,7.33,6.32,1.01
MENRES003835_1,2023-12-10T17:45:30,30.5,25.4,5.1
MENRES003835_2,2023-06-21T09:26:15,37.24,33.29,3.95
MENRES003835_5,2023-04-11T15:58:21,32.93,28.29,4.64
MENRES003835_13,2023-05-22T12:03:50,31.26,29.67,1.59
MENRES003835_18,2023-07-16T04:19:14,10.4,8.56,1.84
MENRES003836_1,2023-08-13T20:28:03,23.16,21.4,1.76
MENRES003836_3,2023-09-19T09:08:31,66.58,59.83,6.75
MENRES003836_6,2023-05-05T08:44:28,53.96,49.81,4.15
MENRES003836_7,2023-09-24T20:35:37,56.55,50.37,6.18
MENRES003836_10,2023-03-14T05:29:01,148.33,125.07,23.26
MENRES003836_11,2023-09-28T09:31:38,38.15,32.26,5.89
MENRES003837_5,2023-09-19T02:32:00,31.73,29.25,2.48
MENRES003837_11,2023-06-21T06:47:51,21.19,17.5,3.69
MENRES003837_12,2023-01-16T21:43:37,30.35,25.82,4.53
MENRES003838_2,2023-04-24T09:32:10,31.8,26.44,5.36
MENRES003838_3,2023-11-03T06:47:06,49.21,41.51,7.7
MENRES003838_5,2023-11-05T01:43:47,48.26,44.73,3.53
MENRES003838_10,2023-03-07T05:41:20,76.68,62.34,14.34
MENRES003838_11,2023-12-15T16:45:49,79.26,64.03,15.23
MENRES003838_13,2023-01-24T07:08:27,34.03,30.1,3.93
MENRES003839_1,2023-02-23T19:33:01,113.55,92.52,21.03
MENRES003839_5,2023-07-30T16:01:44,114.09,107.8,6.29
MENRES003839_6,2023-02-07T15:18:08,111.32,101.43,9.89
MENRES003840_0,2023-11-10T22:00:58,38.05,32.59,5.46
MENRES003840_2,2023-01-16T07:23:09,32.16,26.5,5.66
MENRES003840_3,2023-04-14T18:43:15,27.91,24.59,3.32
MENRES003840_4,2023-10-14T11:49:31,12.02,11.22,0.8
MENRES003840_6,2023-05-11T15:17:23,15.7,13.65,2.05
MENRES003840_8,2023-12-09T15:54:17,15.3,12.82,2.48
MENRES003840_12,2023-02-23T15:49:29,5.81,4.7,1.11
MENRES003841_0,2023-10-13T16:55:47,13.96,12.75,1.21
MENRES003841_3,2023-06-19T11:17:25,24.24,19.73,4.51
MENRES003842_0,2023-06-09T02:32:23,49.9,43.42,6.48
MENRES003842_1,2023-04-21T21:11:02,15.0,13.63,1.37
MENRES003842_8,2023-08-15T20:33:22,38.15,35.79,2.36
MENRES003842_9,2023-07-01T15:01:35,75.22,62.28,12.94
MENRES003843_1,2023-03-12T04:08:04,71.26,62.95,8.31
MENRES003843_7,2023-03-21T13:57:20,74.95,61.7,13.25
MENRES003844_1,2023-02-08T15:18:07,24.26,20.38,3.88
MENRES003845_5,2023-03-12T22:49:04,18.57,15.56,3.01
MENRES003845_7,2023-06-30T23:46:59,44.42,36.4,8.02
MENRES003845_10,2023-01-19T16:24:16,48.41,45.35,3.06
MENRES003845_13,2023-10-25T15:00:42,14.6,13.08,1.52
MENRES003845_14,2023-05-30T19:22:28,35.32,31.1,4.22
MENRES003846_3,2023-12-06T18:12:03,22.32,18.69,3.63
MENRES003846_8,2023-12-24T09:22:27,71.34,64.45,6.89
MENRES003846_9,2023-01-07T03:41:57,28.7,23.81,4.89
MENRES003846_10,2023-03-05T23:22:44,50.77,44.25,6.52
MENRES003846_13,2023-08-10T08:59:13,42.98,38.61,4.37
MENRES003847_0,2023-10-26T13:58:23,40.28,37.05,3.23
MENRES003847_2,2023-11-26T21:14:25,50.46,44.95,5.51
MENRES003847_3,2023-10-06T17:30:47,28.65,26.36,2.29
MENRES003847_8,2023-06-12T04:25:21,71.48,61.06,10.42
MENRES003849_12,2023-03-26T02:35:30,53.85,45.3,8.55
MENRES003849_15,2023-04-12T23:26:30,57.72,49.95,7.77
MENRES003851_5,2023-02-12T03:30:49,54.89,49.39,5.5
MENRES003851_7,2023-02-09T03:43:57,18.38,16.33,2.05
MENRES003851_12,2023-08-31T13:02:12,62.24,52.31,9.93
MENRES003852_5,2023-06-10T01:21:53,23.38,21.17,2.21
MENRES003852_7,2023-10-18T04:23:48,34.13,29.14,4.99
MENRES003852_9,2023-12-30T04:19:39,20.64,19.17,1.47
MENRES003852_16,2023-01-14T23:23:29,25.53,22.69,2.84
MENRES003853_2,2023-08-16T13:11:41,28.15,25.48,2.67
MENRES003853_5,2023-09-24T21:39:57,7.44,6.31,1.13
MENRES003853_6,2023-11-01T15:51:16,17.99,15.1,2.89
MENRES003853_8,2023-06-26T02:40:10,6.99,5.67,1.32
MENRES003853_10,2023-11-15T02:26:36,9.4,8.03,1.37
MENRES003853_13,2023-07-26T12:13:43,26.4,24.44,1.96
MENRES003853_14,2023-01-22T23:42:01,19.33,15.56,3.77
MENRES003854_2,2023-09-05T16:14:12,56.16,50.78,5.38
MENRES003854_6,2023-01-01T07:46:55,30.02,24.78,5.24
MENRES003854_7,2023-03-19T06:06:21,74.84,60.83,14.01
MENRES003854_11,2023-01-14T03:18:41,76.15,67.34,8.81
MENRES003854_15,2023-01-03T02:46:16,78.18,68.04,10.14
MENRES003854_16,2023-06-13T01:12:28,73.59,69.86,3.73
MENRES003855_5,2023-10-22T11:04:04,150.62,130.39,20.23
MENRES003856_4,2023-03-04T11:03:08,45.08,42.14,2.94
MENRES003856_6,2023-10-03T20:06:20,39.34,34.92,4.42
MENRES003856_7,2023-10-14T04:37:58,112.57,106.07,6.5
MENRES003856_8,2023-05-14T16:33:26,116.33,100.49,15.84
MENRES003856_9,2023-09-04T14:04:03,37.34,30.94,6.4
MENRES003857_4,2023-11-07T06:30:27,16.24,14.5,1.74
MENRES003857_5,2023-03-21T09:09:30,57.76,46.67,11.09
MENRES003857_7,2023-02-02T21:35:32,63.04,56.6,6.44
MENRES003858_0,2023-11-21T03:32:47,12.22,10.89,1.33
MENRES003858_4,2023-11-28T17:03:38,9.76,8.19,1.57
MENRES003859_5,2023-03-17T09:08:45,30.11,25.97,4.14
MENRES003859_8,2023-04-22T10:56:59,6.09,5.77,0.32
MENRES003859_10,2023-01-09T14:10:20,30.35,27.06,3.29
MENRES003859_11,2023-04-11T17:11:41,15.68,13.13,2.55
MENRES003859_15,2023-04-05T21:10:00,22.72,20.91,1.81
MENRES003859_16,2023-06-27T03:16:31,24.76,20.44,4.32
MENRES003859_17,2023-06-10T22:40:37,32.1,26.61,5.49
MENRES003860_4,2023-01-06T04:56:39,19.28,17.13,2.15
MENRES003860_6,2023-03-23T20:23:40,49.3,46.27,3.03
MENRES003860_11,2023-08-29T15:57:32,53.66,46.24,7.42
MENRES003860_16,2023-07-11T18:47:53,103.35,83.83,19.52
MENRES003861_1,2023-10-07T17:43:50,106.8,89.4,17.4
MENRES003861_3,2023-02-03T01:38:21,51.84,46.3,5.54
MENRES003861_4,2023-01-25T05:09:21,93.16,80.42,12.74
MENRES003861_8,2023-04-05T20:19:29,118.62,103.9,14.72
MENRES003861_10,2023-09-04T09:24:57,35.83,30.2,5.63
MENRES003861_13,2023-01-24T13:05:17,66.17,58.59,7.58
MENRES003862_1,2023-12-16T18:48:19,34.33,32.37,1.96
MENRES003862_4,2023-11-22T17:15:51,53.19,48.4,4.79
MENRES003863_0,2023-01-19T18:42:41,33.51,30.15,3.36
MENRES003863_2,2023-10-11T02:34:01,7.66,6.69,0.97
MENRES003863_3,2023-02-07T14:11:17,20.47,18.3,2.17
MENRES003863_9,2023-07-26T11:10:47,26.96,21.58,5.38
MENRES003863_10,2023-11-23T11:49:54,11.97,10.96,1.01
MENRES003864_0,2023-09-26T07:09:09,15.15,12.59,2.56
MENRES003864_5,2023-10-22T03:03:01,30.54,24.8,5.74
MENRES003865_1,2023-04-25T19:49:42,46.35,38.58,7.77
MENRES003866_0,2023-01-10T21:25:54,33.43,28.84,4.59
MENRES003866_7,2023-04-10T01:13:51,38.62,32.96,5.66
MENRES003866_10,2023-08-14T09:14:23,10.64,9.62,1.02
MENRES003866_15,2023-04-08T12:26:54,17.42,14.8,2.62
MENRES003866_17,2023-08-14T23:56:52,15.93,13.25,2.68
MENRES003866_19,2023-07-16T00:16:39,37.93,31.75,6.18
MENRES003867_0,2023-12-24T00:47:49,94.13,82.55,11.58
MENRES003867_1,2023-03-11T10:08:04,128.76,117.77,10.99
MENRES003867_2,2023-06-10T04:21:54,88.19,76.21,11.98
MENRES003867_5,2023-08-04T09:38:51,75.35,69.39,5.96
MENRES003867_6,2023-08-30T06:03:23,62.55,56.16,6.39
MENRES003867_7,2023-12-27T22:38:00,74.16,59.68,14.48
MENRES003868_1,2023-01-24T20:13:38,151.29,128.25,23.04
MENRES003868_4,2023-10-21T11:47:00,93.72,87.94,5.78
MENRES003868_6,2023-01-05T19:17:41,61.96,58.59,3.37
MENRES003868_8,2023-06-16T07:24:57,71.09,60.28,10.81
MENRES003868_13,2023-04-14T21:01:40,140.26,119.08,21.18
MENRES003868_16,2023-12-23T06:44:23,92.53,84.09,8.44
MENRES003869_1,2023-06-28T04:53:58,53.39,45.39,8.0
MENRES003869_3,2023-12-11T14:25:11,41.45,38.39,3.06
MENRES003869_11,2023-12-17T12:56:09,23.31,21.46,1.85
MENRES003870_5,2023-09-01T09:01:32,29.31,27.51,1.8
MENRES003870_7,2023-03-17T12:00:04,16.85,15.13,1.72
MENRES003870_8,2023-12-27T02:03:32,8.84,7.69,1.15
MENRES003871_2,2023-06-10T05:35:10,42.64,34.4,8.24
MENRES003871_3,2023-10-29T06:43:12,64.99,56.04,8.95
MENRES003871_8,2023-03-01T18:50:52,59.76,50.12,9.64
MENRES003871_10,2023-10-04T12:51:53,44.45,40.82,3.63
MENRES003871_15,2023-02-17T15:59:03,82.98,72.1,10.88
MENRES003872_1,2023-11-23T12:06:00,99.64,83.96,15.68
MENRES003872_2,2023-03-13T16:15:00,29.63,26.02,3.61
MENRES003872_4,2023-04-02T07:52:54,76.6,70.54,6.06
MENRES003872_7,2023-10-30T19:54:06,104.81,87.98,16.83
MENRES003873_2,2023-05-31T21:09:19,72.76,66.56,6.2
MENRES003873_3,2023-01-22T23:14:46,78.13,65.74,12.39
MENRES003874_3,2023-01-14T06:34:33,81.7,69.32,12.38
MENRES003874_6,2023-06-02T11:37:40,48.99,46.2,2.79
MENRES003874_7,2023-07-04T13:04:28,100.52,88.29,12.23
MENRES003874_8,2023-12-07T12:14:59,24.59,22.9,1.69
MENRES003874_10,2023-03-09T18:15:38,34.5,32.64,1.86
MENRES003875_1,2023-10-16T03:47:21,112.85,101.66,11.19
MENRES003875_4,2023-04-12T19:06:16,91.46,82.26,9.2
MENRES003875_5,2023-04-06T15:37:28,70.78,63.34,7.44
MENRES003875_11,2023-04-25T13:31:24,61.55,57.36,4.19
MENRES003875_18,2023-09-30T18:04:05,72.79,60.75,12.04
MENRES003876_1,2023-08-05T06:59:21,81.35,73.27,8.08
MENRES003876_4,2023-10-26T05:31:58,113.69,95.28,18.41
MENRES003876_8,2023-02-04T19:03:05,104.98,85.42,19.56
MENRES003876_17,2023-10-19T02:50:31,73.9,66.98,6.92
MENRES003877_1,2023-07-18T08:53:07,67.86,54.37,13.49
MENRES003877_3,2023-02-22T01:21:05,14.19,12.91,1.28
MENRES003879_4,2023-06-22T00:01:31,48.02,44.1,3.92
MENRES003879_6,2023-10-25T09:27:57,76.18,63.93,12.25
MENRES003879_11,2023-03-11T01:36:14,54.04,49.92,4.12
MENRES003880_0,2023-06-05T00:13:41,14.78,12.38,2.4
MENRES003880_2,2023-06-03T00:07:45,10.8,9.83,0.97
MENRES003880_5,2023-06-20T18:16:43,37.2,31.44,5.76
MENRES003880_6,2023-04-22T07:32:58,11.74,10.59,1.15
MENRES003880_9,2023-05-04T08:49:50,38.56,32.89,5.67
MENRES003881_3,2023-04-23T00:38:06,39.79,36.34,3.45
MENRES003881_4,2023-09-26T06:02:12,73.5,63.32,10.18
MENRES003881_6,2023-01-09T09:02:53,77.68,63.76,13.92
MENRES003882_4,2023-01-29T23:18:20,56.29,50.75,5.54
MENRES003882_5,2023-10-20T03:44:35,64.51,53.47,11.04
MENRES003882_12,2023-04-24T02:57:49,51.02,40.91,10.11
MENRES003882_16,2023-05-05T16:04:33,16.96,15.87,1.09
MENRES003883_6,2023-04-20T13:10:05,72.97,65.02,7.95
MENRES003883_9,2023-09-13T17:23:14,93.63,79.8,13.83
MENRES003884_4,2023-02-22T15:25:54,83.68,78.31,5.37
MENRES003884_6,2023-12-17T15:56:23,110.06,88.73,21.33
MENRES003884_7,2023-09-05T15:22:59,100.15,87.28,12.87
MENRES003885_0,2023-02-05T13:12:27,119.83,108.49,11.34
MENRES003885_2,2023-05-09T10:55:28,90.51,78.01,12.5
MENRES003885_3,2023-10-13T03:50:34,92.33,84.3,8.03
MENRES003885_5,2023-12-17T05:18:36,80.22,74.06,6.16
MENRES003885_9,2023-04-05T20:34:14,146.4,125.11,21.29
MENRES003886_6,2023-02-20T16:03:31,65.49,57.95,7.54
MENRES003886_8,2023-12-01T20:24:47,50.4,41.73,8.67
MENRES003886_9,2023-07-19T10:29:40,56.41,49.91,6.5
MENRES003886_10,2023-10-05T15:02:58,43.48,40.78,2.7
MENRES003887_0,2023-04-18T15:46:32,35.87,31.27,4.6
MENRES003887_1,2023-02-18T04:44:41,147.79,133.25,14.54
MENRES003887_3,2023-01-30T07:23:52,84.48,70.43,14.05
MENRES003887_10,2023-09-12T04:51:33,118.03,95.02,23.01
MENRES003887_13,2023-11-09T10:39:49,49.2,46.31,2.89
MENRES003887_14,2023-10-28T05:28:07,39.66,32.3,7.36
MENRES003888_8,2023-12-03T00:48:10,108.72,89.73,18.99
MENRES003889_0,2023-06-13T11:45:17,26.62,24.08,2.54
MENRES003889_1,2023-01-15T09:01:22,39.97,34.93,5.04
MENRES003889_4,2023-10-24T02:28:56,20.29,17.47,2.82
MENRES003890_1,2023-11-09T18:51:15,26.35,22.52,3.83
MENRES003890_3,2023-05-15T09:48:23,25.83,22.33,3.5
MENRES003890_8,2023-08-07T19:10:19,40.97,38.68,2.29
MENRES003890_10,2023-06-11T18:33:31,38.26,34.9,3.36
MENRES003891_3,2023-02-08T10:58:29,39.0,34.76,4.24
MENRES003891_8,2023-08-07T17:50:53,18.93,16.38,2.55
MENRES003891_9,2023-06-23T17:31:05,15.06,13.41,1.65
MENRES003891_10,2023-09-09T21:46:47,62.59,58.54,4.05
MENRES003892_0,2023-02-23T17:55:06,12.36,10.76,1.6
MENRES003892_1,2023-07-20T05:33:11,44.96,37.94,7.02
MENRES003892_4,2023-02-16T06:22:23,35.67,32.8,2.87
MENRES003892_10,2023-01-22T07:41:23,62.05,51.63,10.42
MENRES003893_1,2023-04-09T07:45:53,115.02,95.3,19.72
MENRES003893_5,2023-09-10T09:38:06,68.04,56.53,11.51
MENRES003894_4,2023-01-15T22:53:54,28.4,24.51,3.89
MENRES003894_13,2023-03-22T11:28:04,67.71,55.25,12.46
MENRES003894_16,2023-04-04T10:00:13,71.35,60.42,10.93
MENRES003895_1,2023-06-04T22:54:12,25.64,20.78,4.86
MENRES003895_3,2023-04-07T09:34:49,36.46,30.91,5.55
MENRES003895_5,2023-10-10T22:09:58,14.88,12.89,1.99
MENRES003896_3,2023-06-24T18:11:14,47.35,38.56,8.79
MENRES003896_8,2023-12-18T14:00:48,20.47,19.36,1.11
MENRES003897_8,2023-01-08T18:02:47,141.87,128.52,13.35
MENRES003897_9,2023-12-03T07:15:27,31.43,29.21,2.22
MENRES003899_3,2023-08-11T13:07:44,77.81,68.21,9.6
MENRES003899_6,2023-08-12T05:44:24,32.71,30.87,1.84
MENRES003899_8,2023-11-01T02:37:46,25.73,20.69,5.04
MENRES003901_1,2023-04-28T16:22:04,21.9,18.57,3.33
MENRES003901_4,2023-05-18T08:06:04,13.41,11.06,2.35
MENRES003901_5,2023-10-06T17:23:52,38.6,32.51,6.09
MENRES003901_7,2023-07-12T18:08:09,19.58,17.44,2.14
MENRES003902_0,2023-04-04T17:58:22,10.95,9.72,1.23
MENRES003902_2,2023-09-16T15:41:56,8.23,7.45,0.78
MENRES003902_6,2023-12-04T14:23:57,6.89,6.27,0.62
MENRES003902_8,2023-08-11T12:39:22,35.37,30.22,5.15
MENRES003902_13,2023-09-07T22:42:29,19.08,16.32,2.76
MENRES003902_14,2023-06-10T11:37:28,22.58,20.91,1.67
MENRES003902_15,2023-07-13T18:47:18,25.59,22.12,3.47
MENRES003902_16,2023-02-18T07:06:24,34.0,30.31,3.69
MENRES003903_1,2023-09-06T08:30:16,34.87,28.44,6.43
MENRES003903_5,2023-05-29T04:28:21,38.03,32.3,5.73
MENRES003904_5,2023-03-31T20:59:03,28.42,25.05,3.37
MENRES003904_13,2023-01-31T01:00:49,58.24,52.2,6.04
MENRES003904_15,2023-12-23T09:38:11,37.5,34.34,3.16
MENRES003905_0,2023-12-18T07:50:32,64.43,58.54,5.89
MENRES003905_1,2023-01-30T13:17:11,43.14,36.51,6.63
MENRES003905_2,2023-03-16T05:38:28,36.71,32.13,4.58
MENRES003905_7,2023-07-31T22:53:19,30.89,28.74,2.15
MENRES003907_3,2023-07-16T09:22:19,54.78,49.15,5.63
MENRES003907_4,2023-10-21T01:34:36,89.92,73.82,16.1
MENRES003908_2,2023-09-05T05:32:07,17.29,15.49,1.8
MENRES003908_14,2023-05-06T08:33:36,32.48,28.37,4.11
MENRES003909_0,2023-08-05T10:51:36,20.44,16.7,3.74
MENRES003909_8,2023-11-06T19:17:06,22.24,19.83,2.41
MENRES003909_10,2023-02-18T19:58:40,27.94,22.7,5.24
MENRES003909_11,2023-11-07T03:11:19,25.58,21.88,3.7
MENRES003910_1,2023-10-19T22:53:28,14.48,12.75,1.73
MENRES003910_2,2023-10-28T16:54:57,65.14,56.61,8.53
MENRES003910_3,2023-10-04T23:59:03,66.36,56.87,9.49
MENRES003910_4,2023-08-11T18:15:59,74.28,64.4,9.88
MENRES003910_5,2023-04-14T23:38:39,46.79,43.19,3.6
MENRES003910_6,2023-02-02T11:22:42,41.39,38.17,3.22
MENRES003910_7,2023-06-09T20:22:30,29.56,26.98,2.58
MENRES003910_11,2023-07-02T01:16:44,45.73,36.98,8.75
MENRES003910_12,2023-04-04T20:37:44,11.86,10.83,1.03
MENRES003910_13,2023-12-10T20:02:12,59.31,48.63,10.68
MENRES003910_15,2023-10-16T06:55:50,39.48,36.47,3.01
MENRES003911_0,2023-02-25T17:45:13,37.95,33.26,4.69
MENRES003911_3,2023-04-15T10:09:33,16.71,13.56,3.15
MENRES003912_0,2023-05-03T20:16:22,14.73,12.59,2.14
MENRES003912_2,2023-09-23T03:53:51,34.78,30.48,4.3
MENRES003912_12,2023-01-20T15:35:11,27.89,23.96,3.93
MENRES003913_4,2023-09-07T10:18:28,20.78,17.69,3.09
MENRES003913_5,2023-09-20T12:49:53,44.58,39.55,5.03
MENRES003913_6,2023-07-19T20:44:53,48.83,42.74,6.09
MENRES003913_9,2023-11-02T05:22:11,60.06,51.04,9.02
MENRES003913_10,2023-01-08T06:47:35,60.11,51.57,8.54
MENRES003913_11,2023-07-09T21:02:40,61.54,55.28,6.26
MENRES003915_3,2023-11-09T22:46:46,77.43,70.93,6.5
MENRES003915_5,2023-08-05T21:45:59,55.72,49.26,6.46
MENRES003915_7,2023-03-08T14:36:57,97.98,80.79,17.19
MENRES003915_11,2023-08-19T11:13:50,94.69,77.5,17.19
MENRES003916_8,2023-12-05T12:19:39,115.2,101.81,13.39
MENRES003916_12,2023-01-25T01:26:34,84.11,70.58,13.53
MENRES003917_4,2023-12-17T05:01:30,104.67,88.74,15.93
MENRES003917_5,2023-06-20T10:40:33,111.63,104.97,6.66
MENRES003917_8,2023-09-30T07:50:06,59.21,53.05,6.16
MENRES003917_9,2023-12-06T14:19:36,97.85,89.98,7.87
MENRES003917_10,2023-04-09T00:11:41,65.26,59.93,5.33
MENRES003917_12,2023-08-06T18:17:13,15.64,12.87,2.77
MENRES003917_13,2023-09-24T07:50:53,83.11,71.2,11.91
MENRES003917_15,2023-01-08T11:41:27,39.42,32.92,6.5
MENRES003917_16,2023-10-06T04:11:00,68.69,60.19,8.5
MENRES003918_4,2023-03-25T22:28:04,6.94,6.22,0.72
MENRES003918_5,2023-08-28T18:55:44,32.88,30.07,2.81
MENRES003919_1,2023-11-20T09:38:43,39.1,32.83,6.27
MENRES003919_2,2023-06-05T11:39:47,46.65,37.67,8.98
MENRES003919_4,2023-03-09T17:19:44,73.8,61.7,12.1
MENRES003919_8,2023-06-30T11:44:42,10.1,8.33,1.77
MENRES003919_9,2023-02-09T16:04:36,73.68,60.88,12.8
MENRES003919_10,2023-12-04T00:51:57,21.65,20.57,1.08
MENRES003920_3,2023-01-12T01:57:26,25.88,22.34,3.54
MENRES003920_6,2023-08-31T13:04:21,58.92,49.65,9.27
MENRES003921_2,2023-07-04T04:48:26,129.91,115.01,14.9
MENRES003921_4,2023-06-18T19:36:51,86.89,70.07,16.82
MENRES003922_4,2023-03-21T07:01:38,149.6,136.99,12.61
MENRES003922_17,2023-07-23T09:29:50,78.15,63.69,14.46
MENRES003923_0,2023-05-24T13:33:21,102.27,82.23,20.04
MENRES003923_8,2023-11-04T07:57:09,37.91,33.09,4.82
MENRES003923_12,2023-04-08T01:39:03,88.99,73.25,15.74
MENRES003923_14,2023-05-18T17:38:26,19.99,18.49,1.5
MENRES003923_18,2023-01-16T02:18:28,22.98,20.86,2.12
MENRES003924_8,2023-07-03T15:24:40,42.12,37.75,4.37
MENRES003925_2,2023-12-22T11:59:18,24.22,22.87,1.35
MENRES003925_3,2023-08-11T07:33:03,39.3,33.69,5.61
MENRES003926_7,2023-02-15T08:48:43,156.86,133.45,23.41
MENRES003926_11,2023-06-11T21:35:19,129.45,104.32,25.13
MENRES003926_14,2023-03-08T00:38:58,56.79,46.75,10.04
MENRES003926_15,2023-11-11T15:08:40,90.84,82.96,7.88
MENRES003926_17,2023-04-24T07:16:13,74.2,66.57,7.63
MENRES003927_3,2023-03-01T00:29:00,25.2,20.5,4.7
MENRES003927_4,2023-03-20T07:57:58,35.48,32.02,3.46
MENRES003927_5,2023-04-12T20:57:39,8.65,8.07,0.58
MENRES003927_14,2023-12-11T08:10:37,27.54,23.35,4.19
MENRES003927_16,2023-02-04T02:33:26,10.29,9.29,1.0
MENRES003928_2,2023-10-29T03:42:00,116.64,94.47,22.17
MENRES003928_4,2023-10-31T08:13:01,150.89,127.26,23.63
MENRES003928_6,2023-04-12T19:39:56,34.05,30.8,3.25
MENRES003928_7,2023-08-22T12:28:11,153.56,137.98,15.58
MENRES003928_12,2023-11-21T09:25:53,54.96,47.14,7.82
MENRES003928_13,2023-11-13T15:41:53,36.78,30.25,6.53
MENRES003928_15,2023-01-03T19:57:24,153.29,132.91,20.38
MENRES003928_17,2023-05-11T23:49:03,143.66,132.55,11.11
MENRES003929_0,2023-06-12T17:50:03,36.14,29.59,6.55
MENRES003929_2,2023-07-08T18:54:34,12.29,10.97,1.32
MENRES003930_2,2023-11-09T03:42:40,11.75,10.31,1.44
MENRES003930_4,2023-05-20T15:53:18,29.0,26.25,2.75
MENRES003930_5,2023-01-15T07:24:08,27.4,23.29,4.11
MENRES003930_7,2023-09-13T16:09:48,19.79,16.2,3.59
MENRES003930_9,2023-11-20T06:13:16,25.41,23.96,1.45
MENRES003931_2,2023-03-09T12:17:53,118.57,102.47,16.1
MENRES003931_6,2023-03-03T07:01:10,64.25,51.95,12.3
MENRES003932_3,2023-12-27T10:13:32,24.85,23.41,1.44
MENRES003932_5,2023-05-21T04:05:20,73.06,66.92,6.14
MENRES003932_11,2023-02-15T15:41:45,20.34,18.07,2.27
MENRES003932_12,2023-02-11T00:26:02,62.67,56.01,6.66
MENRES003932_14,2023-03-31T19:27:33,111.17,99.73,11.44
MENRES003933_4,2023-08-14T23:04:35,113.86,100.54,13.32
MENRES003933_7,2023-08-18T04:23:19,46.43,43.62,2.81
MENRES003933_13,2023-08-26T09:44:33,28.08,26.27,1.81
MENRES003933_14,2023-06-27T06:29:15,110.26,94.38,15.88
MENRES003934_5,2023-02-08T04:25:07,30.82,27.96,2.86
MENRES003934_9,2023-11-02T04:01:58,48.92,40.32,8.6
MENRES003934_10,2023-10-20T04:04:55,60.58,50.97,9.61
MENRES003935_1,2023-03-04T08:55:47,142.48,123.24,19.24
MENRES003935_2,2023-05-06T16:09:39,101.54,94.3,7.24
MENRES003935_6,2023-11-24T18:09:41,155.38,144.17,11.21
MENRES003935_7,2023-09-13T10:01:46,80.17,68.51,11.66
MENRES003935_11,2023-07-23T01:10:10,157.97,128.4,29.57
MENRES003935_12,2023-12-18T07:20:51,107.49,93.04,14.45
MENRES003935_13,2023-07-29T13:23:03,35.63,28.69,6.94
MENRES003936_1,2023-07-01T14:41:18,16.99,14.15,2.84
MENRES003936_2,2023-06-02T22:24:35,19.12,15.38,3.74
MENRES003936_3,2023-05-23T16:56:02,69.64,58.01,11.63
MENRES003936_6,2023-03-16T18:40:20,33.56,29.25,4.31
MENRES003936_10,2023-02-15T03:48:00,30.54,27.55,2.99
MENRES003936_11,2023-10-01T18:40:12,48.07,44.42,3.65
MENRES003937_8,2023-12-02T04:56:12,16.63,15.29,1.34
MENRES003937_13,2023-09-03T23:31:07,26.47,21.72,4.75
MENRES003938_5,2023-02-25T13:01:56,63.14,51.21,11.93
MENRES003938_7,2023-04-24T07:30:09,73.71,61.42,12.29
MENRES003938_8,2023-11-29T05:27:24,14.54,12.44,2.1
MENRES003939_1,2023-12-02T15:08:50,36.48,34.46,2.02
MENRES003939_3,2023-01-12T18:27:45,128.87,109.95,18.92
MENRES003939_4,2023-04-15T20:06:19,129.32,106.27,23.05
MENRES003939_6,2023-11-25T21:40:24,123.95,107.73,16.22
MENRES003939_8,2023-09-29T16:36:31,130.38,115.72,14.66
MENRES003939_9,2023-06-29T19:04:32,119.91,99.0,20.91
MENRES003939_11,2023-03-01T19:13:50,114.18,108.34,5.84
MENRES003940_1,2023-12-03T10:23:58,28.85,25.18,3.67
MENRES003940_8,2023-11-19T01:00:34,5.42,4.98,0.44
MENRES003941_8,2023-07-05T09:25:43,13.41,11.05,2.36
MENRES003941_10,2023-01-01T03:02:52,23.94,22.08,1.86
MENRES003942_1,2023-05-20T23:11:08,17.43,14.94,2.49
MENRES003942_2,2023-03-30T22:14:00,23.93,21.22,2.71
MENRES003942_4,2023-12-07T15:13:25,52.98,49.5,3.48
MENRES003942_7,2023-08-04T01:43:55,28.44,24.21,4.23
MENRES003942_9,2023-11-16T04:24:15,28.92,26.66,2.26
MENRES003942_10,2023-05-13T08:30:10,18.07,15.77,2.3
MENRES003943_3,2023-10-20T09:20:53,27.12,24.67,2.45
MENRES003943_5,2023-10-09T22:49:15,30.71,25.76,4.95
MENRES003943_8,2023-12-07T15:45:42,28.81,25.88,2.93
MENRES003943_10,2023-11-03T09:44:23,49.95,40.24,9.71
MENRES003943_15,2023-05-06T08:00:15,66.65,61.09,5.56
MENRES003944_1,2023-10-17T02:46:17,75.4,65.36,10.04
MENRES003944_2,2023-06-09T11:49:59,68.26,62.61,5.65
MENRES003944_9,2023-01-10T03:48:34,77.93,72.6,5.33
MENRES003945_0,2023-03-13T06:06:20,45.57,42.58,2.99
MENRES003945_1,2023-12-30T17:40:47,73.36,64.41,8.95
MENRES003945_4,2023-07-27T02:39:22,63.57,59.35,4.22
MENRES003945_8,2023-06-08T11:05:52,44.32,38.03,6.29
MENRES003945_11,2023-01-17T18:22:55,55.51,46.58,8.93
MENRES003946_1,2023-02-02T08:33:46,101.62,83.25,18.37
MENRES003946_8,2023-01-17T20:32:16,76.34,67.65,8.69
MENRES003946_9,2023-11-26T06:20:35,115.28,101.93,13.35
MENRES003946_13,2023-01-09T13:02:14,19.33,16.21,3.12
MENRES003946_14,2023-09-09T20:56:10,34.05,28.59,5.46
MENRES003946_15,2023-10-30T03:46:41,110.76,92.14,18.62
MENRES003947_0,2023-08-06T22:11:36,12.13,10.07,2.06
MENRES003947_1,2023-01-11T01:35:44,22.74,20.14,2.6
MENRES003948_0,2023-04-11T12:02:17,106.48,89.27,17.21
MENRES003948_1,2023-12-30T09:47:46,101.44,84.25,17.19
MENRES003948_2,2023-06-25T18:35:22,50.07,43.61,6.46
MENRES003948_6,2023-07-01T08:01:55,125.42,104.82,20.6
MENRES003948_7,2023-10-03T01:03:46,90.03,81.7,8.33
MENRES003948_8,2023-10-01T08:52:37,48.62,43.55,5.07
MENRES003949_1,2023-02-04T20:27:10,98.67,92.57,6.1
MENRES003949_6,2023-04-20T16:43:50,104.44,96.96,7.48
MENRES003949_7,2023-01-05T10:59:41,67.53,58.86,8.67
MENRES003951_4,2023-09-08T16:06:06,23.62,21.76,1.86
MENRES003951_5,2023-03-26T01:38:30,130.69,110.88,19.81
MENRES003952_0,2023-02-10T11:26:57,38.47,33.9,4.57
MENRES003952_1,2023-12-12T07:59:10,6.78,6.19,0.59
MENRES003952_4,2023-05-05T11:55:15,30.89,27.79,3.1
MENRES003952_6,2023-07-14T15:07:36,23.89,22.52,1.37
MENRES003952_8,2023-06-12T19:55:15,33.49,29.04,4.45
MENRES003952_9,2023-06-13T07:59:09,7.64,7.21,0.43
MENRES003952_10,2023-03-18T15:44:26,34.23,28.45,5.78
MENRES003952_11,2023-01-01T18:17:24,30.35,28.71,1.64
MENRES003952_17,2023-02-28T20:48:23,32.05,28.21,3.84
MENRES003953_1,2023-11-21T12:27:40,56.3,50.88,5.42
MENRES003953_4,2023-04-23T21:12:52,11.16,10.15,1.01
MENRES003954_0,2023-02-07T15:31:51,101.77,88.12,13.65
MENRES003954_1,2023-07-04T05:55:49,25.82,21.18,4.64
MENRES003954_4,2023-01-08T13:58:09,158.72,138.53,20.19
MENRES003954_6,2023-12-29T01:43:32,84.14,70.05,14.09
MENRES003954_8,2023-10-29T08:03:54,80.03,75.38,4.65
MENRES003954_9,2023-11-08T01:15:26,81.39,74.98,6.41
MENRES003955_5,2023-09-09T13:56:00,63.14,51.78,11.36
MENRES003955_9,2023-01-14T18:53:17,117.46,107.57,9.89
MENRES003955_10,2023-09-18T13:09:45,134.48,110.06,24.42
MENRES003955_12,2023-10-26T09:49:40,122.74,113.93,8.81
MENRES003955_13,2023-05-18T16:16:28,63.43,59.95,3.48
MENRES003955_14,2023-07-07T04:06:49,88.04,80.63,7.41
MENRES003955_16,2023-05-22T15:16:42,123.53,104.19,19.34
MENRES003956_4,2023-05-18T09:57:26,13.7,12.68,1.02
MENRES003957_4,2023-04-24T18:11:21,46.2,36.97,9.23
MENRES003958_3,2023-09-18T16:03:10,18.28,15.75,2.53
MENRES003958_4,2023-11-03T11:36:47,54.46,48.36,6.1
MENRES003958_5,2023-07-27T01:34:33,72.96,61.02,11.94
MENRES003958_9,2023-11-10T01:34:53,56.18,48.27,7.91
MENRES003958_11,2023-04-07T06:56:51,13.82,11.81,2.01
MENRES003958_15,2023-02-07T18:48:51,51.22,41.56,9.66
MENRES003959_3,2023-10-03T16:23:34,119.63,99.44,20.19
MENRES003959_4,2023-04-27T18:07:37,115.78,100.72,15.06
MENRES003959_5,2023-06-29T18:25:41,84.66,79.44,5.22
MENRES003959_6,2023-08-11T07:47:23,51.26,44.77,6.49
MENRES003959_11,2023-10-05T05:06:28,39.57,36.92,2.65
MENRES003960_1,2023-06-26T21:56:48,81.92,76.87,5.05
MENRES003960_2,2023-03-12T07:16:31,42.08,35.03,7.05
MENRES003960_3,2023-11-21T21:38:04,118.97,109.03,9.94
MENRES003960_4,2023-10-25T05:02:37,46.61,39.37,7.24
MENRES003960_6,2023-08-02T12:27:24,52.96,42.6,10.36
MENRES003961_0,2023-07-17T14:36:25,10.46,9.66,0.8
MENRES003961_4,2023-11-04T05:59:38,6.88,6.48,0.4
MENRES003961_8,2023-11-11T17:13:24,18.04,14.71,3.33
MENRES003961_10,2023-06-28T23:16:09,13.59,11.09,2.5
MENRES003961_11,2023-06-29T04:11:06,23.14,21.37,1.77
MENRES003961_13,2023-04-06T02:21:43,26.11,23.33,2.78
MENRES003961_14,2023-04-24T05:30:52,33.21,28.62,4.59
MENRES003962_2,2023-07-19T07:43:55,7.69,7.04,0.65
MENRES003962_6,2023-02-04T09:07:30,25.77,21.84,3.93
MENRES003962_7,2023-06-12T04:30:11,14.63,11.95,2.68
MENRES003962_8,2023-04-03T03:15:09,34.81,27.94,6.87
MENRES003963_1,2023-08-15T02:57:45,43.85,35.61,8.24
MENRES003963_4,2023-02-15T04:59:52,56.59,47.64,8.95
MENRES003963_5,2023-10-13T10:28:43,55.18,51.05,4.13
MENRES003963_6,2023-06-07T07:41:55,34.73,31.8,2.93
MENRES003964_0,2023-10-01T10:33:47,35.09,28.58,6.51
MENRES003964_3,2023-08-11T22:54:57,10.88,8.74,2.14
MENRES003964_8,2023-03-02T05:09:32,59.01,48.77,10.24
MENRES003964_9,2023-08-26T07:20:35,47.03,41.23,5.8
MENRES003964_10,2023-11-23T03:09:43,29.83,25.43,4.4
MENRES003964_15,2023-02-22T04:22:24,36.34,33.76,2.58
MENRES003964_16,2023-12-23T00:35:06,74.98,68.75,6.23
MENRES003964_17,2023-02-17T04:17:17,27.1,22.77,4.33
MENRES003965_1,2023-01-30T01:28:00,77.32,70.14,7.18
MENRES003965_3,2023-04-27T19:54:42,98.93,83.81,15.12
MENRES003965_4,2023-06-08T21:28:16,38.94,32.19,6.75
MENRES003965_5,2023-09-23T02:32:59,73.37,67.36,6.01
MENRES003965_6,2023-07-28T02:51:28,105.45,95.83,9.62
MENRES003966_1,2023-10-15T09:07:50,63.48,53.78,9.7
MENRES003966_3,2023-07-27T22:56:21,100.24,95.11,5.13
MENRES003966_4,2023-09-22T06:26:59,55.68,49.46,6.22
MENRES003966_5,2023-10-14T20:25:23,102.87,97.03,5.84
MENRES003966_9,2023-09-15T13:13:52,71.16,65.44,5.72
MENRES003966_10,2023-12-09T14:04:17,48.01,40.58,7.43
MENRES003967_0,2023-05-08T07:27:29,38.32,33.16,5.16
MENRES003967_12,2023-04-13T12:12:38,77.36,68.31,9.05
MENRES003968_2,2023-06-05T22:56:37,62.86,53.65,9.21
MENRES003968_3,2023-11-15T05:21:59,19.12,15.76,3.36
MENRES003969_2,2023-04-03T23:34:06,88.59,72.26,16.33
MENRES003969_6,2023-09-28T15:00:40,70.98,62.14,8.84
MENRES003969_7,2023-04-01T07:30:10,95.39,86.57,8.82
MENRES003969_11,2023-05-13T18:00:53,94.76,84.46,10.3
MENRES003969_12,2023-09-15T18:36:07,80.55,67.13,13.42
MENRES003969_14,2023-08-12T21:45:52,59.44,53.98,5.46
MENRES003969_15,2023-12-15T22:34:13,83.06,70.63,12.43
MENRES003970_2,2023-01-21T08:45:22,23.42,20.8,2.62
MENRES003970_10,2023-10-14T09:02:40,59.34,50.1,9.24
MENRES003970_12,2023-08-31T16:19:52,76.65,64.82,11.83
MENRES003970_13,2023-11-06T05:54:40,75.4,62.19,13.21
MENRES003971_4,2023-10-07T00:54:07,145.09,128.82,16.27
MENRES003971_6,2023-04-24T07:38:16,113.13,105.49,7.64
MENRES003971_12,2023-12-04T10:10:07,108.0,98.73,9.27
MENRES003971_14,2023-02-25T11:36:21,140.78,118.64,22.14
MENRES003972_4,2023-11-25T08:01:54,46.23,37.08,9.15
MENRES003972_5,2023-05-01T11:47:18,96.64,86.43,10.21
MENRES003973_13,2023-12-26T05:09:51,120.04,100.05,19.99
MENRES003973_14,2023-12-07T07:17:51,87.91,80.53,7.38
MENRES003973_15,2023-06-17T21:31:13,144.78,137.14,7.64
MENRES003973_18,2023-02-26T22:15:08,141.52,120.98,20.54
MENRES003974_0,2023-08-18T12:31:34,92.21,87.03,5.18
MENRES003974_1,2023-11-28T17:08:03,52.33,46.71,5.62
MENRES003974_3,2023-07-13T17:55:25,54.28,44.12,10.16
MENRES003974_4,2023-05-06T11:54:07,65.86,55.6,10.26
MENRES003974_5,2023-12-18T15:52:47,105.09,99.06,6.03
MENRES003974_6,2023-12-13T01:10:26,66.19,60.23,5.96
MENRES003975_0,2023-02-14T18:33:46,46.33,37.34,8.99
MENRES003975_1,2023-12-11T15:56:32,54.65,47.08,7.57
MENRES003975_3,2023-02-14T11:53:23,44.84,41.05,3.79
MENRES003975_4,2023-12-28T18:38:38,54.2,45.09,9.11
MENRES003975_6,2023-02-19T00:33:33,26.64,24.49,2.15
MENRES003975_16,2023-09-28T04:12:48,87.11,79.19,7.92
MENRES003975_17,2023-09-28T08:35:25,97.03,80.12,16.91
MENRES003976_0,2023-02-13T21:02:00,22.48,19.22,3.26
MENRES003976_1,2023-06-23T06:13:52,64.14,60.57,3.57
MENRES003977_1,2023-07-15T07:22:14,24.28,22.7,1.58
MENRES003977_3,2023-03-16T23:17:48,87.23,74.48,12.75
MENRES003977_5,2023-07-10T08:22:38,45.66,42.9,2.76
MENRES003978_0,2023-02-25T12:17:56,58.88,48.79,10.09
MENRES003978_3,2023-06-05T15:23:22,103.29,88.9,14.39
MENRES003978_4,2023-01-01T21:07:18,139.02,111.67,27.35
MENRES003978_5,2023-03-04T14:53:10,87.89,73.05,14.84
MENRES003979_2,2023-01-18T17:00:20,41.68,37.41,4.27
MENRES003980_4,2023-03-29T00:27:14,135.92,114.01,21.91
MENRES003980_6,2023-01-28T20:13:41,123.09,102.14,20.95
MENRES003981_1,2023-04-17T02:27:29,44.09,41.11,2.98
MENRES003981_5,2023-01-29T16:13:24,49.3,39.99,9.31
MENRES003981_9,2023-12-07T16:08:24,78.2,66.9,11.3
MENRES003981_14,2023-04-21T07:07:49,77.43,65.93,11.5
MENRES003982_1,2023-01-20T03:44:58,142.06,131.3,10.76
MENRES003982_5,2023-06-16T16:22:55,124.84,116.76,8.08
MENRES003982_6,2023-07-31T17:58:08,46.2,43.75,2.45
MENRES003982_8,2023-02-02T21:25:49,74.38,60.74,13.64
MENRES003982_9,2023-06-28T09:47:27,105.5,96.93,8.57
MENRES003983_2,2023-11-03T02:04:38,34.41,28.4,6.01
MENRES003983_3,2023-07-17T13:04:16,86.71,77.09,9.62
MENRES003983_5,2023-12-05T12:25:28,111.03,104.73,6.3
MENRES003984_0,2023-03-22T11:33:20,55.71,45.39,10.32
MENRES003984_1,2023-10-25T11:07:52,147.99,131.77,16.22
MENRES003984_2,2023-10-29T00:25:32,81.43,72.52,8.91
MENRES003984_6,2023-03-15T14:48:30,132.88,113.89,18.99
MENRES003984_12,2023-03-21T14:34:27,30.78,24.82,5.96
MENRES003985_5,2023-12-29T15:55:54,19.42,15.81,3.61
MENRES003985_6,2023-07-04T10:16:27,7.26,5.98,1.28
MENRES003986_0,2023-08-11T13:11:57,36.45,33.26,3.19
MENRES003986_7,2023-12-18T15:44:17,87.64,72.79,14.85
MENRES003987_8,2023-07-06T07:24:45,17.4,14.79,2.61
MENRES003988_1,2023-06-17T01:46:50,28.82,26.27,2.55
MENRES003988_3,2023-04-02T09:10:56,99.27,79.85,19.42
MENRES003988_6,2023-02-12T12:02:08,53.35,50.36,2.99
MENRES003988_8,2023-03-25T00:22:01,83.09,69.15,13.94
MENRES003988_9,2023-06-13T10:44:07,68.34,60.82,7.52
MENRES003988_10,2023-04-06T04:32:41,63.34,57.82,5.52
MENRES003988_12,2023-01-01T05:39:42,55.84,47.41,8.43
MENRES003989_0,2023-11-11T20:33:36,77.38,70.85,6.53
MENRES003989_4,2023-05-28T06:56:54,29.37,27.59,1.78
MENRES003989_8,2023-06-30T22:17:14,26.07,21.98,4.09
MENRES003989_10,2023-05-05T23:31:14,33.17,29.46,3.71
MENRES003989_12,2023-04-05T16:37:24,32.13,30.05,2.08
MENRES003989_13,2023-12-03T07:52:15,48.17,41.37,6.8
MENRES003989_14,2023-01-09T11:19:51,11.14,10.55,0.59
MENRES003990_5,2023-08-13T22:02:12,57.5,48.81,8.69
MENRES003990_12,2023-10-09T07:23:51,58.72,52.77,5.95
MENRES003991_5,2023-07-21T21:29:42,80.64,75.65,4.99
MENRES003992_0,2023-06-25T10:23:23,57.64,49.6,8.04
MENRES003992_2,2023-10-26T22:01:01,13.62,11.48,2.14
MENRES003992_4,2023-09-21T02:20:34,57.81,50.24,7.57
MENRES003993_0,2023-03-21T00:42:33,38.02,35.18,2.84
MENRES003993_1,2023-01-19T17:25:08,41.33,33.34,7.99
MENRES003993_2,2023-04-24T00:25:04,11.95,10.77,1.18
MENRES003994_1,2023-10-06T21:12:47,35.39,30.69,4.7
MENRES003994_3,2023-02-05T11:46:25,76.8,70.98,5.82
MENRES003994_5,2023-10-07T11:07:55,16.21,13.26,2.95
MENRES003994_13,2023-09-01T14:40:29,40.11,35.91,4.2
MENRES003995_1,2023-08-17T12:19:54,75.69,67.92,7.77
MENRES003995_2,2023-06-13T12:56:34,50.21,47.47,2.74
MENRES003995_4,2023-06-11T00:34:38,59.08,48.41,10.67
MENRES003995_8,2023-08-08T21:42:25,14.25,12.98,1.27
MENRES003996_3,2023-05-21T16:00:06,38.98,36.13,2.85
MENRES003996_5,2023-02-03T03:19:16,6.39,5.49,0.9
MENRES003996_7,2023-12-21T21:48:14,30.95,29.21,1.74
MENRES003996_9,2023-02-09T19:25:51,26.63,23.79,2.84
MENRES003996_12,2023-12-13T23:39:01,22.83,18.79,4.04
MENRES003996_14,2023-06-11T11:51:15,17.61,15.07,2.54
MENRES003997_2,2023-09-01T16:46:36,18.31,16.38,1.93
MENRES003997_6,2023-12-03T11:59:26,64.15,52.4,11.75
MENRES003998_0,2023-12-05T06:36:26,33.35,27.76,5.59
MENRES003998_3,2023-01-05T01:33:34,109.96,91.27,18.69
MENRES003998_4,2023-04-01T22:12:09,144.91,129.56,15.35
MENRES003998_5,2023-08-29T04:37:34,23.2,19.8,3.4
MENRES003998_8,2023-05-30T06:19:00,28.14,26.46,1.68
MENRES003998_15,2023-01-20T08:53:17,140.6,128.02,12.58
MENRES003998_16,2023-11-24T03:09:13,71.42,57.38,14.04
MENRES003999_0,2023-12-25T10:23:19,75.56,65.28,10.28
MENRES003999_3,2023-02-18T17:27:01,78.74,70.13,8.61
MENRES003999_4,2023-10-05T13:52:23,66.18,59.64,6.54
MENRES003999_7,2023-01-30T03:08:27,46.12,41.59,4.53
MENRES004000_1,2023-11-23T07:23:48,6.35,5.1,1.25
MENRES004000_2,2023-05-14T06:06:35,38.14,32.96,5.18
MENRES004001_1,2023-07-18T21:30:23,106.46,87.27,19.19
MENRES004001_5,2023-02-11T02:11:07,86.52,73.55,12.97
MENRES004001_6,2023-03-09T10:57:26,65.07,60.6,4.47
MENRES004001_9,2023-02-27T11:56:17,75.18,61.91,13.27
MENRES004002_5,2023-01-18T16:06:03,58.15,47.75,10.4
MENRES004002_6,2023-04-26T14:56:25,28.88,26.81,2.07
MENRES004002_7,2023-04-04T11:25:14,26.75,22.38,4.37
MENRES004002_8,2023-02-17T08:30:55,75.84,65.33,10.51
MENRES004002_9,2023-07-03T03:28:55,65.5,57.4,8.1
MENRES004002_11,2023-05-09T03:45:25,73.71,69.55,4.16
MENRES004002_14,2023-11-13T20:48:41,69.13,62.17,6.96
MENRES004002_15,2023-04-16T10:36:51,62.81,58.26,4.55
MENRES004002_16,2023-10-13T07:33:49,30.16,24.16,6.0
MENRES004002_17,2023-05-04T04:12:35,44.72,36.25,8.47
MENRES004003_3,2023-08-19T14:23:55,72.95,60.14,12.81
MENRES004003_4,2023-05-10T08:20:00,58.98,47.58,11.4
MENRES004004_1,2023-01-19T13:03:07,66.2,55.01,11.19
MENRES004004_2,2023-02-25T05:17:19,24.3,20.41,3.89
MENRES004004_9,2023-12-16T00:33:26,13.16,10.57,2.59
MENRES004004_11,2023-11-25T08:43:18,62.15,55.41,6.74
MENRES004005_0,2023-09-16T07:45:51,31.44,26.65,4.79
MENRES004005_1,2023-05-27T09:37:15,92.94,76.85,16.09
MENRES004005_6,2023-01-06T01:17:21,115.27,108.93,6.34
MENRES004005_12,2023-09-04T18:07:53,18.62,15.03,3.59
MENRES004005_16,2023-11-01T01:58:12,21.16,19.76,1.4
MENRES004005_18,2023-10-07T18:01:36,55.95,45.52,10.43
MENRES004006_1,2023-05-07T20:07:36,39.87,32.09,7.78
MENRES004007_4,2023-01-15T15:49:47,69.58,65.46,4.12
MENRES004007_5,2023-01-27T21:21:35,13.54,11.28,2.26
MENRES004007_10,2023-07-08T12:35:39,23.79,22.36,1.43
MENRES004007_13,2023-01-07T14:15:16,37.17,32.25,4.92
MENRES004008_1,2023-01-27T07:29:34,20.05,17.53,2.52
MENRES004008_7,2023-10-26T12:30:19,42.71,36.0,6.71
MENRES004008_13,2023-03-24T07:26:02,22.21,17.89,4.32
MENRES004008_14,2023-02-27T23:18:55,26.59,21.56,5.03
MENRES004009_3,2023-06-04T10:36:58,53.53,46.97,6.56
MENRES004009_10,2023-03-24T20:46:04,107.74,89.16,18.58
MENRES004010_5,2023-08-24T02:12:56,53.14,49.31,3.83
MENRES004011_0,2023-10-16T23:27:36,32.84,30.57,2.27
MENRES004011_2,2023-06-07T03:31:54,33.44,27.67,5.77
MENRES004011_3,2023-05-27T05:56:19,6.31,5.7,0.61
MENRES004011_4,2023-12-02T01:53:27,39.97,36.59,3.38
MENRES004011_10,2023-09-12T19:06:48,26.37,24.93,1.44
MENRES004012_0,2023-07-28T10:21:09,57.54,47.23,10.31
MENRES004012_3,2023-03-29T21:43:30,18.43,16.9,1.53
MENRES004012_4,2023-04-08T09:03:42,88.9,75.09,13.81
MENRES004012_7,2023-11-29T19:09:32,76.13,65.39,10.74
MENRES004012_8,2023-01-31T14:23:48,20.58,18.79,1.79
MENRES004012_11,2023-08-16T06:42:20,38.33,32.63,5.7
MENRES004013_16,2023-11-29T02:21:26,49.51,44.49,5.02
MENRES004014_1,2023-12-02T13:40:42,12.33,9.95,2.38
MENRES004014_2,2023-05-01T16:46:44,24.63,22.21,2.42
MENRES004014_4,2023-12-29T03:32:38,22.22,19.08,3.14
MENRES004014_8,2023-12-19T19:15:13,36.54,33.75,2.79
MENRES004014_12,2023-10-19T19:57:50,43.44,41.2,2.24
MENRES004014_14,2023-10-15T21:42:20,71.78,58.48,13.3
MENRES004014_15,2023-06-11T03:45:28,51.05,46.77,4.28
MENRES004014_18,2023-07-22T14:05:04,78.47,69.58,8.89
MENRES004015_1,2023-12-04T14:10:03,29.86,26.76,3.1
MENRES004015_8,2023-05-13T12:38:33,109.12,89.76,19.36
MENRES004015_14,2023-12-28T10:00:46,71.65,58.91,12.74
MENRES004015_16,2023-09-19T22:39:55,81.39,68.21,13.18
MENRES004016_6,2023-04-22T18:46:34,29.02,24.19,4.83
MENRES004016_7,2023-09-09T12:07:16,68.29,63.68,4.61
MENRES004016_8,2023-12-22T08:21:26,32.73,31.05,1.68
MENRES004016_9,2023-08-20T19:19:51,18.94,16.99,1.95
MENRES004016_10,2023-08-20T03:36:30,16.23,14.86,1.37
MENRES004016_14,2023-05-25T05:31:05,40.76,38.31,2.45
MENRES004017_4,2023-03-02T22:25:46,9.27,7.46,1.81
MENRES004017_5,2023-11-14T02:20:12,38.88,31.19,7.69
MENRES004017_6,2023-08-27T03:57:35,27.11,23.35,3.76
MENRES004017_11,2023-09-01T18:31:08,6.3,5.53,0.77
MENRES004018_1,2023-09-30T15:00:53,85.98,81.3,4.68
MENRES004018_7,2023-06-21T06:00:17,100.43,86.66,13.77
MENRES004018_10,2023-02-23T16:51:35,55.2,46.07,9.13
MENRES004018_11,2023-10-02T15:28:44,104.81,99.12,5.69
MENRES004019_0,2023-12-02T00:28:37,66.93,60.07,6.86
MENRES004019_1,2023-01-03T09:09:14,36.55,33.85,2.7
MENRES004019_5,2023-12-28T20:43:35,32.39,27.15,5.24
MENRES004019_13,2023-09-07T09:38:30,68.52,60.95,7.57
MENRES004019_16,2023-03-07T02:15:41,16.22,13.39,2.83
MENRES004020_0,2023-07-17T19:15:04,62.21,57.33,4.88
MENRES004020_3,2023-02-20T05:43:34,51.53,42.39,9.14
MENRES004020_4,2023-08-28T01:57:23,83.18,76.83,6.35
MENRES004021_1,2023-12-12T15:44:49,19.35,18.18,1.17
MENRES004021_2,2023-07-20T23:40:06,17.13,15.22,1.91
MENRES004022_5,2023-05-10T10:14:40,71.11,60.0,11.11
MENRES004022_12,2023-03-20T12:26:57,65.47,53.34,12.13
MENRES004023_1,2023-09-13T22:02:36,55.2,49.14,6.06
MENRES004023_2,2023-08-28T15:11:03,69.53,61.04,8.49
MENRES004023_3,2023-04-29T18:09:00,67.64,56.27,11.37
MENRES004023_5,2023-06-13T01:59:01,34.94,32.11,2.83
MENRES004024_4,2023-08-15T17:22:47,126.93,103.45,23.48
MENRES004024_7,2023-09-13T08:28:55,56.71,53.55,3.16
MENRES004025_0,2023-04-27T05:08:40,28.6,26.4,2.2
MENRES004025_3,2023-02-14T08:12:24,26.1,21.48,4.62
MENRES004026_2,2023-11-26T06:34:19,91.66,79.11,12.55
MENRES004026_7,2023-02-01T06:50:44,136.61,112.04,24.57
MENRES004027_0,2023-08-12T11:58:24,17.99,16.95,1.04
MENRES004027_1,2023-07-18T17:46:52,77.66,72.81,4.85
MENRES004029_1,2023-10-30T21:20:41,158.0,132.92,25.08
MENRES004029_7,2023-09-20T01:21:11,42.22,39.99,2.23
MENRES004029_10,2023-07-26T21:03:13,147.2,126.2,21.0
MENRES004030_0,2023-10-07T13:26:24,62.28,55.94,6.34
MENRES004030_1,2023-05-05T09:10:47,77.97,65.41,12.56
MENRES004030_2,2023-01-19T15:01:32,22.13,19.52,2.61
MENRES004030_3,2023-06-12T16:34:53,59.77,54.42,5.35
MENRES004030_4,2023-06-30T05:28:51,73.04,67.12,5.92
MENRES004030_6,2023-05-11T10:49:59,42.77,39.69,3.08
MENRES004030_7,2023-07-15T09:43:55,50.92,48.06,2.86
MENRES004030_8,2023-01-17T04:10:37,66.57,61.72,4.85
MENRES004031_4,2023-01-23T21:52:16,77.82,66.8,11.02
MENRES004031_5,2023-10-02T17:44:58,16.33,13.71,2.62
MENRES004032_0,2023-07-20T12:16:01,45.0,36.12,8.88
MENRES004032_1,2023-01-22T13:32:54,48.56,41.31,7.25
MENRES004032_4,2023-03-25T19:29:29,71.23,59.91,11.32
MENRES004033_1,2023-11-28T02:19:14,42.76,36.96,5.8
MENRES004033_5,2023-10-06T05:08:04,14.51,12.86,1.65
MENRES004034_3,2023-08-05T00:30:30,35.5,30.42,5.08
MENRES004034_4,2023-10-15T00:42:11,11.62,10.88,0.74
MENRES004034_7,2023-02-01T12:41:27,9.8,8.09,1.71
MENRES004035_1,2023-01-21T15:21:55,103.35,91.03,12.32
MENRES004035_2,2023-01-24T05:43:13,87.97,77.03,10.94
MENRES004035_5,2023-11-04T00:05:28,65.43,59.44,5.99
MENRES004035_6,2023-11-17T21:30:26,115.28,96.81,18.47
MENRES004035_7,2023-04-16T10:59:38,55.36,47.66,7.7
MENRES004035_10,2023-03-04T00:05:38,43.76,41.25,2.51
MENRES004035_14,2023-08-31T07:23:08,83.99,72.89,11.1
MENRES004035_17,2023-07-04T12:03:26,47.0,40.06,6.94
MENRES004036_1,2023-11-07T16:15:56,106.35,94.79,11.56
MENRES004036_3,2023-12-07T20:52:21,41.63,35.91,5.72
MENRES004036_4,2023-08-11T07:53:06,90.31,79.55,10.76
MENRES004036_6,2023-05-19T07:36:25,103.65,90.87,12.78
MENRES004037_1,2023-01-12T09:35:34,60.86,50.83,10.03
MENRES004037_6,2023-12-10T09:04:06,145.41,130.5,14.91
MENRES004037_7,2023-05-01T14:31:24,150.88,124.86,26.02
MENRES004038_2,2023-05-03T05:46:44,91.22,85.72,5.5
MENRES004038_3,2023-01-02T21:58:07,82.33,77.08,5.25
MENRES004038_4,2023-02-22T03:24:22,53.0,47.39,5.61
MENRES004038_10,2023-01-14T04:01:37,43.67,37.76,5.91
MENRES004038_15,2023-04-17T21:59:45,38.22,33.9,4.32
MENRES004038_18,2023-01-25T19:18:29,89.64,76.14,13.5
MENRES004039_0,2023-12-11T19:31:18,24.87,23.53,1.34
MENRES004039_2,2023-01-01T05:53:20,34.01,30.3,3.71
MENRES004039_5,2023-02-10T18:04:15,18.2,16.69,1.51
MENRES004039_10,2023-06-04T22:21:32,32.48,27.05,5.43
MENRES004039_18,2023-02-10T00:13:53,19.55,15.95,3.6
MENRES004040_2,2023-03-01T07:16:12,112.64,95.4,17.24
MENRES004040_4,2023-09-29T00:40:10,62.28,53.77,8.51
MENRES004040_8,2023-02-11T12:35:38,52.65,48.11,4.54
MENRES004040_11,2023-11-20T15:20:45,34.69,31.57,3.12
MENRES004040_18,2023-02-25T16:09:00,36.21,32.18,4.03
MENRES004040_19,2023-05-03T21:30:13,117.04,105.41,11.63
MENRES004041_0,2023-09-08T01:10:59,116.29,107.35,8.94
MENRES004041_1,2023-09-04T00:43:14,82.42,74.21,8.21
MENRES004041_6,2023-05-26T00:14:30,105.74,94.48,11.26
MENRES004041_11,2023-11-19T20:19:27,32.75,27.11,5.64
MENRES004041_17,2023-07-04T08:36:58,20.05,18.69,1.36
MENRES004042_3,2023-07-18T15:40:17,75.95,68.08,7.87
MENRES004042_5,2023-02-25T04:48:02,72.0,65.03,6.97
MENRES004043_1,2023-08-06T04:30:33,33.64,30.59,3.05
MENRES004043_3,2023-05-26T08:59:52,118.58,105.0,13.58
MENRES004043_5,2023-09-01T18:54:58,59.71,49.68,10.03
MENRES004044_0,2023-12-19T04:15:20,38.24,35.87,2.37
MENRES004044_1,2023-02-26T11:31:20,33.18,27.33,5.85
MENRES004044_3,2023-12-28T00:21:21,9.37,8.66,0.71
MENRES004045_1,2023-08-02T05:42:32,100.78,93.27,7.51
MENRES004045_7,2023-02-14T15:17:14,31.6,29.08,2.52
MENRES004045_12,2023-12-24T07:04:59,34.84,29.94,4.9
MENRES004045_17,2023-05-17T02:08:46,85.1,78.97,6.13
MENRES004046_4,2023-09-29T13:17:46,51.99,43.94,8.05
MENRES004047_3,2023-03-16T23:50:45,68.47,59.34,9.13
MENRES004047_4,2023-05-03T08:10:49,100.92,86.36,14.56
MENRES004048_3,2023-04-17T04:14:05,66.03,53.0,13.03
MENRES004049_1,2023-08-07T01:06:15,35.74,28.87,6.87
MENRES004049_4,2023-05-13T22:14:18,121.42,113.5,7.92
MENRES004049_6,2023-06-05T09:59:47,75.59,63.15,12.44
MENRES004050_2,2023-01-10T12:15:09,24.07,21.12,2.95
MENRES004050_8,2023-02-26T07:26:34,22.21,19.77,2.44
MENRES004050_9,2023-05-25T08:23:54,109.1,94.23,14.87
MENRES004050_16,2023-04-22T21:26:49,29.77,25.68,4.09
MENRES004051_1,2023-07-04T23:39:18,41.82,34.48,7.34
MENRES004052_2,2023-05-31T06:27:05,42.51,38.37,4.14
MENRES004052_4,2023-08-23T11:51:52,155.87,129.31,26.56
MENRES004052_5,2023-01-27T05:46:19,29.73,27.96,1.77
MENRES004053_0,2023-07-10T18:30:03,71.24,60.14,11.1
MENRES004053_2,2023-04-08T00:11:24,49.01,42.65,6.36
MENRES004053_8,2023-05-09T13:55:40,56.72,51.04,5.68
MENRES004054_2,2023-12-21T04:35:05,14.0,12.03,1.97
MENRES004054_5,2023-02-08T08:06:02,29.9,27.23,2.67
MENRES004054_6,2023-10-25T19:05:43,30.95,28.21,2.74
MENRES004054_9,2023-01-26T00:44:25,28.0,24.45,3.55
MENRES004056_3,2023-01-28T20:29:01,82.56,66.45,16.11
MENRES004056_4,2023-04-01T15:38:09,25.52,21.09,4.43
MENRES004056_5,2023-09-18T03:42:00,62.43,58.63,3.8
MENRES004056_6,2023-06-11T20:15:03,20.83,19.53,1.3
MENRES004057_0,2023-07-20T18:37:58,61.27,51.7,9.57
MENRES004057_3,2023-07-20T18:27:16,40.36,33.52,6.84
MENRES004057_17,2023-10-17T17:17:08,61.5,56.5,5.0
MENRES004058_5,2023-07-23T12:46:51,23.23,21.15,2.08
MENRES004058_6,2023-10-12T01:51:48,29.71,24.84,4.87
MENRES004058_11,2023-03-02T16:27:13,8.65,7.18,1.47
MENRES004058_16,2023-11-10T03:57:36,22.39,17.98,4.41
MENRES004058_18,2023-08-12T20:54:30,34.03,27.61,6.42
MENRES004058_19,2023-11-13T06:58:01,24.03,19.93,4.1
MENRES004059_0,2023-10-14T22:35:22,40.46,37.41,3.05
MENRES004060_2,2023-05-29T15:50:14,20.56,19.5,1.06
MENRES004061_1,2023-01-07T19:15:31,97.24,81.43,15.81
MENRES004061_4,2023-05-05T16:19:47,90.25,74.94,15.31
MENRES004061_8,2023-06-18T01:08:38,76.66,68.65,8.01
MENRES004061_9,2023-02-23T01:31:37,20.98,18.46,2.52
MENRES004061_14,2023-05-09T03:29:35,118.68,102.91,15.77
MENRES004061_16,2023-02-07T03:32:08,38.27,33.32,4.95
MENRES004062_0,2023-03-07T12:08:57,20.41,18.19,2.22
MENRES004062_2,2023-09-15T09:16:09,46.83,40.94,5.89
MENRES004062_3,2023-03-18T23:09:32,33.17,30.82,2.35
MENRES004063_1,2023-08-30T10:54:30,35.94,31.19,4.75
MENRES004063_2,2023-03-05T16:31:14,23.48,20.43,3.05
MENRES004064_9,2023-12-09T19:47:05,20.53,17.96,2.57
MENRES004064_13,2023-10-24T21:47:48,38.87,35.14,3.73
MENRES004064_14,2023-07-22T11:32:29,5.71,4.92,0.79
MENRES004064_15,2023-07-01T19:43:01,37.15,33.94,3.21
MENRES004065_0,2023-10-14T07:39:53,15.37,13.37,2.0
MENRES004066_5,2023-04-19T20:28:02,20.36,18.04,2.32
MENRES004066_12,2023-11-08T05:16:13,27.0,21.68,5.32
MENRES004066_15,2023-10-02T12:15:39,130.31,109.68,20.63
MENRES004067_1,2023-12-27T22:50:48,20.46,19.01,1.45
MENRES004067_2,2023-06-14T19:49:35,37.6,32.6,5.0
MENRES004067_3,2023-10-16T01:06:31,26.16,23.05,3.11
MENRES004067_5,2023-09-21T08:55:43,33.7,29.17,4.53
MENRES004068_9,2023-04-16T17:27:50,32.37,30.03,2.34
MENRES004068_10,2023-07-06T14:56:54,61.84,52.58,9.26
MENRES004068_12,2023-08-08T10:44:15,24.45,20.39,4.06
MENRES004069_2,2023-07-03T07:27:54,54.78,50.86,3.92
MENRES004069_10,2023-04-02T00:44:03,52.85,48.63,4.22
MENRES004070_0,2023-03-29T12:49:21,53.46,46.1,7.36
MENRES004070_1,2023-08-01T15:41:23,37.19,31.7,5.49
MENRES004071_2,2023-08-04T06:39:43,37.1,31.5,5.6
MENRES004071_3,2023-03-18T10:04:34,19.62,16.5,3.12
MENRES004071_4,2023-12-24T12:58:40,8.77,8.06,0.71
MENRES004072_0,2023-10-21T22:54:32,6.63,6.02,0.61
MENRES004072_3,2023-04-29T19:38:18,13.47,12.27,1.2
MENRES004072_10,2023-09-07T12:47:34,38.35,31.95,6.4
MENRES004073_4,2023-12-17T00:13:43,98.05,90.16,7.89
MENRES004073_13,2023-03-06T22:23:51,33.03,27.07,5.96
MENRES004073_15,2023-02-18T01:58:43,34.45,29.14,5.31
MENRES004074_2,2023-09-15T17:19:32,40.35,38.32,2.03
MENRES004074_5,2023-04-19T15:41:17,85.42,78.5,6.92
MENRES004074_9,2023-03-27T07:01:23,114.21,99.69,14.52
MENRES004074_10,2023-07-06T03:22:51,104.74,95.29,9.45
MENRES004075_5,2023-01-20T20:47:02,96.73,85.91,10.82
MENRES004076_0,2023-12-21T01:11:44,29.65,25.01,4.64
MENRES004076_2,2023-07-09T01:53:16,95.85,81.54,14.31
MENRES004076_5,2023-12-16T07:09:42,134.05,112.98,21.07
MENRES004076_9,2023-01-10T04:41:56,107.72,89.17,18.55
MENRES004076_12,2023-12-23T00:42:49,84.29,73.6,10.69
MENRES004076_13,2023-10-26T20:45:58,47.93,41.4,6.53
MENRES004077_5,2023-01-10T01:53:45,57.4,52.13,5.27
MENRES004078_4,2023-07-22T13:16:19,48.33,43.83,4.5
MENRES004078_8,2023-05-19T19:12:06,18.27,16.36,1.91
MENRES004078_10,2023-07-21T00:38:47,56.39,51.57,4.82
MENRES004078_13,2023-07-27T00:26:20,23.57,19.5,4.07
MENRES004079_0,2023-10-17T20:27:39,15.64,14.86,0.78
MENRES004079_1,2023-05-13T00:42:30,30.69,29.14,1.55
MENRES004080_1,2023-09-15T09:10:37,18.52,16.51,2.01
MENRES004080_2,2023-06-02T02:31:08,119.65,107.79,11.86
MENRES004080_3,2023-06-20T13:49:44,67.99,63.38,4.61
MENRES004080_4,2023-09-05T14:02:11,87.58,72.63,14.95
MENRES004080_5,2023-02-15T07:25:58,37.13,30.19,6.94
MENRES004080_8,2023-08-10T19:27:07,53.24,46.79,6.45
MENRES004080_10,2023-10-31T06:49:42,56.13,52.89,3.24
MENRES004081_1,2023-05-13T16:54:28,24.53,23.05,1.48
MENRES004081_4,2023-05-15T13:33:40,43.36,36.62,6.74
MENRES004081_5,2023-12-11T10:55:05,18.47,17.39,1.08
MENRES004081_9,2023-11-12T19:25:42,56.44,49.62,6.82
MENRES004082_5,2023-04-20T10:46:42,61.72,51.52,10.2
MENRES004082_6,2023-12-30T11:12:32,41.22,38.19,3.03
MENRES004083_5,2023-08-16T07:47:23,88.85,83.27,5.58
MENRES004083_12,2023-03-01T02:28:53,76.41,65.05,11.36
MENRES004083_14,2023-03-06T13:37:27,134.41,117.84,16.57
MENRES004083_16,2023-07-08T19:55:26,108.64,101.0,7.64
MENRES004083_17,2023-08-11T21:05:14,120.74,105.9,14.84
MENRES004084_2,2023-02-25T21:18:55,65.05,56.68,8.37
MENRES004084_9,2023-07-21T08:12:34,54.7,51.82,2.88
MENRES004084_10,2023-02-05T20:48:46,43.95,36.45,7.5
MENRES004084_13,2023-01-20T14:45:03,45.8,40.37,5.43
MENRES004086_2,2023-02-14T18:04:16,71.57,58.84,12.73
MENRES004086_5,2023-08-12T04:05:51,20.79,17.31,3.48
MENRES004086_6,2023-07-01T15:05:29,32.64,26.48,6.16
MENRES004086_14,2023-05-15T09:40:07,74.18,65.16,9.02
MENRES004086_15,2023-07-05T06:00:51,73.14,65.66,7.48
MENRES004087_1,2023-12-17T12:31:38,22.79,19.46,3.33
MENRES004087_3,2023-10-08T10:05:02,18.55,16.04,2.51
MENRES004087_8,2023-12-03T00:08:46,14.4,13.54,0.86
MENRES004087_12,2023-05-21T23:34:17,8.4,7.25,1.15
MENRES004088_4,2023-02-10T21:08:04,77.2,62.36,14.84
MENRES004088_5,2023-05-20T09:07:30,89.97,84.0,5.97
MENRES004088_7,2023-08-10T10:09:01,127.91,108.93,18.98
MENRES004088_12,2023-08-04T04:08:39,158.63,127.05,31.58
MENRES004088_17,2023-12-18T09:55:57,159.64,137.47,22.17
MENRES004090_2,2023-01-01T23:08:40,125.07,118.25,6.82
MENRES004090_3,2023-03-19T13:39:14,100.11,83.9,16.21
MENRES004090_8,2023-01-11T00:52:56,60.15,50.35,9.8
MENRES004090_11,2023-10-05T10:47:11,138.49,128.76,9.73
MENRES004090_12,2023-12-26T09:11:57,70.17,63.92,6.25
MENRES004090_14,2023-02-13T17:08:20,102.28,92.47,9.81
MENRES004091_8,2023-10-11T04:53:17,33.08,30.23,2.85
MENRES004092_7,2023-09-05T19:19:57,56.44,50.11,6.33
MENRES004092_12,2023-11-16T09:59:18,34.07,31.01,3.06
MENRES004092_13,2023-02-20T06:23:47,32.83,30.82,2.01
MENRES004093_2,2023-12-12T04:17:31,33.9,31.74,2.16
MENRES004093_8,2023-05-17T19:24:14,36.92,32.32,4.6
MENRES004093_14,2023-01-09T17:14:21,54.34,51.29,3.05
MENRES004094_0,2023-08-08T21:33:52,13.56,11.56,2.0
MENRES004094_1,2023-08-01T04:49:26,22.21,20.28,1.93
MENRES004094_7,2023-03-13T00:20:07,35.82,33.95,1.87
MENRES004094_9,2023-07-30T22:05:38,22.54,19.59,2.95
MENRES004095_2,2023-06-17T10:40:17,14.2,11.5,2.7
MENRES004095_3,2023-05-01T09:18:11,75.48,65.41,10.07
MENRES004095_5,2023-08-28T20:44:54,71.92,60.22,11.7
MENRES004096_0,2023-02-06T11:52:27,12.06,9.9,2.16
MENRES004096_3,2023-07-27T17:54:04,14.01,12.41,1.6
MENRES004096_4,2023-07-10T11:01:40,36.47,32.67,3.8
MENRES004096_6,2023-04-27T23:07:46,30.79,25.32,5.47
MENRES004096_7,2023-03-13T18:12:42,14.66,12.86,1.8
MENRES004096_13,2023-05-13T03:00:11,9.88,8.88,1.0
MENRES004097_4,2023-07-29T11:02:35,26.95,21.59,5.36
MENRES004097_5,2023-03-28T18:41:09,6.05,5.64,0.41
MENRES004097_6,2023-08-26T12:02:40,22.8,18.94,3.86
MENRES004098_4,2023-12-18T05:19:26,49.25,44.13,5.12
MENRES004098_5,2023-06-19T17:31:29,128.2,103.15,25.05
MENRES004098_7,2023-05-03T13:59:01,67.53,62.11,5.42
MENRES004099_0,2023-09-29T16:05:17,50.02,46.99,3.03
MENRES004099_7,2023-08-02T06:14:50,46.51,42.97,3.54
MENRES004100_0,2023-12-16T12:33:01,28.48,23.72,4.76
MENRES004100_1,2023-12-17T15:09:42,38.2,30.68,7.52
MENRES004100_6,2023-03-30T14:36:32,21.62,20.15,1.47
MENRES004100_7,2023-02-28T04:14:39,21.63,19.42,2.21
MENRES004100_17,2023-06-03T08:34:17,22.48,20.52,1.96
MENRES004101_2,2023-03-09T20:15:48,52.27,42.17,10.1
MENRES004101_9,2023-01-02T18:20:55,80.82,74.31,6.51
MENRES004101_11,2023-07-01T22:31:06,42.83,34.94,7.89
MENRES004101_12,2023-09-17T18:10:59,73.2,64.82,8.38
MENRES004102_1,2023-07-01T23:42:40,68.25,56.27,11.98
MENRES004102_4,2023-09-17T16:47:14,54.8,49.22,5.58
MENRES004102_7,2023-09-26T08:15:46,68.81,56.18,12.63
MENRES004102_9,2023-04-24T22:27:35,61.53,55.6,5.93
MENRES004102_12,2023-05-04T17:37:48,73.22,69.11,4.11
MENRES004102_15,2023-11-24T13:51:19,78.71,64.04,14.67
MENRES004103_0,2023-11-07T22:18:23,20.82,18.32,2.5
MENRES004103_1,2023-05-17T23:01:30,37.11,31.29,5.82
MENRES004103_3,2023-03-20T09:28:28,55.07,48.66,6.41
MENRES004103_5,2023-06-25T15:36:42,67.56,55.17,12.39
MENRES004103_8,2023-02-21T08:19:15,55.85,46.15,9.7
MENRES004103_13,2023-06-06T08:40:13,67.66,60.86,6.8
MENRES004103_17,2023-05-08T17:33:38,38.78,32.67,6.11
MENRES004103_18,2023-09-05T11:06:27,57.91,48.25,9.66
MENRES004104_0,2023-03-19T13:19:38,33.83,31.17,2.66
MENRES004104_3,2023-08-14T13:20:05,31.26,26.1,5.16
MENRES004104_4,2023-01-07T21:52:23,38.06,32.07,5.99
MENRES004105_2,2023-03-11T08:37:51,73.36,66.24,7.12
MENRES004106_1,2023-02-09T03:10:42,16.61,14.09,2.52
MENRES004106_4,2023-03-22T22:41:10,42.1,36.91,5.19
MENRES004106_8,2023-04-26T07:06:35,52.54,45.85,6.69
MENRES004107_0,2023-05-27T23:13:19,47.28,42.8,4.48
MENRES004107_6,2023-07-02T16:14:50,99.27,81.03,18.24
MENRES004107_13,2023-02-26T07:31:50,37.83,31.59,6.24
MENRES004108_2,2023-08-21T17:49:29,138.41,127.32,11.09
MENRES004108_3,2023-02-14T19:46:56,107.16,91.99,15.17
MENRES004108_4,2023-05-05T10:47:29,117.71,104.81,12.9
MENRES004108_7,2023-03-08T16:44:22,125.95,117.15,8.8
MENRES004109_3,2023-04-03T19:13:54,78.92,71.49,7.43
MENRES004109_5,2023-06-05T09:31:38,148.78,125.54,23.24
MENRES004109_10,2023-10-22T21:29:11,45.5,40.04,5.46
MENRES004109_11,2023-04-11T13:38:04,77.26,68.69,8.57
MENRES004109_13,2023-12-01T08:01:11,23.29,19.19,4.1
MENRES004109_15,2023-03-21T08:19:45,83.07,67.37,15.7
MENRES004110_4,2023-09-04T17:46:38,31.67,25.35,6.32
MENRES004110_6,2023-11-23T21:40:40,37.79,32.55,5.24
MENRES004110_17,2023-03-29T08:11:26,56.65,46.21,10.44
MENRES004110_18,2023-11-26T18:28:33,44.06,41.52,2.54
MENRES004111_0,2023-04-29T11:34:12,13.46,11.69,1.77
MENRES004111_2,2023-10-20T17:56:53,22.5,18.2,4.3
MENRES004111_5,2023-07-25T19:05:43,12.04,11.34,0.7
MENRES004111_6,2023-01-31T12:38:15,53.79,47.37,6.42
MENRES004112_0,2023-12-05T06:52:24,7.37,6.52,0.85
MENRES004112_5,2023-07-09T13:36:17,33.47,30.4,3.07
MENRES004113_0,2023-04-21T00:01:43,64.29,60.68,3.61
MENRES004113_1,2023-12-12T20:34:45,79.55,71.65,7.9
MENRES004114_0,2023-12-27T07:07:23,12.29,10.28,2.01
MENRES004114_1,2023-09-30T19:33:57,35.0,28.72,6.28
MENRES004114_6,2023-04-04T21:13:36,38.59,35.05,3.54
MENRES004114_9,2023-04-29T18:35:29,36.75,30.66,6.09
MENRES004114_15,2023-04-02T23:27:13,35.39,30.7,4.69
MENRES004115_1,2023-08-13T00:38:03,29.14,25.78,3.36
MENRES004115_5,2023-05-05T12:21:34,22.01,18.84,3.17
MENRES004115_10,2023-05-12T17:57:25,8.75,8.28,0.47
MENRES004115_11,2023-05-16T19:22:08,14.7,13.89,0.81
MENRES004115_13,2023-06-30T17:58:05,12.6,11.47,1.13
MENRES004115_14,2023-02-09T04:48:38,39.32,31.57,7.75
MENRES004115_16,2023-08-02T02:19:33,14.8,13.06,1.74
MENRES004116_5,2023-03-31T20:15:19,26.43,24.49,1.94
MENRES004117_0,2023-09-19T17:42:57,37.29,31.2,6.09
MENRES004117_3,2023-08-31T02:08:25,31.63,29.45,2.18
MENRES004117_4,2023-02-20T03:02:45,40.87,33.21,7.66
MENRES004118_1,2023-10-03T18:50:04,22.3,19.13,3.17
MENRES004118_2,2023-03-20T14:01:20,76.34,62.77,13.57
MENRES004118_3,2023-02-19T19:27:02,12.76,11.13,1.63
MENRES004118_8,2023-11-21T19:02:29,63.67,55.22,8.45
MENRES004118_9,2023-08-22T13:10:47,50.23,44.73,5.5
MENRES004118_10,2023-12-07T02:06:51,48.31,39.97,8.34
MENRES004118_12,2023-11-25T16:22:12,76.76,65.33,11.43
MENRES004120_1,2023-10-16T20:15:54,50.71,44.42,6.29
MENRES004120_3,2023-06-16T00:33:09,59.76,53.77,5.99
MENRES004120_14,2023-07-06T05:34:39,10.14,8.79,1.35
MENRES004121_0,2023-10-23T14:46:12,102.73,88.03,14.7
MENRES004121_8,2023-12-23T16:30:37,31.69,27.19,4.5
MENRES004121_10,2023-04-27T07:20:41,64.67,58.69,5.98
MENRES004121_11,2023-07-08T18:25:26,89.37,73.33,16.04
MENRES004122_5,2023-05-08T07:50:35,24.6,22.41,2.19
MENRES004123_4,2023-05-28T05:52:05,13.95,11.75,2.2
MENRES004123_6,2023-09-12T02:09:02,9.02,8.28,0.74
MENRES004123_7,2023-05-15T07:27:43,21.74,19.82,1.92
MENRES004124_1,2023-12-17T21:26:18,40.0,37.11,2.89
MENRES004124_3,2023-10-18T05:24:20,66.68,60.8,5.88
MENRES004124_8,2023-09-29T00:29:57,74.58,62.62,11.96
MENRES004124_10,2023-05-24T13:29:54,52.46,44.32,8.14
MENRES004125_1,2023-01-20T01:45:22,129.91,107.93,21.98
MENRES004125_6,2023-12-18T11:58:57,33.1,26.86,6.24
MENRES004125_8,2023-10-13T21:17:59,108.71,101.83,6.88
MENRES004126_6,2023-05-29T04:51:12,14.69,13.69,1.0
MENRES004126_12,2023-09-09T07:25:53,52.77,49.98,2.79
MENRES004126_13,2023-02-17T16:35:56,14.58,12.27,2.31
MENRES004126_15,2023-07-26T11:17:30,47.61,42.09,5.52
MENRES004127_3,2023-06-24T07:11:40,18.0,15.35,2.65
MENRES004127_7,2023-02-09T06:10:49,69.17,58.97,10.2
MENRES004127_15,2023-11-21T16:44:51,31.16,28.57,2.59
MENRES004128_0,2023-05-31T06:52:33,113.7,105.26,8.44
MENRES004128_1,2023-09-01T21:09:31,95.88,85.16,10.72
MENRES004128_11,2023-01-30T20:51:07,70.11,57.03,13.08
MENRES004128_13,2023-07-27T13:32:34,85.58,70.7,14.88
MENRES004128_15,2023-12-06T21:07:10,71.58,60.03,11.55
MENRES004128_16,2023-12-24T14:35:32,33.52,29.68,3.84
MENRES004129_2,2023-04-20T03:55:55,23.68,19.09,4.59
MENRES004129_3,2023-02-11T16:09:00,25.46,24.02,1.44
MENRES004129_5,2023-09-23T13:09:50,44.46,38.51,5.95
MENRES004129_6,2023-02-28T09:28:24,66.3,55.63,10.67
MENRES004130_1,2023-06-19T01:50:16,17.13,15.55,1.58
MENRES004130_3,2023-11-12T22:32:24,32.7,30.59,2.11
MENRES004130_10,2023-08-03T22:53:48,24.01,21.9,2.11
MENRES004131_1,2023-08-15T22:08:10,26.47,22.71,3.76
MENRES004131_5,2023-10-05T09:32:21,32.04,28.78,3.26
MENRES004132_0,2023-01-04T09:19:36,21.4,17.25,4.15
MENRES004132_2,2023-09-24T23:49:54,27.71,25.21,2.5
MENRES004132_8,2023-11-19T17:49:17,39.75,32.96,6.79
MENRES004132_10,2023-12-20T21:31:15,21.9,17.74,4.16
MENRES004132_14,2023-02-28T17:47:37,38.78,34.56,4.22
MENRES004132_15,2023-03-28T09:34:14,20.97,17.05,3.92
MENRES004132_16,2023-01-05T07:41:09,18.38,14.78,3.6
MENRES004133_6,2023-05-02T04:55:45,19.01,16.09,2.92
MENRES004133_7,2023-04-11T11:47:46,34.89,28.23,6.66
MENRES004133_8,2023-10-03T02:24:03,5.12,4.53,0.59
MENRES004133_10,2023-07-01T17:19:23,21.55,17.73,3.82
MENRES004133_15,2023-05-22T18:15:21,28.6,26.07,2.53
MENRES004134_2,2023-03-30T22:05:16,108.72,102.55,6.17
MENRES004134_4,2023-07-02T15:56:29,98.87,86.26,12.61
MENRES004135_2,2023-10-29T07:21:56,40.09,33.65,6.44
MENRES004135_4,2023-02-27T21:03:38,29.72,24.22,5.5
MENRES004136_0,2023-01-19T06:30:32,5.78,5.29,0.49
MENRES004136_1,2023-01-27T18:39:33,11.42,10.26,1.16
MENRES004136_4,2023-10-29T05:34:47,10.34,8.56,1.78
MENRES004136_7,2023-08-08T21:57:59,11.67,9.63,2.04
MENRES004136_10,2023-11-03T13:25:33,32.62,30.59,2.03
MENRES004136_11,2023-08-11T01:59:52,22.7,18.26,4.44
MENRES004136_12,2023-03-20T03:02:48,5.71,4.82,0.89
MENRES004136_14,2023-07-19T09:17:28,20.64,18.61,2.03
MENRES004136_18,2023-06-25T13:58:22,23.51,18.95,4.56
MENRES004137_1,2023-09-25T07:26:09,5.64,5.2,0.44
MENRES004137_5,2023-04-23T12:52:57,26.99,22.78,4.21
MENRES004137_6,2023-03-31T00:37:55,11.15,10.01,1.14
MENRES004137_7,2023-02-22T21:02:50,19.39,16.78,2.61
MENRES004137_8,2023-02-07T15:09:33,39.42,33.37,6.05
MENRES004137_13,2023-10-06T12:33:21,16.51,15.48,1.03
MENRES004138_1,2023-03-19T00:14:14,40.32,35.44,4.88
MENRES004138_2,2023-05-24T19:42:01,30.53,25.57,4.96
MENRES004138_4,2023-03-06T19:03:26,48.3,42.96,5.34
MENRES004139_0,2023-06-10T06:50:10,16.12,13.82,2.3
MENRES004139_7,2023-07-02T17:17:35,24.37,21.9,2.47
MENRES004140_1,2023-08-13T15:50:37,139.83,112.64,27.19
MENRES004140_2,2023-04-21T00:36:37,51.56,45.73,5.83
MENRES004140_3,2023-06-06T10:36:42,122.1,98.18,23.92
MENRES004140_4,2023-01-25T21:34:43,67.91,61.52,6.39
MENRES004140_6,2023-12-25T02:19:54,103.38,95.12,8.26
MENRES004140_7,2023-12-25T07:04:49,107.19,89.56,17.63
MENRES004140_9,2023-09-08T08:16:33,48.27,41.56,6.71
MENRES004141_0,2023-08-17T01:31:21,47.56,41.55,6.01
MENRES004141_6,2023-01-25T01:32:22,34.47,31.39,3.08
MENRES004141_8,2023-02-25T02:14:06,104.74,85.12,19.62
MENRES004141_9,2023-02-11T14:38:04,27.71,25.35,2.36
MENRES004142_4,2023-08-26T07:43:46,46.86,44.49,2.37
MENRES004142_8,2023-06-18T12:23:05,54.48,48.76,5.72
MENRES004142_9,2023-07-14T21:34:57,143.72,121.8,21.92
MENRES004142_12,2023-02-13T18:08:34,42.44,35.04,7.4
MENRES004143_1,2023-02-28T18:09:46,25.62,23.75,1.87
MENRES004143_4,2023-05-19T08:31:21,148.35,129.0,19.35
MENRES004143_6,2023-04-20T05:33:58,110.15,90.05,20.1
MENRES004143_7,2023-01-04T18:17:56,50.31,44.62,5.69
MENRES004143_10,2023-02-14T09:17:27,78.81,64.95,13.86
MENRES004143_11,2023-01-03T17:37:18,115.92,107.95,7.97
MENRES004143_12,2023-06-01T01:20:03,109.48,94.19,15.29
MENRES004143_15,2023-08-19T12:21:55,38.72,34.35,4.37
MENRES004144_1,2023-02-28T05:44:08,28.94,23.44,5.5
MENRES004144_4,2023-05-31T21:05:20,51.23,47.33,3.9
MENRES004145_1,2023-04-30T18:15:34,82.03,71.68,10.35
MENRES004146_4,2023-01-03T05:23:44,6.24,5.4,0.84
MENRES004146_6,2023-05-29T06:25:13,10.0,9.4,0.6
MENRES004147_1,2023-01-22T04:10:41,145.53,128.56,16.97
MENRES004147_2,2023-06-14T01:29:54,33.71,28.44,5.27
MENRES004147_3,2023-08-12T16:15:11,104.86,92.15,12.71
MENRES004147_7,2023-12-23T14:41:31,51.64,46.75,4.89
MENRES004147_10,2023-01-21T12:25:21,33.76,29.41,4.35
MENRES004147_13,2023-11-13T14:18:55,98.53,88.23,10.3
MENRES004148_3,2023-03-29T02:22:01,62.29,50.6,11.69
MENRES004149_1,2023-12-20T03:01:19,10.24,9.65,0.59
MENRES004149_3,2023-09-17T18:25:54,57.39,53.07,4.32
MENRES004150_0,2023-09-22T15:39:36,16.1,13.14,2.96
MENRES004150_4,2023-01-26T07:01:32,21.14,18.3,2.84
MENRES004150_6,2023-03-17T05:45:47,61.86,56.95,4.91
MENRES004150_7,2023-10-09T06:43:53,29.51,26.45,3.06
MENRES004151_1,2023-04-13T19:03:20,67.4,57.82,9.58
MENRES004151_3,2023-11-03T20:08:22,136.68,125.81,10.87
MENRES004151_4,2023-05-24T04:24:36,73.4,59.99,13.41
MENRES004151_7,2023-02-10T13:57:52,80.49,68.85,11.64
MENRES004151_11,2023-03-09T02:46:07,143.52,114.85,28.67
MENRES004151_13,2023-12-15T18:04:56,74.15,64.31,9.84
MENRES004152_5,2023-04-20T11:04:34,57.96,47.67,10.29
MENRES004152_6,2023-01-26T03:56:59,55.64,46.17,9.47
MENRES004152_7,2023-06-17T03:45:30,20.35,17.09,3.26
MENRES004152_10,2023-01-06T14:48:21,12.91,10.95,1.96
MENRES004153_1,2023-12-25T01:27:07,98.91,82.72,16.19
MENRES004153_3,2023-06-04T04:24:45,87.76,78.6,9.16
MENRES004153_5,2023-03-06T15:41:59,114.65,101.05,13.6
MENRES004153_8,2023-03-13T10:49:15,58.18,54.2,3.98
MENRES004154_4,2023-06-01T06:25:26,51.91,46.12,5.79
MENRES004154_5,2023-08-11T03:37:51,115.74,93.45,22.29
MENRES004154_11,2023-06-06T19:18:49,66.03,55.77,10.26
MENRES004154_15,2023-05-22T01:13:03,24.83,23.13,1.7
MENRES004155_1,2023-07-30T21:24:12,28.83,23.51,5.32
MENRES004155_5,2023-04-21T09:33:31,9.15,8.41,0.74
MENRES004155_6,2023-12-21T01:41:06,8.78,7.08,1.7
MENRES004155_10,2023-02-03T17:57:34,35.75,32.13,3.62
MENRES004155_16,2023-06-05T09:18:17,8.33,7.35,0.98
MENRES004155_17,2023-10-02T04:59:25,7.72,7.19,0.53
MENRES004156_3,2023-01-02T15:03:37,28.82,25.93,2.89
MENRES004156_6,2023-09-11T02:43:13,24.11,22.56,1.55
MENRES004156_7,2023-01-29T09:34:02,6.2,5.72,0.48
MENRES004156_14,2023-03-18T04:08:17,12.74,10.84,1.9
MENRES004156_18,2023-09-29T10:25:29,39.92,32.72,7.2
MENRES004157_3,2023-08-18T01:29:18,140.28,129.95,10.33
MENRES004157_9,2023-03-31T22:34:55,98.17,85.87,12.3
MENRES004157_12,2023-09-21T10:02:51,141.48,133.79,7.69
MENRES004158_0,2023-10-22T06:16:11,55.71,52.66,3.05
MENRES004158_1,2023-06-25T12:44:57,69.27,57.57,11.7
MENRES004158_5,2023-11-24T01:55:26,60.34,49.15,11.19
MENRES004158_6,2023-11-13T15:48:02,69.47,57.46,12.01
MENRES004158_8,2023-11-04T09:54:48,47.35,42.12,5.23
MENRES004158_13,2023-10-14T21:30:40,43.97,37.13,6.84
MENRES004159_2,2023-03-11T07:52:18,27.24,23.25,3.99
MENRES004159_5,2023-06-03T18:23:41,32.59,27.03,5.56
MENRES004159_6,2023-07-12T16:50:49,16.49,14.55,1.94
MENRES004159_7,2023-11-04T17:09:18,21.04,19.97,1.07
MENRES004159_8,2023-05-06T20:28:52,9.17,8.61,0.56
MENRES004159_12,2023-04-12T18:09:48,21.67,18.66,3.01
MENRES004160_3,2023-03-09T08:19:10,17.68,16.64,1.04
MENRES004160_4,2023-11-14T17:14:56,16.68,13.73,2.95
MENRES004161_3,2023-10-11T02:29:42,16.64,13.7,2.94
MENRES004162_0,2023-08-07T05:16:31,34.34,28.5,5.84
MENRES004162_7,2023-06-12T19:52:22,10.08,8.61,1.47
MENRES004162_8,2023-07-19T02:05:46,65.22,54.64,10.58
MENRES004162_10,2023-12-20T05:43:45,77.35,69.94,7.41
MENRES004163_4,2023-12-14T18:40:25,89.79,73.47,16.32
MENRES004163_10,2023-01-04T05:07:57,72.89,61.85,11.04
MENRES004163_11,2023-12-20T05:14:21,119.29,101.33,17.96
MENRES004163_12,2023-07-04T04:30:55,84.98,70.7,14.28
MENRES004163_14,2023-02-12T05:47:37,35.74,33.62,2.12
MENRES004163_16,2023-09-23T21:53:04,125.3,100.64,24.66
MENRES004165_8,2023-01-04T02:54:03,15.67,14.61,1.06
MENRES004165_9,2023-04-15T04:07:40,36.57,30.08,6.49
MENRES004166_0,2023-03-27T08:51:11,151.77,139.47,12.3
MENRES004166_2,2023-04-24T01:45:04,45.97,39.47,6.5
MENRES004166_4,2023-04-30T03:00:21,21.69,17.4,4.29
MENRES004166_6,2023-08-13T16:03:47,76.99,64.19,12.8
MENRES004166_7,2023-11-11T12:43:49,82.63,70.7,11.93
MENRES004166_8,2023-10-09T14:23:07,85.31,74.64,10.67
MENRES004166_12,2023-06-10T03:34:28,144.79,118.05,26.74
MENRES004167_4,2023-09-29T07:08:55,38.91,32.58,6.33
MENRES004167_5,2023-07-07T10:54:25,16.65,14.71,1.94
MENRES004167_6,2023-02-17T10:47:40,18.08,14.5,3.58
MENRES004168_1,2023-05-06T23:00:53,28.42,23.32,5.1
MENRES004168_7,2023-05-28T02:28:11,31.56,29.18,2.38
MENRES004168_9,2023-05-23T05:48:18,57.53,54.23,3.3
MENRES004168_12,2023-03-22T20:05:49,62.46,53.2,9.26
MENRES004168_15,2023-11-02T21:51:37,21.27,17.23,4.04
MENRES004169_6,2023-06-05T09:27:57,23.03,20.15,2.88
MENRES004170_0,2023-02-26T03:54:02,65.65,57.79,7.86
MENRES004170_1,2023-01-26T05:38:30,27.37,23.21,4.16
MENRES004170_5,2023-04-05T09:30:49,44.84,40.87,3.97
MENRES004170_6,2023-07-04T06:08:26,148.06,139.73,8.33
MENRES004171_0,2023-10-03T03:14:10,30.37,25.09,5.28
MENRES004171_3,2023-04-25T16:40:24,28.16,24.97,3.19
MENRES004172_0,2023-06-13T03:37:14,44.9,36.29,8.61
MENRES004172_2,2023-04-21T04:56:09,53.4,44.83,8.57
MENRES004172_8,2023-10-17T07:18:37,77.81,63.44,14.37
MENRES004173_5,2023-06-05T08:03:47,32.47,28.81,3.66
MENRES004173_6,2023-09-13T03:02:16,7.87,7.46,0.41
MENRES004173_7,2023-09-23T03:30:44,36.89,31.16,5.73
MENRES004173_11,2023-05-27T11:55:58,33.82,28.5,5.32
MENRES004173_12,2023-12-20T17:08:35,5.24,4.97,0.27
MENRES004174_0,2023-04-26T13:45:18,27.75,25.87,1.88
MENRES004174_7,2023-06-19T06:45:40,66.26,62.34,3.92
MENRES004174_8,2023-04-04T19:30:45,44.09,38.72,5.37
MENRES004174_12,2023-07-21T15:37:13,34.18,31.06,3.12
MENRES004174_17,2023-10-09T14:28:05,19.42,16.48,2.94
MENRES004175_2,2023-09-04T15:23:55,52.97,49.46,3.51
MENRES004175_4,2023-07-01T08:50:55,52.17,42.56,9.61
MENRES004175_7,2023-10-27T08:13:37,136.88,123.9,12.98
MENRES004175_14,2023-10-16T12:40:54,137.39,128.79,8.6
MENRES004176_1,2023-10-13T19:06:49,55.73,51.17,4.56
MENRES004176_2,2023-09-18T13:12:14,16.04,15.07,0.97
MENRES004176_3,2023-11-28T08:57:27,75.85,64.96,10.89
MENRES004176_7,2023-03-29T03:22:32,78.48,70.6,7.88
MENRES004176_9,2023-03-08T21:32:56,82.26,75.82,6.44
MENRES004176_11,2023-02-07T18:46:12,118.58,107.91,10.67
MENRES004176_12,2023-12-20T22:55:35,91.64,81.44,10.2
MENRES004176_13,2023-02-20T10:46:24,78.75,73.96,4.79
MENRES004176_19,2023-10-09T06:39:56,30.37,27.63,2.74
MENRES004177_0,2023-06-07T19:40:25,31.17,25.27,5.9
MENRES004177_4,2023-09-11T22:22:21,107.99,90.3,17.69
MENRES004177_12,2023-09-12T11:45:05,55.68,49.47,6.21
MENRES004177_13,2023-05-16T13:30:20,119.42,106.91,12.51
MENRES004178_3,2023-03-23T10:06:01,35.39,33.62,1.77
MENRES004178_6,2023-11-11T13:07:49,16.56,13.77,2.79
MENRES004178_7,2023-05-10T01:37:36,27.46,22.2,5.26
MENRES004178_8,2023-06-09T17:16:20,24.14,19.76,4.38
MENRES004179_0,2023-06-28T10:45:47,69.1,59.4,9.7
MENRES004179_2,2023-02-19T00:52:47,79.62,71.37,8.25
MENRES004179_4,2023-06-04T15:48:27,136.63,113.45,23.18
MENRES004180_0,2023-04-22T18:19:04,77.76,65.33,12.43
MENRES004180_1,2023-12-29T08:12:42,18.28,17.28,1.0
MENRES004181_0,2023-06-09T17:12:24,52.36,44.18,8.18
MENRES004182_1,2023-07-10T23:45:34,23.28,21.38,1.9
MENRES004182_6,2023-12-03T17:49:19,20.58,18.12,2.46
MENRES004183_3,2023-09-16T22:54:19,25.83,23.9,1.93
MENRES004183_7,2023-01-14T11:01:24,18.36,16.61,1.75
MENRES004183_8,2023-08-19T05:19:06,6.1,5.79,0.31
MENRES004183_13,2023-10-14T09:54:38,39.6,36.69,2.91
MENRES004184_1,2023-03-31T07:40:46,98.01,91.9,6.11
MENRES004184_4,2023-02-28T21:36:42,84.5,68.66,15.84
MENRES004184_9,2023-10-29T11:20:51,76.53,69.41,7.12
MENRES004184_10,2023-01-01T03:46:41,92.95,75.28,17.67
MENRES004184_12,2023-05-26T08:25:08,52.65,47.93,4.72
MENRES004184_14,2023-10-20T00:47:43,28.0,24.87,3.13
MENRES004185_3,2023-06-24T18:01:01,85.86,78.49,7.37
MENRES004185_4,2023-07-25T00:56:25,100.77,93.06,7.71
MENRES004186_0,2023-05-15T17:36:27,74.02,61.02,13.0
MENRES004186_2,2023-09-15T12:01:30,87.72,78.21,9.51
MENRES004187_0,2023-04-30T20:48:04,119.03,110.17,8.86
MENRES004187_7,2023-07-12T09:03:01,38.33,31.16,7.17
MENRES004187_10,2023-03-08T21:00:32,20.06,17.65,2.41
MENRES004188_0,2023-07-19T10:59:37,35.86,29.13,6.73
MENRES004188_1,2023-10-12T07:26:42,138.37,122.26,16.11
MENRES004188_4,2023-06-07T06:26:30,40.75,37.14,3.61
MENRES004188_14,2023-09-28T07:04:23,56.16,47.62,8.54
MENRES004188_16,2023-06-03T10:33:22,140.03,122.8,17.23
MENRES004189_0,2023-07-30T19:01:38,85.48,72.35,13.13
MENRES004189_1,2023-03-02T11:51:12,47.87,41.78,6.09
MENRES004189_6,2023-06-24T03:46:29,58.05,50.18,7.87
MENRES004189_7,2023-04-10T03:48:59,32.25,26.25,6.0
MENRES004190_6,2023-06-18T03:27:07,58.0,48.15,9.85
MENRES004190_9,2023-01-09T02:23:46,101.61,91.95,9.66
MENRES004190_11,2023-01-22T21:59:42,30.13,28.11,2.02
MENRES004191_3,2023-01-15T23:19:09,35.3,32.94,2.36
MENRES004191_4,2023-11-26T05:06:28,111.05,94.9,16.15
MENRES004191_6,2023-02-08T09:11:51,93.66,79.99,13.67
MENRES004191_13,2023-05-03T21:13:42,119.21,96.91,22.3
MENRES004191_14,2023-10-15T18:47:07,66.37,59.65,6.72
MENRES004192_0,2023-08-04T11:51:12,22.28,18.71,3.57
MENRES004192_1,2023-06-10T11:38:38,18.83,15.88,2.95
MENRES004192_3,2023-07-23T10:24:16,51.18,42.43,8.75
MENRES004192_6,2023-05-22T10:03:49,80.01,74.02,5.99
MENRES004192_7,2023-01-11T01:13:54,111.34,98.37,12.97
MENRES004193_0,2023-07-20T13:48:13,122.58,102.88,19.7
MENRES004193_1,2023-05-14T18:47:17,43.78,35.8,7.98
MENRES004193_3,2023-04-27T16:48:24,46.33,42.4,3.93
MENRES004193_4,2023-04-07T12:42:36,110.3,94.05,16.25
MENRES004193_5,2023-07-20T17:21:47,150.16,121.82,28.34
MENRES004193_7,2023-12-07T16:06:18,54.89,44.8,10.09
MENRES004193_13,2023-07-24T14:26:37,105.88,98.85,7.03
MENRES004194_3,2023-09-28T23:06:40,19.18,16.52,2.66
MENRES004194_4,2023-11-25T20:10:11,98.92,90.55,8.37
MENRES004194_5,2023-12-10T19:36:19,69.67,61.67,8.0
MENRES004194_8,2023-07-10T23:17:27,119.35,96.78,22.57
MENRES004194_10,2023-02-08T08:40:07,100.57,88.61,11.96
MENRES004194_14,2023-12-10T10:53:42,119.56,102.51,17.05
MENRES004194_15,2023-01-16T22:28:39,111.82,101.29,10.53
MENRES004195_1,2023-09-16T19:55:27,80.04,64.91,15.13
MENRES004195_2,2023-06-21T03:17:46,81.07,73.16,7.91
MENRES004195_4,2023-07-27T07:30:13,136.35,114.16,22.19
MENRES004195_7,2023-09-10T17:30:25,110.6,97.23,13.37
MENRES004195_10,2023-04-05T11:35:35,107.56,97.83,9.73
MENRES004195_12,2023-11-24T19:54:57,96.31,85.55,10.76
MENRES004196_0,2023-11-21T07:35:50,21.64,17.9,3.74
MENRES004196_2,2023-06-22T02:09:19,5.41,4.74,0.67
MENRES004196_3,2023-04-24T19:28:52,11.12,9.13,1.99
MENRES004196_4,2023-02-06T06:52:59,34.0,28.65,5.35
MENRES004196_6,2023-01-20T06:49:29,35.55,31.78,3.77
MENRES004196_7,2023-06-04T17:29:34,17.14,16.1,1.04
MENRES004196_9,2023-03-11T10:46:32,36.98,32.74,4.24
MENRES004196_13,2023-11-29T11:52:07,23.32,19.44,3.88
MENRES004197_0,2023-04-22T19:03:58,30.31,27.89,2.42
MENRES004197_1,2023-07-08T10:45:07,36.1,33.76,2.34
MENRES004197_2,2023-05-09T03:16:26,39.95,36.02,3.93
MENRES004197_3,2023-02-02T13:25:34,19.0,15.6,3.4
MENRES004197_5,2023-12-24T05:26:22,7.17,6.68,0.49
MENRES004198_1,2023-02-24T15:06:22,93.67,77.91,15.76
MENRES004198_6,2023-05-31T20:45:06,59.7,52.03,7.67
MENRES004198_7,2023-01-10T02:09:22,99.83,88.55,11.28
MENRES004198_10,2023-10-11T07:24:17,88.22,81.54,6.68
MENRES004198_12,2023-03-17T07:25:08,111.14,102.11,9.03
MENRES004198_14,2023-04-30T16:42:39,129.14,103.93,25.21
MENRES004199_1,2023-01-29T02:11:16,26.64,21.36,5.28
MENRES004199_3,2023-05-21T09:15:17,12.39,10.24,2.15
MENRES004199_5,2023-01-17T06:32:50,27.13,22.02,5.11
MENRES004199_6,2023-07-17T01:44:57,7.37,6.51,0.86
MENRES004199_10,2023-07-14T09:06:13,31.62,29.58,2.04
MENRES004199_13,2023-07-23T11:15:04,26.43,24.32,2.11
MENRES004201_3,2023-08-14T19:09:21,108.16,93.82,14.34
MENRES004201_12,2023-10-08T22:04:40,66.69,58.06,8.63
MENRES004202_1,2023-06-26T23:19:50,18.56,15.5,3.06
MENRES004202_3,2023-04-12T00:10:52,21.28,19.43,1.85
MENRES004202_6,2023-05-01T00:36:29,12.93,11.48,1.45
MENRES004203_2,2023-07-13T13:11:06,14.05,12.06,1.99
MENRES004203_3,2023-10-18T00:41:29,16.06,14.11,1.95
MENRES004203_7,2023-11-14T09:14:24,15.09,13.35,1.74
MENRES004204_2,2023-06-24T21:43:39,60.91,49.95,10.96
MENRES004204_10,2023-05-30T10:46:29,61.49,49.73,11.76
MENRES004205_1,2023-03-08T05:57:36,140.36,124.22,16.14
MENRES004205_9,2023-07-14T20:11:37,139.82,129.17,10.65
MENRES004205_11,2023-11-17T10:12:54,112.69,97.53,15.16
MENRES004205_12,2023-01-02T02:48:26,84.2,78.65,5.55
MENRES004205_18,2023-07-16T19:47:18,50.63,42.3,8.33
MENRES004206_2,2023-01-11T11:58:54,37.24,33.29,3.95
MENRES004206_3,2023-12-12T17:34:00,32.81,28.92,3.89
MENRES004207_1,2023-08-02T01:58:13,118.81,103.87,14.94
MENRES004207_2,2023-10-21T22:38:22,71.89,64.47,7.42
MENRES004208_3,2023-09-27T05:03:02,64.19,51.51,12.68
MENRES004208_6,2023-06-16T06:07:46,134.49,110.65,23.84
MENRES004208_8,2023-02-19T02:19:14,66.29,61.23,5.06
MENRES004208_15,2023-04-15T20:39:47,58.34,54.42,3.92
MENRES004208_17,2023-05-07T20:51:43,28.88,25.92,2.96
MENRES004209_5,2023-11-18T16:59:42,68.15,56.55,11.6
MENRES004209_6,2023-07-23T04:51:41,20.24,16.76,3.48
MENRES004209_9,2023-03-31T05:43:58,36.21,33.8,2.41
MENRES004210_1,2023-07-29T10:07:05,78.03,62.73,15.3
MENRES004210_3,2023-11-28T18:02:58,154.81,137.81,17.0
MENRES004210_6,2023-01-15T17:19:29,87.0,74.92,12.08
MENRES004210_11,2023-01-30T15:24:00,31.77,25.65,6.12
MENRES004211_0,2023-07-25T18:19:36,81.16,75.62,5.54
MENRES004211_2,2023-06-12T19:17:01,73.05,62.05,11.0
MENRES004211_3,2023-03-22T09:11:50,49.78,43.21,6.57
MENRES004211_4,2023-12-07T02:09:33,68.91,57.09,11.82
MENRES004211_9,2023-04-11T15:31:34,119.94,105.98,13.96
MENRES004212_3,2023-05-12T20:14:37,74.64,59.9,14.74
MENRES004212_4,2023-11-09T17:04:20,48.33,40.62,7.71
MENRES004212_5,2023-03-30T16:23:33,10.55,9.27,1.28
MENRES004213_0,2023-06-19T07:11:33,55.68,49.37,6.31
MENRES004213_1,2023-09-09T15:17:03,44.91,41.03,3.88
MENRES004213_2,2023-11-05T12:00:26,11.16,9.86,1.3
MENRES004214_1,2023-09-12T00:57:42,93.84,82.41,11.43
MENRES004214_6,2023-03-03T16:25:30,20.6,16.95,3.65
MENRES004215_0,2023-07-03T01:12:17,40.23,33.42,6.81
MENRES004215_1,2023-11-24T04:54:07,44.19,39.3,4.89
MENRES004215_3,2023-04-29T22:18:01,10.65,8.57,2.08
MENRES004215_7,2023-12-13T19:46:59,41.59,38.5,3.09
MENRES004215_8,2023-04-30T22:21:28,51.37,43.24,8.13
MENRES004216_1,2023-05-12T14:22:55,72.67,68.61,4.06
MENRES004216_11,2023-06-28T02:39:27,77.37,64.44,12.93
MENRES004217_0,2023-07-10T18:55:46,34.73,28.83,5.9
MENRES004217_5,2023-08-11T19:31:16,33.74,27.82,5.92
MENRES004217_9,2023-06-29T00:26:47,17.34,14.0,3.34
MENRES004218_6,2023-09-13T17:20:38,74.86,61.62,13.24
MENRES004218_13,2023-12-11T22:30:14,40.35,33.98,6.37
MENRES004218_16,2023-10-17T15:34:26,44.51,41.08,3.43
MENRES004218_18,2023-01-26T02:29:26,55.72,46.85,8.87
MENRES004219_4,2023-05-04T18:05:13,62.51,50.15,12.36
MENRES004219_8,2023-08-07T11:33:47,76.85,64.79,12.06
MENRES004220_1,2023-08-19T18:49:56,58.88,49.82,9.06
MENRES004220_3,2023-07-05T11:35:04,78.05,70.25,7.8
MENRES004220_4,2023-10-14T22:33:46,137.01,126.63,10.38
MENRES004221_1,2023-04-02T19:40:33,156.34,144.75,11.59
MENRES004221_3,2023-06-06T11:06:34,101.58,91.04,10.54
MENRES004221_4,2023-05-12T04:10:19,104.02,95.89,8.13
MENRES004221_5,2023-08-11T20:33:19,120.08,104.96,15.12
MENRES004221_9,2023-09-12T08:11:53,124.86,103.4,21.46
MENRES004221_10,2023-06-27T11:37:00,34.82,31.47,3.35
MENRES004222_3,2023-11-24T11:14:43,55.28,46.87,8.41
MENRES004222_4,2023-05-25T21:46:40,47.28,40.05,7.23
MENRES004222_5,2023-12-22T01:05:00,14.81,13.57,1.24
MENRES004222_10,2023-07-03T00:23:59,36.4,30.43,5.97
MENRES004222_11,2023-11-17T09:11:39,58.18,48.13,10.05
MENRES004222_12,2023-10-21T03:24:46,50.58,43.53,7.05
MENRES004222_13,2023-06-10T17:35:18,73.52,63.73,9.79
MENRES004223_1,2023-05-27T18:08:56,26.69,22.62,4.07
MENRES004223_6,2023-12-16T15:43:51,93.62,81.87,11.75
MENRES004223_10,2023-02-02T08:15:34,113.5,104.86,8.64
MENRES004223_11,2023-11-16T23:20:34,156.72,144.27,12.45
MENRES004223_17,2023-02-21T03:13:07,41.76,37.98,3.78
MENRES004224_1,2023-09-17T13:55:34,70.8,61.5,9.3
MENRES004224_2,2023-02-05T12:04:00,53.03,45.0,8.03
MENRES004224_3,2023-01-17T16:23:00,64.98,55.46,9.52
MENRES004224_9,2023-05-27T06:36:53,105.31,89.55,15.76
MENRES004224_12,2023-04-10T09:57:13,118.47,104.64,13.83
MENRES004225_2,2023-05-30T22:57:11,24.51,19.87,4.64
MENRES004225_5,2023-02-23T11:56:35,12.0,10.65,1.35
MENRES004225_7,2023-12-23T10:44:39,11.55,9.32,2.23
MENRES004226_5,2023-08-24T01:17:47,150.94,128.34,22.6
MENRES004226_9,2023-06-24T10:08:40,143.25,120.27,22.98
MENRES004226_13,2023-08-19T04:40:14,68.04,63.4,4.64
MENRES004227_2,2023-01-17T09:54:43,87.09,80.12,6.97
MENRES004227_4,2023-05-26T05:25:12,60.81,54.74,6.07
MENRES004229_0,2023-09-11T09:43:23,33.92,30.52,3.4
MENRES004229_1,2023-11-06T07:16:50,30.64,25.89,4.75
MENRES004229_5,2023-01-01T05:52:20,6.24,5.17,1.07
MENRES004229_7,2023-03-15T20:04:10,26.2,22.85,3.35
MENRES004230_0,2023-07-15T07:11:38,50.58,41.13,9.45
MENRES004230_4,2023-01-07T03:30:51,29.47,26.89,2.58
MENRES004230_5,2023-07-07T17:31:44,64.21,60.42,3.79
MENRES004230_6,2023-05-06T12:06:25,79.66,74.19,5.47
MENRES004230_17,2023-08-09T11:21:10,64.33,55.58,8.75
MENRES004230_18,2023-05-08T00:28:38,51.07,45.09,5.98
MENRES004231_1,2023-09-19T23:37:56,32.34,30.4,1.94
MENRES004231_2,2023-09-18T06:36:34,45.65,38.4,7.25
MENRES004231_3,2023-09-22T08:14:53,34.88,31.43,3.45
MENRES004232_2,2023-03-16T17:12:21,65.8,62.23,3.57
MENRES004233_0,2023-11-24T16:28:46,102.77,88.2,14.57
MENRES004233_1,2023-07-18T22:35:48,84.52,71.13,13.39
MENRES004233_4,2023-03-24T03:54:49,109.1,89.16,19.94
MENRES004233_10,2023-03-23T07:50:15,123.44,116.63,6.81
MENRES004234_1,2023-02-07T14:56:50,112.35,93.32,19.03
MENRES004234_9,2023-05-09T15:59:23,42.39,36.45,5.94
MENRES004234_12,2023-11-28T06:13:52,104.88,90.99,13.89
MENRES004234_13,2023-02-13T05:36:07,114.55,94.69,19.86
MENRES004234_14,2023-04-25T02:37:42,60.5,51.03,9.47
MENRES004235_3,2023-08-06T12:36:53,43.41,36.65,6.76
MENRES004235_8,2023-06-02T04:21:33,77.15,64.37,12.78
MENRES004236_3,2023-10-31T20:45:28,54.58,47.31,7.27
MENRES004236_4,2023-12-25T12:16:08,61.15,53.94,7.21
MENRES004236_7,2023-02-25T04:32:00,72.4,63.03,9.37
MENRES004236_8,2023-07-04T04:30:23,28.77,25.77,3.0
MENRES004236_11,2023-08-08T12:16:19,12.18,11.11,1.07
MENRES004236_13,2023-02-04T11:45:50,52.3,49.47,2.83
MENRES004236_16,2023-09-21T17:56:15,29.9,26.33,3.57
MENRES004236_18,2023-03-25T18:12:08,15.26,12.91,2.35
MENRES004237_8,2023-08-31T14:25:52,65.85,56.16,9.69
MENRES004237_9,2023-07-14T05:47:00,41.03,35.39,5.64
MENRES004237_12,2023-07-12T20:16:45,37.11,31.72,5.39
MENRES004237_13,2023-11-26T19:21:46,34.07,28.07,6.0
MENRES004238_2,2023-12-05T22:45:04,73.52,64.44,9.08
MENRES004238_8,2023-10-23T00:36:06,49.35,43.62,5.73
MENRES004238_9,2023-05-21T23:28:21,59.12,54.6,4.52
MENRES004238_10,2023-01-23T10:37:29,76.84,63.83,13.01
MENRES004238_11,2023-04-05T16:51:50,52.14,42.55,9.59
MENRES004238_13,2023-03-05T11:31:07,26.93,23.72,3.21
MENRES004238_16,2023-01-01T12:35:39,63.0,56.97,6.03
MENRES004239_2,2023-01-03T06:36:27,37.89,32.98,4.91
MENRES004239_4,2023-09-27T09:51:19,19.28,15.87,3.41
MENRES004240_0,2023-02-15T06:33:10,11.24,9.55,1.69
MENRES004240_2,2023-06-09T04:05:07,39.79,34.96,4.83
MENRES004240_8,2023-02-07T20:29:28,37.18,33.01,4.17
MENRES004240_10,2023-07-27T20:50:43,30.72,24.76,5.96
MENRES004240_11,2023-09-29T13:03:01,23.02,20.48,2.54
MENRES004240_16,2023-04-21T11:13:17,30.2,26.38,3.82
MENRES004240_17,2023-05-14T17:21:09,9.17,7.8,1.37
MENRES004240_18,2023-04-05T18:36:11,13.04,11.26,1.78
MENRES004241_0,2023-10-28T05:12:04,28.76,23.13,5.63
MENRES004241_2,2023-04-25T15:54:41,20.16,17.2,2.96
MENRES004241_4,2023-01-31T11:56:12,25.75,20.73,5.02
MENRES004241_6,2023-05-06T08:03:00,22.04,19.18,2.86
MENRES004241_9,2023-07-29T11:56:30,27.35,25.37,1.98
MENRES004242_3,2023-07-17T00:59:45,25.64,24.12,1.52
MENRES004242_7,2023-06-18T23:05:09,33.58,30.92,2.66
MENRES004242_11,2023-06-05T18:37:39,43.1,37.1,6.0
MENRES004242_14,2023-11-15T23:01:27,42.9,34.33,8.57
MENRES004242_15,2023-09-15T12:08:35,53.98,45.93,8.05
MENRES004243_13,2023-02-25T15:55:14,92.35,82.11,10.24
MENRES004243_16,2023-06-20T07:57:47,107.11,95.73,11.38
MENRES004244_0,2023-08-15T03:43:21,18.68,16.11,2.57
MENRES004244_6,2023-01-22T09:29:23,15.85,12.78,3.07
MENRES004245_0,2023-07-01T08:10:35,40.32,32.33,7.99
MENRES004245_2,2023-06-18T14:31:30,103.56,97.62,5.94
MENRES004245_4,2023-02-03T08:17:34,53.52,50.29,3.23
MENRES004245_7,2023-09-14T18:31:12,117.81,105.78,12.03
MENRES004245_10,2023-09-24T17:24:05,49.06,43.86,5.2
MENRES004245_12,2023-04-30T09:19:46,41.52,35.38,6.14
MENRES004246_1,2023-11-23T10:19:00,89.92,84.08,5.84
MENRES004247_1,2023-05-25T04:22:13,11.25,9.83,1.42
MENRES004247_2,2023-10-23T03:00:08,48.59,46.06,2.53
MENRES004247_4,2023-07-13T17:13:03,15.59,14.11,1.48
MENRES004247_12,2023-05-14T23:49:05,14.22,13.4,0.82
MENRES004247_13,2023-07-19T10:11:52,38.9,36.81,2.09
MENRES004247_18,2023-11-22T11:26:12,14.23,12.64,1.59
MENRES004248_0,2023-05-20T19:49:56,108.67,101.45,7.22
MENRES004248_2,2023-11-12T13:08:47,61.64,57.72,3.92
MENRES004248_5,2023-08-21T06:57:53,83.3,77.58,5.72
MENRES004248_6,2023-02-18T22:43:50,71.13,60.7,10.43
MENRES004249_4,2023-04-25T11:21:26,24.84,22.69,2.15
MENRES004250_3,2023-09-19T17:35:43,25.8,22.65,3.15
MENRES004250_5,2023-05-30T15:08:00,19.6,16.29,3.31
MENRES004250_6,2023-11-24T09:53:57,27.51,25.36,2.15
MENRES004250_7,2023-06-17T15:19:24,23.94,20.42,3.52
MENRES004250_10,2023-04-17T15:06:37,6.66,5.47,1.19
MENRES004250_11,2023-10-22T01:27:51,18.37,14.78,3.59
MENRES004250_12,2023-08-07T13:56:38,20.86,19.71,1.15
MENRES004251_5,2023-04-15T02:24:04,39.1,31.7,7.4
MENRES004251_7,2023-09-19T16:19:28,46.45,41.96,4.49
MENRES004251_11,2023-01-19T12:08:55,32.54,29.26,3.28
MENRES004251_15,2023-05-23T09:17:17,70.79,67.17,3.62
MENRES004252_1,2023-07-07T15:28:03,26.8,22.68,4.12
MENRES004252_3,2023-11-13T14:39:57,12.7,11.22,1.48
MENRES004253_3,2023-02-14T23:27:59,33.51,28.1,5.41
MENRES004253_7,2023-12-05T21:13:42,16.64,13.68,2.96
MENRES004253_8,2023-06-23T19:52:37,38.38,32.27,6.11
MENRES004253_13,2023-11-25T21:53:39,69.06,60.69,8.37
MENRES004253_17,2023-02-17T04:21:24,32.77,30.96,1.81
MENRES004254_0,2023-03-12T20:09:39,45.21,42.11,3.1
MENRES004254_4,2023-02-03T19:59:46,26.01,22.5,3.51
MENRES004254_11,2023-12-02T23:44:43,50.08,42.2,7.88
MENRES004254_12,2023-11-30T08:15:11,14.47,11.58,2.89
MENRES004254_13,2023-06-05T11:00:32,23.06,21.42,1.64
MENRES004254_17,2023-08-03T21:14:28,41.05,36.0,5.05
MENRES004255_1,2023-04-15T06:35:21,50.97,41.37,9.6
MENRES004255_2,2023-04-12T19:46:58,29.28,25.8,3.48
MENRES004255_3,2023-12-07T01:15:19,37.99,31.0,6.99
MENRES004255_7,2023-07-27T22:45:26,66.82,56.76,10.06
MENRES004255_9,2023-08-16T10:10:39,93.54,83.17,10.37
MENRES004256_0,2023-06-18T09:33:03,118.38,96.01,22.37
MENRES004256_3,2023-08-06T08:49:21,31.39,25.56,5.83
MENRES004256_5,2023-11-30T03:55:08,107.08,86.43,20.65
MENRES004256_8,2023-05-13T11:46:52,106.95,89.3,17.65
MENRES004256_10,2023-06-05T04:32:46,68.84,62.01,6.83
MENRES004256_11,2023-11-03T10:25:11,49.48,42.56,6.92
MENRES004256_12,2023-04-08T15:00:38,86.18,78.94,7.24
MENRES004256_16,2023-04-06T10:05:16,65.26,55.39,9.87
MENRES004257_3,2023-05-14T12:11:01,28.95,27.3,1.65
MENRES004257_10,2023-01-29T22:40:53,25.02,20.11,4.91
MENRES004258_5,2023-12-09T02:24:48,50.41,41.21,9.2
MENRES004258_6,2023-05-15T14:02:41,94.89,87.35,7.54
MENRES004259_3,2023-02-01T11:13:06,75.73,63.46,12.27
MENRES004259_4,2023-05-21T08:33:44,157.23,143.22,14.01
MENRES004259_6,2023-11-24T16:59:51,98.69,86.77,11.92
MENRES004259_9,2023-01-22T04:11:42,144.75,135.11,9.64
MENRES004260_1,2023-11-15T16:31:02,36.41,32.55,3.86
MENRES004260_6,2023-07-03T00:30:44,5.35,4.46,0.89
MENRES004260_8,2023-01-13T04:49:13,11.64,10.82,0.82
MENRES004260_11,2023-04-04T13:30:56,26.59,21.8,4.79
MENRES004261_12,2023-02-20T16:00:17,34.77,30.8,3.97
MENRES004262_5,2023-04-23T09:39:05,55.04,48.76,6.28
MENRES004262_6,2023-03-03T06:43:48,68.46,62.32,6.14
MENRES004262_7,2023-04-12T19:09:37,19.0,16.71,2.29
MENRES004262_8,2023-03-30T02:21:11,53.53,44.12,9.41
MENRES004263_1,2023-04-29T00:19:21,45.69,37.3,8.39
MENRES004263_2,2023-11-04T05:10:54,71.57,64.21,7.36
MENRES004263_6,2023-11-12T15:21:34,52.23,49.26,2.97
MENRES004263_7,2023-07-03T00:39:34,40.41,33.96,6.45
MENRES004264_6,2023-11-14T13:00:34,66.73,55.8,10.93
MENRES004264_10,2023-10-02T08:13:00,36.5,31.43,5.07
MENRES004265_5,2023-11-07T19:44:12,37.57,32.79,4.78
MENRES004265_7,2023-02-21T06:41:38,15.17,13.69,1.48
MENRES004265_11,2023-06-05T13:32:37,79.91,73.42,6.49
MENRES004265_12,2023-06-07T23:53:35,31.29,28.44,2.85
MENRES004265_16,2023-07-06T12:47:34,60.53,50.9,9.63
MENRES004265_17,2023-06-06T13:00:49,38.99,32.7,6.29
MENRES004266_0,2023-06-03T11:21:27,24.45,22.78,1.67
MENRES004266_2,2023-02-28T09:55:51,62.7,51.41,11.29
MENRES004266_6,2023-06-08T04:44:55,64.82,52.95,11.87
MENRES004267_0,2023-10-03T14:06:30,141.38,122.29,19.09
MENRES004268_0,2023-04-09T18:49:46,39.82,34.19,5.63
MENRES004268_2,2023-01-13T06:49:18,29.24,27.26,1.98
MENRES004268_3,2023-05-24T02:17:19,17.47,15.84,1.63
MENRES004268_5,2023-06-07T15:10:30,18.0,16.84,1.16
MENRES004268_6,2023-09-24T07:23:58,24.07,21.4,2.67
MENRES004268_11,2023-10-12T21:24:52,37.06,33.91,3.15
MENRES004268_13,2023-08-16T10:01:29,22.97,19.24,3.73
MENRES004269_2,2023-03-13T08:40:04,85.55,72.36,13.19
MENRES004269_3,2023-05-01T08:03:33,63.54,57.6,5.94
MENRES004269_4,2023-10-11T17:39:09,59.84,50.86,8.98
MENRES004269_8,2023-06-30T01:15:23,53.08,48.69,4.39
MENRES004269_13,2023-05-21T02:46:11,25.24,23.6,1.64
MENRES004270_1,2023-06-07T11:54:38,38.41,33.32,5.09
MENRES004270_3,2023-10-05T08:34:04,103.9,87.44,16.46
MENRES004270_4,2023-10-22T15:58:38,106.88,97.59,9.29
MENRES004270_5,2023-06-26T19:57:45,94.49,80.12,14.37
MENRES004270_6,2023-12-22T01:40:29,81.09,66.18,14.91
MENRES004271_2,2023-10-21T10:23:18,11.83,9.85,1.98
MENRES004272_6,2023-11-20T20:09:27,64.24,56.93,7.31
MENRES004272_8,2023-03-08T08:47:29,85.2,68.42,16.78
MENRES004272_9,2023-06-27T02:41:10,35.71,29.6,6.11
MENRES004272_12,2023-03-29T12:25:55,89.99,80.51,9.48
MENRES004273_5,2023-09-03T18:56:47,23.21,20.0,3.21
MENRES004273_6,2023-03-07T11:02:52,16.28,13.36,2.92
MENRES004274_1,2023-09-09T14:37:38,129.54,118.74,10.8
MENRES004274_4,2023-02-23T03:51:34,45.84,40.59,5.25
MENRES004274_7,2023-10-05T15:41:02,95.79,83.51,12.28
MENRES004274_8,2023-12-12T18:41:59,73.56,60.51,13.05
MENRES004274_10,2023-05-25T02:42:21,157.4,147.78,9.62
MENRES004274_12,2023-03-12T06:54:42,155.87,128.83,27.04
MENRES004274_15,2023-01-16T01:13:17,59.22,56.19,3.03
MENRES004276_0,2023-01-10T20:53:42,76.92,69.15,7.77
MENRES004276_2,2023-02-17T17:45:07,11.27,9.04,2.23
MENRES004276_3,2023-03-09T18:09:29,10.4,8.5,1.9
MENRES004277_9,2023-12-28T18:16:22,38.4,34.92,3.48
MENRES004277_10,2023-05-07T06:53:04,13.1,11.45,1.65
MENRES004278_0,2023-06-10T07:30:28,103.65,87.13,16.52
MENRES004278_4,2023-05-21T17:48:04,79.09,65.79,13.3
MENRES004278_6,2023-03-15T03:01:47,116.14,103.81,12.33
MENRES004278_12,2023-04-26T03:49:42,65.65,59.36,6.29
MENRES004278_14,2023-08-18T16:46:08,53.43,47.67,5.76
MENRES004279_0,2023-08-12T22:50:48,134.64,109.75,24.89
MENRES004279_2,2023-08-21T02:06:21,55.86,52.86,3.0
MENRES004279_6,2023-04-01T20:40:54,83.55,76.89,6.66
MENRES004279_9,2023-10-05T06:18:14,61.98,51.72,10.26
MENRES004279_14,2023-10-10T08:43:34,30.97,28.2,2.77
MENRES004279_15,2023-05-21T10:52:43,107.41,98.25,9.16
MENRES004281_0,2023-06-09T02:55:45,92.3,84.97,7.33
MENRES004281_3,2023-12-28T17:23:13,136.34,128.24,8.1
MENRES004281_9,2023-01-03T02:02:30,148.65,124.19,24.46
MENRES004281_11,2023-02-27T15:20:48,26.13,24.73,1.4
MENRES004281_13,2023-07-23T05:32:32,107.42,89.44,17.98
MENRES004281_14,2023-12-07T08:46:44,23.57,18.9,4.67
MENRES004282_4,2023-08-24T13:36:12,35.57,29.44,6.13
MENRES004283_1,2023-10-09T23:41:03,43.85,39.41,4.44
MENRES004283_8,2023-02-13T02:06:39,24.51,21.17,3.34
MENRES004283_9,2023-04-18T18:20:57,113.28,90.96,22.32
MENRES004283_11,2023-10-22T23:21:37,104.38,89.29,15.09
MENRES004283_12,2023-02-08T16:44:26,109.26,99.8,9.46
MENRES004283_13,2023-05-05T11:26:59,114.28,103.45,10.83
MENRES004283_16,2023-06-22T17:32:06,107.03,88.34,18.69
MENRES004284_0,2023-06-25T02:31:43,49.82,45.97,3.85
MENRES004284_1,2023-06-15T00:35:05,82.27,73.13,9.14
MENRES004284_3,2023-04-30T06:09:49,34.31,31.56,2.75
MENRES004284_4,2023-03-22T09:05:59,110.43,94.86,15.57
MENRES004284_6,2023-11-19T14:19:24,136.3,126.3,10.0
MENRES004285_0,2023-05-18T05:19:14,58.32,52.75,5.57
MENRES004285_4,2023-05-06T05:50:30,96.14,85.67,10.47
MENRES004286_0,2023-07-04T11:42:51,27.34,22.34,5.0
MENRES004286_5,2023-10-12T03:37:23,73.14,64.57,8.57
MENRES004287_1,2023-07-19T04:36:27,31.65,25.37,6.28
MENRES004287_3,2023-11-01T01:34:09,95.13,78.85,16.28
MENRES004287_6,2023-08-08T07:51:05,17.01,13.72,3.29
MENRES004287_8,2023-02-22T08:09:29,100.74,85.05,15.69
MENRES004288_0,2023-05-25T03:13:26,102.64,86.1,16.54
MENRES004288_3,2023-06-23T06:38:32,133.62,115.09,18.53
MENRES004288_8,2023-09-08T15:25:57,128.29,116.04,12.25
MENRES004288_11,2023-10-23T22:19:08,32.15,29.1,3.05
MENRES004289_0,2023-11-14T01:30:21,19.64,17.74,1.9
MENRES004289_2,2023-04-08T07:15:06,38.71,33.18,5.53
MENRES004289_3,2023-11-25T11:42:43,68.37,56.54,11.83
MENRES004289_6,2023-05-02T01:08:24,78.45,71.04,7.41
MENRES004289_9,2023-10-26T10:11:33,40.9,36.03,4.87
MENRES004289_10,2023-02-24T10:28:12,72.06,63.02,9.04
MENRES004289_12,2023-03-28T18:27:23,77.8,65.02,12.78
MENRES004289_14,2023-09-17T00:07:12,14.0,12.3,1.7
MENRES004289_16,2023-06-14T00:03:51,54.41,49.74,4.67
MENRES004290_1,2023-11-04T21:47:20,68.86,58.48,10.38
MENRES004290_2,2023-09-30T21:18:00,45.88,42.25,3.63
MENRES004290_3,2023-10-04T13:38:56,30.68,29.07,1.61
MENRES004290_4,2023-02-09T18:13:39,132.24,121.99,10.25
MENRES004291_0,2023-06-04T13:26:21,84.02,74.69,9.33
MENRES004291_4,2023-09-01T07:31:10,18.45,16.1,2.35
MENRES004291_8,2023-12-05T01:14:35,103.03,90.51,12.52
MENRES004291_9,2023-02-01T02:10:45,111.12,96.45,14.67
MENRES004291_12,2023-09-19T05:13:12,103.3,93.43,9.87
MENRES004291_13,2023-06-07T14:43:34,37.13,30.29,6.84
MENRES004292_0,2023-04-27T16:29:00,119.45,112.46,6.99
MENRES004292_6,2023-09-11T23:11:10,69.53,65.7,3.83
MENRES004293_0,2023-01-07T21:25:14,58.47,51.78,6.69
MENRES004293_6,2023-08-22T05:15:02,30.39,27.47,2.92
MENRES004294_0,2023-01-06T18:26:58,79.01,75.0,4.01
MENRES004294_3,2023-03-18T16:31:16,127.94,103.34,24.6
MENRES004294_5,2023-03-18T08:46:05,75.17,62.92,12.25
MENRES004294_7,2023-03-26T13:44:05,147.22,138.89,8.33
MENRES004294_13,2023-04-16T05:00:16,47.73,40.11,7.62
MENRES004294_14,2023-03-07T09:36:41,74.5,62.55,11.95
MENRES004294_15,2023-10-18T13:53:32,102.76,95.14,7.62
MENRES004295_0,2023-03-11T17:15:19,64.18,60.26,3.92
MENRES004295_3,2023-07-28T12:02:10,53.75,48.19,5.56
MENRES004295_6,2023-03-04T00:18:40,42.01,36.53,5.48
MENRES004295_12,2023-06-05T14:29:54,34.15,29.15,5.0
MENRES004295_18,2023-03-14T12:00:00,14.95,13.24,1.71
MENRES004296_2,2023-06-16T10:29:16,59.5,47.95,11.55
MENRES004296_6,2023-06-16T14:07:58,94.73,80.98,13.75
MENRES004296_10,2023-04-28T05:27:51,102.56,87.79,14.77
MENRES004296_11,2023-11-16T09:37:03,30.6,27.89,2.71
MENRES004296_16,2023-12-07T21:42:47,132.91,116.12,16.79
MENRES004296_17,2023-11-23T09:32:57,112.24,92.91,19.33
MENRES004297_4,2023-04-19T21:40:39,24.39,22.28,2.11
MENRES004297_7,2023-06-12T10:34:49,18.22,16.86,1.36
MENRES004297_9,2023-09-15T14:44:29,15.13,13.52,1.61
MENRES004297_11,2023-09-21T14:37:36,35.65,31.98,3.67
MENRES004297_12,2023-01-09T11:33:51,15.7,13.02,2.68
MENRES004297_14,2023-08-16T11:14:19,33.55,27.95,5.6
MENRES004297_16,2023-07-09T16:09:42,12.41,10.67,1.74
MENRES004297_17,2023-09-02T17:23:59,12.07,10.99,1.08
MENRES004298_3,2023-01-30T00:54:05,52.62,42.79,9.83
MENRES004298_6,2023-09-01T21:02:26,14.61,12.87,1.74
MENRES004299_1,2023-09-25T14:17:47,90.88,78.88,12.0
MENRES004299_5,2023-11-28T09:34:18,109.34,94.7,14.64
MENRES004299_7,2023-07-17T09:38:53,77.59,63.56,14.03
MENRES004300_0,2023-02-10T23:21:54,57.28,53.45,3.83
MENRES004300_1,2023-04-15T02:27:26,19.36,16.68,2.68
MENRES004300_8,2023-03-27T09:40:37,29.24,26.88,2.36
MENRES004301_3,2023-09-18T08:03:48,9.63,7.82,1.81
MENRES004302_1,2023-03-03T23:40:05,44.44,39.97,4.47
MENRES004302_3,2023-03-29T18:03:47,114.28,97.39,16.89
MENRES004302_6,2023-06-20T22:15:44,110.34,90.98,19.36
MENRES004302_9,2023-08-12T07:21:04,75.21,64.25,10.96
MENRES004303_1,2023-10-23T15:56:16,15.56,12.71,2.85
MENRES004303_3,2023-02-09T01:35:44,45.34,42.6,2.74
MENRES004304_5,2023-08-16T05:26:40,65.99,54.44,11.55
MENRES004304_8,2023-12-15T20:25:06,111.37,93.68,17.69
MENRES004304_11,2023-09-29T10:33:12,104.05,97.09,6.96
MENRES004305_4,2023-08-13T17:14:35,32.0,27.82,4.18
MENRES004306_1,2023-07-31T01:29:18,16.71,13.75,2.96
MENRES004306_3,2023-12-14T19:12:45,32.04,30.27,1.77
MENRES004306_4,2023-01-16T16:14:37,33.54,31.09,2.45
MENRES004306_7,2023-05-16T13:05:52,32.46,27.42,5.04
MENRES004306_9,2023-01-01T09:42:44,31.53,29.81,1.72
MENRES004306_15,2023-12-13T21:24:19,18.44,16.45,1.99
MENRES004306_16,2023-04-06T22:14:51,14.69,13.07,1.62
MENRES004307_6,2023-07-16T11:29:14,86.34,70.57,15.77
MENRES004307_10,2023-02-28T07:16:34,36.25,31.07,5.18
MENRES004308_1,2023-07-20T10:44:22,23.29,18.8,4.49
MENRES004308_2,2023-08-21T01:55:06,6.83,5.95,0.88
MENRES004308_4,2023-12-24T09:03:45,26.55,23.39,3.16
MENRES004309_2,2023-09-05T12:46:20,63.72,56.83,6.89
MENRES004309_4,2023-10-31T13:47:16,34.9,27.96,6.94
MENRES004310_4,2023-09-15T15:08:38,23.06,21.51,1.55
MENRES004310_5,2023-05-26T05:25:06,61.75,55.87,5.88
MENRES004310_6,2023-02-03T18:29:45,110.72,94.35,16.37
MENRES004310_7,2023-11-24T19:47:37,102.2,91.16,11.04
MENRES004310_9,2023-03-25T05:27:17,33.84,30.0,3.84
MENRES004310_10,2023-06-25T01:05:14,116.21,109.54,6.67
MENRES004311_4,2023-06-19T09:12:48,56.19,45.34,10.85
MENRES004312_0,2023-09-28T00:12:04,107.2,97.71,9.49
MENRES004312_7,2023-06-14T12:28:35,122.45,101.94,20.51
MENRES004312_8,2023-06-16T20:03:38,42.77,36.92,5.85
MENRES004312_9,2023-01-10T17:24:45,25.4,23.23,2.17
MENRES004312_11,2023-11-24T16:16:57,150.38,128.28,22.1
MENRES004314_0,2023-02-16T16:48:24,76.74,63.01,13.73
MENRES004314_1,2023-11-20T18:22:20,27.95,25.54,2.41
MENRES004314_4,2023-08-24T00:55:36,69.0,62.94,6.06
MENRES004314_11,2023-06-02T12:53:26,34.83,30.18,4.65
MENRES004315_5,2023-03-06T08:08:46,73.14,62.9,10.24
MENRES004315_8,2023-11-13T11:27:58,21.95,20.05,1.9
MENRES004316_2,2023-07-10T08:37:35,60.1,50.32,9.78
MENRES004316_6,2023-07-09T16:01:46,19.72,18.44,1.28
MENRES004317_1,2023-01-09T19:23:43,40.37,35.75,4.62
MENRES004317_3,2023-08-24T01:36:41,77.07,69.94,7.13
MENRES004317_6,2023-10-17T08:54:34,32.43,29.38,3.05
MENRES004317_11,2023-09-14T13:45:03,62.35,54.63,7.72
MENRES004317_14,2023-06-09T00:28:58,79.87,68.85,11.02
MENRES004317_17,2023-09-11T17:46:30,59.46,49.59,9.87
MENRES004318_0,2023-05-22T02:39:06,103.83,95.35,8.48
MENRES004318_12,2023-08-26T13:31:51,117.91,101.05,16.86
MENRES004318_13,2023-04-16T09:26:50,89.22,71.85,17.37
MENRES004318_17,2023-06-13T15:56:45,58.55,51.57,6.98
MENRES004318_18,2023-01-24T02:20:05,25.27,20.65,4.62
MENRES004319_4,2023-02-17T14:43:22,41.6,37.41,4.19
MENRES004319_5,2023-02-25T10:13:09,147.93,130.5,17.43
MENRES004320_0,2023-06-04T20:37:38,102.78,87.07,15.71
MENRES004320_1,2023-09-23T19:37:56,83.07,73.67,9.4
MENRES004320_2,2023-05-16T11:39:54,84.67,77.72,6.95
MENRES004320_9,2023-10-29T15:24:47,16.35,14.95,1.4
MENRES004320_13,2023-10-01T13:39:41,30.64,27.19,3.45
MENRES004320_14,2023-10-31T05:54:35,22.17,18.17,4.0
MENRES004321_3,2023-02-12T19:16:20,70.95,60.34,10.61
MENRES004321_5,2023-11-25T19:29:03,68.98,56.63,12.35
MENRES004321_8,2023-06-13T15:24:14,22.05,20.92,1.13
MENRES004321_11,2023-02-03T11:27:36,22.99,19.51,3.48
MENRES004322_1,2023-03-25T14:58:15,29.87,24.99,4.88
MENRES004322_9,2023-08-01T19:42:04,25.88,23.14,2.74
MENRES004322_10,2023-02-19T04:50:09,26.15,24.8,1.35
MENRES004322_12,2023-07-15T21:10:34,94.34,78.89,15.45
MENRES004322_14,2023-04-01T23:10:52,52.57,49.06,3.51
MENRES004323_6,2023-09-07T02:33:52,72.65,68.56,4.09
MENRES004324_1,2023-02-16T05:28:40,17.75,15.1,2.65
MENRES004324_4,2023-11-07T16:27:39,54.62,51.33,3.29
MENRES004324_7,2023-08-08T23:08:54,47.72,39.69,8.03
MENRES004324_8,2023-07-18T19:16:02,18.56,15.85,2.71
MENRES004325_2,2023-10-23T09:39:31,6.98,6.35,0.63
MENRES004325_3,2023-09-04T00:53:39,20.26,18.74,1.52
MENRES004325_5,2023-07-13T00:24:45,19.24,17.0,2.24
MENRES004325_6,2023-08-01T04:57:40,6.19,5.03,1.16
MENRES004325_8,2023-05-19T07:21:43,10.36,9.34,1.02
MENRES004325_9,2023-10-31T10:45:41,36.16,31.37,4.79
MENRES004325_10,2023-03-01T08:47:37,16.97,15.23,1.74
MENRES004326_1,2023-02-14T07:42:02,30.55,27.78,2.77
MENRES004327_9,2023-12-02T10:30:13,15.13,14.25,0.88
MENRES004327_12,2023-12-02T00:40:40,88.69,76.8,11.89
MENRES004328_1,2023-11-20T03:43:41,66.32,57.18,9.14
MENRES004328_2,2023-04-23T09:37:30,79.63,66.01,13.62
MENRES004328_4,2023-01-24T00:54:32,38.11,35.47,2.64
MENRES004328_6,2023-05-19T21:08:53,17.9,16.84,1.06
MENRES004328_10,2023-08-10T17:09:59,14.85,12.22,2.63
MENRES004329_7,2023-06-02T10:50:55,63.3,53.77,9.53
MENRES004329_11,2023-01-20T20:06:31,33.07,28.0,5.07
MENRES004329_13,2023-06-04T15:37:53,55.45,52.04,3.41
MENRES004330_1,2023-06-23T23:48:14,80.22,66.39,13.83
MENRES004330_2,2023-05-08T23:42:55,22.7,19.5,3.2
MENRES004330_4,2023-08-19T14:40:28,19.94,17.67,2.27
MENRES004330_5,2023-12-28T07:22:23,46.16,39.0,7.16
MENRES004330_6,2023-05-05T15:49:14,118.86,111.94,6.92
MENRES004330_12,2023-06-11T01:06:45,95.08,81.38,13.7
MENRES004331_1,2023-02-02T21:56:24,28.02,24.32,3.7
MENRES004331_2,2023-02-11T01:13:34,11.98,9.86,2.12
MENRES004332_0,2023-12-25T16:53:56,11.05,8.88,2.17
MENRES004332_2,2023-02-12T22:12:28,25.38,22.99,2.39
MENRES004332_8,2023-04-24T04:37:07,27.99,23.21,4.78
MENRES004332_9,2023-05-14T13:24:27,19.75,17.66,2.09
MENRES004332_14,2023-06-09T10:40:17,36.88,32.54,4.34
MENRES004333_8,2023-01-24T20:01:12,58.92,50.79,8.13
MENRES004333_9,2023-08-30T22:54:03,79.71,65.1,14.61
MENRES004333_10,2023-09-09T14:56:13,45.61,39.86,5.75
MENRES004333_16,2023-04-25T22:12:49,76.9,62.42,14.48
MENRES004334_1,2023-05-16T20:19:49,26.47,24.0,2.47
MENRES004334_4,2023-06-25T22:23:48,22.24,18.7,3.54
MENRES004334_6,2023-09-12T13:41:06,7.7,6.61,1.09
MENRES004334_10,2023-04-11T19:22:13,37.97,33.31,4.66
MENRES004334_11,2023-03-17T14:54:36,31.15,25.65,5.5
MENRES004335_0,2023-01-03T13:12:25,124.93,104.49,20.44
MENRES004335_12,2023-03-21T21:29:20,111.45,102.16,9.29
MENRES004335_13,2023-09-19T12:45:02,153.27,123.78,29.49
MENRES004336_0,2023-06-23T22:29:21,12.31,11.66,0.65
MENRES004336_1,2023-07-20T00:03:30,72.07,61.3,10.77
MENRES004336_5,2023-02-14T23:18:45,76.66,66.61,10.05
MENRES004336_6,2023-02-22T05:17:17,43.15,34.69,8.46
MENRES004337_3,2023-11-15T16:41:11,130.84,110.61,20.23
MENRES004338_1,2023-01-14T16:00:05,86.23,73.55,12.68
MENRES004338_3,2023-08-13T09:11:46,159.92,135.68,24.24
MENRES004338_5,2023-06-14T19:29:54,32.19,29.93,2.26
MENRES004338_8,2023-03-23T12:28:19,133.92,115.51,18.41
MENRES004338_9,2023-12-14T16:25:45,130.52,108.3,22.22
MENRES004338_10,2023-09-07T00:31:11,48.93,43.18,5.75
MENRES004339_5,2023-10-15T18:44:49,30.56,27.78,2.78
MENRES004340_3,2023-09-10T07:52:20,11.15,10.18,0.97
MENRES004340_5,2023-06-30T19:41:10,15.89,13.06,2.83
MENRES004340_8,2023-03-20T00:45:17,14.13,13.14,0.99
MENRES004341_1,2023-08-02T05:41:13,21.87,20.66,1.21
MENRES004341_2,2023-07-20T04:33:15,14.37,12.21,2.16
MENRES004341_3,2023-09-01T01:57:14,37.44,31.04,6.4
MENRES004341_6,2023-05-04T14:41:55,5.73,4.63,1.1
MENRES004341_7,2023-10-07T05:17:17,35.17,31.58,3.59
MENRES004341_9,2023-06-11T08:58:17,28.21,25.06,3.15
MENRES004341_11,2023-12-01T20:41:09,6.51,5.64,0.87
MENRES004343_2,2023-04-02T15:25:56,26.61,25.04,1.57
MENRES004343_4,2023-01-10T14:41:32,16.98,14.72,2.26
MENRES004343_8,2023-11-17T20:37:29,22.9,19.83,3.07
MENRES004343_10,2023-11-18T02:02:28,37.0,33.96,3.04
MENRES004343_11,2023-08-16T00:58:58,19.71,16.88,2.83
MENRES004343_12,2023-11-30T23:37:24,19.69,16.54,3.15
MENRES004343_15,2023-10-12T12:44:07,13.0,11.28,1.72
MENRES004344_0,2023-07-21T13:04:11,65.68,60.89,4.79
MENRES004344_2,2023-07-05T22:27:27,70.26,63.61,6.65
MENRES004344_6,2023-06-06T12:31:23,129.73,117.17,12.56
MENRES004344_12,2023-09-10T06:27:11,28.22,23.28,4.94
MENRES004344_13,2023-04-26T08:23:07,88.51,78.05,10.46
MENRES004345_2,2023-10-01T03:16:40,44.06,39.18,4.88
MENRES004345_3,2023-08-18T06:15:58,63.03,58.19,4.84
MENRES004345_5,2023-06-15T10:01:17,40.22,35.27,4.95
MENRES004345_9,2023-08-06T23:05:53,62.48,54.21,8.27
MENRES004345_10,2023-09-29T13:55:49,70.73,63.23,7.5
MENRES004346_1,2023-05-17T01:43:52,26.61,21.88,4.73
MENRES004346_7,2023-03-09T05:53:38,29.1,24.0,5.1
MENRES004347_6,2023-04-23T20:15:19,69.77,61.16,8.61
MENRES004349_1,2023-04-16T18:26:21,44.54,37.88,6.66
MENRES004350_0,2023-06-05T06:44:15,56.67,51.02,5.65
MENRES004350_1,2023-08-06T19:31:38,78.22,71.9,6.32
MENRES004350_6,2023-10-04T09:29:39,37.24,34.87,2.37
MENRES004350_7,2023-10-29T03:06:45,93.09,76.87,16.22
MENRES004350_14,2023-10-24T08:46:06,113.14,92.49,20.65
MENRES004351_0,2023-06-02T23:50:45,156.64,139.14,17.5
MENRES004351_3,2023-06-05T19:34:19,140.96,121.9,19.06
MENRES004351_5,2023-06-12T00:16:53,91.93,81.03,10.9
MENRES004351_6,2023-01-03T12:49:46,40.88,36.03,4.85
MENRES004351_7,2023-09-07T23:38:22,147.9,138.68,9.22
MENRES004351_8,2023-06-09T09:45:34,118.73,108.06,10.67
MENRES004351_9,2023-09-19T20:31:59,149.44,121.67,27.77
MENRES004352_3,2023-06-04T19:14:43,21.1,18.58,2.52
MENRES004352_5,2023-09-18T19:00:23,75.48,66.14,9.34
MENRES004352_6,2023-06-09T07:09:47,29.01,25.58,3.43
MENRES004352_11,2023-03-25T16:06:46,89.22,72.42,16.8
MENRES004352_12,2023-04-21T07:49:23,96.71,80.17,16.54
MENRES004352_14,2023-08-21T23:29:31,112.93,96.72,16.21
MENRES004352_16,2023-06-28T07:14:15,43.84,35.09,8.75
MENRES004352_17,2023-06-29T22:20:02,62.11,55.49,6.62
MENRES004353_0,2023-06-21T19:34:08,83.25,69.85,13.4
MENRES004353_1,2023-04-18T13:46:58,141.25,120.4,20.85
MENRES004353_4,2023-03-09T07:42:36,50.6,45.5,5.1
MENRES004353_13,2023-04-15T21:24:16,51.34,46.8,4.54
MENRES004354_2,2023-07-03T17:55:39,148.08,140.11,7.97
MENRES004354_5,2023-10-03T15:09:40,58.56,53.51,5.05
MENRES004354_7,2023-10-24T21:05:22,51.89,47.09,4.8
MENRES004354_8,2023-06-02T05:42:35,136.14,121.33,14.81
MENRES004354_12,2023-07-28T12:35:48,70.63,63.58,7.05
MENRES004354_15,2023-10-07T01:36:01,110.61,90.99,19.62
MENRES004355_3,2023-06-19T05:56:24,43.99,37.22,6.77
MENRES004355_8,2023-01-29T16:07:50,38.29,33.08,5.21
MENRES004355_9,2023-10-12T23:09:53,39.4,37.29,2.11
MENRES004355_10,2023-09-13T08:37:14,13.13,11.12,2.01
MENRES004355_11,2023-03-10T19:09:21,11.04,10.1,0.94
MENRES004355_12,2023-06-30T00:13:38,64.89,60.78,4.11
MENRES004355_15,2023-01-01T10:11:44,56.24,52.16,4.08
MENRES004356_8,2023-07-13T22:26:06,9.97,8.35,1.62
MENRES004357_0,2023-09-20T18:27:47,74.94,63.74,11.2
MENRES004357_2,2023-07-17T03:39:19,34.49,29.85,4.64
MENRES004357_5,2023-04-14T12:14:21,74.58,67.25,7.33
MENRES004357_6,2023-05-27T03:25:26,47.59,44.53,3.06
MENRES004358_1,2023-10-15T07:53:59,59.31,53.36,5.95
MENRES004358_5,2023-10-13T14:55:13,96.95,90.25,6.7
MENRES004358_6,2023-08-12T00:29:48,104.18,90.75,13.43
MENRES004358_7,2023-11-16T11:54:18,83.14,69.65,13.49
MENRES004358_9,2023-07-14T00:05:15,98.04,84.62,13.42
MENRES004359_1,2023-03-29T08:38:03,57.43,50.54,6.89
MENRES004359_2,2023-09-18T22:48:53,33.65,27.67,5.98
MENRES004359_4,2023-11-10T08:22:56,150.72,129.61,21.11
MENRES004360_0,2023-09-30T21:59:33,19.03,17.64,1.39
MENRES004360_2,2023-08-17T16:21:39,14.96,12.34,2.62
MENRES004360_5,2023-06-03T01:20:35,6.68,5.57,1.11
MENRES004360_9,2023-05-10T06:00:02,26.05,24.56,1.49
MENRES004361_0,2023-10-15T03:20:53,34.93,31.01,3.92
MENRES004361_2,2023-01-13T07:09:55,136.54,113.72,22.82
MENRES004361_3,2023-10-26T19:00:48,57.71,47.45,10.26
MENRES004361_5,2023-04-22T23:51:43,77.7,71.35,6.35
MENRES004361_9,2023-08-26T05:12:36,75.49,61.12,14.37
MENRES004361_12,2023-03-09T14:44:06,131.59,106.64,24.95
MENRES004363_2,2023-09-27T14:18:24,15.72,12.79,2.93
MENRES004363_10,2023-03-01T15:26:05,34.46,29.02,5.44
MENRES004364_1,2023-06-23T13:37:26,82.59,67.92,14.67
MENRES004364_4,2023-02-23T21:57:50,58.25,50.57,7.68
MENRES004365_1,2023-02-05T16:46:05,92.64,84.07,8.57
MENRES004365_6,2023-01-02T04:11:11,44.58,41.87,2.71
MENRES004365_10,2023-03-19T01:20:55,106.37,85.42,20.95
MENRES004365_11,2023-09-19T04:28:43,54.29,50.63,3.66
MENRES004365_14,2023-04-02T00:23:49,71.37,65.13,6.24
MENRES004366_0,2023-11-24T09:26:56,12.11,10.73,1.38
MENRES004366_4,2023-04-05T17:27:19,10.54,8.8,1.74
MENRES004366_9,2023-08-10T00:59:14,36.22,30.17,6.05
MENRES004366_10,2023-01-10T08:30:21,6.39,5.51,0.88
MENRES004366_13,2023-03-12T03:15:25,29.67,26.01,3.66
MENRES004367_0,2023-04-23T17:34:22,20.81,18.62,2.19
MENRES004367_1,2023-03-24T16:56:33,29.02,27.09,1.93
MENRES004367_2,2023-08-03T14:57:00,37.22,30.49,6.73
MENRES004367_4,2023-04-02T05:08:27,22.07,19.57,2.5
MENRES004367_5,2023-11-23T01:36:28,11.86,10.65,1.21
MENRES004367_8,2023-05-05T05:31:20,36.01,29.22,6.79
MENRES004368_5,2023-06-17T19:14:36,10.34,9.5,0.84
MENRES004368_6,2023-09-23T15:14:13,30.41,26.3,4.11
MENRES004368_7,2023-07-17T12:31:52,14.94,12.12,2.82
MENRES004368_10,2023-04-21T02:19:02,16.84,14.52,2.32
MENRES004368_11,2023-01-03T19:32:01,8.32,6.66,1.66
MENRES004368_12,2023-11-17T14:22:54,16.57,13.91,2.66
MENRES004368_15,2023-12-16T04:10:33,20.51,17.31,3.2
MENRES004369_5,2023-05-05T21:40:45,51.09,41.4,9.69
MENRES004369_12,2023-09-11T11:42:53,54.77,46.14,8.63
MENRES004369_14,2023-09-23T23:47:22,28.47,26.37,2.1
MENRES004369_16,2023-11-14T11:03:41,31.07,29.13,1.94
MENRES004369_17,2023-10-16T14:41:18,55.73,48.96,6.77
MENRES004370_1,2023-10-26T17:13:02,37.43,30.83,6.6
MENRES004370_2,2023-11-06T22:20:38,11.51,9.31,2.2
MENRES004370_10,2023-02-21T20:55:44,14.36,11.91,2.45
MENRES004370_12,2023-12-05T08:34:41,22.87,18.32,4.55
MENRES004370_13,2023-07-17T21:25:53,13.88,11.5,2.38
MENRES004370_14,2023-09-28T03:04:31,36.48,30.02,6.46
MENRES004370_17,2023-06-12T19:38:13,13.03,11.72,1.31
MENRES004370_18,2023-03-18T02:29:32,39.34,31.7,7.64
MENRES004371_2,2023-06-17T15:39:26,124.53,101.77,22.76
MENRES004371_4,2023-12-05T16:42:26,154.42,125.53,28.89
MENRES004371_6,2023-06-02T03:15:31,154.62,145.73,8.89
MENRES004372_2,2023-04-27T22:17:49,88.9,75.35,13.55
MENRES004372_6,2023-08-14T05:33:29,112.82,93.56,19.26
MENRES004372_10,2023-07-28T22:13:19,86.3,71.52,14.78
MENRES004372_12,2023-11-01T22:35:16,88.22,77.09,11.13
MENRES004372_13,2023-01-17T14:50:22,38.16,34.29,3.87
MENRES004373_3,2023-01-11T12:24:48,13.68,12.43,1.25
MENRES004373_5,2023-09-30T22:48:58,9.86,8.04,1.82
MENRES004373_8,2023-05-08T23:25:47,9.06,7.96,1.1
MENRES004373_10,2023-10-11T02:08:27,22.87,21.3,1.57
MENRES004373_14,2023-09-10T07:06:04,23.5,21.39,2.11
MENRES004373_17,2023-03-25T22:14:14,22.62,18.37,4.25
MENRES004374_3,2023-04-26T14:57:34,107.49,100.03,7.46
MENRES004374_4,2023-04-04T17:37:25,101.57,83.0,18.57
MENRES004374_5,2023-11-10T19:14:32,66.94,59.88,7.06
MENRES004374_9,2023-10-11T14:31:04,73.35,65.53,7.82
MENRES004374_11,2023-11-14T17:01:42,78.29,65.48,12.81
MENRES004375_1,2023-03-13T07:17:06,65.49,61.32,4.17
MENRES004376_1,2023-10-23T15:01:27,16.45,13.23,3.22
MENRES004376_2,2023-04-28T16:31:11,49.18,41.18,8.0
MENRES004376_3,2023-02-08T12:41:50,79.39,73.24,6.15
MENRES004376_5,2023-08-07T04:43:49,15.81,14.04,1.77
MENRES004376_9,2023-08-07T03:08:50,34.24,30.91,3.33
MENRES004376_11,2023-12-29T17:33:34,73.47,62.95,10.52
MENRES004377_1,2023-08-28T19:36:22,12.57,11.67,0.9
MENRES004377_6,2023-12-18T20:41:11,28.55,25.95,2.6
MENRES004377_7,2023-04-21T03:39:22,48.13,45.55,2.58
MENRES004377_9,2023-05-31T08:49:40,74.08,61.49,12.59
MENRES004377_10,2023-07-30T15:25:57,49.11,45.21,3.9
MENRES004378_0,2023-10-12T04:30:50,71.19,58.2,12.99
MENRES004378_3,2023-03-09T09:59:30,110.63,89.55,21.08
MENRES004378_4,2023-05-07T01:54:03,92.26,77.45,14.81
MENRES004378_7,2023-03-27T14:29:28,66.09,59.99,6.1
MENRES004379_2,2023-03-12T08:16:52,84.44,69.71,14.73
MENRES004379_5,2023-04-23T07:35:52,89.64,76.87,12.77
MENRES004379_7,2023-09-08T23:18:24,55.84,46.78,9.06
MENRES004379_10,2023-04-05T00:20:34,108.41,101.94,6.47
MENRES004380_1,2023-07-15T04:50:55,15.2,12.63,2.57
MENRES004380_6,2023-07-14T02:00:28,54.14,44.44,9.7
MENRES004380_7,2023-12-03T11:01:35,50.69,43.4,7.29
MENRES004380_8,2023-05-17T00:02:23,52.71,43.14,9.57
MENRES004380_16,2023-11-03T20:15:02,19.17,17.13,2.04
MENRES004381_0,2023-10-24T04:40:07,23.46,19.23,4.23
MENRES004382_0,2023-08-25T06:20:51,55.83,45.02,10.81
MENRES004382_2,2023-08-08T12:30:29,21.87,20.14,1.73
MENRES004382_3,2023-11-14T21:17:05,73.31,66.35,6.96
MENRES004382_4,2023-03-14T12:47:49,155.5,130.77,24.73
MENRES004382_16,2023-01-07T05:24:13,47.25,44.55,2.7
MENRES004383_1,2023-09-05T23:00:01,35.76,32.58,3.18
MENRES004383_4,2023-11-05T07:39:31,64.87,56.33,8.54
MENRES004383_7,2023-04-21T12:49:13,64.51,59.23,5.28
MENRES004383_11,2023-02-21T03:40:16,75.55,70.58,4.97
MENRES004383_13,2023-04-18T12:04:27,69.6,55.98,13.62
MENRES004384_1,2023-12-23T21:34:22,53.83,46.62,7.21
MENRES004384_4,2023-02-08T14:35:01,30.85,28.33,2.52
MENRES004385_0,2023-04-19T23:39:29,114.3,98.15,16.15
MENRES004385_1,2023-06-12T01:12:33,82.09,68.89,13.2
MENRES004385_2,2023-12-01T14:10:53,52.21,47.32,4.89
MENRES004385_4,2023-08-22T19:22:43,110.53,91.09,19.44
MENRES004385_6,2023-12-04T13:48:53,123.02,104.33,18.69
MENRES004385_7,2023-09-02T00:15:20,155.05,142.8,12.25
MENRES004385_8,2023-12-01T00:51:27,90.77,85.34,5.43
MENRES004386_6,2023-06-26T22:38:18,66.38,60.2,6.18
MENRES004386_7,2023-01-24T00:26:01,49.51,45.11,4.4
MENRES004386_8,2023-07-22T08:15:28,49.27,43.52,5.75
MENRES004387_6,2023-01-27T09:02:40,62.91,51.32,11.59
MENRES004387_8,2023-08-15T10:39:01,23.8,20.34,3.46
MENRES004387_10,2023-02-01T08:54:36,18.51,17.34,1.17
MENRES004388_5,2023-03-29T16:05:50,29.18,26.97,2.21
MENRES004388_9,2023-06-08T08:53:10,17.85,16.11,1.74
MENRES004389_7,2023-05-17T15:36:51,107.86,87.65,20.21
MENRES004389_9,2023-06-18T22:04:23,131.44,113.81,17.63
MENRES004389_12,2023-10-28T07:47:41,128.12,120.64,7.48
MENRES004389_15,2023-10-14T23:51:17,157.36,148.67,8.69
MENRES004390_2,2023-04-28T15:57:28,82.8,74.22,8.58
MENRES004390_4,2023-08-14T08:03:36,109.19,97.62,11.57
MENRES004391_3,2023-10-29T05:12:10,74.04,63.43,10.61
MENRES004392_0,2023-08-14T15:37:12,34.31,31.27,3.04
MENRES004392_10,2023-04-24T17:41:49,20.25,17.78,2.47
MENRES004392_11,2023-09-08T05:06:05,7.63,6.43,1.2
MENRES004392_12,2023-01-11T06:24:58,23.95,21.75,2.2
MENRES004392_14,2023-06-29T12:43:06,8.85,8.0,0.85
MENRES004392_17,2023-12-02T08:02:25,31.34,25.28,6.06
MENRES004393_1,2023-01-15T06:24:29,44.58,39.03,5.55
MENRES004393_4,2023-11-17T14:45:52,47.81,45.16,2.65
MENRES004393_5,2023-05-30T05:10:51,21.66,18.16,3.5
MENRES004393_6,2023-03-14T04:58:12,65.16,56.69,8.47
MENRES004393_8,2023-11-09T21:43:27,23.15,20.8,2.35
MENRES004394_0,2023-01-01T13:54:55,25.6,21.55,4.05
MENRES004394_10,2023-12-23T02:12:22,6.29,5.32,0.97
MENRES004394_11,2023-01-20T23:36:59,24.9,22.41,2.49
MENRES004394_13,2023-10-17T18:26:36,39.23,32.65,6.58
MENRES004395_2,2023-09-20T09:50:05,60.36,51.16,9.2
MENRES004396_0,2023-12-20T02:54:37,59.63,54.01,5.62
MENRES004397_4,2023-05-23T04:01:37,72.82,65.65,7.17
MENRES004397_5,2023-09-09T21:32:58,13.07,11.44,1.63
MENRES004397_6,2023-07-29T01:51:07,12.93,11.34,1.59
MENRES004398_2,2023-03-20T19:31:06,83.21,74.71,8.5
MENRES004398_3,2023-07-02T07:33:53,47.81,43.42,4.39
MENRES004398_10,2023-05-02T07:52:40,62.06,58.42,3.64
MENRES004399_9,2023-12-11T14:00:16,60.67,52.77,7.9
MENRES004399_10,2023-06-02T01:35:52,46.22,42.19,4.03
MENRES004399_16,2023-02-03T22:48:15,71.75,63.48,8.27
MENRES004400_0,2023-08-19T05:53:38,92.54,76.3,16.24
MENRES004400_12,2023-04-08T22:45:46,56.8,47.72,9.08
MENRES004400_13,2023-03-29T01:48:49,116.99,108.51,8.48
MENRES004401_2,2023-11-21T18:25:38,12.12,9.75,2.37
MENRES004401_5,2023-07-03T07:30:26,6.25,5.14,1.11
MENRES004401_6,2023-07-20T22:30:41,36.29,31.7,4.59
MENRES004401_7,2023-07-16T01:17:22,28.45,22.88,5.57
MENRES004401_12,2023-01-16T00:10:01,25.14,23.85,1.29
MENRES004402_2,2023-08-12T06:30:37,8.14,7.68,0.46
MENRES004402_3,2023-01-02T03:25:52,16.93,15.95,0.98
MENRES004402_5,2023-07-17T19:13:36,31.4,25.59,5.81
MENRES004403_0,2023-08-12T16:41:30,18.37,16.86,1.51
MENRES004403_4,2023-09-01T09:48:42,15.95,14.18,1.77
MENRES004403_6,2023-03-01T11:02:12,14.32,11.52,2.8
MENRES004403_9,2023-07-19T01:22:40,36.74,34.74,2.0
MENRES004403_10,2023-11-13T03:31:35,28.82,26.07,2.75
MENRES004404_1,2023-03-19T09:12:41,127.45,108.36,19.09
MENRES004404_7,2023-03-24T02:41:20,96.55,86.41,10.14
MENRES004404_8,2023-10-04T22:12:37,111.03,93.13,17.9
MENRES004404_10,2023-10-21T02:40:29,77.89,63.48,14.41
MENRES004404_13,2023-09-16T22:09:10,28.2,24.16,4.04
MENRES004405_3,2023-05-25T20:14:25,27.49,25.85,1.64
MENRES004405_4,2023-01-09T04:41:20,29.9,25.93,3.97
MENRES004405_5,2023-12-09T20:38:09,12.73,11.75,0.98
MENRES004405_6,2023-09-06T11:50:08,35.49,32.48,3.01
MENRES004405_8,2023-07-17T14:36:33,30.2,25.09,5.11
MENRES004405_14,2023-01-18T03:01:01,25.23,23.01,2.22
MENRES004406_1,2023-10-27T06:30:55,52.01,42.83,9.18
MENRES004406_5,2023-09-03T17:55:32,64.98,52.6,12.38
MENRES004406_8,2023-12-20T16:19:54,69.68,56.2,13.48
MENRES004406_13,2023-05-14T10:21:07,100.4,82.21,18.19
MENRES004407_5,2023-01-08T06:02:43,45.55,39.33,6.22
MENRES004407_6,2023-04-06T05:13:57,77.5,64.94,12.56
MENRES004407_7,2023-10-25T23:03:26,17.3,14.18,3.12
MENRES004407_9,2023-12-27T15:31:33,78.21,72.66,5.55
MENRES004407_11,2023-03-18T13:54:50,19.4,15.88,3.52
MENRES004408_3,2023-12-23T21:03:56,49.58,45.14,4.44
MENRES004408_4,2023-02-08T00:38:15,43.27,35.92,7.35
MENRES004409_5,2023-03-16T00:28:07,18.05,16.71,1.34
MENRES004409_13,2023-09-07T02:58:50,7.55,6.61,0.94
MENRES004410_0,2023-03-10T11:46:34,70.07,59.68,10.39
MENRES004410_3,2023-07-18T12:47:47,42.78,34.75,8.03
MENRES004410_5,2023-12-18T23:42:46,16.79,13.84,2.95
MENRES004410_8,2023-11-28T05:00:40,36.01,33.39,2.62
MENRES004410_9,2023-04-25T06:17:33,51.26,41.73,9.53
MENRES004410_13,2023-03-25T20:56:11,40.59,37.53,3.06
MENRES004411_3,2023-09-06T17:40:40,41.14,37.66,3.48
MENRES004411_4,2023-01-23T05:02:03,59.51,53.6,5.91
MENRES004411_13,2023-03-24T22:39:55,79.23,64.26,14.97
MENRES004412_4,2023-03-04T05:08:42,24.39,20.32,4.07
MENRES004412_6,2023-01-28T12:47:40,26.26,24.11,2.15
MENRES004412_9,2023-08-26T15:48:03,31.47,27.52,3.95
MENRES004413_3,2023-12-26T12:45:11,32.17,29.72,2.45
MENRES004413_9,2023-02-14T08:24:25,12.15,10.61,1.54
MENRES004413_13,2023-04-03T10:11:40,15.28,14.07,1.21
MENRES004413_15,2023-11-30T18:15:27,22.87,20.52,2.35
MENRES004413_17,2023-05-10T18:11:58,33.6,30.27,3.33
MENRES004414_2,2023-08-13T11:54:02,50.75,47.13,3.62
MENRES004414_4,2023-05-06T06:07:49,105.45,90.11,15.34
MENRES004414_5,2023-02-02T07:59:16,74.86,64.37,10.49
MENRES004414_7,2023-11-07T13:01:59,58.63,50.51,8.12
MENRES004414_8,2023-12-12T18:33:42,22.12,20.01,2.11
MENRES004414_10,2023-11-23T17:10:13,15.97,14.72,1.25
MENRES004415_0,2023-05-10T19:15:32,34.67,32.76,1.91
MENRES004415_3,2023-02-15T14:18:22,63.95,59.71,4.24
MENRES004415_4,2023-10-30T17:29:07,68.83,65.36,3.47
MENRES004415_5,2023-02-08T21:25:10,38.36,36.31,2.05
MENRES004416_3,2023-12-07T02:07:27,90.73,85.64,5.09
MENRES004416_6,2023-06-14T17:23:57,81.2,71.71,9.49
MENRES004416_9,2023-08-06T16:22:32,94.64,81.65,12.99
MENRES004416_12,2023-08-01T00:19:51,26.07,21.12,4.95
MENRES004416_14,2023-11-07T19:28:13,64.89,52.08,12.81
MENRES004416_15,2023-01-31T08:22:29,51.13,45.91,5.22
MENRES004416_16,2023-04-16T07:35:44,25.77,23.98,1.79
MENRES004417_6,2023-09-12T17:08:53,107.48,96.47,11.01
MENRES004417_8,2023-10-13T08:38:35,50.36,41.11,9.25
MENRES004417_9,2023-10-09T09:45:34,45.51,42.72,2.79
MENRES004417_11,2023-10-10T07:15:48,60.66,50.46,10.2
MENRES004417_13,2023-08-10T09:18:49,23.03,19.85,3.18
MENRES004418_2,2023-12-06T08:00:02,110.72,89.99,20.73
MENRES004418_6,2023-08-08T13:13:01,74.85,69.41,5.44
MENRES004419_1,2023-04-24T02:01:13,84.88,77.58,7.3
MENRES004419_4,2023-09-07T05:40:43,96.33,79.64,16.69
MENRES004419_5,2023-10-14T19:29:53,139.71,130.37,9.34
MENRES004419_9,2023-10-26T03:20:18,71.68,65.93,5.75
MENRES004419_11,2023-04-25T16:20:26,152.47,143.47,9.0
MENRES004419_14,2023-12-30T18:29:25,74.6,62.67,11.93
MENRES004419_17,2023-08-12T08:55:21,106.6,93.43,13.17
MENRES004420_0,2023-10-24T22:17:19,120.37,110.86,9.51
MENRES004420_2,2023-12-23T17:40:24,107.29,100.03,7.26
MENRES004420_3,2023-10-16T23:58:49,154.3,123.98,30.32
MENRES004420_5,2023-04-06T01:55:59,126.49,117.02,9.47
MENRES004421_1,2023-03-16T20:32:37,60.78,55.42,5.36
MENRES004421_4,2023-07-04T06:38:57,20.98,18.96,2.02
MENRES004421_7,2023-10-14T11:13:54,57.66,51.15,6.51
MENRES004421_10,2023-09-02T22:24:09,32.52,29.16,3.36
MENRES004421_14,2023-09-12T14:27:09,59.63,55.31,4.32
MENRES004422_3,2023-02-23T07:50:31,29.39,24.56,4.83
MENRES004422_5,2023-06-15T22:30:47,33.82,29.28,4.54
MENRES004422_7,2023-05-31T12:23:28,19.35,16.48,2.87
MENRES004423_4,2023-12-06T04:27:54,86.41,81.88,4.53
MENRES004423_5,2023-01-26T21:20:24,74.22,70.03,4.19
MENRES004423_8,2023-06-11T16:01:58,100.41,91.49,8.92
MENRES004424_5,2023-04-13T00:40:37,30.4,26.67,3.73
MENRES004424_9,2023-06-18T08:08:26,38.97,35.98,2.99
MENRES004424_12,2023-10-12T02:59:30,24.22,19.54,4.68
MENRES004425_4,2023-07-11T07:27:07,33.8,27.73,6.07
MENRES004425_5,2023-12-11T10:09:39,5.21,4.78,0.43
MENRES004425_7,2023-04-25T10:46:30,19.42,17.47,1.95
MENRES004425_9,2023-06-23T15:07:21,9.34,7.58,1.76
MENRES004426_0,2023-09-27T00:49:29,7.74,7.01,0.73
MENRES004426_4,2023-12-21T08:24:19,39.82,34.38,5.44
MENRES004426_6,2023-10-19T05:32:02,23.43,20.16,3.27
MENRES004426_13,2023-03-31T07:57:55,11.15,9.34,1.81
MENRES004426_14,2023-01-19T22:22:39,27.1,24.09,3.01
MENRES004426_15,2023-11-03T05:07:46,35.92,29.5,6.42
MENRES004427_0,2023-08-23T05:38:29,106.24,87.19,19.05
MENRES004427_1,2023-10-27T09:58:18,84.77,72.76,12.01
MENRES004427_2,2023-12-17T05:44:19,86.72,72.19,14.53
MENRES004427_3,2023-06-26T09:40:04,53.73,48.74,4.99
MENRES004427_4,2023-12-16T12:11:27,101.32,91.63,9.69
MENRES004428_0,2023-07-25T16:11:55,20.22,16.53,3.69
MENRES004428_1,2023-08-05T09:53:30,64.17,60.02,4.15
MENRES004428_10,2023-01-14T13:58:26,50.15,40.2,9.95
MENRES004428_11,2023-09-19T06:14:36,48.98,39.64,9.34
MENRES004429_1,2023-09-29T16:56:58,50.57,45.78,4.79
MENRES004429_8,2023-08-07T05:38:07,69.82,64.06,5.76
MENRES004430_1,2023-03-15T08:41:35,11.79,11.11,0.68
MENRES004430_3,2023-08-29T01:52:52,6.41,5.24,1.17
MENRES004431_4,2023-07-14T17:21:53,36.91,34.56,2.35
MENRES004431_9,2023-02-15T17:16:28,13.18,11.2,1.98
MENRES004431_13,2023-06-02T18:03:52,36.47,33.84,2.63
MENRES004431_15,2023-02-17T22:45:46,5.71,5.19,0.52
MENRES004431_16,2023-07-31T06:41:30,22.72,21.51,1.21
MENRES004432_2,2023-06-05T09:13:25,34.37,30.24,4.13
MENRES004432_3,2023-10-07T20:56:46,19.21,17.91,1.3
MENRES004432_9,2023-03-16T09:33:34,36.55,33.42,3.13
MENRES004432_10,2023-09-29T18:50:53,21.81,19.69,2.12
MENRES004432_12,2023-04-07T05:27:25,5.54,4.68,0.86
MENRES004432_15,2023-05-29T13:43:20,17.66,15.52,2.14
MENRES004433_0,2023-09-13T00:08:14,57.18,51.8,5.38
MENRES004433_4,2023-06-12T09:22:19,110.66,102.55,8.11
MENRES004433_5,2023-04-12T04:31:40,41.36,39.09,2.27
MENRES004433_6,2023-04-24T16:07:10,39.58,34.34,5.24
MENRES004433_9,2023-08-17T15:05:22,92.68,78.04,14.64
MENRES004433_14,2023-12-25T22:17:19,28.69,25.54,3.15
MENRES004433_15,2023-01-10T12:40:12,36.73,29.77,6.96
MENRES004434_1,2023-07-15T19:19:05,26.64,24.6,2.04
MENRES004434_4,2023-01-20T04:48:54,35.1,33.16,1.94
MENRES004434_7,2023-01-04T18:46:25,101.88,84.1,17.78
MENRES004435_1,2023-09-18T08:11:04,31.08,24.97,6.11
MENRES004435_6,2023-10-23T16:38:13,31.1,28.02,3.08
MENRES004435_7,2023-03-23T02:28:45,23.19,19.54,3.65
MENRES004435_8,2023-11-21T18:37:06,15.02,13.91,1.11
MENRES004435_9,2023-01-02T07:05:12,6.02,4.92,1.1
MENRES004436_5,2023-08-28T21:56:54,19.84,17.82,2.02
MENRES004437_1,2023-01-12T03:44:40,18.36,14.75,3.61
MENRES004437_4,2023-07-22T01:16:33,23.67,19.77,3.9
MENRES004437_5,2023-04-01T02:41:35,30.47,24.87,5.6
MENRES004437_6,2023-02-26T17:02:24,25.67,24.14,1.53
MENRES004437_8,2023-06-03T08:48:47,8.87,7.54,1.33
MENRES004437_11,2023-07-05T08:47:04,12.57,10.11,2.46
MENRES004438_7,2023-01-28T02:51:29,102.47,96.29,6.18
MENRES004438_8,2023-08-16T12:20:08,52.45,44.14,8.31
MENRES004439_1,2023-07-11T11:47:16,33.67,28.16,5.51
MENRES004439_3,2023-10-22T20:06:13,31.91,29.28,2.63
MENRES004439_4,2023-09-15T10:45:31,28.43,26.41,2.02
MENRES004439_5,2023-09-22T17:21:16,32.18,26.68,5.5
MENRES004439_7,2023-05-16T09:44:08,7.68,7.28,0.4
MENRES004439_10,2023-02-12T12:43:12,28.47,24.62,3.85
MENRES004440_1,2023-04-16T18:31:33,16.51,15.45,1.06
MENRES004440_6,2023-12-08T00:28:53,5.83,4.94,0.89
MENRES004440_7,2023-06-12T08:12:42,29.68,24.76,4.92
MENRES004441_1,2023-03-28T08:46:50,19.12,17.62,1.5
MENRES004441_6,2023-10-09T10:26:14,21.89,19.55,2.34
MENRES004441_8,2023-05-26T06:26:42,27.2,24.37,2.83
MENRES004441_9,2023-05-29T14:20:08,19.99,17.5,2.49
MENRES004441_10,2023-11-09T09:36:04,29.32,25.27,4.05
MENRES004441_14,2023-08-22T07:30:00,16.19,13.23,2.96
MENRES004441_16,2023-07-17T11:27:14,17.84,16.4,1.44
MENRES004442_0,2023-11-20T22:26:11,70.18,63.74,6.44
MENRES004443_6,2023-08-10T16:03:14,16.48,13.86,2.62
MENRES004443_8,2023-11-29T05:30:19,55.52,47.25,8.27
MENRES004443_9,2023-10-16T08:49:12,79.86,69.54,10.32
MENRES004443_10,2023-07-01T23:03:49,79.59,65.25,14.34
MENRES004444_0,2023-03-15T03:06:43,30.46,25.88,4.58
MENRES004444_1,2023-11-28T21:48:03,24.89,20.05,4.84
MENRES004444_6,2023-10-30T07:21:49,14.33,13.16,1.17
MENRES004445_6,2023-11-25T01:14:56,22.83,21.08,1.75
MENRES004445_10,2023-10-29T22:22:24,90.2,73.96,16.24
MENRES004446_7,2023-07-16T09:45:38,23.31,19.73,3.58
MENRES004446_8,2023-02-11T21:19:42,24.34,19.49,4.85
MENRES004446_11,2023-08-21T18:06:42,52.55,47.32,5.23
MENRES004447_2,2023-07-30T02:11:01,24.95,21.93,3.02
MENRES004447_5,2023-10-04T15:08:14,37.85,32.12,5.73
MENRES004448_3,2023-07-21T12:54:46,32.67,27.97,4.7
MENRES004448_5,2023-08-23T00:18:58,12.41,11.44,0.97
MENRES004448_6,2023-11-13T05:01:26,31.83,29.13,2.7
MENRES004448_8,2023-01-26T00:16:18,10.08,9.38,0.7
MENRES004448_9,2023-08-08T06:06:41,10.08,8.55,1.53
MENRES004449_4,2023-12-23T07:17:04,41.27,37.25,4.02
MENRES004449_5,2023-08-05T03:21:49,55.1,50.73,4.37
MENRES004449_7,2023-10-20T06:30:58,78.12,66.31,11.81
MENRES004449_9,2023-04-19T13:46:34,48.9,39.73,9.17
MENRES004449_12,2023-03-12T12:59:00,12.59,11.57,1.02
MENRES004449_13,2023-05-13T01:02:57,28.74,25.5,3.24
MENRES004450_1,2023-06-20T17:16:06,53.51,42.96,10.55
MENRES004450_2,2023-10-10T08:19:20,78.41,65.05,13.36
MENRES004450_5,2023-12-01T13:54:05,76.71,66.03,10.68
MENRES004451_0,2023-03-15T19:01:59,50.63,43.62,7.01
MENRES004451_8,2023-05-12T17:27:43,49.47,41.68,7.79
MENRES004451_13,2023-04-03T03:59:11,51.7,43.52,8.18
MENRES004452_3,2023-08-30T04:54:49,67.11,60.2,6.91
MENRES004452_4,2023-08-24T21:16:02,17.87,15.51,2.36
MENRES004452_10,2023-03-30T21:49:39,58.45,51.62,6.83
MENRES004452_13,2023-09-06T04:53:55,24.44,22.56,1.88
MENRES004453_0,2023-03-04T08:37:53,52.94,44.9,8.04
MENRES004453_1,2023-04-10T16:29:25,39.26,34.98,4.28
MENRES004453_2,2023-06-24T05:11:25,39.02,35.41,3.61
MENRES004453_6,2023-04-25T16:28:59,49.37,44.62,4.75
MENRES004454_1,2023-09-24T12:21:03,48.12,41.55,6.57
MENRES004454_4,2023-01-09T21:12:45,23.73,19.19,4.54
MENRES004455_2,2023-08-20T05:08:30,15.58,12.76,2.82
MENRES004455_8,2023-09-13T22:05:49,14.55,13.53,1.02
MENRES004455_10,2023-04-03T09:46:47,15.26,13.62,1.64
MENRES004455_18,2023-03-14T17:19:06,29.02,25.18,3.84
MENRES004456_0,2023-02-24T19:44:19,18.67,16.6,2.07
MENRES004456_1,2023-03-24T04:51:33,47.96,42.58,5.38
MENRES004456_7,2023-02-25T01:12:34,64.97,58.24,6.73
MENRES004456_10,2023-01-27T09:15:44,116.37,97.9,18.47
MENRES004457_6,2023-02-07T00:22:56,13.42,12.25,1.17
MENRES004457_8,2023-12-14T11:18:47,29.64,26.48,3.16
MENRES004457_9,2023-05-09T00:27:18,29.34,26.51,2.83
MENRES004457_10,2023-12-13T22:11:38,34.06,31.66,2.4
MENRES004458_0,2023-06-09T13:07:57,16.56,15.66,0.9
MENRES004458_2,2023-09-24T14:16:38,41.64,36.52,5.12
MENRES004458_4,2023-07-29T21:05:52,33.21,27.02,6.19
MENRES004458_6,2023-04-18T10:12:50,59.43,55.8,3.63
MENRES004459_12,2023-06-05T15:55:19,38.39,35.6,2.79
MENRES004459_17,2023-11-19T03:17:08,88.06,70.83,17.23
MENRES004460_0,2023-10-14T23:04:46,112.0,96.11,15.89
MENRES004460_3,2023-06-29T19:52:03,123.9,103.66,20.24
MENRES004460_5,2023-09-13T08:51:22,41.45,36.33,5.12
MENRES004460_9,2023-01-30T12:31:38,70.88,61.88,9.0
MENRES004460_12,2023-08-11T23:40:46,83.47,69.14,14.33
MENRES004461_0,2023-02-21T08:21:44,15.95,14.95,1.0
MENRES004461_7,2023-11-26T17:40:39,11.4,9.15,2.25
MENRES004461_8,2023-06-21T04:22:09,32.57,26.92,5.65
MENRES004461_9,2023-11-28T04:58:13,30.72,27.74,2.98
MENRES004461_10,2023-01-16T11:45:58,5.03,4.44,0.59
MENRES004462_0,2023-11-14T23:14:35,29.25,26.4,2.85
MENRES004462_6,2023-11-01T16:26:23,35.08,32.41,2.67
MENRES004462_10,2023-01-08T22:53:54,28.07,24.02,4.05
MENRES004462_13,2023-08-23T07:56:03,19.34,15.93,3.41
MENRES004462_14,2023-06-18T14:45:57,8.07,7.6,0.47
MENRES004462_16,2023-11-04T17:17:21,26.63,25.24,1.39
MENRES004463_2,2023-07-16T18:00:14,95.02,77.03,17.99
MENRES004463_5,2023-02-18T20:12:40,93.36,85.25,8.11
MENRES004464_1,2023-08-04T14:54:04,134.33,115.16,19.17
MENRES004465_1,2023-11-20T13:27:39,113.71,92.2,21.51
MENRES004465_2,2023-04-24T23:03:22,58.3,53.83,4.47
MENRES004465_5,2023-09-21T16:07:18,59.49,48.12,11.37
MENRES004466_0,2023-03-22T19:42:40,33.75,27.46,6.29
MENRES004466_6,2023-06-13T23:25:01,25.89,23.1,2.79
MENRES004466_8,2023-06-11T17:36:35,6.96,6.6,0.36
MENRES004467_12,2023-11-13T13:01:46,90.16,73.86,16.3
MENRES004467_14,2023-05-25T06:47:14,34.61,28.21,6.4
MENRES004468_1,2023-01-26T05:13:52,17.43,14.72,2.71
MENRES004468_2,2023-03-13T20:16:54,78.92,64.25,14.67
MENRES004468_5,2023-10-03T05:59:58,68.74,63.64,5.1
MENRES004468_6,2023-07-29T05:51:11,64.39,56.44,7.95
MENRES004468_10,2023-11-17T18:07:12,27.02,24.8,2.22
MENRES004469_2,2023-01-17T13:01:32,106.72,88.66,18.06
MENRES004469_5,2023-04-03T00:19:14,133.11,120.76,12.35
MENRES004469_6,2023-09-26T00:17:19,34.36,32.02,2.34
MENRES004469_7,2023-08-05T16:17:00,21.46,17.45,4.01
MENRES004469_11,2023-05-25T01:30:25,104.3,94.57,9.73
MENRES004469_16,2023-07-04T12:27:59,143.41,135.62,7.79
MENRES004470_4,2023-06-30T08:32:12,23.56,19.69,3.87
MENRES004470_5,2023-10-14T18:22:22,35.2,30.91,4.29
MENRES004470_7,2023-08-25T18:45:34,8.91,8.23,0.68
MENRES004470_8,2023-11-13T16:30:57,39.69,37.25,2.44
MENRES004470_11,2023-07-07T01:56:39,13.3,12.3,1.0
MENRES004470_16,2023-10-19T18:24:23,16.95,16.09,0.86
MENRES004471_0,2023-11-08T03:43:54,68.69,63.13,5.56
MENRES004471_1,2023-10-11T14:19:42,32.75,28.06,4.69
MENRES004471_4,2023-09-13T16:54:19,54.8,49.74,5.06
MENRES004471_5,2023-09-29T18:27:21,71.36,57.62,13.74
MENRES004471_7,2023-08-10T06:33:25,39.16,34.51,4.65
MENRES004471_9,2023-06-15T15:27:07,62.99,52.64,10.35
MENRES004471_10,2023-09-05T01:30:31,29.64,24.72,4.92
MENRES004471_13,2023-08-17T09:56:07,75.28,60.24,15.04
MENRES004471_16,2023-12-11T00:58:57,20.85,19.28,1.57
MENRES004471_18,2023-06-03T04:21:44,45.11,36.18,8.93
MENRES004472_3,2023-10-10T17:57:09,31.13,29.48,1.65
MENRES004472_5,2023-07-02T23:12:05,37.23,30.28,6.95
MENRES004472_6,2023-04-14T02:40:48,16.5,14.18,2.32
MENRES004472_8,2023-01-04T14:43:28,30.71,24.82,5.89
MENRES004472_10,2023-12-08T11:18:08,8.86,7.31,1.55
MENRES004472_12,2023-07-18T08:14:00,27.28,23.24,4.04
MENRES004473_0,2023-08-17T06:59:09,34.47,28.43,6.04
MENRES004473_1,2023-01-27T20:02:32,22.12,20.71,1.41
MENRES004473_2,2023-10-17T18:19:24,15.68,13.83,1.85
MENRES004473_5,2023-06-06T19:55:43,17.15,15.93,1.22
MENRES004474_2,2023-04-09T21:44:14,62.45,55.68,6.77
MENRES004474_4,2023-10-01T07:33:58,27.34,22.95,4.39
MENRES004474_5,2023-03-22T12:43:41,18.45,14.99,3.46
MENRES004474_6,2023-08-07T16:20:15,16.5,13.31,3.19
MENRES004474_7,2023-09-24T13:57:07,23.73,19.88,3.85
MENRES004474_10,2023-04-21T14:43:55,16.68,14.04,2.64
MENRES004474_12,2023-02-06T18:09:13,52.98,46.23,6.75
MENRES004474_14,2023-07-19T23:25:29,37.49,34.73,2.76
MENRES004474_16,2023-08-24T07:53:57,68.02,55.69,12.33
MENRES004474_18,2023-01-10T01:59:52,12.08,10.12,1.96
MENRES004474_19,2023-10-02T01:12:03,50.78,46.97,3.81
MENRES004475_2,2023-11-19T05:24:31,19.18,16.38,2.8
MENRES004475_3,2023-04-21T11:41:35,31.86,29.04,2.82
MENRES004475_5,2023-12-10T17:59:07,19.42,16.89,2.53
MENRES004475_8,2023-08-10T22:29:49,11.99,11.33,0.66
MENRES004475_11,2023-07-07T07:22:17,15.51,12.59,2.92
MENRES004475_13,2023-01-08T05:16:56,19.37,17.43,1.94
MENRES004475_16,2023-05-30T21:17:38,37.38,30.79,6.59
MENRES004475_18,2023-03-25T18:18:26,7.59,7.11,0.48
MENRES004476_1,2023-07-31T01:57:59,45.73,37.29,8.44
MENRES004476_2,2023-11-22T05:07:46,123.6,103.63,19.97
MENRES004476_5,2023-03-08T21:22:24,74.34,65.23,9.11
MENRES004476_6,2023-03-05T12:48:23,109.6,90.57,19.03
MENRES004477_0,2023-03-18T15:04:17,85.88,78.7,7.18
MENRES004478_0,2023-03-27T04:01:23,25.21,22.35,2.86
MENRES004478_4,2023-03-14T23:06:57,26.2,21.6,4.6
MENRES004478_11,2023-11-22T05:32:19,75.03,66.26,8.77
MENRES004479_2,2023-02-17T14:28:57,118.35,95.08,23.27
MENRES004479_4,2023-03-31T16:20:43,48.21,41.75,6.46
MENRES004479_8,2023-05-07T07:30:54,54.44,48.58,5.86
MENRES004480_0,2023-01-10T03:00:50,13.08,11.91,1.17
MENRES004480_7,2023-02-11T10:01:47,7.6,6.42,1.18
MENRES004480_9,2023-07-08T16:32:28,39.22,36.73,2.49
MENRES004481_0,2023-06-25T09:53:33,31.79,27.92,3.87
MENRES004481_1,2023-07-13T08:58:53,35.56,30.54,5.02
MENRES004481_3,2023-11-12T01:30:10,39.03,33.96,5.07
MENRES004481_10,2023-12-27T00:46:42,47.39,40.5,6.89
MENRES004481_11,2023-06-08T16:57:50,78.44,65.84,12.6
MENRES004481_12,2023-06-16T11:09:58,10.63,8.58,2.05
MENRES004481_13,2023-07-06T22:58:38,68.19,64.37,3.82
MENRES004482_3,2023-03-25T01:35:30,74.83,70.01,4.82
MENRES004483_0,2023-11-05T08:41:04,82.9,66.37,16.53
MENRES004483_2,2023-06-08T09:33:14,33.62,26.92,6.7
MENRES004483_9,2023-03-06T10:55:01,62.69,53.98,8.71
MENRES004483_10,2023-11-26T21:11:20,65.68,55.86,9.82
MENRES004484_0,2023-03-10T07:07:26,87.73,71.02,16.71
MENRES004484_1,2023-04-26T13:18:37,104.82,87.77,17.05
MENRES004484_3,2023-09-24T00:35:26,156.96,129.79,27.17
MENRES004484_4,2023-02-17T21:41:02,117.85,111.5,6.35
MENRES004484_6,2023-12-15T12:46:34,129.59,110.29,19.3
MENRES004484_10,2023-06-18T14:51:34,131.0,116.92,14.08
MENRES004484_14,2023-03-16T07:18:19,152.78,137.74,15.04
MENRES004484_17,2023-05-04T17:01:11,42.02,36.83,5.19
MENRES004484_19,2023-06-06T04:54:04,53.92,45.84,8.08
MENRES004485_0,2023-09-05T12:08:37,38.22,30.62,7.6
MENRES004485_1,2023-11-04T17:24:33,13.51,12.41,1.1
MENRES004485_6,2023-06-25T12:49:09,5.76,4.62,1.14
MENRES004485_9,2023-06-21T23:46:27,11.07,10.02,1.05
MENRES004485_10,2023-04-26T14:50:59,12.54,11.9,0.64
MENRES004485_14,2023-12-28T19:06:55,35.53,31.78,3.75
MENRES004485_15,2023-04-02T04:38:03,29.82,26.51,3.31
MENRES004486_5,2023-10-19T06:18:39,34.79,28.73,6.06
MENRES004486_7,2023-12-25T07:52:22,20.59,17.42,3.17
MENRES004486_11,2023-11-03T01:28:05,10.23,8.42,1.81
MENRES004487_5,2023-06-12T17:47:23,39.37,33.41,5.96
MENRES004487_6,2023-04-12T03:10:52,27.33,23.18,4.15
MENRES004487_10,2023-07-21T02:08:48,11.17,9.65,1.52
MENRES004487_13,2023-01-09T17:34:34,9.69,9.14,0.55
MENRES004488_0,2023-12-15T23:21:52,7.73,6.7,1.03
MENRES004488_1,2023-03-01T11:19:59,8.8,8.36,0.44
MENRES004488_3,2023-05-19T16:18:38,9.9,7.94,1.96
MENRES004489_1,2023-07-09T03:15:27,61.86,57.89,3.97
MENRES004489_6,2023-12-15T07:09:17,46.48,37.75,8.73
MENRES004489_9,2023-09-08T02:50:59,57.27,53.66,3.61
MENRES004489_12,2023-09-28T01:55:43,95.54,77.16,18.38
MENRES004490_0,2023-09-12T04:30:10,35.72,30.99,4.73
MENRES004490_1,2023-04-01T10:39:07,25.01,22.41,2.6
MENRES004490_2,2023-05-07T23:20:45,30.43,26.5,3.93
MENRES004490_7,2023-08-31T19:56:24,34.18,29.98,4.2
MENRES004491_5,2023-04-20T20:42:51,20.34,16.37,3.97
MENRES004493_0,2023-10-24T05:41:25,18.09,16.4,1.69
MENRES004493_6,2023-09-29T15:47:48,72.82,65.27,7.55
MENRES004493_7,2023-01-07T22:57:27,31.68,27.18,4.5
MENRES004493_10,2023-05-04T09:50:38,62.35,51.14,11.21
MENRES004493_12,2023-09-19T23:56:23,74.23,68.19,6.04
MENRES004495_0,2023-12-18T01:21:19,23.83,22.31,1.52
MENRES004495_1,2023-10-28T11:48:35,27.62,23.81,3.81
MENRES004495_2,2023-04-15T23:03:25,34.22,27.59,6.63
MENRES004495_3,2023-01-28T04:05:05,29.04,26.13,2.91
MENRES004495_4,2023-06-29T14:50:19,32.39,27.23,5.16
MENRES004495_6,2023-11-12T02:51:42,33.56,28.02,5.54
MENRES004496_5,2023-06-02T18:48:32,8.83,8.38,0.45
MENRES004496_6,2023-09-24T15:48:26,21.77,18.36,3.41
MENRES004496_11,2023-04-18T06:35:30,34.86,29.4,5.46
MENRES004498_0,2023-05-20T07:44:46,38.1,32.13,5.97
MENRES004498_4,2023-05-19T00:42:03,40.33,35.28,5.05
MENRES004498_8,2023-10-14T04:21:25,23.72,20.02,3.7
MENRES004498_9,2023-12-08T16:24:25,76.06,70.35,5.71
MENRES004498_10,2023-09-11T23:40:22,65.11,52.73,12.38
MENRES004498_11,2023-04-11T10:42:51,39.4,33.62,5.78
MENRES004498_12,2023-10-19T09:59:48,57.31,47.26,10.05
MENRES004498_14,2023-05-11T14:48:42,62.36,53.74,8.62
MENRES004498_17,2023-05-28T07:36:54,28.02,23.03,4.99
MENRES004499_3,2023-01-17T18:54:35,13.6,11.05,2.55
MENRES004499_5,2023-02-09T16:03:47,33.7,27.05,6.65
MENRES004499_8,2023-03-01T15:38:02,69.61,57.16,12.45
MENRES004500_4,2023-11-19T07:07:21,51.09,46.59,4.5
MENRES004500_6,2023-03-29T03:15:50,28.54,24.17,4.37
MENRES004500_18,2023-12-17T18:10:45,71.16,65.43,5.73
MENRES004501_3,2023-03-12T05:03:52,56.61,46.54,10.07
MENRES004502_2,2023-12-10T18:54:31,36.78,30.25,6.53
MENRES004502_3,2023-02-13T18:37:57,24.58,21.98,2.6
MENRES004502_7,2023-08-26T03:54:11,18.48,16.62,1.86
MENRES004502_13,2023-07-24T14:48:06,38.57,33.57,5.0
MENRES004502_15,2023-07-06T06:57:35,35.61,32.41,3.2
MENRES004503_2,2023-10-10T07:22:44,31.32,29.44,1.88
MENRES004503_3,2023-08-18T12:55:47,70.14,62.22,7.92
MENRES004503_7,2023-08-29T23:00:32,134.76,115.41,19.35
MENRES004503_9,2023-12-27T12:12:08,56.31,45.78,10.53
MENRES004504_3,2023-03-22T05:25:10,34.59,32.17,2.42
MENRES004505_2,2023-01-23T03:39:36,88.07,73.91,14.16
MENRES004505_3,2023-12-25T18:47:44,154.74,130.47,24.27
MENRES004505_4,2023-08-23T06:36:16,107.82,96.77,11.05
MENRES004505_6,2023-03-05T01:10:28,77.99,63.46,14.53
MENRES004505_8,2023-07-21T09:59:53,104.04,89.15,14.89
MENRES004506_0,2023-03-07T09:28:26,61.35,49.57,11.78
MENRES004506_1,2023-06-27T02:38:51,15.17,12.71,2.46
MENRES004506_6,2023-07-29T11:13:17,54.23,50.52,3.71
MENRES004506_16,2023-05-02T09:04:24,26.26,21.33,4.93
MENRES004507_0,2023-05-28T16:33:43,31.17,29.08,2.09
MENRES004507_2,2023-01-25T17:30:50,75.23,68.94,6.29
MENRES004507_4,2023-12-01T21:07:11,39.84,37.04,2.8
MENRES004508_3,2023-03-22T21:51:25,79.74,74.9,4.84
MENRES004508_4,2023-01-20T03:05:05,48.55,42.15,6.4
MENRES004508_5,2023-10-03T09:49:31,42.18,33.96,8.22
MENRES004508_6,2023-05-31T04:23:24,78.63,71.06,7.57
MENRES004509_2,2023-10-20T06:07:36,31.18,25.38,5.8
MENRES004509_6,2023-12-29T15:20:08,15.63,12.84,2.79
MENRES004510_1,2023-06-22T04:07:11,80.18,72.3,7.88
MENRES004510_4,2023-11-27T12:26:37,50.35,45.31,5.04
MENRES004510_10,2023-12-29T08:09:30,107.36,92.05,15.31
MENRES004510_11,2023-06-20T13:14:59,24.37,21.41,2.96
MENRES004510_17,2023-12-26T07:29:26,43.49,37.26,6.23
MENRES004510_19,2023-11-20T21:09:50,52.42,47.32,5.1
MENRES004512_1,2023-05-25T08:10:17,32.79,26.52,6.27
MENRES004512_3,2023-07-26T15:51:56,11.57,9.28,2.29
MENRES004512_6,2023-03-06T20:44:29,22.16,18.54,3.62
MENRES004512_8,2023-12-16T10:07:21,14.78,12.92,1.86
MENRES004512_13,2023-09-30T14:01:55,6.97,6.07,0.9
MENRES004513_0,2023-11-01T14:36:11,84.68,71.47,13.21
MENRES004513_1,2023-06-01T23:53:18,30.06,26.85,3.21
MENRES004513_3,2023-10-13T06:42:21,71.1,61.68,9.42
MENRES004513_8,2023-07-27T14:08:01,119.9,112.94,6.96
MENRES004513_17,2023-03-28T15:28:55,63.82,56.8,7.02
MENRES004513_18,2023-06-17T01:13:32,118.36,106.82,11.54
MENRES004514_6,2023-02-25T14:01:48,25.18,21.59,3.59
MENRES004514_7,2023-10-27T04:58:52,10.73,9.99,0.74
MENRES004514_10,2023-03-25T19:31:33,32.24,25.96,6.28
MENRES004514_16,2023-09-24T05:35:36,59.6,49.54,10.06
MENRES004514_17,2023-10-14T00:35:32,55.22,50.14,5.08
MENRES004515_2,2023-06-13T06:28:20,81.42,70.61,10.81
MENRES004515_7,2023-12-30T14:15:28,113.54,105.69,7.85
MENRES004515_10,2023-09-19T23:28:16,52.3,45.14,7.16
MENRES004515_11,2023-03-26T00:45:56,34.0,30.44,3.56
MENRES004515_16,2023-04-15T03:38:17,15.67,13.65,2.02
MENRES004515_17,2023-06-23T18:21:46,40.47,35.57,4.9
MENRES004516_1,2023-04-19T16:57:42,18.08,16.31,1.77
MENRES004516_9,2023-09-30T02:18:58,33.35,31.64,1.71
MENRES004516_12,2023-05-16T14:12:29,18.69,15.28,3.41
MENRES004516_14,2023-11-04T11:51:59,28.02,23.7,4.32
MENRES004517_0,2023-09-11T05:28:41,37.42,33.91,3.51
MENRES004517_3,2023-12-16T05:33:04,51.18,48.1,3.08
MENRES004517_4,2023-08-26T19:37:09,103.44,85.3,18.14
MENRES004517_5,2023-12-30T22:57:59,34.54,29.88,4.66
MENRES004517_6,2023-07-08T19:34:27,16.85,14.88,1.97
MENRES004518_1,2023-06-09T01:43:30,38.53,34.9,3.63
MENRES004518_4,2023-06-14T00:30:35,6.12,5.72,0.4
MENRES004519_1,2023-01-16T15:43:43,103.12,85.48,17.64
MENRES004519_3,2023-10-13T17:42:42,77.53,69.91,7.62
MENRES004519_6,2023-07-13T14:39:45,85.27,74.37,10.9
MENRES004519_7,2023-10-20T23:32:29,38.58,33.29,5.29
MENRES004520_1,2023-11-28T21:36:27,8.95,7.94,1.01
MENRES004520_8,2023-12-02T21:34:06,5.43,4.56,0.87
MENRES004520_11,2023-09-09T20:44:48,7.21,6.05,1.16
MENRES004521_7,2023-06-03T11:58:48,13.53,11.15,2.38
MENRES004521_11,2023-09-07T11:17:11,24.59,21.45,3.14
MENRES004522_2,2023-05-23T14:22:06,62.14,58.63,3.51
MENRES004522_3,2023-04-18T10:07:10,125.09,113.17,11.92
MENRES004522_5,2023-07-04T00:41:37,101.96,96.81,5.15
MENRES004522_7,2023-09-19T22:52:39,88.9,72.02,16.88
MENRES004523_3,2023-01-13T06:24:24,39.55,33.22,6.33
MENRES004523_8,2023-07-10T00:30:17,46.2,39.38,6.82
MENRES004523_12,2023-10-27T18:09:33,97.96,84.29,13.67
MENRES004523_13,2023-12-26T04:56:34,93.38,87.73,5.65
MENRES004524_2,2023-08-02T11:01:34,12.96,10.82,2.14
MENRES004524_10,2023-03-09T21:51:57,16.37,14.0,2.37
MENRES004525_5,2023-10-23T02:35:05,63.07,59.61,3.46
MENRES004525_8,2023-05-07T05:30:20,36.75,34.46,2.29
MENRES004525_12,2023-05-25T23:03:27,74.51,68.03,6.48
MENRES004526_7,2023-11-08T16:20:39,75.61,66.59,9.02
MENRES004527_3,2023-11-11T17:15:56,7.72,7.06,0.66
MENRES004527_5,2023-01-28T18:03:40,34.47,31.36,3.11
MENRES004527_6,2023-08-25T10:05:05,9.31,8.47,0.84
MENRES004527_7,2023-08-01T09:00:31,37.26,29.83,7.43
MENRES004527_11,2023-10-24T18:44:29,6.56,5.92,0.64
MENRES004527_13,2023-04-21T13:27:12,37.15,33.4,3.75
MENRES004528_0,2023-06-30T04:20:25,35.77,28.71,7.06
MENRES004528_2,2023-09-22T07:12:54,89.21,80.62,8.59
MENRES004528_3,2023-03-10T06:30:02,148.4,126.35,22.05
MENRES004528_4,2023-04-16T12:05:45,132.25,117.58,14.67
MENRES004528_7,2023-12-20T01:17:47,85.07,80.59,4.48
MENRES004528_12,2023-02-25T01:02:04,67.61,61.13,6.48
MENRES004529_3,2023-12-07T13:20:15,82.71,67.77,14.94
MENRES004529_4,2023-10-29T19:12:39,37.79,33.49,4.3
MENRES004529_8,2023-08-28T01:16:03,106.48,94.51,11.97
MENRES004529_10,2023-01-16T22:32:10,60.4,53.33,7.07
MENRES004529_11,2023-03-29T00:37:13,47.95,39.96,7.99
MENRES004529_13,2023-12-11T07:49:16,67.56,62.11,5.45
MENRES004530_2,2023-09-03T01:15:20,21.87,19.65,2.22
MENRES004530_4,2023-09-16T02:28:08,40.69,32.58,8.11
MENRES004531_0,2023-11-23T02:15:19,28.6,24.19,4.41
MENRES004531_1,2023-07-24T06:22:20,36.26,32.09,4.17
MENRES004531_4,2023-04-15T17:25:17,5.17,4.36,0.81
MENRES004531_5,2023-12-28T15:39:42,24.99,22.27,2.72
MENRES004531_6,2023-10-02T07:48:09,22.71,18.4,4.31
MENRES004531_8,2023-08-11T09:51:06,30.0,28.48,1.52
MENRES004531_14,2023-12-12T16:24:02,35.15,32.32,2.83
MENRES004532_2,2023-06-11T22:39:57,104.96,90.6,14.36
MENRES004533_0,2023-05-19T06:11:22,7.8,7.29,0.51
MENRES004533_1,2023-01-02T07:09:15,16.56,13.9,2.66
MENRES004533_8,2023-11-15T14:46:36,27.71,23.07,4.64
MENRES004534_0,2023-07-06T23:20:34,47.09,44.65,2.44
MENRES004534_12,2023-03-29T05:01:12,109.67,95.85,13.82
MENRES004535_0,2023-05-19T16:55:46,24.37,22.0,2.37
MENRES004535_3,2023-07-08T16:10:52,44.91,36.97,7.94
MENRES004536_3,2023-05-31T12:50:30,71.85,58.97,12.88
MENRES004536_6,2023-04-07T09:28:54,25.22,21.59,3.63
MENRES004536_7,2023-08-10T03:52:22,70.23,60.6,9.63
MENRES004536_8,2023-05-11T21:54:32,142.73,123.49,19.24
MENRES004537_0,2023-02-24T17:27:51,11.39,10.17,1.22
MENRES004537_6,2023-10-25T10:28:57,49.9,45.77,4.13
MENRES004537_8,2023-11-16T17:57:05,32.57,30.52,2.05
MENRES004537_10,2023-09-13T20:45:22,66.73,60.47,6.26
MENRES004537_13,2023-12-14T12:37:26,25.4,22.43,2.97
MENRES004537_15,2023-11-08T09:10:22,74.58,65.18,9.4
MENRES004538_1,2023-05-28T11:51:17,24.44,21.08,3.36
MENRES004538_3,2023-12-18T08:27:41,54.96,44.83,10.13
MENRES004538_11,2023-04-18T00:20:27,101.17,82.69,18.48
MENRES004539_0,2023-05-30T16:02:59,115.11,106.85,8.26
MENRES004539_1,2023-12-10T01:18:59,110.77,99.0,11.77
MENRES004539_3,2023-01-27T11:37:29,81.77,73.63,8.14
MENRES004539_5,2023-10-02T10:12:10,34.18,30.77,3.41
MENRES004540_0,2023-08-29T15:36:34,19.83,17.65,2.18
MENRES004540_3,2023-04-12T12:57:28,10.68,9.62,1.06
MENRES004540_5,2023-09-01T15:39:52,13.35,10.72,2.63
MENRES004540_6,2023-10-30T18:53:31,31.27,27.57,3.7
MENRES004540_12,2023-04-13T02:08:52,15.85,14.94,0.91
MENRES004540_13,2023-02-05T01:07:29,7.4,6.3,1.1
MENRES004541_2,2023-06-17T00:08:57,24.0,22.21,1.79
MENRES004541_4,2023-05-29T04:14:05,24.04,22.64,1.4
MENRES004541_8,2023-05-09T08:23:05,37.01,30.06,6.95
MENRES004541_9,2023-05-23T21:47:31,25.04,22.83,2.21
MENRES004541_10,2023-08-22T21:20:31,25.22,21.54,3.68
MENRES004541_15,2023-08-10T15:32:29,8.45,7.76,0.69
MENRES004542_3,2023-02-17T21:36:59,56.5,48.66,7.84
MENRES004542_6,2023-09-03T02:54:25,41.31,33.1,8.21
MENRES004543_0,2023-11-19T23:33:47,54.95,46.58,8.37
MENRES004543_2,2023-03-27T14:45:21,104.56,91.98,12.58
MENRES004543_4,2023-05-13T21:39:56,110.98,91.07,19.91
MENRES004544_0,2023-01-20T04:29:53,15.27,12.49,2.78
MENRES004544_3,2023-07-09T17:39:17,18.02,17.09,0.93
MENRES004544_8,2023-07-24T01:50:54,19.71,17.36,2.35
MENRES004545_5,2023-02-09T14:30:55,105.73,97.81,7.92
MENRES004546_5,2023-10-28T17:02:19,72.58,61.35,11.23
MENRES004546_8,2023-02-09T21:04:03,59.53,54.27,5.26
MENRES004546_13,2023-01-27T02:25:53,40.51,36.1,4.41
MENRES004546_14,2023-02-22T00:06:22,26.99,21.99,5.0
MENRES004546_15,2023-07-20T08:44:53,74.43,63.43,11.0
MENRES004546_16,2023-04-20T14:05:39,17.06,14.25,2.81
MENRES004547_2,2023-10-31T08:58:17,49.64,41.3,8.34
MENRES004547_4,2023-02-15T12:01:35,70.86,59.49,11.37
MENRES004548_0,2023-12-22T22:41:24,8.05,6.56,1.49
MENRES004548_2,2023-11-22T05:05:52,22.79,19.32,3.47
MENRES004548_4,2023-09-25T11:53:56,17.62,15.62,2.0
MENRES004548_7,2023-06-29T02:46:08,17.21,14.44,2.77
MENRES004548_8,2023-09-17T17:45:33,5.73,4.72,1.01
MENRES004548_15,2023-07-11T04:46:23,10.12,9.01,1.11
MENRES004548_16,2023-07-18T10:30:56,6.16,5.01,1.15
MENRES004549_2,2023-11-12T21:10:23,23.27,21.77,1.5
MENRES004549_3,2023-12-21T18:21:40,37.24,33.76,3.48
MENRES004549_4,2023-05-24T07:10:28,61.43,49.93,11.5
MENRES004549_8,2023-03-21T13:12:49,41.09,33.24,7.85
MENRES004549_9,2023-06-15T02:10:30,16.96,13.63,3.33
MENRES004549_10,2023-05-31T14:29:39,46.81,42.77,4.04
MENRES004549_11,2023-01-12T05:56:56,50.61,47.59,3.02
MENRES004550_2,2023-12-22T10:52:14,5.88,5.49,0.39
MENRES004550_3,2023-09-11T05:48:32,20.26,18.51,1.75
MENRES004550_6,2023-03-10T13:12:37,5.46,5.09,0.37
MENRES004551_1,2023-08-25T15:21:22,60.01,52.32,7.69
MENRES004551_3,2023-08-10T09:35:28,141.1,115.57,25.53
MENRES004552_0,2023-02-03T07:41:05,22.58,18.87,3.71
MENRES004552_11,2023-01-17T05:08:08,66.9,56.08,10.82
MENRES004553_2,2023-04-15T11:27:19,36.81,33.02,3.79
MENRES004553_4,2023-06-12T12:40:21,78.73,73.38,5.35
MENRES004554_5,2023-03-23T00:42:56,31.63,26.72,4.91
MENRES004554_6,2023-06-15T05:43:51,28.41,24.21,4.2
MENRES004555_4,2023-08-11T09:19:36,34.69,31.91,2.78
MENRES004555_7,2023-10-20T20:05:53,56.29,51.43,4.86
MENRES004555_8,2023-03-31T23:37:55,68.46,61.67,6.79
MENRES004555_9,2023-07-14T22:41:13,58.23,47.79,10.44
MENRES004555_11,2023-08-23T11:14:45,44.59,36.49,8.1
MENRES004555_14,2023-01-01T03:53:47,57.21,47.82,9.39
MENRES004556_0,2023-12-15T11:29:29,26.02,24.45,1.57
MENRES004556_4,2023-06-18T13:59:26,110.92,95.1,15.82
MENRES004557_9,2023-06-11T09:55:17,32.98,30.85,2.13
MENRES004558_1,2023-06-06T00:24:44,37.58,32.33,5.25
MENRES004558_2,2023-05-10T02:29:44,97.13,84.4,12.73
MENRES004558_4,2023-06-15T05:57:25,32.02,29.63,2.39
MENRES004558_7,2023-03-09T12:44:27,118.6,110.78,7.82
MENRES004559_0,2023-03-21T05:18:25,6.58,5.95,0.63
MENRES004559_9,2023-06-12T14:35:52,32.92,27.42,5.5
MENRES004560_1,2023-08-01T08:58:58,64.22,59.23,4.99
MENRES004560_9,2023-01-20T22:44:19,64.68,59.82,4.86
MENRES004560_11,2023-11-08T07:47:05,44.9,41.25,3.65
MENRES004560_14,2023-08-08T10:19:22,42.5,40.34,2.16
MENRES004560_15,2023-01-26T22:54:33,62.92,56.32,6.6
MENRES004560_16,2023-04-28T16:32:38,40.06,32.5,7.56
MENRES004561_1,2023-03-11T08:38:44,77.32,63.93,13.39
MENRES004561_5,2023-10-27T21:44:37,74.38,63.97,10.41
MENRES004561_9,2023-01-14T04:56:58,79.76,70.97,8.79
MENRES004561_10,2023-10-24T08:39:10,14.76,12.85,1.91
MENRES004561_12,2023-07-28T23:42:08,43.35,38.41,4.94
MENRES004561_14,2023-10-07T22:50:31,21.83,18.1,3.73
MENRES004561_15,2023-07-05T01:57:31,34.58,30.36,4.22
MENRES004562_2,2023-03-25T15:37:53,21.1,19.25,1.85
MENRES004562_3,2023-03-11T08:54:41,5.72,5.27,0.45
MENRES004562_5,2023-04-12T08:32:20,28.73,24.74,3.99
MENRES004562_10,2023-01-16T21:21:32,7.23,6.76,0.47
MENRES004563_0,2023-06-18T18:00:03,53.93,47.16,6.77
MENRES004563_3,2023-09-25T04:49:05,111.84,90.75,21.09
MENRES004563_4,2023-05-20T15:17:20,83.21,69.86,13.35
MENRES004564_1,2023-10-01T23:17:33,36.98,30.15,6.83
MENRES004564_6,2023-03-11T14:32:49,29.96,28.31,1.65
MENRES004564_12,2023-07-02T13:56:25,77.44,72.26,5.18
MENRES004565_3,2023-04-27T05:56:56,118.99,112.14,6.85
MENRES004565_5,2023-05-02T15:41:56,59.7,49.83,9.87
MENRES004566_1,2023-08-14T09:29:47,63.45,54.56,8.89
MENRES004567_3,2023-12-18T12:07:56,17.3,16.19,1.11
MENRES004568_10,2023-12-23T11:55:12,110.68,90.28,20.4
MENRES004569_0,2023-08-12T05:49:39,51.93,43.95,7.98
MENRES004569_2,2023-11-09T21:04:10,118.67,104.38,14.29
MENRES004569_4,2023-12-13T11:13:56,56.0,50.15,5.85
MENRES004569_5,2023-03-08T21:55:31,145.55,122.06,23.49
MENRES004569_6,2023-12-08T00:13:12,60.05,49.76,10.29
MENRES004569_7,2023-10-29T03:04:01,132.95,120.76,12.19
MENRES004570_4,2023-07-20T09:16:31,68.29,64.59,3.7
MENRES004570_9,2023-01-26T11:42:38,49.63,42.73,6.9
MENRES004570_10,2023-02-21T18:30:41,79.94,66.5,13.44
MENRES004571_2,2023-04-24T23:27:10,96.46,90.94,5.52
MENRES004571_3,2023-05-19T02:37:36,17.02,15.37,1.65
MENRES004571_4,2023-04-17T07:36:35,99.5,81.5,18.0
MENRES004571_5,2023-03-29T08:07:31,40.89,33.6,7.29
MENRES004571_6,2023-07-12T16:41:51,97.02,79.48,17.54
MENRES004571_8,2023-09-23T06:54:49,99.78,92.82,6.96
MENRES004571_10,2023-10-11T18:37:18,36.11,30.38,5.73
MENRES004571_12,2023-08-26T02:29:29,84.69,75.2,9.49
MENRES004571_13,2023-09-16T09:30:15,22.61,19.42,3.19
MENRES004571_16,2023-12-23T12:12:08,97.82,87.06,10.76
MENRES004571_17,2023-08-19T16:33:16,70.92,58.65,12.27
MENRES004572_1,2023-03-25T16:03:30,14.83,14.04,0.79
MENRES004572_3,2023-12-12T03:13:57,38.26,30.98,7.28
MENRES004572_4,2023-02-16T02:40:33,27.07,23.81,3.26
MENRES004572_8,2023-01-16T20:39:58,16.54,14.71,1.83
MENRES004573_0,2023-02-22T02:40:10,40.73,35.9,4.83
MENRES004573_1,2023-10-15T02:33:11,106.42,100.35,6.07
MENRES004573_4,2023-02-02T10:20:41,113.51,100.75,12.76
MENRES004573_5,2023-10-13T00:24:53,104.0,86.85,17.15
MENRES004574_2,2023-04-05T13:37:07,77.12,71.59,5.53
MENRES004574_3,2023-02-11T11:35:28,50.94,41.6,9.34
MENRES004574_4,2023-10-02T07:56:42,101.43,94.01,7.42
MENRES004574_5,2023-04-22T16:06:33,18.59,15.42,3.17
MENRES004574_6,2023-07-10T15:47:32,37.05,31.42,5.63
MENRES004574_7,2023-02-27T19:09:50,89.43,72.68,16.75
MENRES004574_10,2023-04-15T02:45:24,112.13,95.03,17.1
MENRES004574_13,2023-06-15T05:07:04,66.53,60.14,6.39
MENRES004574_14,2023-11-04T14:30:44,100.8,91.71,9.09
MENRES004575_1,2023-08-20T01:09:18,11.06,10.09,0.97
MENRES004576_6,2023-04-17T14:45:17,106.17,92.06,14.11
MENRES004576_10,2023-02-16T19:40:30,71.91,63.43,8.48
MENRES004576_12,2023-05-08T19:03:56,67.27,62.01,5.26
MENRES004576_13,2023-06-13T16:39:00,70.29,61.83,8.46
MENRES004577_2,2023-12-13T04:04:37,62.46,52.52,9.94
MENRES004577_4,2023-04-11T12:22:32,63.6,53.09,10.51
MENRES004577_6,2023-11-08T14:34:54,40.31,33.12,7.19
MENRES004577_7,2023-03-04T02:16:29,30.59,26.48,4.11
MENRES004578_4,2023-11-17T13:41:58,20.69,17.55,3.14
MENRES004578_5,2023-01-21T16:35:58,6.59,5.44,1.15
MENRES004578_6,2023-05-15T04:41:37,26.5,22.35,4.15
MENRES004578_8,2023-01-16T16:33:28,26.43,23.5,2.93
MENRES004578_10,2023-05-11T03:42:48,26.36,21.88,4.48
MENRES004578_12,2023-07-07T03:04:55,21.68,18.61,3.07
MENRES004579_1,2023-12-21T18:06:56,23.47,22.03,1.44
MENRES004579_3,2023-11-30T00:37:02,30.22,27.5,2.72
MENRES004579_8,2023-09-01T09:36:46,16.66,15.57,1.09
MENRES004579_9,2023-12-17T12:38:08,27.21,22.38,4.83
MENRES004579_10,2023-12-03T03:54:30,13.12,11.51,1.61
MENRES004579_11,2023-01-22T22:15:44,19.34,16.45,2.89
MENRES004580_1,2023-04-18T06:34:21,56.3,46.14,10.16
MENRES004580_3,2023-10-02T20:06:01,91.66,86.37,5.29
MENRES004580_6,2023-11-16T23:58:04,81.97,70.66,11.31
MENRES004581_1,2023-10-25T22:09:50,33.12,29.78,3.34
MENRES004581_3,2023-02-21T03:35:21,53.35,50.22,3.13
MENRES004582_4,2023-03-25T19:20:06,69.5,64.85,4.65
MENRES004582_12,2023-03-19T20:58:25,27.57,22.14,5.43
MENRES004582_14,2023-11-07T09:05:59,37.71,31.57,6.14
MENRES004582_15,2023-08-10T00:11:20,51.09,47.11,3.98
MENRES004584_3,2023-03-14T05:22:57,54.67,48.06,6.61
MENRES004585_0,2023-05-06T22:57:38,6.29,5.11,1.18
MENRES004585_3,2023-11-03T12:25:58,25.1,22.98,2.12
MENRES004586_0,2023-04-20T16:44:39,37.03,33.6,3.43
MENRES004586_4,2023-10-28T19:19:55,48.58,43.47,5.11
MENRES004587_0,2023-06-20T14:52:58,84.68,70.04,14.64
MENRES004587_8,2023-01-10T21:37:00,22.82,18.78,4.04
MENRES004587_9,2023-08-15T02:02:03,80.74,73.39,7.35
MENRES004587_10,2023-07-22T17:11:48,106.39,98.15,8.24
MENRES004587_11,2023-11-13T08:22:53,69.48,58.97,10.51
MENRES004588_2,2023-04-20T00:17:45,72.28,63.49,8.79
MENRES004588_6,2023-03-23T22:54:04,68.96,57.57,11.39
MENRES004589_0,2023-02-09T16:52:06,136.25,116.51,19.74
MENRES004589_2,2023-05-03T23:29:56,28.87,24.42,4.45
MENRES004589_3,2023-08-26T22:18:43,134.68,118.6,16.08
MENRES004589_6,2023-08-10T21:45:15,53.9,50.06,3.84
MENRES004589_7,2023-07-24T17:47:08,41.94,37.92,4.02
MENRES004589_9,2023-03-10T08:50:17,121.96,103.53,18.43
MENRES004589_10,2023-01-13T11:05:17,62.79,50.71,12.08
MENRES004589_12,2023-11-30T15:06:08,130.32,111.71,18.61
MENRES004589_14,2023-09-03T19:16:52,87.35,75.09,12.26
MENRES004589_17,2023-09-20T07:16:42,86.9,70.14,16.76
MENRES004590_3,2023-06-23T21:33:42,112.12,101.68,10.44
MENRES004590_9,2023-08-27T20:29:10,152.58,131.4,21.18
MENRES004590_13,2023-05-14T20:08:28,29.98,27.91,2.07
MENRES004591_1,2023-08-13T19:10:30,46.34,43.91,2.43
MENRES004591_6,2023-09-28T18:52:36,52.46,44.65,7.81
MENRES004591_7,2023-11-30T15:47:35,88.58,75.21,13.37
MENRES004591_10,2023-06-05T16:57:01,56.92,48.21,8.71
MENRES004592_0,2023-01-30T17:38:15,13.55,11.92,1.63
MENRES004592_4,2023-05-09T17:00:09,17.82,15.21,2.61
MENRES004593_2,2023-01-31T15:40:30,25.17,22.08,3.09
MENRES004593_6,2023-03-26T20:56:42,59.39,52.61,6.78
MENRES004593_8,2023-03-01T12:16:55,116.39,110.53,5.86
MENRES004593_10,2023-06-24T23:40:33,27.79,23.53,4.26
MENRES004593_11,2023-11-23T06:25:02,147.63,139.78,7.85
MENRES004594_0,2023-04-20T03:36:31,26.79,22.78,4.01
MENRES004594_1,2023-01-07T21:40:06,7.57,6.95,0.62
MENRES004595_0,2023-04-23T09:13:02,109.01,95.34,13.67
MENRES004595_6,2023-04-25T02:33:51,61.38,56.36,5.02
MENRES004595_9,2023-10-12T14:07:42,108.0,100.89,7.11
MENRES004596_8,2023-04-21T02:49:56,110.48,88.57,21.91
MENRES004596_12,2023-04-05T22:19:16,108.36,89.15,19.21
MENRES004596_13,2023-05-24T06:03:54,49.36,42.97,6.39
MENRES004596_19,2023-02-12T11:01:48,107.61,91.95,15.66
MENRES004597_0,2023-11-06T17:33:51,32.71,29.8,2.91
MENRES004597_1,2023-06-18T01:44:21,44.91,39.72,5.19
MENRES004597_3,2023-11-02T04:17:28,38.88,34.56,4.32
MENRES004597_10,2023-06-03T06:23:09,67.2,59.15,8.05
MENRES004597_11,2023-01-13T14:40:37,54.24,50.86,3.38
MENRES004597_12,2023-09-02T23:58:39,33.42,29.92,3.5
MENRES004597_13,2023-04-06T21:14:19,37.26,30.3,6.96
MENRES004597_14,2023-09-16T01:07:41,50.29,42.88,7.41
MENRES004598_3,2023-05-02T00:02:38,25.9,21.59,4.31
MENRES004598_7,2023-03-26T22:59:48,20.59,18.87,1.72
MENRES004598_9,2023-02-01T11:40:54,18.54,15.92,2.62
MENRES004598_11,2023-03-12T12:14:17,15.1,13.09,2.01
MENRES004598_14,2023-01-20T08:54:57,27.88,22.89,4.99
MENRES004599_2,2023-01-26T23:07:54,16.62,13.85,2.77
MENRES004599_3,2023-11-26T04:04:52,62.4,53.03,9.37
MENRES004599_7,2023-09-26T09:45:36,20.57,17.36,3.21
MENRES004599_10,2023-02-04T01:35:05,13.97,12.06,1.91
MENRES004600_0,2023-07-16T07:01:49,131.44,119.4,12.04
MENRES004600_1,2023-02-07T14:13:03,108.29,102.03,6.26
MENRES004600_2,2023-09-11T13:32:46,101.37,95.17,6.2
MENRES004600_3,2023-06-14T04:28:37,135.36,122.31,13.05
MENRES004600_6,2023-03-29T19:19:08,70.35,66.28,4.07
MENRES004601_1,2023-06-09T21:39:40,59.67,49.94,9.73
MENRES004601_3,2023-05-26T04:00:18,74.65,68.45,6.2
MENRES004601_4,2023-02-20T23:58:18,38.78,32.73,6.05
MENRES004602_7,2023-08-01T22:10:46,28.12,23.34,4.78
MENRES004602_13,2023-10-01T22:03:35,35.91,28.94,6.97
MENRES004603_0,2023-02-01T21:53:12,58.81,51.91,6.9
MENRES004603_1,2023-07-06T06:00:17,90.94,81.5,9.44
MENRES004603_4,2023-12-24T09:48:49,86.21,78.95,7.26
MENRES004603_6,2023-09-17T14:27:39,56.33,52.57,3.76
MENRES004604_0,2023-04-10T01:26:16,53.17,49.12,4.05
MENRES004604_1,2023-07-01T11:35:24,75.95,66.14,9.81
MENRES004604_5,2023-05-19T15:42:49,145.22,133.95,11.27
MENRES004604_9,2023-09-06T09:25:37,127.72,117.02,10.7
MENRES004605_0,2023-01-15T06:56:16,102.26,94.19,8.07
MENRES004605_1,2023-05-14T12:55:46,65.31,53.43,11.88
MENRES004605_2,2023-01-27T15:17:28,82.29,69.17,13.12
MENRES004605_5,2023-11-01T05:47:54,121.69,107.88,13.81
MENRES004605_6,2023-04-13T16:26:48,25.43,23.99,1.44
MENRES004605_10,2023-07-05T17:28:22,95.17,78.6,16.57
MENRES004605_14,2023-01-03T00:22:40,97.5,80.25,17.25
MENRES004605_16,2023-06-08T01:57:31,145.21,129.42,15.79
MENRES004605_17,2023-08-26T11:08:28,22.92,19.47,3.45
MENRES004606_0,2023-04-07T04:49:26,40.94,36.5,4.44
MENRES004607_5,2023-09-28T02:18:47,25.25,20.95,4.3
MENRES004607_14,2023-02-28T09:46:38,17.84,15.57,2.27
MENRES004607_18,2023-10-13T05:22:24,56.2,49.42,6.78
MENRES004608_4,2023-10-26T14:39:44,14.4,12.14,2.26
MENRES004608_5,2023-09-27T22:48:43,29.08,26.15,2.93
MENRES004608_6,2023-06-24T20:03:20,27.75,26.36,1.39
MENRES004609_1,2023-05-20T03:03:51,19.59,16.19,3.4
MENRES004609_2,2023-11-19T11:48:26,30.38,28.12,2.26
MENRES004609_5,2023-06-21T16:57:45,55.62,50.75,4.87
MENRES004609_9,2023-04-03T06:45:52,23.76,20.1,3.66
MENRES004609_11,2023-12-09T06:52:05,63.9,56.71,7.19
MENRES004609_13,2023-03-01T13:57:53,22.51,21.37,1.14
MENRES004609_14,2023-02-09T11:47:43,18.64,17.18,1.46
MENRES004609_15,2023-06-10T20:03:15,36.54,30.77,5.77
MENRES004610_9,2023-07-12T04:15:49,46.06,38.58,7.48
MENRES004610_16,2023-09-28T17:13:35,53.18,43.19,9.99
MENRES004611_1,2023-04-20T19:50:28,5.73,4.95,0.78
MENRES004611_4,2023-05-20T11:46:04,26.81,21.92,4.89
MENRES004611_6,2023-03-24T00:53:59,8.91,7.8,1.11
MENRES004612_5,2023-01-16T17:18:08,16.44,13.81,2.63
MENRES004612_7,2023-10-12T20:45:39,73.02,67.65,5.37
MENRES004612_9,2023-08-01T09:46:29,33.47,31.16,2.31
MENRES004612_12,2023-01-05T15:31:50,64.77,58.1,6.67
MENRES004612_15,2023-01-05T11:10:18,58.79,53.3,5.49
MENRES004613_2,2023-03-29T12:43:16,124.49,109.57,14.92
MENRES004613_5,2023-12-02T06:28:00,111.92,95.88,16.04
MENRES004613_7,2023-04-07T14:27:31,81.79,72.88,8.91
MENRES004614_0,2023-08-03T17:20:05,70.95,66.2,4.75
MENRES004614_1,2023-11-07T15:52:38,92.39,74.2,18.19
MENRES004614_4,2023-07-15T16:00:19,55.17,51.37,3.8
MENRES004614_8,2023-11-08T04:18:10,50.11,44.42,5.69
MENRES004614_11,2023-05-26T16:32:30,92.97,76.48,16.49
MENRES004614_12,2023-06-21T16:46:09,114.87,101.58,13.29
MENRES004615_1,2023-11-15T01:36:05,38.47,33.33,5.14
MENRES004615_3,2023-01-18T06:25:41,21.26,18.79,2.47
MENRES004615_4,2023-09-15T20:27:42,37.24,30.08,7.16
MENRES004615_7,2023-05-22T05:54:46,6.49,5.6,0.89
MENRES004616_2,2023-12-29T10:47:36,130.64,117.98,12.66
MENRES004616_3,2023-02-25T03:06:23,34.08,29.16,4.92
MENRES004616_6,2023-09-09T09:18:44,36.62,32.1,4.52
MENRES004616_8,2023-03-10T03:51:56,48.89,45.0,3.89
MENRES004616_9,2023-08-21T11:13:34,42.25,37.35,4.9
MENRES004617_0,2023-12-21T02:50:23,12.34,10.77,1.57
MENRES004617_2,2023-12-22T09:24:32,7.19,6.23,0.96
MENRES004617_7,2023-12-05T14:27:13,27.98,25.28,2.7
MENRES004618_3,2023-04-05T20:55:12,23.51,20.21,3.3
MENRES004618_5,2023-11-13T15:25:07,13.58,11.42,2.16
MENRES004618_6,2023-07-11T14:29:52,39.91,32.22,7.69
MENRES004618_8,2023-04-23T11:31:48,29.86,27.09,2.77
MENRES004619_0,2023-12-17T19:20:19,22.17,18.45,3.72
MENRES004619_3,2023-07-23T18:33:16,5.19,4.62,0.57
MENRES004619_6,2023-03-23T23:07:37,38.06,31.02,7.04
MENRES004619_7,2023-02-01T15:34:58,33.49,27.13,6.36
MENRES004620_1,2023-02-03T01:20:04,110.81,102.82,7.99
MENRES004620_2,2023-07-02T04:25:22,54.64,51.17,3.47
MENRES004620_8,2023-12-09T18:08:44,30.3,25.88,4.42
MENRES004620_12,2023-01-13T06:41:22,62.87,56.11,6.76
MENRES004621_5,2023-07-14T19:48:18,38.32,32.41,5.91
MENRES004621_6,2023-07-15T09:41:42,19.86,17.91,1.95
MENRES004621_9,2023-11-07T04:01:06,15.18,13.52,1.66
MENRES004622_0,2023-06-05T21:26:02,105.0,96.03,8.97
MENRES004622_2,2023-09-22T00:57:05,65.34,58.47,6.87
MENRES004622_4,2023-11-14T12:06:44,111.0,98.18,12.82
MENRES004622_6,2023-04-28T14:27:05,81.47,76.95,4.52
MENRES004622_8,2023-01-02T16:27:01,109.94,97.99,11.95
MENRES004623_1,2023-03-07T08:46:47,129.02,104.37,24.65
MENRES004623_3,2023-11-14T03:58:51,89.62,81.04,8.58
MENRES004623_5,2023-01-09T22:57:51,153.54,129.36,24.18
MENRES004624_0,2023-05-27T13:10:19,46.58,38.38,8.2
MENRES004624_3,2023-08-20T16:19:51,105.79,89.13,16.66
MENRES004624_5,2023-05-17T04:14:30,18.89,16.58,2.31
MENRES004625_0,2023-11-01T07:35:35,71.08,56.95,14.13
MENRES004625_1,2023-10-03T15:04:13,24.84,21.47,3.37
MENRES004625_3,2023-02-24T10:50:20,23.64,20.3,3.34
MENRES004626_1,2023-11-13T07:05:28,23.7,19.36,4.34
MENRES004626_7,2023-05-07T14:46:45,7.02,6.17,0.85
MENRES004626_12,2023-04-30T21:33:53,25.27,21.28,3.99
MENRES004626_14,2023-03-27T05:27:22,22.55,18.27,4.28
MENRES004626_19,2023-03-24T13:46:34,23.58,20.82,2.76
MENRES004627_1,2023-09-09T16:04:05,24.19,21.91,2.28
MENRES004628_7,2023-12-10T18:07:10,22.47,20.85,1.62
MENRES004628_12,2023-05-03T15:12:13,107.7,92.72,14.98
MENRES004628_15,2023-10-17T05:19:56,148.08,125.0,23.08
MENRES004628_17,2023-03-20T04:09:32,112.77,102.32,10.45
MENRES004629_0,2023-01-26T22:34:03,36.02,30.49,5.53
MENRES004629_1,2023-07-01T21:36:45,14.15,12.7,1.45
MENRES004629_2,2023-11-02T13:56:58,79.49,65.03,14.46
MENRES004629_3,2023-04-08T07:36:59,24.32,20.32,4.0
MENRES004629_5,2023-09-13T20:07:02,13.4,12.32,1.08
MENRES004629_8,2023-07-14T18:54:26,52.75,43.2,9.55
MENRES004629_13,2023-04-06T00:24:13,21.28,19.97,1.31
MENRES004630_0,2023-09-09T10:48:38,27.81,23.88,3.93
MENRES004630_1,2023-12-11T15:48:50,54.51,44.69,9.82
MENRES004630_4,2023-10-19T08:20:41,105.12,91.93,13.19
MENRES004630_7,2023-09-21T11:27:28,106.43,97.27,9.16
MENRES004630_8,2023-02-06T17:28:04,88.68,72.63,16.05
MENRES004630_13,2023-08-29T00:16:09,75.25,66.52,8.73
MENRES004630_17,2023-10-02T01:36:35,38.94,36.9,2.04
MENRES004631_8,2023-06-24T07:51:17,22.41,18.95,3.46
MENRES004631_9,2023-02-06T19:53:58,10.07,9.14,0.93
MENRES004631_12,2023-09-28T22:43:40,35.43,30.33,5.1
MENRES004631_16,2023-05-13T21:12:10,25.73,23.38,2.35
MENRES004632_2,2023-08-08T15:26:33,19.83,17.98,1.85
MENRES004632_3,2023-05-25T16:59:32,107.06,100.09,6.97
MENRES004632_4,2023-12-03T06:20:18,119.82,112.62,7.2
MENRES004632_7,2023-09-11T16:09:55,30.99,26.78,4.21
MENRES004632_9,2023-11-02T03:15:02,91.48,76.39,15.09
MENRES004632_12,2023-04-12T00:17:49,63.02,51.42,11.6
MENRES004633_2,2023-12-10T16:31:09,25.89,22.26,3.63
MENRES004633_5,2023-03-08T16:39:55,134.4,109.26,25.14
MENRES004633_7,2023-11-09T07:07:28,113.93,93.24,20.69
MENRES004633_9,2023-11-24T15:18:47,139.51,127.79,11.72
MENRES004634_0,2023-03-17T07:34:15,93.22,79.68,13.54
MENRES004634_2,2023-04-12T12:39:26,24.15,22.09,2.06
MENRES004634_9,2023-02-17T14:11:21,50.97,45.33,5.64
MENRES004634_11,2023-05-15T20:58:45,52.93,45.75,7.18
MENRES004634_12,2023-12-09T18:06:29,69.07,62.27,6.8
MENRES004635_3,2023-10-10T08:13:23,15.86,13.35,2.51
MENRES004635_4,2023-08-27T10:13:47,39.88,32.83,7.05
MENRES004636_4,2023-04-22T06:00:55,50.01,46.44,3.57
MENRES004636_5,2023-01-24T11:53:48,11.09,10.36,0.73
MENRES004636_13,2023-01-21T20:57:33,47.98,38.57,9.41
MENRES004636_15,2023-08-26T04:12:43,70.92,57.01,13.91
MENRES004636_16,2023-04-13T09:52:42,63.79,58.36,5.43
MENRES004637_1,2023-04-07T18:56:09,73.52,64.66,8.86
MENRES004638_0,2023-10-02T08:05:30,21.58,19.99,1.59
MENRES004638_5,2023-03-19T05:34:10,75.91,70.3,5.61
MENRES004638_8,2023-01-31T00:41:11,67.51,56.23,11.28
MENRES004639_0,2023-01-09T10:15:53,39.39,32.81,6.58
MENRES004639_3,2023-04-16T06:24:51,70.39,63.04,7.35
MENRES004639_5,2023-03-11T04:50:05,117.62,110.88,6.74
MENRES004639_7,2023-05-20T15:55:21,64.27,53.7,10.57
MENRES004639_9,2023-03-01T12:46:06,18.95,17.47,1.48
MENRES004639_12,2023-09-18T06:38:04,97.99,82.7,15.29
MENRES004639_14,2023-06-25T04:09:11,103.54,87.21,16.33
MENRES004640_2,2023-09-12T20:46:49,39.48,32.85,6.63
MENRES004640_3,2023-05-28T20:10:09,54.39,50.02,4.37
MENRES004640_4,2023-06-28T20:19:13,39.14,36.1,3.04
MENRES004640_6,2023-06-19T21:05:00,66.79,62.67,4.12
MENRES004640_11,2023-04-09T04:27:07,22.13,19.54,2.59
MENRES004640_12,2023-01-23T08:38:27,19.46,18.46,1.0
MENRES004640_14,2023-11-24T06:21:17,31.28,29.14,2.14
MENRES004640_15,2023-08-18T10:22:35,48.18,41.07,7.11
MENRES004641_0,2023-12-12T04:40:28,77.69,71.67,6.02
MENRES004641_9,2023-11-30T17:42:07,52.11,46.61,5.5
MENRES004641_12,2023-03-26T02:33:32,70.1,59.6,10.5
MENRES004642_1,2023-09-21T14:28:38,43.48,35.74,7.74
MENRES004642_3,2023-09-14T03:41:13,74.5,66.23,8.27
MENRES004642_4,2023-03-13T05:37:47,104.53,90.65,13.88
MENRES004642_17,2023-09-19T11:24:53,23.06,18.55,4.51
MENRES004643_0,2023-03-23T06:54:37,19.95,18.93,1.02
MENRES004643_6,2023-03-25T11:11:37,18.73,17.35,1.38
MENRES004643_11,2023-02-24T14:25:23,14.94,13.29,1.65
MENRES004643_12,2023-10-04T08:43:52,78.99,63.82,15.17
MENRES004643_18,2023-02-24T06:09:49,38.88,33.81,5.07
MENRES004644_2,2023-04-22T03:42:01,6.39,5.55,0.84
MENRES004644_3,2023-06-21T04:30:28,15.32,12.98,2.34
MENRES004644_4,2023-07-06T13:18:44,24.52,22.81,1.71
MENRES004644_6,2023-10-31T10:37:52,21.35,18.76,2.59
MENRES004645_1,2023-09-14T14:39:16,64.53,60.29,4.24
MENRES004645_4,2023-05-13T12:08:13,116.13,100.14,15.99
MENRES004645_6,2023-07-04T03:32:07,113.95,96.96,16.99
MENRES004645_9,2023-05-11T19:13:15,32.44,28.11,4.33
MENRES004646_0,2023-10-13T03:45:49,83.6,78.11,5.49
MENRES004646_2,2023-04-24T20:04:10,46.42,39.3,7.12
MENRES004646_4,2023-05-11T06:47:59,94.58,85.19,9.39
MENRES004646_9,2023-04-27T04:11:36,119.59,109.13,10.46
MENRES004647_0,2023-02-24T22:06:42,18.06,15.77,2.29
MENRES004647_1,2023-04-06T15:30:29,12.83,12.01,0.82
MENRES004647_6,2023-08-25T02:33:33,27.71,25.68,2.03
MENRES004647_8,2023-03-30T06:14:46,7.45,6.87,0.58
MENRES004647_9,2023-03-19T17:27:29,38.67,32.4,6.27
MENRES004648_0,2023-03-11T13:52:11,64.29,59.77,4.52
MENRES004648_4,2023-04-24T14:28:20,12.97,11.34,1.63
MENRES004648_5,2023-10-07T15:41:41,46.16,40.53,5.63
MENRES004649_0,2023-10-15T17:27:11,68.43,64.85,3.58
MENRES004649_1,2023-02-03T00:37:12,32.1,29.06,3.04
MENRES004649_6,2023-03-31T05:44:38,23.32,19.46,3.86
MENRES004649_9,2023-10-05T03:15:29,38.56,32.6,5.96
MENRES004649_10,2023-11-29T11:13:08,20.19,18.42,1.77
MENRES004650_3,2023-12-26T21:49:03,24.08,21.9,2.18
MENRES004650_4,2023-11-27T17:42:15,58.54,48.98,9.56
MENRES004650_9,2023-08-05T07:47:44,16.67,14.9,1.77
MENRES004650_12,2023-10-18T08:21:20,17.86,16.52,1.34
MENRES004651_0,2023-06-20T09:16:50,66.52,55.35,11.17
MENRES004651_3,2023-11-22T14:43:24,20.27,16.27,4.0
MENRES004651_5,2023-10-19T02:10:10,68.46,60.01,8.45
MENRES004651_6,2023-01-29T02:23:22,60.69,51.8,8.89
MENRES004651_9,2023-11-08T15:53:25,77.06,69.28,7.78
MENRES004652_4,2023-01-03T07:00:37,30.03,26.52,3.51
MENRES004652_8,2023-11-23T03:22:38,11.81,10.52,1.29
MENRES004653_4,2023-05-26T19:40:10,21.22,18.35,2.87
MENRES004653_5,2023-02-27T02:48:31,54.21,44.3,9.91
MENRES004653_9,2023-07-20T21:03:10,21.04,19.18,1.86
MENRES004653_10,2023-05-13T05:42:02,41.63,33.86,7.77
MENRES004653_13,2023-09-24T14:35:54,62.63,58.22,4.41
MENRES004653_14,2023-02-04T09:16:32,79.85,67.93,11.92
MENRES004654_0,2023-09-06T13:09:18,7.15,5.74,1.41
MENRES004654_1,2023-03-03T21:06:41,26.87,22.06,4.81
MENRES004654_4,2023-11-16T21:21:21,25.75,23.44,2.31
MENRES004654_7,2023-11-12T20:36:43,7.82,7.26,0.56
MENRES004654_8,2023-04-05T21:09:19,15.83,14.27,1.56
MENRES004654_10,2023-11-13T08:50:14,38.41,30.79,7.62
MENRES004655_7,2023-01-16T11:27:55,134.97,123.66,11.31
MENRES004655_10,2023-04-24T23:49:31,33.47,28.85,4.62
MENRES004655_12,2023-01-09T22:21:38,74.02,63.03,10.99
MENRES004656_2,2023-12-23T23:20:29,99.42,89.44,9.98
MENRES004656_7,2023-03-08T10:16:32,150.96,129.18,21.78
MENRES004656_8,2023-05-22T16:24:37,42.09,35.65,6.44
MENRES004656_11,2023-05-08T00:27:42,88.06,80.54,7.52
MENRES004656_15,2023-06-23T06:16:52,72.01,60.42,11.59
MENRES004656_18,2023-04-25T00:05:08,150.14,121.79,28.35
MENRES004657_10,2023-02-10T10:53:18,112.78,91.23,21.55
MENRES004657_11,2023-03-12T17:42:38,158.35,128.12,30.23
MENRES004657_12,2023-06-09T02:14:52,151.87,123.14,28.73
MENRES004657_15,2023-03-28T06:29:13,145.38,117.1,28.28
MENRES004657_16,2023-06-26T16:38:44,127.52,118.18,9.34
MENRES004658_4,2023-08-27T06:03:27,25.55,22.61,2.94
MENRES004658_5,2023-11-06T18:26:59,55.6,52.55,3.05
MENRES004658_6,2023-07-15T14:05:52,30.61,27.41,3.2
MENRES004658_8,2023-08-26T22:23:59,38.62,31.68,6.94
MENRES004659_4,2023-08-29T14:51:42,75.38,65.51,9.87
MENRES004659_5,2023-06-15T02:38:22,107.56,90.18,17.38
MENRES004660_4,2023-05-23T19:04:27,9.71,8.53,1.18
MENRES004660_6,2023-02-25T04:55:44,34.37,28.46,5.91
MENRES004660_8,2023-10-07T21:35:58,5.57,4.99,0.58
MENRES004660_11,2023-11-04T03:28:59,13.12,10.57,2.55
MENRES004660_12,2023-10-07T14:08:50,23.39,21.86,1.53
MENRES004660_13,2023-08-19T09:20:12,21.16,17.45,3.71
MENRES004660_17,2023-12-11T23:01:54,34.79,28.85,5.94
MENRES004661_3,2023-03-14T17:18:31,105.02,87.65,17.37
MENRES004661_5,2023-07-12T11:31:52,45.3,39.43,5.87
MENRES004661_6,2023-12-10T20:57:26,70.42,61.95,8.47
MENRES004663_0,2023-05-27T03:18:07,25.96,24.23,1.73
MENRES004663_2,2023-05-16T20:25:15,28.07,22.71,5.36
MENRES004663_4,2023-04-04T22:52:38,53.77,44.32,9.45
MENRES004663_5,2023-07-07T05:45:12,111.31,100.8,10.51
MENRES004663_6,2023-12-07T11:05:21,98.18,90.66,7.52
MENRES004663_9,2023-11-03T02:53:07,102.17,91.39,10.78
MENRES004663_10,2023-01-17T22:57:50,115.9,98.13,17.77
MENRES004663_13,2023-03-26T00:12:22,62.0,55.07,6.93
MENRES004663_18,2023-03-31T22:08:17,124.82,105.6,19.22
MENRES004664_1,2023-10-07T14:57:20,84.13,75.15,8.98
MENRES004664_9,2023-11-05T23:44:35,95.19,79.42,15.77
MENRES004664_10,2023-07-10T18:02:44,50.98,46.48,4.5
MENRES004664_11,2023-06-28T20:36:16,69.32,63.11,6.21
MENRES004664_14,2023-01-27T01:58:47,104.31,98.5,5.81
MENRES004664_15,2023-05-10T10:59:29,109.33,98.51,10.82
MENRES004665_0,2023-10-02T03:33:58,18.75,17.07,1.68
MENRES004665_4,2023-08-07T14:00:52,5.39,5.03,0.36
MENRES004665_8,2023-05-04T21:42:16,32.58,28.59,3.99
MENRES004665_11,2023-09-24T02:37:32,7.07,6.41,0.66
MENRES004666_0,2023-01-26T13:41:37,76.37,65.35,11.02
MENRES004666_6,2023-01-19T16:54:19,75.48,63.82,11.66
MENRES004666_13,2023-06-04T04:59:14,75.24,64.25,10.99
MENRES004666_16,2023-09-25T15:24:25,18.94,16.12,2.82
MENRES004667_2,2023-05-24T10:37:39,64.54,59.48,5.06
MENRES004667_6,2023-10-24T16:57:02,142.75,130.49,12.26
MENRES004668_0,2023-05-18T11:16:23,74.38,69.17,5.21
MENRES004668_4,2023-11-11T10:55:24,44.32,42.08,2.24
MENRES004668_10,2023-03-25T13:14:41,127.97,104.29,23.68
MENRES004668_16,2023-05-24T16:02:09,26.18,22.2,3.98
MENRES004669_0,2023-09-30T10:40:01,22.81,20.23,2.58
MENRES004669_5,2023-10-03T11:39:47,35.2,30.79,4.41
MENRES004669_6,2023-10-02T22:50:42,11.22,9.26,1.96
MENRES004669_7,2023-01-27T15:29:28,34.13,31.28,2.85
MENRES004669_8,2023-08-30T13:49:34,6.58,5.67,0.91
MENRES004670_3,2023-02-18T09:30:56,113.36,103.44,9.92
MENRES004670_4,2023-10-29T11:56:26,132.1,113.17,18.93
MENRES004670_6,2023-12-19T14:05:58,147.01,133.76,13.25
MENRES004670_8,2023-05-27T08:01:49,101.79,95.83,5.96
MENRES004670_11,2023-10-18T03:57:02,67.36,57.13,10.23
MENRES004670_14,2023-02-17T04:09:54,131.1,105.39,25.71
MENRES004670_15,2023-04-22T19:08:07,21.33,17.84,3.49
MENRES004672_3,2023-10-29T13:07:57,37.93,30.98,6.95
MENRES004672_4,2023-04-25T11:49:09,55.3,52.1,3.2
MENRES004673_0,2023-09-02T18:29:17,5.04,4.62,0.42
MENRES004673_2,2023-04-22T23:15:45,34.91,32.14,2.77
MENRES004673_8,2023-10-11T01:32:44,39.95,32.93,7.02
MENRES004673_9,2023-01-26T14:17:24,28.46,23.85,4.61
MENRES004673_12,2023-01-19T01:57:30,23.49,21.58,1.91
MENRES004673_16,2023-10-08T08:34:21,27.65,23.71,3.94
MENRES004673_17,2023-04-13T23:34:49,15.3,13.16,2.14
MENRES004674_8,2023-02-11T05:06:30,15.15,13.55,1.6
MENRES004674_9,2023-02-06T11:57:11,21.65,19.47,2.18
MENRES004675_0,2023-04-13T23:17:03,56.28,48.26,8.02
MENRES004675_1,2023-09-22T18:42:30,149.79,131.95,17.84
MENRES004675_4,2023-12-29T16:31:51,23.02,20.09,2.93
MENRES004675_8,2023-06-08T07:56:25,69.13,64.84,4.29
MENRES004675_11,2023-06-11T02:37:21,53.42,47.26,6.16
MENRES004676_1,2023-03-18T19:47:26,22.35,18.41,3.94
MENRES004676_3,2023-09-28T01:00:13,76.27,64.89,11.38
MENRES004676_6,2023-01-03T03:27:54,79.24,65.36,13.88
MENRES004676_9,2023-02-11T02:48:55,76.92,69.98,6.94
MENRES004676_11,2023-01-24T16:24:33,20.68,19.35,1.33
MENRES004676_13,2023-01-07T04:57:26,46.61,42.98,3.63
MENRES004676_14,2023-05-31T20:17:32,134.69,114.96,19.73
MENRES004676_15,2023-09-20T23:10:50,154.47,136.06,18.41
MENRES004676_16,2023-07-04T08:22:15,115.93,100.11,15.82
MENRES004677_5,2023-10-18T06:51:59,93.05,81.62,11.43
MENRES004678_0,2023-04-21T00:22:12,88.84,78.47,10.37
MENRES004678_1,2023-11-18T14:20:46,63.49,53.19,10.3
MENRES004678_4,2023-01-06T09:21:08,81.19,75.56,5.63
MENRES004678_6,2023-10-27T20:18:12,105.02,96.96,8.06
MENRES004679_5,2023-08-14T04:15:09,27.53,24.46,3.07
MENRES004679_6,2023-12-13T23:02:57,42.14,35.68,6.46
MENRES004679_10,2023-05-27T06:17:13,69.3,65.72,3.58
MENRES004680_2,2023-08-06T17:13:06,77.56,70.69,6.87
MENRES004680_4,2023-11-22T13:29:49,114.68,98.61,16.07
MENRES004680_7,2023-08-30T14:00:03,35.86,31.93,3.93
MENRES004681_3,2023-12-22T13:54:25,88.51,73.84,14.67
MENRES004681_6,2023-04-03T08:32:08,96.28,79.85,16.43
MENRES004681_9,2023-04-01T09:58:23,45.2,42.7,2.5
MENRES004681_12,2023-01-16T14:54:04,26.98,24.33,2.65
MENRES004681_13,2023-08-18T12:26:48,79.83,64.67,15.16
MENRES004681_14,2023-09-15T23:10:07,58.2,46.9,11.3
MENRES004682_0,2023-06-21T15:08:59,72.78,68.47,4.31
MENRES004682_1,2023-12-16T18:38:17,30.8,28.7,2.1
MENRES004682_7,2023-12-13T05:52:59,128.84,121.03,7.81
MENRES004683_1,2023-06-01T23:27:57,54.35,50.93,3.42
MENRES004683_6,2023-06-21T16:40:24,28.41,23.34,5.07
MENRES004683_8,2023-12-29T15:32:42,46.92,39.22,7.7
MENRES004683_10,2023-03-25T03:23:24,79.65,64.52,15.13
MENRES004683_17,2023-11-30T04:12:17,53.88,48.58,5.3
MENRES004684_2,2023-08-08T11:25:01,65.51,59.41,6.1
MENRES004684_6,2023-11-18T12:36:09,32.12,29.34,2.78
MENRES004684_9,2023-09-17T07:39:24,65.18,59.68,5.5
MENRES004685_0,2023-03-15T09:05:29,24.37,22.2,2.17
MENRES004685_3,2023-03-08T15:02:53,45.82,41.95,3.87
MENRES004685_4,2023-02-06T20:40:08,24.97,22.44,2.53
MENRES004685_8,2023-02-06T13:33:12,95.44,85.64,9.8
MENRES004685_10,2023-10-13T16:10:03,96.85,83.09,13.76
MENRES004685_11,2023-08-30T09:44:11,70.28,64.88,5.4
MENRES004686_5,2023-07-03T22:37:33,44.68,38.71,5.97
MENRES004686_9,2023-07-08T04:05:24,25.99,22.89,3.1
MENRES004686_10,2023-12-06T07:48:02,20.93,19.72,1.21
MENRES004687_0,2023-12-08T18:04:12,61.25,50.56,10.69
MENRES004687_8,2023-01-23T07:04:04,74.27,61.36,12.91
MENRES004687_11,2023-11-14T01:38:23,32.89,26.32,6.57
MENRES004687_14,2023-05-10T21:23:31,15.23,13.24,1.99
MENRES004687_16,2023-01-08T11:17:42,45.14,37.41,7.73
MENRES004688_1,2023-02-16T02:34:48,53.17,42.67,10.5
MENRES004688_2,2023-07-26T04:48:59,31.38,25.21,6.17
MENRES004688_5,2023-01-22T01:03:38,30.46,28.66,1.8
MENRES004688_11,2023-12-15T08:30:28,25.79,21.67,4.12
MENRES004688_13,2023-12-24T12:58:38,35.2,31.73,3.47
MENRES004688_14,2023-09-21T15:11:09,60.73,52.8,7.93
MENRES004688_16,2023-10-02T18:14:10,19.98,18.2,1.78
MENRES004689_6,2023-01-22T16:44:11,17.34,15.52,1.82
MENRES004689_10,2023-09-20T00:00:36,71.9,59.46,12.44
MENRES004690_1,2023-06-10T12:48:10,16.86,15.74,1.12
MENRES004690_2,2023-07-02T12:48:20,21.15,19.82,1.33
MENRES004690_4,2023-10-27T07:26:49,78.98,68.42,10.56
MENRES004690_5,2023-07-16T08:58:49,29.73,25.03,4.7
MENRES004690_6,2023-04-22T02:10:18,68.83,62.97,5.86
MENRES004691_1,2023-09-04T04:55:53,109.03,101.93,7.1
MENRES004691_6,2023-04-25T10:57:24,107.68,88.48,19.2
MENRES004691_7,2023-04-25T05:56:10,98.4,83.63,14.77
MENRES004691_8,2023-11-12T18:08:28,107.55,96.47,11.08
MENRES004691_14,2023-08-16T05:31:12,110.21,95.98,14.23
MENRES004692_6,2023-12-07T02:54:50,145.63,125.08,20.55
MENRES004693_3,2023-01-30T06:03:51,78.49,67.11,11.38
MENRES004693_4,2023-04-05T04:34:47,60.37,53.57,6.8
MENRES004693_5,2023-10-06T05:38:23,47.37,42.9,4.47
MENRES004693_7,2023-04-09T07:17:53,20.25,16.7,3.55
MENRES004693_11,2023-05-07T08:09:52,78.97,74.79,4.18
MENRES004693_16,2023-07-14T02:00:36,75.14,68.22,6.92
MENRES004694_3,2023-07-01T22:39:10,101.03,86.93,14.1
MENRES004694_6,2023-03-29T08:33:04,64.15,54.7,9.45
MENRES004695_1,2023-06-06T23:29:20,143.93,125.11,18.82
MENRES004695_4,2023-11-27T12:35:56,87.72,70.75,16.97
MENRES004695_6,2023-11-16T01:39:13,121.87,112.86,9.01
MENRES004695_8,2023-05-09T15:57:01,32.32,27.29,5.03
MENRES004695_10,2023-09-06T14:55:17,135.42,113.49,21.93
MENRES004696_2,2023-02-09T19:15:39,22.53,20.27,2.26
MENRES004696_4,2023-06-13T09:50:34,21.24,17.23,4.01
MENRES004696_5,2023-03-17T14:16:38,34.73,29.28,5.45
MENRES004696_12,2023-08-03T02:08:07,31.79,28.8,2.99
MENRES004696_19,2023-02-12T16:42:19,6.96,6.59,0.37
MENRES004697_1,2023-02-06T08:58:24,11.16,9.06,2.1
MENRES004697_2,2023-01-01T22:55:37,35.9,30.97,4.93
MENRES004697_4,2023-12-21T07:06:29,20.62,18.44,2.18
MENRES004697_5,2023-02-28T10:05:31,20.16,16.48,3.68
MENRES004697_9,2023-04-09T19:57:50,29.53,23.69,5.84
MENRES004697_11,2023-06-25T15:24:05,20.02,19.0,1.02
MENRES004697_16,2023-02-19T12:21:11,26.74,23.88,2.86
MENRES004697_18,2023-07-11T13:26:03,7.63,6.86,0.77
MENRES004698_3,2023-07-03T19:57:01,10.18,8.54,1.64
MENRES004698_5,2023-05-05T00:56:39,34.45,31.41,3.04
MENRES004698_8,2023-09-02T05:03:18,45.79,38.02,7.77
MENRES004698_10,2023-12-04T12:33:22,75.7,62.35,13.35
MENRES004699_2,2023-03-08T22:00:23,58.69,47.38,11.31
MENRES004699_4,2023-01-09T07:33:39,76.52,67.05,9.47
MENRES004699_9,2023-09-26T18:20:34,35.75,31.63,4.12
MENRES004699_12,2023-10-20T23:26:23,71.38,60.45,10.93
MENRES004700_1,2023-07-01T03:56:27,107.93,100.59,7.34
MENRES004700_2,2023-06-12T00:44:12,111.83,90.77,21.06
MENRES004700_9,2023-09-19T04:14:38,113.01,92.21,20.8
MENRES004700_13,2023-11-27T17:04:14,55.25,46.77,8.48
MENRES004700_15,2023-03-04T18:38:31,21.89,20.24,1.65
MENRES004701_0,2023-08-19T21:32:45,69.82,61.79,8.03
MENRES004701_2,2023-04-30T07:45:10,65.56,59.9,5.66
MENRES004701_6,2023-09-22T13:26:11,20.9,18.08,2.82
MENRES004702_5,2023-01-06T01:57:20,15.64,14.39,1.25
MENRES004703_0,2023-06-26T06:00:30,32.43,26.38,6.05
MENRES004703_3,2023-05-29T07:38:25,65.07,61.29,3.78
MENRES004703_4,2023-07-30T04:43:02,54.59,46.7,7.89
MENRES004704_1,2023-08-06T15:39:23,48.49,45.81,2.68
MENRES004704_2,2023-03-21T07:24:22,37.1,30.73,6.37
MENRES004704_8,2023-06-19T07:13:31,94.1,87.75,6.35
MENRES004704_12,2023-08-03T00:41:32,42.77,35.19,7.58
MENRES004705_3,2023-04-16T07:09:40,72.82,59.12,13.7
MENRES004706_0,2023-09-11T00:20:56,44.13,37.83,6.3
MENRES004707_5,2023-05-07T12:44:37,16.51,15.04,1.47
MENRES004708_1,2023-10-19T19:06:26,68.89,63.14,5.75
MENRES004708_6,2023-02-06T13:56:41,27.18,23.65,3.53
MENRES004710_1,2023-12-11T08:16:27,91.7,84.79,6.91
MENRES004710_4,2023-06-16T06:09:41,76.36,65.12,11.24
MENRES004711_3,2023-09-17T21:57:56,28.51,26.09,2.42
MENRES004711_4,2023-02-21T17:05:30,10.6,8.75,1.85
MENRES004712_4,2023-09-26T01:58:58,39.83,33.93,5.9
MENRES004712_5,2023-11-12T08:28:33,48.55,40.04,8.51
MENRES004712_10,2023-07-07T22:06:16,76.99,67.66,9.33
MENRES004712_11,2023-06-09T07:00:11,61.4,54.61,6.79
MENRES004712_17,2023-07-02T20:26:14,41.53,34.27,7.26
MENRES004713_3,2023-09-14T06:49:28,39.96,33.71,6.25
MENRES004714_0,2023-07-11T23:02:48,134.77,115.92,18.85
MENRES004714_1,2023-02-24T05:57:48,154.53,129.73,24.8
MENRES004714_3,2023-12-03T21:13:06,148.08,133.45,14.63
MENRES004714_11,2023-11-16T02:57:46,49.04,44.68,4.36
MENRES004714_14,2023-03-17T04:27:39,80.85,72.34,8.51
MENRES004715_1,2023-03-17T05:14:37,22.47,21.29,1.18
MENRES004715_6,2023-09-29T00:37:30,147.31,118.16,29.15
MENRES004717_3,2023-08-17T15:29:16,41.56,38.43,3.13
MENRES004717_5,2023-05-31T12:35:59,66.16,62.81,3.35
MENRES004717_10,2023-07-18T23:43:27,76.97,71.31,5.66
MENRES004717_12,2023-03-07T07:16:08,95.58,89.88,5.7
MENRES004717_13,2023-11-05T20:44:01,16.56,14.9,1.66
MENRES004717_16,2023-07-20T20:15:57,115.88,108.25,7.63
MENRES004717_17,2023-06-23T21:41:41,49.08,43.0,6.08
MENRES004718_1,2023-12-15T05:03:46,17.73,14.2,3.53
MENRES004719_1,2023-08-14T18:08:05,65.84,57.27,8.57
MENRES004719_6,2023-05-08T03:41:16,108.49,91.82,16.67
MENRES004719_8,2023-01-11T22:58:52,53.43,46.87,6.56
MENRES004719_9,2023-10-13T04:29:34,68.77,59.39,9.38
MENRES004719_11,2023-01-29T08:59:26,97.83,84.29,13.54
MENRES004719_14,2023-07-29T02:39:37,77.35,62.3,15.05
MENRES004720_0,2023-07-05T08:24:07,45.17,40.79,4.38
MENRES004720_2,2023-05-11T21:58:40,124.38,106.58,17.8
MENRES004720_3,2023-06-11T15:48:10,79.21,71.69,7.52
MENRES004722_9,2023-07-05T17:54:21,81.69,68.48,13.21
MENRES004723_2,2023-10-07T23:20:46,30.04,25.02,5.02
MENRES004723_3,2023-07-06T11:34:00,38.56,33.77,4.79
MENRES004723_4,2023-06-24T20:49:55,126.69,114.04,12.65
MENRES004724_3,2023-04-09T22:17:52,110.18,97.0,13.18
MENRES004724_5,2023-08-01T15:21:15,57.98,51.69,6.29
MENRES004724_8,2023-11-05T01:41:53,109.83,95.07,14.76
MENRES004726_6,2023-10-16T15:43:04,72.01,61.38,10.63
MENRES004726_7,2023-04-11T22:20:59,95.64,88.4,7.24
MENRES004726_8,2023-08-15T02:35:08,33.03,26.92,6.11
MENRES004727_1,2023-11-21T16:52:29,13.44,11.97,1.47
MENRES004727_2,2023-12-17T14:11:18,29.16,27.21,1.95
MENRES004728_0,2023-01-25T22:01:30,141.17,123.82,17.35
MENRES004729_1,2023-10-24T02:46:44,61.25,52.87,8.38
MENRES004729_2,2023-08-26T05:01:40,48.01,43.09,4.92
MENRES004729_3,2023-02-04T03:25:13,108.19,88.24,19.95
MENRES004729_8,2023-06-02T15:23:16,111.76,89.92,21.84
MENRES004729_9,2023-10-12T23:54:31,81.57,75.49,6.08
MENRES004730_1,2023-10-10T10:44:12,8.15,6.87,1.28
MENRES004730_2,2023-03-12T07:55:23,29.76,24.38,5.38
MENRES004730_3,2023-10-23T16:57:42,16.34,15.06,1.28
MENRES004730_5,2023-10-02T07:37:37,24.02,21.69,2.33
MENRES004730_8,2023-02-14T18:46:01,9.56,8.76,0.8
MENRES004730_9,2023-09-16T14:22:14,9.4,8.59,0.81
MENRES004730_11,2023-05-22T17:49:53,36.66,30.26,6.4
MENRES004731_0,2023-03-06T16:51:33,72.92,63.22,9.7
MENRES004731_1,2023-09-25T01:48:07,55.46,47.48,7.98
MENRES004731_3,2023-07-24T17:54:47,105.11,87.31,17.8
MENRES004731_7,2023-12-28T02:12:12,107.67,88.72,18.95
MENRES004731_11,2023-09-03T17:35:16,101.32,81.93,19.39
MENRES004732_1,2023-07-21T12:53:24,16.13,14.74,1.39
MENRES004732_6,2023-06-07T13:00:59,49.52,40.58,8.94
MENRES004733_1,2023-02-05T21:53:13,17.62,16.2,1.42
MENRES004733_2,2023-10-25T18:05:18,60.05,53.69,6.36
MENRES004733_4,2023-04-25T01:13:23,33.2,29.72,3.48
MENRES004733_7,2023-09-03T03:41:30,16.55,13.55,3.0
MENRES004734_0,2023-09-09T19:29:52,26.79,25.14,1.65
MENRES004734_1,2023-10-17T15:15:42,51.61,42.05,9.56
MENRES004734_7,2023-07-12T22:54:40,67.09,61.96,5.13
MENRES004734_12,2023-11-15T06:28:34,55.77,50.0,5.77
MENRES004734_14,2023-04-18T14:31:18,79.26,69.51,9.75
MENRES004734_18,2023-04-18T13:19:37,48.62,42.65,5.97
MENRES004735_0,2023-09-16T16:34:29,112.56,92.27,20.29
MENRES004736_1,2023-03-04T21:25:43,59.28,54.67,4.61
MENRES004736_2,2023-09-15T18:56:44,64.01,51.28,12.73
MENRES004736_6,2023-12-20T02:34:12,16.51,13.44,3.07
MENRES004736_7,2023-10-16T08:06:16,92.74,82.97,9.77
MENRES004736_9,2023-03-21T09:54:09,93.12,77.12,16.0
MENRES004736_14,2023-02-26T02:25:39,93.42,74.9,18.52
MENRES004736_17,2023-10-03T17:18:18,113.98,105.01,8.97
MENRES004736_18,2023-12-13T01:48:54,79.39,74.52,4.87
MENRES004737_1,2023-06-22T09:08:47,128.23,118.19,10.04
MENRES004737_2,2023-06-09T16:24:15,143.01,134.87,8.14
MENRES004737_5,2023-11-26T00:15:03,92.74,74.91,17.83
MENRES004737_9,2023-12-30T15:20:06,74.77,70.16,4.61
MENRES004738_3,2023-07-17T16:19:07,20.65,18.42,2.23
MENRES004739_0,2023-11-06T19:39:29,102.33,83.49,18.84
MENRES004739_1,2023-06-20T01:34:45,81.44,68.3,13.14
MENRES004739_2,2023-12-30T03:41:57,35.51,32.51,3.0
MENRES004740_1,2023-04-29T21:52:56,22.09,19.14,2.95
MENRES004741_3,2023-07-01T16:14:01,123.32,111.69,11.63
MENRES004741_4,2023-10-03T14:25:09,147.03,133.45,13.58
MENRES004741_5,2023-03-01T06:31:12,27.23,23.0,4.23
MENRES004742_4,2023-03-25T23:11:41,48.15,43.89,4.26
MENRES004742_7,2023-03-02T03:50:24,84.52,71.51,13.01
MENRES004742_8,2023-02-25T20:06:57,97.09,89.35,7.74
MENRES004742_11,2023-11-08T11:48:45,77.0,62.97,14.03
MENRES004742_13,2023-08-10T09:32:37,35.96,34.04,1.92
MENRES004742_15,2023-10-01T17:56:55,108.69,98.45,10.24
MENRES004743_5,2023-12-06T14:45:56,68.15,58.47,9.68
MENRES004744_1,2023-10-22T02:48:42,117.29,106.72,10.57
MENRES004744_3,2023-03-12T08:21:28,136.95,111.83,25.12
MENRES004744_4,2023-10-22T21:29:19,113.18,91.85,21.33
MENRES004744_10,2023-03-11T16:32:55,53.68,47.71,5.97
MENRES004744_14,2023-05-27T03:06:59,130.06,123.25,6.81
MENRES004745_3,2023-12-28T21:01:32,100.15,81.62,18.53
MENRES004745_4,2023-11-01T13:08:09,102.14,94.44,7.7
MENRES004745_6,2023-10-09T16:21:07,85.99,79.0,6.99
MENRES004746_3,2023-11-02T13:51:10,66.74,62.14,4.6
MENRES004746_5,2023-04-08T15:42:59,44.02,38.32,5.7
MENRES004746_6,2023-04-05T23:46:07,74.72,65.06,9.66
MENRES004746_7,2023-01-03T23:32:46,54.61,46.48,8.13
MENRES004746_13,2023-08-24T18:42:19,79.28,67.47,11.81
MENRES004747_3,2023-10-12T11:58:27,68.38,55.12,13.26
MENRES004747_6,2023-10-06T19:39:52,59.61,50.47,9.14
MENRES004747_7,2023-09-08T19:36:16,72.38,60.04,12.34
MENRES004748_2,2023-03-13T01:14:11,28.0,22.76,5.24
MENRES004748_5,2023-01-14T12:52:20,58.64,48.54,10.1
MENRES004749_2,2023-08-24T07:17:56,27.96,24.43,3.53
MENRES004749_4,2023-05-14T16:55:14,9.66,8.05,1.61
MENRES004749_10,2023-02-12T00:33:19,11.04,8.87,2.17
MENRES004749_11,2023-03-07T08:20:34,15.4,12.66,2.74
MENRES004750_1,2023-10-05T16:04:38,103.47,90.01,13.46
MENRES004750_10,2023-09-12T11:35:19,56.44,51.42,5.02
MENRES004751_3,2023-07-21T06:42:05,122.17,108.45,13.72
MENRES004751_5,2023-01-07T09:22:25,116.06,101.16,14.9
MENRES004751_7,2023-03-23T15:01:01,76.06,64.86,11.2
MENRES004751_8,2023-11-11T16:25:43,58.44,53.29,5.15
MENRES004751_17,2023-05-10T20:39:24,60.13,51.31,8.82
MENRES004751_19,2023-09-15T08:10:50,150.91,141.42,9.49
MENRES004752_0,2023-11-18T10:10:42,34.87,31.85,3.02
MENRES004752_2,2023-12-23T01:51:49,22.65,19.42,3.23
MENRES004752_6,2023-10-18T11:55:44,52.4,44.58,7.82
MENRES004753_1,2023-04-18T16:26:04,50.14,44.02,6.12
MENRES004754_1,2023-08-28T00:18:45,36.04,30.36,5.68
MENRES004754_3,2023-11-03T21:08:07,65.49,59.28,6.21
MENRES004755_3,2023-02-26T16:14:07,71.46,58.37,13.09
MENRES004755_5,2023-08-19T13:24:19,52.82,42.73,10.09
MENRES004755_6,2023-11-14T19:16:17,61.4,49.31,12.09
MENRES004755_10,2023-07-10T15:05:03,24.55,21.49,3.06
MENRES004755_11,2023-01-14T10:43:39,36.32,32.16,4.16
MENRES004756_1,2023-01-10T19:06:38,150.96,134.17,16.79
MENRES004756_2,2023-03-08T16:17:40,54.6,51.79,2.81
MENRES004756_4,2023-04-02T01:12:00,42.76,38.91,3.85
MENRES004756_7,2023-06-29T21:31:02,58.47,52.95,5.52
MENRES004756_8,2023-07-23T09:25:45,43.91,38.29,5.62
MENRES004756_10,2023-03-16T23:17:54,140.02,132.33,7.69
MENRES004756_12,2023-12-14T11:24:14,137.16,113.82,23.34
MENRES004757_5,2023-05-08T08:31:12,155.68,141.22,14.46
MENRES004757_6,2023-08-22T15:40:54,82.88,67.3,15.58
MENRES004758_5,2023-12-15T17:46:01,43.83,40.1,3.73
MENRES004759_0,2023-06-04T21:09:57,35.34,32.7,2.64
MENRES004759_2,2023-09-25T00:46:35,28.99,25.02,3.97
MENRES004759_6,2023-06-11T22:00:35,16.43,15.39,1.04
MENRES004760_0,2023-10-26T04:10:17,39.04,31.62,7.42
MENRES004760_1,2023-01-03T15:56:47,9.39,8.24,1.15
MENRES004760_6,2023-02-10T02:34:30,11.12,10.31,0.81
MENRES004760_7,2023-03-24T16:02:19,10.43,9.59,0.84
MENRES004760_9,2023-09-19T05:43:24,11.04,9.38,1.66
MENRES004760_10,2023-12-20T15:49:41,36.14,31.07,5.07
MENRES004760_14,2023-03-22T14:02:41,28.32,25.69,2.63
MENRES004761_3,2023-09-10T20:38:51,30.47,28.62,1.85
MENRES004761_6,2023-10-15T21:17:38,13.11,11.93,1.18
MENRES004761_8,2023-06-26T01:56:48,21.74,18.06,3.68
MENRES004761_9,2023-11-24T00:50:02,19.94,18.09,1.85
MENRES004761_10,2023-02-07T15:44:32,19.98,18.63,1.35
MENRES004761_12,2023-10-18T07:46:05,26.57,21.44,5.13
MENRES004762_1,2023-03-18T15:44:52,117.53,101.59,15.94
MENRES004762_3,2023-05-08T00:11:15,116.65,99.43,17.22
MENRES004762_6,2023-11-09T19:24:55,35.77,32.52,3.25
MENRES004763_1,2023-04-12T15:04:30,141.45,131.6,9.85
MENRES004763_6,2023-11-04T17:20:43,107.19,98.27,8.92
MENRES004763_11,2023-06-28T02:35:44,98.73,81.95,16.78
MENRES004764_0,2023-01-30T21:52:31,14.08,12.29,1.79
MENRES004764_1,2023-09-08T13:59:26,19.92,18.07,1.85
MENRES004766_0,2023-07-20T12:30:31,80.75,69.51,11.24
MENRES004766_4,2023-09-08T15:12:59,19.83,16.11,3.72
MENRES004767_1,2023-05-09T22:12:34,71.65,66.57,5.08
MENRES004767_2,2023-08-20T20:01:48,19.62,17.1,2.52
MENRES004767_6,2023-02-07T06:05:24,73.19,64.74,8.45
MENRES004767_10,2023-04-22T16:53:33,10.68,9.59,1.09
MENRES004767_12,2023-08-15T06:40:09,66.54,59.75,6.79
MENRES004768_1,2023-05-17T13:26:08,84.53,80.0,4.53
MENRES004769_1,2023-07-30T15:16:12,16.92,14.08,2.84
MENRES004769_2,2023-11-11T20:45:12,19.79,17.67,2.12
MENRES004770_0,2023-05-28T06:56:18,25.49,22.7,2.79
MENRES004770_4,2023-10-06T11:57:39,51.0,41.33,9.67
MENRES004770_6,2023-03-26T02:46:36,62.42,55.0,7.42
MENRES004770_10,2023-04-19T16:17:47,73.51,60.53,12.98
MENRES004771_7,2023-09-08T23:43:56,60.78,52.79,7.99
MENRES004771_12,2023-06-12T07:38:28,113.74,104.91,8.83
MENRES004771_13,2023-12-29T16:12:46,56.72,52.17,4.55
MENRES004771_14,2023-07-10T22:05:16,118.5,104.44,14.06
MENRES004772_2,2023-06-10T13:11:42,72.75,67.84,4.91
MENRES004772_11,2023-11-13T21:16:53,100.24,95.04,5.2
MENRES004772_12,2023-06-07T01:12:58,103.29,85.17,18.12
MENRES004772_15,2023-08-20T02:45:24,41.85,38.43,3.42
MENRES004773_1,2023-04-11T11:52:33,29.98,26.44,3.54
MENRES004773_3,2023-03-17T23:44:52,36.57,29.84,6.73
MENRES004773_4,2023-11-19T22:05:13,25.28,21.5,3.78
MENRES004773_10,2023-08-07T18:26:19,63.76,54.85,8.91
MENRES004773_11,2023-01-20T21:58:44,26.98,24.18,2.8
MENRES004774_3,2023-12-03T22:00:12,21.48,18.13,3.35
MENRES004774_5,2023-05-28T05:42:48,17.97,14.66,3.31
MENRES004774_6,2023-02-09T02:08:59,11.26,10.65,0.61
MENRES004775_4,2023-02-13T07:33:34,91.8,83.8,8.0
MENRES004776_1,2023-01-12T11:22:16,129.3,107.8,21.5
MENRES004777_4,2023-09-10T00:14:06,17.91,15.65,2.26
MENRES004778_2,2023-09-03T20:27:59,39.4,34.0,5.4
MENRES004779_0,2023-03-01T21:42:31,40.66,34.95,5.71
MENRES004779_3,2023-01-27T12:43:46,24.53,22.69,1.84
MENRES004779_6,2023-07-14T07:37:55,37.61,30.95,6.66
MENRES004779_12,2023-03-26T05:07:10,10.96,10.12,0.84
MENRES004780_5,2023-04-21T12:13:34,67.25,62.47,4.78
MENRES004781_3,2023-11-06T13:14:47,48.99,44.0,4.99
MENRES004781_4,2023-08-23T13:07:19,31.2,28.7,2.5
MENRES004781_5,2023-10-12T00:57:30,96.97,85.09,11.88
MENRES004781_8,2023-05-07T01:09:11,84.88,80.28,4.6
MENRES004782_1,2023-07-29T12:33:54,24.8,22.54,2.26
MENRES004783_3,2023-12-21T08:53:01,26.41,23.12,3.29
MENRES004783_6,2023-06-17T23:23:00,33.2,28.77,4.43
MENRES004783_7,2023-05-21T21:38:15,15.82,13.91,1.91
MENRES004783_8,2023-02-10T09:19:13,22.73,20.02,2.71
MENRES004783_10,2023-05-01T10:02:55,5.67,4.91,0.76
MENRES004783_12,2023-03-20T06:53:17,18.71,17.21,1.5
MENRES004783_14,2023-07-14T23:48:14,25.45,21.08,4.37
MENRES004783_15,2023-09-20T20:13:07,15.08,13.6,1.48
MENRES004784_1,2023-07-14T14:03:49,75.84,70.63,5.21
MENRES004784_3,2023-07-30T09:15:17,33.91,27.82,6.09
MENRES004784_7,2023-12-07T23:00:03,63.12,58.93,4.19
MENRES004784_8,2023-02-21T02:41:23,22.71,20.82,1.89
MENRES004784_15,2023-12-09T19:33:49,68.68,61.14,7.54
MENRES004785_0,2023-12-11T15:49:21,46.42,38.79,7.63
MENRES004785_4,2023-07-27T08:09:19,70.7,62.92,7.78
MENRES004785_7,2023-06-14T22:59:19,135.84,127.26,8.58
MENRES004785_8,2023-05-17T03:27:10,143.74,116.68,27.06
MENRES004786_0,2023-07-17T16:47:51,53.16,42.87,10.29
MENRES004786_1,2023-05-23T15:26:25,99.94,90.91,9.03
MENRES004786_2,2023-06-28T21:34:50,23.14,19.52,3.62
MENRES004786_6,2023-01-14T16:51:03,77.98,67.6,10.38
MENRES004786_8,2023-05-06T04:50:14,18.35,17.11,1.24
MENRES004786_10,2023-08-07T23:44:03,65.69,55.23,10.46
MENRES004787_0,2023-09-03T03:16:16,99.16,92.47,6.69
MENRES004787_4,2023-05-29T10:37:19,97.1,79.32,17.78
MENRES004788_6,2023-10-23T23:41:49,74.3,62.51,11.79
MENRES004789_4,2023-02-12T08:46:39,20.07,18.54,1.53
MENRES004789_5,2023-04-13T15:31:20,34.77,31.17,3.6
MENRES004790_6,2023-07-18T02:50:47,47.31,40.46,6.85
MENRES004791_1,2023-10-25T14:43:52,23.49,19.85,3.64
MENRES004791_4,2023-01-31T09:00:55,23.11,21.07,2.04
MENRES004792_2,2023-09-25T08:17:47,68.14,56.17,11.97
MENRES004792_3,2023-08-21T04:58:04,65.66,56.84,8.82
MENRES004793_0,2023-05-22T15:29:39,65.84,57.25,8.59
MENRES004793_4,2023-07-07T22:50:48,68.83,58.52,10.31
MENRES004793_5,2023-06-26T20:20:47,113.81,99.13,14.68
MENRES004794_0,2023-11-16T14:08:39,27.25,24.79,2.46
MENRES004794_3,2023-08-23T20:54:22,65.49,58.21,7.28
MENRES004794_4,2023-09-18T10:58:32,73.55,68.19,5.36
MENRES004795_0,2023-12-11T01:52:39,37.01,31.38,5.63
MENRES004795_1,2023-08-31T00:45:15,33.87,31.84,2.03
MENRES004795_2,2023-04-24T01:33:56,27.28,22.23,5.05
MENRES004795_4,2023-11-30T09:30:37,38.76,33.64,5.12
MENRES004795_7,2023-11-06T21:11:33,28.71,25.71,3.0
MENRES004795_11,2023-12-05T16:03:25,14.26,11.84,2.42
MENRES004795_12,2023-11-22T13:44:54,34.74,29.79,4.95
MENRES004795_13,2023-08-09T20:20:17,38.17,31.48,6.69
MENRES004795_14,2023-05-14T03:28:46,28.41,25.96,2.45
MENRES004795_16,2023-04-28T05:58:07,12.29,11.42,0.87
MENRES004796_0,2023-06-17T01:40:09,27.06,22.8,4.26
MENRES004796_2,2023-02-02T13:42:53,24.04,22.49,1.55
MENRES004796_3,2023-12-07T05:35:17,38.66,33.87,4.79
MENRES004796_8,2023-07-23T13:08:36,38.64,34.82,3.82
MENRES004796_9,2023-01-02T19:48:24,23.73,20.25,3.48
MENRES004796_10,2023-07-05T01:35:09,34.23,28.8,5.43
MENRES004796_11,2023-02-26T02:43:55,22.04,19.07,2.97
MENRES004796_12,2023-05-08T17:19:16,5.74,5.01,0.73
MENRES004797_6,2023-07-31T10:06:07,23.25,19.47,3.78
MENRES004797_7,2023-01-25T23:46:35,16.68,15.23,1.45
MENRES004797_10,2023-05-19T21:38:25,25.59,23.52,2.07
MENRES004798_1,2023-12-29T12:17:12,23.82,22.15,1.67
MENRES004798_4,2023-03-30T21:10:54,31.88,25.59,6.29
MENRES004799_5,2023-11-12T07:54:10,18.97,16.46,2.51
MENRES004799_6,2023-04-15T23:28:03,42.8,35.89,6.91
MENRES004799_7,2023-03-13T23:31:39,60.9,50.03,10.87
MENRES004799_10,2023-09-01T20:19:37,83.03,74.57,8.46
MENRES004799_11,2023-09-21T23:29:08,81.04,65.02,16.02
MENRES004800_7,2023-08-03T15:01:21,157.95,131.4,26.55
MENRES004801_1,2023-11-13T06:42:21,9.81,8.15,1.66
MENRES004801_4,2023-02-03T13:16:27,37.76,34.13,3.63
MENRES004801_10,2023-09-24T19:30:03,19.03,16.37,2.66
MENRES004801_13,2023-08-28T11:32:02,17.09,15.15,1.94
MENRES004801_14,2023-04-19T11:30:24,18.04,15.77,2.27
MENRES004801_16,2023-07-24T10:41:00,6.5,6.09,0.41
MENRES004802_0,2023-07-07T21:08:56,32.04,26.55,5.49
MENRES004803_5,2023-01-21T23:01:18,71.74,64.47,7.27
MENRES004803_14,2023-09-13T02:55:38,46.76,43.6,3.16
MENRES004804_2,2023-02-05T16:31:38,76.1,62.9,13.2
MENRES004804_4,2023-04-12T02:05:14,39.63,32.07,7.56
MENRES004804_5,2023-03-23T06:01:55,100.41,94.6,5.81
MENRES004805_3,2023-06-06T15:19:38,33.69,30.82,2.87
MENRES004805_4,2023-04-13T15:49:25,12.89,11.46,1.43
MENRES004805_5,2023-10-09T12:41:07,25.92,24.06,1.86
MENRES004805_6,2023-11-18T20:29:25,29.33,25.84,3.49
MENRES004805_9,2023-01-18T15:09:32,12.19,10.12,2.07
MENRES004805_18,2023-01-23T07:41:58,11.88,10.47,1.41
MENRES004806_0,2023-10-11T08:31:52,12.14,10.19,1.95
MENRES004806_8,2023-05-16T18:43:03,26.3,21.42,4.88
MENRES004807_0,2023-06-05T02:43:30,78.56,67.99,10.57
MENRES004807_1,2023-06-26T03:50:52,54.08,44.64,9.44
MENRES004807_4,2023-07-24T15:35:33,115.4,103.23,12.17
MENRES004808_8,2023-11-27T19:42:23,154.03,128.93,25.1
MENRES004808_9,2023-12-28T03:31:32,26.98,24.43,2.55
MENRES004808_10,2023-09-07T14:16:40,138.66,120.73,17.93
MENRES004808_14,2023-09-25T06:39:39,92.27,80.47,11.8
MENRES004809_0,2023-06-26T19:44:11,53.23,43.8,9.43
MENRES004809_3,2023-10-26T18:53:04,35.3,32.82,2.48
MENRES004809_4,2023-10-13T14:48:56,93.51,83.63,9.88
MENRES004809_9,2023-11-03T18:31:51,27.05,25.37,1.68
MENRES004809_10,2023-12-12T05:25:06,67.67,62.63,5.04
MENRES004809_14,2023-10-23T05:08:45,98.21,92.82,5.39
MENRES004810_0,2023-06-15T11:49:59,28.25,26.43,1.82
MENRES004810_2,2023-05-15T07:33:27,35.35,30.18,5.17
MENRES004810_6,2023-11-17T20:07:18,55.35,46.68,8.67
MENRES004811_4,2023-06-02T12:54:35,24.49,22.02,2.47
MENRES004811_8,2023-05-16T08:29:41,134.35,120.42,13.93
MENRES004811_9,2023-08-29T15:43:46,97.23,78.79,18.44
MENRES004811_12,2023-03-04T16:35:42,60.0,56.2,3.8
MENRES004811_15,2023-08-24T02:54:21,123.55,103.99,19.56
MENRES004811_16,2023-02-05T23:48:01,71.74,57.53,14.21
MENRES004811_18,2023-06-19T23:07:08,68.64,60.0,8.64
MENRES004812_4,2023-07-20T22:14:41,104.24,94.13,10.11
MENRES004812_6,2023-05-05T01:56:23,106.99,94.73,12.26
MENRES004812_7,2023-12-08T05:23:44,39.63,36.08,3.55
MENRES004812_10,2023-12-06T09:41:19,46.97,41.7,5.27
MENRES004813_0,2023-01-22T23:36:03,99.45,93.55,5.9
MENRES004813_4,2023-07-05T11:08:10,53.84,45.71,8.13
MENRES004813_5,2023-01-06T01:15:21,54.13,47.94,6.19
MENRES004814_1,2023-09-26T02:32:45,27.33,25.65,1.68
MENRES004814_3,2023-09-14T03:35:50,20.93,19.54,1.39
MENRES004814_6,2023-03-15T08:59:28,30.17,27.01,3.16
MENRES004814_7,2023-01-01T13:52:36,10.15,8.28,1.87
MENRES004814_9,2023-11-29T08:47:40,26.77,21.47,5.3
MENRES004814_10,2023-07-08T15:59:58,22.33,18.16,4.17
MENRES004815_2,2023-06-12T09:12:23,122.84,116.65,6.19
MENRES004815_6,2023-02-04T04:38:34,77.27,63.68,13.59
MENRES004815_8,2023-12-09T23:39:23,155.42,130.41,25.01
MENRES004815_10,2023-10-10T08:59:26,62.09,49.9,12.19
MENRES004816_5,2023-05-08T18:24:37,43.12,38.72,4.4
MENRES004816_9,2023-06-08T11:02:13,41.34,36.83,4.51
MENRES004816_12,2023-03-06T13:53:16,62.39,50.58,11.81
MENRES004816_14,2023-10-22T02:37:43,55.75,51.54,4.21
MENRES004816_15,2023-07-22T07:35:42,19.15,17.92,1.23
MENRES004816_17,2023-07-30T15:13:48,12.79,10.92,1.87
MENRES004817_2,2023-07-23T03:49:39,54.87,50.66,4.21
MENRES004817_4,2023-05-19T19:32:34,105.97,90.02,15.95
MENRES004817_5,2023-11-02T04:43:33,77.19,67.84,9.35
MENRES004817_9,2023-07-27T08:28:58,139.94,114.17,25.77
MENRES004817_10,2023-05-11T10:31:17,40.63,37.23,3.4
MENRES004818_6,2023-06-22T12:37:13,55.03,44.99,10.04
MENRES004819_1,2023-08-13T13:38:31,17.84,14.53,3.31
MENRES004819_7,2023-12-30T09:04:12,14.53,11.88,2.65
MENRES004819_10,2023-07-13T11:31:24,15.22,12.4,2.82
MENRES004820_0,2023-09-04T14:40:12,42.59,39.22,3.37
MENRES004820_3,2023-10-01T23:45:13,47.32,39.61,7.71
MENRES004820_9,2023-04-07T06:41:00,42.04,38.12,3.92
MENRES004820_10,2023-01-13T00:34:53,49.12,46.36,2.76
MENRES004820_11,2023-06-18T12:04:16,10.52,9.72,0.8
MENRES004820_13,2023-02-11T04:00:52,70.99,66.95,4.04
MENRES004820_15,2023-07-11T18:41:16,41.09,38.2,2.89
MENRES004821_0,2023-11-23T17:20:12,28.12,23.24,4.88
MENRES004821_3,2023-01-18T20:38:39,55.26,48.91,6.35
MENRES004822_0,2023-09-07T14:37:13,62.96,58.49,4.47
MENRES004822_7,2023-01-19T00:12:02,51.46,41.6,9.86
MENRES004822_8,2023-08-12T18:19:30,27.31,24.86,2.45
MENRES004822_11,2023-09-24T04:45:17,25.53,21.69,3.84
MENRES004822_13,2023-12-15T16:40:08,20.87,18.54,2.33
MENRES004822_14,2023-07-30T21:43:53,62.92,52.68,10.24
MENRES004822_15,2023-01-13T04:38:45,40.62,38.53,2.09
MENRES004823_1,2023-05-15T18:40:31,6.8,5.59,1.21
MENRES004823_7,2023-12-28T07:44:43,27.02,22.5,4.52
MENRES004823_10,2023-06-09T13:19:44,38.05,31.78,6.27
MENRES004823_17,2023-04-11T22:02:47,12.81,10.47,2.34
MENRES004824_2,2023-12-02T16:23:05,36.32,34.27,2.05
MENRES004826_13,2023-03-02T06:55:11,13.68,11.82,1.86
MENRES004826_14,2023-12-07T10:49:28,33.53,31.7,1.83
MENRES004826_17,2023-02-06T23:41:48,44.04,36.75,7.29
MENRES004826_19,2023-06-04T16:08:16,23.02,18.95,4.07
MENRES004827_3,2023-03-07T04:39:30,18.66,15.34,3.32
MENRES004827_8,2023-05-18T02:14:00,44.0,39.16,4.84
MENRES004827_14,2023-07-19T19:11:39,33.93,31.09,2.84
MENRES004827_16,2023-12-26T23:13:58,31.08,25.17,5.91
MENRES004827_17,2023-10-11T01:40:23,54.28,47.66,6.62
MENRES004828_0,2023-10-25T12:31:24,82.06,73.87,8.19
MENRES004828_1,2023-03-15T12:25:07,75.35,66.19,9.16
MENRES004828_9,2023-11-18T12:22:10,87.9,82.53,5.37
MENRES004829_1,2023-09-30T12:33:33,32.27,25.93,6.34
MENRES004829_4,2023-03-29T01:17:43,36.42,33.44,2.98
MENRES004829_7,2023-07-02T15:42:57,18.99,15.27,3.72
MENRES004829_8,2023-08-01T10:46:25,12.07,11.09,0.98
MENRES004831_0,2023-03-15T02:20:13,108.02,89.33,18.69
MENRES004831_2,2023-12-06T02:46:06,81.8,74.4,7.4
MENRES004831_3,2023-05-27T21:20:23,51.35,45.74,5.61
MENRES004831_5,2023-07-26T20:59:15,101.62,91.99,9.63
MENRES004831_6,2023-09-12T22:19:43,75.47,63.43,12.04
MENRES004831_8,2023-12-18T08:50:36,44.58,41.8,2.78
MENRES004832_0,2023-04-22T16:09:22,35.17,29.5,5.67
MENRES004832_1,2023-04-11T07:54:43,33.34,28.34,5.0
MENRES004832_3,2023-04-26T22:25:28,19.06,15.3,3.76
MENRES004832_4,2023-07-13T07:15:24,18.27,16.91,1.36
MENRES004833_0,2023-11-01T08:39:55,63.64,56.22,7.42
MENRES004833_5,2023-06-06T20:58:54,51.93,46.95,4.98
MENRES004833_8,2023-05-29T17:55:07,107.07,92.53,14.54
MENRES004834_1,2023-09-16T23:58:13,76.3,70.23,6.07
MENRES004834_3,2023-04-27T14:28:53,76.24,65.14,11.1
MENRES004834_4,2023-03-23T21:23:11,74.44,64.82,9.62
MENRES004834_6,2023-09-29T15:59:16,27.41,25.18,2.23
MENRES004834_7,2023-05-04T23:41:40,97.98,85.57,12.41
MENRES004834_8,2023-08-22T13:08:00,99.96,92.46,7.5
MENRES004835_1,2023-01-16T17:14:56,78.05,65.29,12.76
MENRES004835_4,2023-09-09T03:00:52,20.79,17.55,3.24
MENRES004836_1,2023-07-31T16:09:29,97.48,81.52,15.96
MENRES004837_0,2023-02-11T10:07:11,5.97,5.41,0.56
MENRES004837_1,2023-07-03T05:30:33,5.25,4.84,0.41
MENRES004837_10,2023-10-29T23:41:21,13.73,11.99,1.74
MENRES004837_11,2023-05-03T00:11:17,19.69,17.28,2.41
MENRES004837_12,2023-05-07T06:06:49,19.09,16.67,2.42
MENRES004838_0,2023-04-11T03:28:25,64.3,57.82,6.48
MENRES004838_3,2023-10-26T22:06:50,108.15,92.01,16.14
MENRES004838_5,2023-07-25T03:53:41,115.3,100.8,14.5
MENRES004838_6,2023-12-04T16:54:10,95.16,82.12,13.04
MENRES004838_10,2023-03-03T14:29:55,31.04,27.4,3.64
MENRES004838_12,2023-06-11T11:04:57,106.19,87.2,18.99
MENRES004838_15,2023-02-17T17:32:10,65.7,61.01,4.69
MENRES004839_7,2023-05-04T02:46:48,27.11,22.39,4.72
MENRES004839_10,2023-03-06T23:36:48,43.02,40.81,2.21
MENRES004839_11,2023-12-09T10:37:48,77.14,62.01,15.13
MENRES004839_12,2023-10-22T16:44:41,74.44,60.96,13.48
MENRES004839_13,2023-01-08T14:28:31,78.03,67.32,10.71
MENRES004839_15,2023-01-26T19:33:33,70.27,64.74,5.53
MENRES004840_2,2023-01-30T14:17:10,73.15,59.59,13.56
MENRES004840_3,2023-12-11T01:08:31,62.77,55.81,6.96
MENRES004840_6,2023-03-16T08:11:14,15.61,12.5,3.11
MENRES004840_7,2023-02-22T08:29:09,22.15,18.76,3.39
MENRES004841_2,2023-11-25T03:14:34,93.78,76.71,17.07
MENRES004841_3,2023-04-06T12:19:12,117.42,102.41,15.01
MENRES004841_4,2023-06-24T14:58:57,64.08,52.45,11.63
MENRES004842_4,2023-05-26T13:59:46,12.25,9.92,2.33
MENRES004842_5,2023-08-24T21:06:46,32.33,27.87,4.46
MENRES004842_6,2023-03-26T15:03:50,8.44,7.75,0.69
MENRES004842_8,2023-07-12T10:05:24,37.52,33.18,4.34
MENRES004843_0,2023-03-29T07:16:04,51.08,47.76,3.32
MENRES004843_1,2023-12-09T09:18:15,107.06,100.76,6.3
MENRES004843_2,2023-08-28T22:12:47,15.23,14.25,0.98
MENRES004843_3,2023-11-01T15:55:15,16.69,15.31,1.38
MENRES004843_4,2023-02-07T07:35:56,78.45,73.57,4.88
MENRES004843_9,2023-09-06T15:36:03,72.75,58.27,14.48
MENRES004843_15,2023-11-15T06:07:18,43.24,40.68,2.56
MENRES004843_19,2023-08-01T13:42:53,33.89,30.57,3.32
MENRES004844_3,2023-05-12T19:49:37,154.74,131.16,23.58
MENRES004844_9,2023-08-27T09:57:55,84.05,74.18,9.87
MENRES004844_10,2023-07-30T10:57:31,53.36,45.72,7.64
MENRES004844_14,2023-08-24T05:48:30,121.8,104.16,17.64
MENRES004845_0,2023-11-07T03:52:38,56.64,48.58,8.06
MENRES004846_0,2023-07-25T22:25:52,154.12,132.58,21.54
MENRES004846_1,2023-09-05T02:54:41,121.84,104.38,17.46
MENRES004846_5,2023-07-16T06:17:02,85.25,75.61,9.64
MENRES004846_6,2023-02-07T05:48:18,119.89,96.38,23.51
MENRES004846_7,2023-02-13T08:11:35,24.1,20.13,3.97
MENRES004846_11,2023-08-24T15:24:31,149.57,139.49,10.08
MENRES004846_13,2023-03-11T17:52:31,93.49,75.75,17.74
MENRES004846_14,2023-08-26T00:57:48,119.38,96.39,22.99
MENRES004846_15,2023-04-30T05:15:07,56.37,51.46,4.91
MENRES004847_1,2023-12-05T18:44:09,38.28,34.22,4.06
MENRES004847_4,2023-10-26T14:52:45,101.5,92.28,9.22
MENRES004847_7,2023-11-29T19:37:36,21.26,19.93,1.33
MENRES004847_9,2023-05-30T22:43:09,57.9,50.78,7.12
MENRES004848_7,2023-11-07T00:46:53,88.83,76.72,12.11
MENRES004848_8,2023-06-13T04:29:31,80.12,72.18,7.94
MENRES004848_9,2023-05-22T07:43:19,17.25,15.96,1.29
MENRES004848_10,2023-06-21T10:53:19,43.39,36.56,6.83
MENRES004848_11,2023-03-08T16:40:56,85.22,78.52,6.7
MENRES004849_4,2023-09-21T06:30:46,114.49,94.57,19.92
MENRES004849_5,2023-07-18T10:43:55,149.5,120.66,28.84
MENRES004849_7,2023-02-06T03:41:16,139.88,119.65,20.23
MENRES004849_9,2023-02-28T20:52:34,97.89,80.55,17.34
MENRES004849_19,2023-06-28T23:44:42,44.49,40.53,3.96
MENRES004850_3,2023-09-24T08:39:21,65.63,56.52,9.11
MENRES004850_5,2023-11-08T03:12:10,19.22,17.99,1.23
MENRES004850_6,2023-08-21T03:43:03,10.53,9.31,1.22
MENRES004851_6,2023-01-31T12:11:43,92.61,84.37,8.24
MENRES004851_8,2023-10-04T14:37:06,73.73,63.61,10.12
MENRES004851_13,2023-03-27T09:34:25,51.12,45.49,5.63
MENRES004851_14,2023-06-10T21:09:02,152.12,127.76,24.36
MENRES004852_0,2023-09-29T01:46:47,111.74,97.9,13.84
MENRES004852_3,2023-08-10T12:57:03,154.7,124.17,30.53
MENRES004852_4,2023-11-15T04:36:10,148.52,119.91,28.61
MENRES004852_5,2023-03-08T07:31:48,73.97,62.94,11.03
MENRES004852_9,2023-06-10T05:17:12,94.03,79.62,14.41
MENRES004852_11,2023-02-21T23:46:57,96.71,89.34,7.37
MENRES004853_1,2023-04-16T11:28:53,38.6,34.8,3.8
MENRES004853_9,2023-05-28T16:36:07,30.0,27.1,2.9
MENRES004854_0,2023-04-27T03:19:36,16.19,13.78,2.41
MENRES004854_4,2023-03-17T12:32:04,62.75,54.65,8.1
MENRES004854_5,2023-01-23T23:17:14,58.88,50.05,8.83
MENRES004854_6,2023-08-28T14:03:29,28.47,22.97,5.5
MENRES004854_8,2023-12-12T09:30:37,23.32,22.08,1.24
MENRES004854_12,2023-02-10T09:06:35,28.7,27.24,1.46
MENRES004854_13,2023-07-04T00:53:00,74.43,65.15,9.28
MENRES004854_17,2023-04-19T18:37:46,18.39,15.58,2.81
MENRES004855_2,2023-09-25T11:10:52,39.05,31.43,7.62
MENRES004855_3,2023-05-06T03:30:11,47.18,42.11,5.07
MENRES004855_4,2023-01-09T11:20:20,23.29,21.31,1.98
MENRES004855_7,2023-03-27T02:32:48,62.28,58.05,4.23
MENRES004855_11,2023-07-11T13:00:57,54.11,50.83,3.28
MENRES004856_1,2023-09-23T13:21:31,101.62,84.11,17.51
MENRES004856_10,2023-04-25T12:44:52,74.83,70.62,4.21
MENRES004856_12,2023-04-30T16:50:06,118.21,95.2,23.01
MENRES004856_13,2023-06-17T15:51:24,140.95,119.42,21.53
MENRES004856_16,2023-06-01T05:05:00,78.1,66.41,11.69
MENRES004857_0,2023-07-31T12:57:44,29.45,26.37,3.08
MENRES004857_2,2023-03-09T09:36:16,41.74,38.13,3.61
MENRES004857_4,2023-07-14T14:42:17,76.75,62.8,13.95
MENRES004857_5,2023-03-11T21:47:29,115.25,106.03,9.22
MENRES004858_9,2023-04-26T00:40:42,52.35,49.73,2.62
MENRES004858_11,2023-02-23T11:34:28,50.86,48.3,2.56
MENRES004858_12,2023-08-19T04:09:37,116.82,100.62,16.2
MENRES004858_15,2023-10-16T09:18:17,37.58,34.16,3.42
MENRES004858_17,2023-04-01T15:19:43,96.94,89.1,7.84
MENRES004859_1,2023-09-27T03:26:39,53.61,49.12,4.49
MENRES004859_4,2023-10-01T07:37:20,69.76,61.43,8.33
MENRES004859_5,2023-08-26T20:54:16,27.48,24.82,2.66
MENRES004860_2,2023-12-26T08:04:32,8.37,7.51,0.86
MENRES004860_3,2023-06-15T23:44:14,20.36,18.65,1.71
MENRES004860_4,2023-10-08T23:57:11,11.75,10.63,1.12
MENRES004860_5,2023-01-04T01:32:34,9.78,7.99,1.79
MENRES004860_7,2023-04-14T17:18:12,7.61,6.74,0.87
MENRES004861_0,2023-08-13T17:39:13,95.95,88.61,7.34
MENRES004862_3,2023-03-07T17:50:20,17.61,14.16,3.45
MENRES004862_7,2023-04-28T11:51:09,45.43,39.09,6.34
MENRES004862_8,2023-05-13T07:17:53,26.61,25.09,1.52
MENRES004862_12,2023-01-21T10:12:22,48.36,45.88,2.48
MENRES004863_0,2023-12-30T15:09:50,17.4,15.49,1.91
MENRES004863_5,2023-07-20T12:45:19,25.63,24.16,1.47
MENRES004863_9,2023-10-29T21:39:18,13.22,10.91,2.31
MENRES004863_13,2023-11-29T16:51:49,22.55,20.55,2.0
MENRES004863_14,2023-04-06T17:45:55,32.58,28.99,3.59
MENRES004864_1,2023-11-28T18:25:19,104.6,86.82,17.78
MENRES004864_3,2023-04-05T16:38:32,110.67,94.54,16.13
MENRES004864_5,2023-05-31T20:22:23,55.14,51.39,3.75
MENRES004864_7,2023-03-24T22:45:12,61.08,50.49,10.59
MENRES004864_9,2023-07-31T06:37:11,109.01,103.25,5.76
MENRES004864_11,2023-07-14T07:26:31,91.64,75.12,16.52
MENRES004865_0,2023-03-16T05:12:59,157.02,135.77,21.25
MENRES004865_1,2023-10-23T13:48:19,38.06,34.72,3.34
MENRES004865_6,2023-03-10T18:24:56,64.45,59.36,5.09
MENRES004865_10,2023-01-06T10:53:46,115.6,94.93,20.67
MENRES004866_0,2023-09-01T15:58:14,64.94,57.48,7.46
MENRES004866_3,2023-09-25T21:27:44,39.93,37.01,2.92
MENRES004866_5,2023-06-17T01:23:44,11.87,11.05,0.82
MENRES004867_1,2023-03-27T22:33:48,15.68,14.73,0.95
MENRES004867_2,2023-04-23T13:39:30,28.74,26.55,2.19
MENRES004867_4,2023-07-22T20:58:25,33.89,30.56,3.33
MENRES004867_8,2023-04-03T19:16:54,15.97,13.09,2.88
MENRES004867_9,2023-05-25T04:51:27,32.87,29.16,3.71
MENRES004867_10,2023-01-05T20:23:08,16.28,14.78,1.5
MENRES004868_6,2023-07-03T05:08:50,69.93,57.44,12.49
MENRES004868_7,2023-08-06T15:45:18,37.37,31.5,5.87
MENRES004868_8,2023-12-28T05:19:52,19.2,16.72,2.48
MENRES004868_9,2023-07-16T20:16:23,30.42,26.22,4.2
MENRES004868_14,2023-03-21T06:21:30,20.03,16.82,3.21
MENRES004869_1,2023-05-13T00:49:53,96.09,81.19,14.9
MENRES004869_3,2023-03-04T14:47:12,29.32,23.98,5.34
MENRES004869_5,2023-10-12T15:20:30,69.52,58.75,10.77
MENRES004869_11,2023-08-20T01:23:02,106.83,91.44,15.39
MENRES004870_0,2023-10-04T17:25:46,118.87,110.79,8.08
MENRES004870_5,2023-07-04T11:51:22,66.49,57.65,8.84
MENRES004870_6,2023-11-07T17:45:59,23.53,21.46,2.07
MENRES004870_9,2023-01-09T21:49:30,62.73,51.76,10.97
MENRES004870_10,2023-09-20T22:27:01,38.38,32.27,6.11
MENRES004870_12,2023-02-15T11:54:59,64.42,54.12,10.3
MENRES004871_6,2023-01-06T13:42:56,133.5,110.79,22.71
MENRES004871_8,2023-05-23T19:50:51,158.32,143.83,14.49
MENRES004872_0,2023-08-19T20:11:45,79.18,71.85,7.33
MENRES004872_3,2023-12-14T16:50:51,79.86,75.41,4.45
MENRES004872_6,2023-01-29T19:16:32,16.78,15.66,1.12
MENRES004872_7,2023-01-16T15:52:03,79.48,72.11,7.37
MENRES004872_8,2023-02-16T05:30:29,113.82,105.94,7.88
MENRES004873_0,2023-10-12T22:11:02,60.3,57.21,3.09
MENRES004873_4,2023-02-09T09:32:48,79.0,71.58,7.42
MENRES004873_5,2023-05-07T15:37:16,26.08,22.3,3.78
MENRES004873_6,2023-09-08T08:24:25,78.25,68.32,9.93
MENRES004873_7,2023-07-13T18:26:21,19.78,17.78,2.0
MENRES004873_8,2023-09-26T11:57:50,76.45,70.29,6.16
MENRES004873_10,2023-10-19T10:45:17,17.06,16.02,1.04
MENRES004873_16,2023-04-03T06:40:36,61.74,57.86,3.88
MENRES004874_1,2023-06-05T16:51:59,23.63,19.32,4.31
MENRES004874_2,2023-01-19T17:10:08,5.57,4.93,0.64
MENRES004874_12,2023-01-19T14:14:26,36.52,34.15,2.37
MENRES004875_2,2023-09-03T10:40:20,54.95,46.31,8.64
MENRES004875_4,2023-05-30T17:37:07,18.51,17.58,0.93
MENRES004876_1,2023-09-27T20:32:34,14.59,12.34,2.25
MENRES004876_2,2023-09-30T09:10:28,76.12,66.88,9.24
MENRES004876_5,2023-10-19T10:33:28,43.44,40.05,3.39
MENRES004877_6,2023-08-11T21:17:52,29.06,25.19,3.87
MENRES004877_7,2023-10-08T17:29:52,65.96,56.72,9.24
MENRES004877_8,2023-01-10T20:29:01,91.77,84.72,7.05
MENRES004877_10,2023-03-06T16:10:26,123.44,114.61,8.83
MENRES004877_14,2023-11-20T10:01:34,151.47,124.92,26.55
MENRES004878_3,2023-07-16T22:32:27,40.75,34.97,5.78
MENRES004879_0,2023-05-02T21:26:03,34.68,32.91,1.77
MENRES004880_1,2023-11-06T13:23:39,69.14,59.76,9.38
MENRES004880_3,2023-10-23T01:33:41,119.94,109.35,10.59
MENRES004880_6,2023-05-29T19:48:17,103.96,98.74,5.22
MENRES004880_11,2023-06-20T15:07:38,103.78,90.61,13.17
MENRES004880_12,2023-03-09T03:23:03,115.74,102.94,12.8
MENRES004880_13,2023-05-02T09:38:45,22.43,18.37,4.06
MENRES004880_14,2023-07-10T10:28:25,49.57,41.38,8.19
MENRES004880_16,2023-07-16T01:21:18,21.39,19.14,2.25
MENRES004881_0,2023-11-30T06:13:59,18.79,17.83,0.96
MENRES004881_1,2023-07-20T09:26:08,68.84,55.47,13.37
MENRES004881_7,2023-02-23T01:31:19,10.26,8.26,2.0
MENRES004882_0,2023-06-04T07:48:20,26.9,23.64,3.26
MENRES004883_0,2023-12-05T16:23:09,18.42,16.27,2.15
MENRES004883_6,2023-09-13T10:30:34,51.92,44.61,7.31
MENRES004883_9,2023-04-10T04:08:51,64.92,54.15,10.77
MENRES004883_11,2023-02-10T11:10:48,56.49,49.19,7.3
MENRES004884_2,2023-08-10T21:21:33,19.2,15.69,3.51
MENRES004884_4,2023-03-11T13:29:19,98.77,90.02,8.75
MENRES004884_7,2023-12-30T16:48:33,58.08,52.9,5.18
MENRES004885_0,2023-02-14T05:45:31,90.04,75.79,14.25
MENRES004885_4,2023-06-23T07:22:36,63.27,57.61,5.66
MENRES004885_5,2023-06-22T23:31:37,127.54,111.74,15.8
MENRES004885_6,2023-10-20T04:56:40,151.9,132.83,19.07
MENRES004885_9,2023-09-14T03:37:58,145.82,122.7,23.12
MENRES004885_14,2023-01-17T13:29:23,121.29,106.13,15.16
MENRES004886_2,2023-05-22T13:07:37,28.18,25.81,2.37
MENRES004886_9,2023-10-22T06:31:36,20.7,19.53,1.17
MENRES004886_11,2023-04-20T12:34:35,60.42,56.33,4.09
MENRES004886_12,2023-07-10T22:04:30,72.33,66.93,5.4
MENRES004887_0,2023-11-17T10:27:54,88.42,72.99,15.43
MENRES004887_2,2023-10-13T12:36:45,91.29,75.04,16.25
MENRES004887_8,2023-10-20T20:32:09,72.14,64.67,7.47
MENRES004887_9,2023-11-06T23:11:11,26.24,24.7,1.54
MENRES004887_13,2023-04-22T17:03:51,30.36,28.15,2.21
MENRES004887_18,2023-02-22T21:10:22,101.71,88.33,13.38
MENRES004888_6,2023-07-09T01:59:00,41.2,37.59,3.61
MENRES004888_10,2023-04-15T21:48:03,26.37,23.27,3.1
MENRES004888_12,2023-05-08T05:21:19,53.94,43.55,10.39
MENRES004888_13,2023-09-21T03:03:57,37.84,33.56,4.28
MENRES004889_1,2023-02-18T22:42:22,25.1,22.87,2.23
MENRES004889_3,2023-10-01T07:17:14,156.7,128.24,28.46
MENRES004889_4,2023-12-13T04:22:25,157.08,127.19,29.89
MENRES004889_7,2023-03-31T15:01:44,99.45,82.79,16.66
MENRES004889_8,2023-03-11T08:10:40,48.27,41.99,6.28
MENRES004890_4,2023-02-09T21:59:10,57.38,46.18,11.2
MENRES004890_7,2023-09-20T06:08:12,49.33,40.08,9.25
MENRES004890_8,2023-01-21T08:21:24,78.78,73.76,5.02
MENRES004890_14,2023-04-11T20:18:19,92.72,80.22,12.5
MENRES004890_16,2023-11-18T18:24:00,97.59,92.51,5.08
MENRES004891_5,2023-10-18T13:28:27,6.36,5.19,1.17
MENRES004891_17,2023-01-23T10:28:25,32.75,27.71,5.04
MENRES004892_0,2023-03-11T19:18:52,95.37,81.74,13.63
MENRES004892_3,2023-11-09T00:05:28,35.92,31.07,4.85
MENRES004893_0,2023-07-24T12:19:41,23.86,20.45,3.41
MENRES004893_1,2023-07-06T19:36:28,82.23,72.29,9.94
MENRES004893_3,2023-06-20T07:02:25,152.0,122.78,29.22
MENRES004894_2,2023-04-25T10:32:39,71.72,64.98,6.74
MENRES004895_1,2023-10-14T23:13:18,71.87,66.13,5.74
MENRES004895_3,2023-08-21T05:23:14,75.95,70.75,5.2
MENRES004895_6,2023-10-07T09:49:32,27.76,22.4,5.36
MENRES004895_7,2023-09-29T17:32:56,61.6,52.05,9.55
MENRES004895_12,2023-11-05T12:38:02,13.03,11.9,1.13
MENRES004895_13,2023-03-31T01:24:00,79.2,69.9,9.3
MENRES004895_15,2023-06-29T05:21:48,56.38,45.69,10.69
MENRES004895_16,2023-05-10T19:59:25,59.53,54.3,5.23
MENRES004895_18,2023-12-27T05:30:22,59.75,49.1,10.65
MENRES004896_2,2023-08-05T09:57:34,106.76,98.53,8.23
MENRES004897_2,2023-03-14T20:29:08,18.35,16.31,2.04
MENRES004897_7,2023-05-20T09:52:28,59.59,48.84,10.75
MENRES004897_8,2023-01-09T08:05:43,78.17,69.61,8.56
MENRES004897_11,2023-03-11T13:54:11,50.73,40.87,9.86
MENRES004897_12,2023-01-15T23:02:20,46.58,40.99,5.59
MENRES004897_13,2023-07-01T04:28:31,76.7,70.45,6.25
MENRES004897_14,2023-05-18T20:34:22,74.26,66.0,8.26
MENRES004897_17,2023-12-13T20:47:02,57.96,51.26,6.7
MENRES004897_18,2023-01-03T03:10:07,41.91,34.43,7.48
MENRES004898_3,2023-01-01T23:22:37,112.42,96.39,16.03
MENRES004899_6,2023-02-02T00:16:56,86.68,81.83,4.85
MENRES004899_10,2023-02-21T06:01:24,73.43,59.6,13.83
MENRES004899_14,2023-07-17T08:21:57,93.6,87.72,5.88
MENRES004899_15,2023-12-28T20:56:23,74.63,70.28,4.35
MENRES004899_17,2023-06-11T08:09:22,31.89,25.78,6.11
MENRES004900_0,2023-09-16T15:51:30,31.16,29.1,2.06
MENRES004900_2,2023-04-21T04:03:31,77.83,73.44,4.39
MENRES004900_4,2023-11-06T06:25:32,34.02,30.74,3.28
MENRES004900_5,2023-01-11T02:08:19,124.07,113.91,10.16
MENRES004901_2,2023-10-23T04:32:21,29.83,27.82,2.01
MENRES004901_4,2023-01-20T18:14:30,63.16,54.25,8.91
MENRES004901_15,2023-05-25T16:15:27,54.34,51.41,2.93
MENRES004901_17,2023-08-19T19:43:11,13.59,11.07,2.52
MENRES004902_1,2023-08-04T14:01:58,58.36,54.19,4.17
MENRES004902_11,2023-11-24T17:43:18,15.02,12.55,2.47
MENRES004902_17,2023-05-06T03:20:49,78.03,64.5,13.53
MENRES004903_3,2023-10-08T21:11:12,11.49,9.27,2.22
MENRES004903_8,2023-04-16T06:37:35,27.85,22.32,5.53
MENRES004903_14,2023-07-17T03:53:55,15.01,12.9,2.11
MENRES004904_2,2023-08-15T15:48:02,20.44,16.46,3.98
MENRES004904_7,2023-12-26T06:33:26,5.56,5.04,0.52
MENRES004904_10,2023-07-10T18:58:52,24.36,22.74,1.62
MENRES004904_11,2023-02-09T10:17:16,14.48,11.72,2.76
MENRES004904_18,2023-05-22T04:56:49,25.38,20.62,4.76
MENRES004905_1,2023-12-25T08:24:35,26.99,24.67,2.32
MENRES004905_6,2023-04-04T18:07:56,39.36,36.11,3.25
MENRES004905_8,2023-05-30T15:05:25,28.36,23.69,4.67
MENRES004905_9,2023-03-29T05:51:36,26.07,20.93,5.14
MENRES004905_11,2023-04-05T14:27:05,8.64,7.31,1.33
MENRES004905_12,2023-04-05T23:42:00,15.3,12.68,2.62
MENRES004905_15,2023-11-19T17:32:30,14.65,13.1,1.55
MENRES004906_3,2023-06-20T07:27:14,159.4,133.64,25.76
MENRES004906_8,2023-04-27T03:21:09,37.67,35.53,2.14
MENRES004907_0,2023-06-17T01:18:58,63.28,57.55,5.73
MENRES004907_4,2023-09-07T03:55:02,122.88,106.42,16.46
MENRES004907_5,2023-06-06T14:13:05,146.8,127.18,19.62
MENRES004907_11,2023-02-22T00:34:19,45.4,38.78,6.62
MENRES004907_17,2023-06-12T12:59:32,36.19,31.82,4.37
MENRES004908_2,2023-06-22T14:30:08,114.14,103.43,10.71
MENRES004908_3,2023-10-22T19:09:54,115.6,99.56,16.04
MENRES004908_5,2023-12-10T06:54:35,115.27,109.46,5.81
MENRES004908_7,2023-09-18T07:11:30,47.24,37.89,9.35
MENRES004908_9,2023-07-03T01:32:37,25.7,22.83,2.87
MENRES004909_6,2023-05-08T19:00:50,141.03,131.63,9.4
MENRES004909_8,2023-05-22T21:59:44,48.21,41.69,6.52
MENRES004909_13,2023-05-25T05:20:48,74.38,60.98,13.4
MENRES004909_14,2023-12-24T11:34:02,61.03,49.46,11.57
MENRES004909_15,2023-08-29T23:01:53,24.37,22.49,1.88
MENRES004910_1,2023-06-19T02:25:43,48.05,44.29,3.76
MENRES004910_5,2023-02-15T03:57:20,11.88,10.55,1.33
MENRES004911_3,2023-12-11T10:14:13,50.56,44.19,6.37
MENRES004911_4,2023-09-22T14:55:50,49.57,43.07,6.5
MENRES004912_1,2023-12-30T19:53:28,133.75,108.4,25.35
MENRES004912_4,2023-08-07T18:53:52,139.62,131.45,8.17
MENRES004912_7,2023-05-17T05:15:14,43.26,37.94,5.32
MENRES004912_9,2023-08-09T07:01:29,75.86,66.67,9.19
MENRES004912_11,2023-04-06T01:43:42,144.54,134.29,10.25
MENRES004912_14,2023-07-13T04:09:07,71.59,65.43,6.16
MENRES004913_1,2023-09-07T23:59:04,37.8,35.26,2.54
MENRES004913_3,2023-10-11T07:10:25,80.51,69.26,11.25
MENRES004913_6,2023-01-03T13:54:43,112.22,99.49,12.73
MENRES004913_9,2023-11-01T23:13:17,112.02,89.63,22.39
MENRES004913_10,2023-06-14T11:14:57,107.54,101.73,5.81
MENRES004913_11,2023-02-22T11:40:06,83.06,76.17,6.89
MENRES004913_15,2023-12-04T04:43:11,29.13,25.71,3.42
MENRES004914_2,2023-11-13T02:47:54,33.98,31.56,2.42
MENRES004915_0,2023-04-30T20:36:57,80.01,71.29,8.72
MENRES004915_2,2023-09-05T14:46:38,118.69,96.76,21.93
MENRES004915_4,2023-06-14T23:26:14,19.57,17.12,2.45
MENRES004915_10,2023-07-23T15:08:23,93.59,75.59,18.0
MENRES004916_1,2023-09-21T22:31:19,34.22,30.27,3.95
MENRES004916_2,2023-06-21T11:11:31,16.18,13.99,2.19
MENRES004916_3,2023-07-09T08:46:39,13.5,12.47,1.03
MENRES004916_4,2023-09-08T17:30:53,67.16,57.49,9.67
MENRES004916_9,2023-02-13T02:43:21,22.27,18.77,3.5
MENRES004916_15,2023-08-29T04:20:10,69.6,66.02,3.58
MENRES004916_17,2023-03-25T14:44:41,33.6,28.24,5.36
MENRES004917_0,2023-12-17T23:19:16,11.99,9.78,2.21
MENRES004917_4,2023-11-10T12:31:55,38.64,34.77,3.87
MENRES004917_8,2023-01-25T23:53:25,11.45,10.36,1.09
MENRES004917_13,2023-11-18T10:56:16,36.47,31.99,4.48
MENRES004917_16,2023-08-19T08:08:03,15.23,13.38,1.85
MENRES004917_17,2023-05-20T18:37:56,14.98,13.42,1.56
MENRES004917_18,2023-09-17T06:48:57,24.15,19.93,4.22
MENRES004918_4,2023-03-17T02:11:33,48.15,39.35,8.8
MENRES004918_6,2023-05-24T04:29:34,47.08,42.26,4.82
MENRES004918_7,2023-10-10T14:08:24,17.23,15.84,1.39
MENRES004920_4,2023-06-15T10:29:03,16.06,13.22,2.84
MENRES004920_6,2023-08-14T09:15:01,33.5,28.36,5.14
MENRES004920_9,2023-09-14T14:18:30,33.22,27.73,5.49
MENRES004920_11,2023-11-09T03:31:46,36.9,33.03,3.87
MENRES004920_15,2023-06-13T13:56:57,21.01,17.21,3.8
MENRES004921_1,2023-05-19T05:40:36,144.4,135.87,8.53
MENRES004921_9,2023-09-26T05:32:47,84.57,75.43,9.14
MENRES004921_11,2023-11-28T05:36:01,42.42,34.69,7.73
MENRES004922_0,2023-11-15T22:33:57,92.44,81.07,11.37
MENRES004922_3,2023-07-23T12:40:01,71.38,58.15,13.23
MENRES004922_4,2023-07-06T23:57:36,49.82,44.43,5.39
MENRES004923_4,2023-08-03T08:05:16,72.99,59.23,13.76
MENRES004923_9,2023-08-08T13:38:05,30.72,27.28,3.44
MENRES004923_10,2023-08-07T20:22:51,34.64,31.47,3.17
MENRES004923_12,2023-06-10T04:39:40,52.37,45.77,6.6
MENRES004923_14,2023-02-19T01:16:20,37.77,30.91,6.86
MENRES004923_15,2023-05-14T08:10:11,26.68,23.29,3.39
MENRES004924_0,2023-05-25T06:14:55,37.56,35.17,2.39
MENRES004925_0,2023-10-16T00:21:29,33.31,30.46,2.85
MENRES004925_1,2023-12-18T13:35:53,29.46,27.92,1.54
MENRES004926_1,2023-10-01T15:35:24,22.0,20.0,2.0
MENRES004926_3,2023-01-03T20:34:32,33.28,28.19,5.09
MENRES004926_4,2023-01-14T10:53:19,27.9,24.71,3.19
MENRES004927_0,2023-06-30T15:26:15,64.59,61.17,3.42
MENRES004927_1,2023-10-20T00:32:21,17.7,14.82,2.88
MENRES004927_2,2023-05-07T18:57:45,105.35,94.51,10.84
MENRES004927_6,2023-03-28T07:11:51,90.66,81.38,9.28
MENRES004928_1,2023-09-23T09:40:04,30.5,28.47,2.03
MENRES004928_12,2023-08-24T16:39:46,22.81,21.26,1.55
MENRES004929_3,2023-12-12T00:19:30,14.89,13.3,1.59
MENRES004929_4,2023-01-14T04:10:30,34.09,31.39,2.7
MENRES004929_12,2023-06-05T23:47:18,38.69,33.59,5.1
MENRES004930_1,2023-12-07T14:19:57,95.15,82.01,13.14
MENRES004930_3,2023-09-15T23:31:17,75.36,61.28,14.08
MENRES004930_5,2023-11-17T23:56:17,25.75,20.63,5.12
MENRES004930_10,2023-11-06T23:56:32,20.29,18.09,2.2
MENRES004930_11,2023-06-16T17:35:22,113.04,92.25,20.79
MENRES004931_0,2023-02-10T20:32:20,28.27,26.72,1.55
MENRES004931_1,2023-03-20T02:15:35,6.62,5.73,0.89
MENRES004931_3,2023-10-23T11:42:04,8.36,7.29,1.07
MENRES004932_1,2023-09-10T12:04:13,66.76,61.0,5.76
MENRES004932_2,2023-11-09T08:19:19,17.92,16.39,1.53
MENRES004932_3,2023-06-12T18:47:22,69.5,59.26,10.24
MENRES004932_4,2023-07-23T07:43:46,43.35,34.73,8.62
MENRES004932_7,2023-09-19T21:52:10,21.74,17.8,3.94
MENRES004933_1,2023-08-25T13:40:57,64.33,52.1,12.23
MENRES004933_2,2023-12-20T09:26:14,93.88,86.24,7.64
MENRES004933_5,2023-12-12T00:28:12,69.0,61.59,7.41
MENRES004934_1,2023-08-10T17:37:11,125.32,117.74,7.58
MENRES004934_4,2023-09-23T00:16:24,120.64,96.71,23.93
MENRES004934_5,2023-02-23T07:25:29,62.84,56.25,6.59
MENRES004935_0,2023-06-10T09:12:34,60.2,52.94,7.26
MENRES004935_6,2023-11-01T01:12:28,25.59,23.82,1.77
MENRES004936_1,2023-12-08T07:18:36,78.87,69.67,9.2
MENRES004936_3,2023-08-02T18:44:50,108.74,101.81,6.93
MENRES004937_0,2023-01-13T10:40:01,73.97,66.05,7.92
MENRES004937_5,2023-10-19T18:18:16,17.67,16.54,1.13
MENRES004937_7,2023-09-12T16:20:39,16.64,13.78,2.86
MENRES004937_11,2023-02-26T15:12:03,46.13,41.49,4.64
MENRES004937_12,2023-10-14T23:34:57,17.31,15.8,1.51
MENRES004938_3,2023-08-17T20:36:18,41.93,39.21,2.72
MENRES004938_4,2023-10-13T07:29:24,73.24,58.92,14.32
MENRES004939_4,2023-06-12T09:10:06,38.14,31.54,6.6
MENRES004940_0,2023-07-22T19:26:30,45.56,39.67,5.89
MENRES004940_2,2023-05-23T15:38:24,34.76,27.99,6.77
MENRES004940_7,2023-12-15T07:38:22,19.1,17.62,1.48
MENRES004940_8,2023-11-03T10:52:14,102.7,89.72,12.98
MENRES004940_10,2023-01-01T23:05:30,116.53,93.25,23.28
MENRES004940_16,2023-05-16T10:34:18,55.22,51.31,3.91
MENRES004940_17,2023-06-26T00:23:45,64.8,56.06,8.74
MENRES004940_18,2023-03-27T17:02:54,34.46,28.5,5.96
MENRES004940_19,2023-07-31T05:08:42,71.47,62.96,8.51
MENRES004941_3,2023-09-20T13:19:40,10.92,9.33,1.59
MENRES004941_6,2023-10-10T20:50:54,14.11,11.3,2.81
MENRES004941_9,2023-09-09T11:46:34,18.8,15.92,2.88
MENRES004941_10,2023-09-07T02:19:46,32.22,27.7,4.52
MENRES004942_4,2023-05-10T09:22:58,21.22,18.7,2.52
MENRES004942_9,2023-10-02T05:25:24,28.53,22.93,5.6
MENRES004942_17,2023-10-08T05:47:29,11.24,9.91,1.33
MENRES004942_18,2023-09-01T17:40:44,5.31,4.67,0.64
MENRES004943_7,2023-10-12T10:54:31,32.87,29.69,3.18
MENRES004943_8,2023-10-15T19:55:02,20.39,17.83,2.56
MENRES004943_9,2023-03-09T04:21:45,21.48,17.52,3.96
MENRES004943_11,2023-07-05T19:11:28,25.85,24.44,1.41
MENRES004943_12,2023-06-10T12:47:24,31.72,29.69,2.03
MENRES004944_2,2023-02-15T16:55:41,38.18,32.62,5.56
MENRES004944_5,2023-10-21T17:32:28,139.57,126.13,13.44
MENRES004944_6,2023-10-23T07:48:58,108.74,100.75,7.99
MENRES004944_8,2023-12-26T02:28:36,82.43,76.46,5.97
MENRES004945_5,2023-12-14T05:36:16,125.43,105.17,20.26
MENRES004945_8,2023-04-12T04:09:10,113.52,106.59,6.93
MENRES004945_11,2023-11-11T08:22:31,85.47,70.36,15.11
MENRES004945_16,2023-01-29T20:45:48,96.89,84.16,12.73
MENRES004946_0,2023-10-21T15:49:45,16.95,14.84,2.11
MENRES004946_3,2023-04-20T11:12:06,86.47,81.25,5.22
MENRES004946_5,2023-12-01T05:42:27,79.98,70.16,9.82
MENRES004947_0,2023-09-06T10:57:02,67.14,61.76,5.38
MENRES004947_2,2023-05-26T15:31:11,44.47,39.23,5.24
MENRES004947_11,2023-08-07T05:45:49,21.89,18.11,3.78
MENRES004947_13,2023-12-16T17:13:19,27.44,22.94,4.5
MENRES004947_14,2023-05-27T03:39:15,43.52,40.16,3.36
MENRES004948_0,2023-06-05T04:45:34,42.19,36.31,5.88
MENRES004948_1,2023-04-23T07:28:18,153.36,138.45,14.91
MENRES004948_4,2023-10-02T05:34:20,103.3,82.75,20.55
MENRES004948_6,2023-09-22T03:53:02,122.79,105.82,16.97
MENRES004948_9,2023-01-07T16:37:11,152.32,137.88,14.44
MENRES004949_0,2023-05-31T23:21:26,32.09,28.83,3.26
MENRES004949_8,2023-10-04T08:05:31,14.21,11.71,2.5
MENRES004949_9,2023-03-19T07:45:02,53.66,43.26,10.4
MENRES004949_11,2023-03-07T21:32:02,27.39,23.04,4.35
MENRES004949_12,2023-05-05T10:27:44,52.51,42.59,9.92
MENRES004949_15,2023-07-01T02:00:57,14.7,13.8,0.9
MENRES004949_17,2023-09-22T04:21:25,75.31,65.66,9.65
MENRES004950_0,2023-11-01T17:02:30,29.28,25.34,3.94
MENRES004950_1,2023-06-26T01:57:50,5.5,4.49,1.01
MENRES004950_3,2023-12-26T08:04:16,15.15,13.8,1.35
MENRES004950_4,2023-07-26T22:18:49,29.85,23.89,5.96
MENRES004950_5,2023-04-04T18:17:46,38.95,36.69,2.26
MENRES004951_4,2023-01-16T17:35:41,35.75,30.19,5.56
MENRES004951_11,2023-09-09T11:46:28,23.83,19.89,3.94
MENRES004951_12,2023-05-20T21:01:11,31.97,26.26,5.71
MENRES004952_0,2023-03-23T06:37:38,109.77,97.41,12.36
MENRES004952_6,2023-10-01T17:37:55,90.81,81.5,9.31
MENRES004952_10,2023-08-08T21:18:21,117.58,97.69,19.89
MENRES004952_14,2023-02-06T05:31:12,61.29,52.89,8.4
MENRES004952_16,2023-11-05T05:42:32,93.28,85.34,7.94
MENRES004952_18,2023-10-10T16:48:44,30.15,26.77,3.38
MENRES004953_0,2023-11-28T03:46:38,20.37,16.62,3.75
MENRES004953_3,2023-03-20T05:51:44,106.54,92.63,13.91
MENRES004953_7,2023-07-21T05:30:39,82.08,66.54,15.54
MENRES004954_3,2023-09-10T09:11:57,57.9,54.55,3.35
MENRES004954_5,2023-01-30T05:06:28,28.41,23.31,5.1
MENRES004954_13,2023-09-26T13:21:55,75.08,66.06,9.02
MENRES004956_1,2023-12-18T13:38:57,42.28,36.32,5.96
MENRES004956_4,2023-11-04T04:14:04,43.48,38.41,5.07
MENRES004956_6,2023-01-04T03:29:26,58.95,51.33,7.62
MENRES004957_2,2023-04-29T15:40:14,38.66,33.47,5.19
MENRES004957_3,2023-06-13T02:21:51,31.33,26.04,5.29
MENRES004958_0,2023-06-10T14:03:38,32.81,29.95,2.86
MENRES004958_1,2023-11-19T12:18:29,111.47,93.55,17.92
MENRES004958_8,2023-01-09T01:01:35,80.36,66.23,14.13
MENRES004958_11,2023-12-02T16:17:20,30.21,26.91,3.3
MENRES004958_16,2023-02-10T09:52:32,64.31,51.87,12.44
MENRES004959_2,2023-10-07T16:25:31,38.34,31.71,6.63
MENRES004959_3,2023-06-24T14:22:48,74.97,63.28,11.69
MENRES004959_4,2023-11-02T18:17:27,151.4,134.28,17.12
MENRES004959_5,2023-08-07T20:14:26,20.29,16.61,3.68
MENRES004959_8,2023-01-18T10:35:55,146.67,124.04,22.63
MENRES004959_12,2023-04-02T03:16:41,130.38,120.02,10.36
MENRES004959_13,2023-11-26T21:48:37,32.73,26.85,5.88
MENRES004959_14,2023-07-16T13:45:04,105.5,94.13,11.37
MENRES004960_0,2023-01-18T09:30:39,52.06,43.89,8.17
MENRES004960_1,2023-02-18T14:43:21,64.53,60.03,4.5
MENRES004961_7,2023-01-25T05:06:25,144.45,133.8,10.65
MENRES004961_9,2023-09-11T02:25:40,23.82,20.51,3.31
MENRES004961_12,2023-06-20T15:37:44,62.37,56.57,5.8
MENRES004961_14,2023-10-31T09:11:09,59.26,53.47,5.79
MENRES004961_16,2023-11-17T12:07:44,104.02,89.18,14.84
MENRES004962_2,2023-09-30T19:53:55,60.67,55.73,4.94
MENRES004962_7,2023-08-21T06:05:22,80.8,72.03,8.77
MENRES004963_1,2023-01-06T16:46:06,91.39,80.71,10.68
MENRES004963_2,2023-02-13T06:57:10,105.08,89.55,15.53
MENRES004963_6,2023-09-23T00:54:27,74.56,61.97,12.59
MENRES004963_14,2023-03-19T13:34:00,100.32,85.6,14.72
MENRES004965_8,2023-05-25T20:48:36,140.08,119.9,20.18
MENRES004965_9,2023-07-04T01:56:09,64.95,53.19,11.76
MENRES004965_10,2023-09-01T19:33:33,154.64,136.41,18.23
MENRES004965_11,2023-01-21T20:29:51,110.97,91.21,19.76
MENRES004966_0,2023-11-15T14:33:55,11.82,10.23,1.59
MENRES004966_4,2023-07-02T13:41:33,42.24,35.72,6.52
MENRES004966_9,2023-03-08T13:41:01,25.35,21.33,4.02
MENRES004966_10,2023-06-22T22:58:15,43.11,36.97,6.14
MENRES004966_14,2023-12-02T23:28:34,20.76,18.47,2.29
MENRES004966_15,2023-10-09T02:56:43,66.46,59.2,7.26
MENRES004966_16,2023-07-01T21:24:25,46.16,37.04,9.12
MENRES004966_17,2023-02-08T06:17:07,59.12,54.77,4.35
MENRES004967_1,2023-05-14T02:31:31,26.57,23.01,3.56
MENRES004967_5,2023-07-03T14:17:35,117.33,101.24,16.09
MENRES004967_6,2023-04-15T04:04:21,59.41,55.63,3.78
MENRES004967_9,2023-06-23T19:56:05,140.24,118.09,22.15
MENRES004967_12,2023-04-28T19:04:37,36.46,32.99,3.47
MENRES004967_15,2023-12-28T20:06:34,64.07,51.73,12.34
MENRES004967_18,2023-09-10T15:47:17,50.07,43.44,6.63
MENRES004969_0,2023-06-08T16:40:42,47.34,43.68,3.66
MENRES004969_2,2023-11-17T22:28:20,77.8,69.01,8.79
MENRES004969_8,2023-07-27T22:32:11,67.1,54.79,12.31
MENRES004969_9,2023-08-30T16:43:55,54.63,44.3,10.33
MENRES004969_13,2023-12-04T16:18:38,64.55,53.17,11.38
MENRES004970_5,2023-03-09T12:56:55,48.11,44.91,3.2
MENRES004972_2,2023-03-16T12:39:45,6.1,5.0,1.1
MENRES004972_10,2023-11-14T20:22:38,21.26,19.24,2.02
MENRES004972_11,2023-06-06T09:11:52,38.81,34.02,4.79
MENRES004973_0,2023-02-21T11:31:41,24.68,23.42,1.26
MENRES004973_2,2023-01-13T00:09:50,21.04,19.18,1.86
MENRES004973_3,2023-08-06T11:11:02,37.69,34.0,3.69
MENRES004973_5,2023-08-21T00:36:38,10.77,9.19,1.58
MENRES004973_8,2023-08-16T05:00:00,36.1,29.85,6.25
MENRES004973_9,2023-09-21T10:27:05,12.46,10.31,2.15
MENRES004973_13,2023-03-28T12:23:40,31.61,26.85,4.76
MENRES004974_1,2023-03-15T20:42:37,19.01,17.05,1.96
MENRES004974_2,2023-11-17T07:32:46,24.12,21.35,2.77
MENRES004974_9,2023-09-13T20:01:40,38.59,31.36,7.23
MENRES004975_1,2023-03-20T02:55:53,92.75,84.49,8.26
MENRES004975_4,2023-02-07T03:28:15,57.42,50.97,6.45
MENRES004975_7,2023-12-20T02:03:46,114.02,97.55,16.47
MENRES004975_8,2023-06-12T06:54:45,78.53,67.78,10.75
MENRES004975_10,2023-04-12T01:03:47,110.63,97.54,13.09
MENRES004975_11,2023-06-13T00:11:43,56.2,48.37,7.83
MENRES004975_13,2023-08-02T11:54:00,50.71,45.26,5.45
MENRES004975_14,2023-08-17T19:16:22,60.33,51.5,8.83
MENRES004975_16,2023-12-19T23:17:36,73.3,64.37,8.93
MENRES004976_4,2023-05-24T12:07:44,31.53,28.09,3.44
MENRES004976_9,2023-07-01T08:50:16,24.76,22.32,2.44
MENRES004976_11,2023-09-07T05:54:58,70.73,59.09,11.64
MENRES004976_13,2023-05-03T16:03:04,77.42,71.55,5.87
MENRES004977_7,2023-06-07T09:58:52,6.64,5.54,1.1
MENRES004977_9,2023-08-25T22:34:42,25.95,23.47,2.48
MENRES004978_2,2023-03-22T21:51:48,28.99,23.51,5.48
MENRES004978_3,2023-06-20T20:27:10,39.98,33.71,6.27
MENRES004978_7,2023-09-25T19:58:26,26.77,24.69,2.08
MENRES004979_0,2023-11-02T23:15:56,89.66,82.64,7.02
MENRES004979_1,2023-06-17T09:45:33,80.94,66.23,14.71
MENRES004979_3,2023-11-18T18:03:32,24.25,21.6,2.65
MENRES004979_4,2023-03-09T08:18:57,42.54,35.72,6.82
MENRES004979_7,2023-05-26T04:19:14,37.43,30.71,6.72
MENRES004979_12,2023-11-30T09:22:36,115.12,93.5,21.62
MENRES004979_16,2023-08-20T20:26:06,18.9,15.22,3.68
MENRES004980_1,2023-03-21T22:28:56,35.44,31.51,3.93
MENRES004980_3,2023-10-04T03:58:30,29.97,25.95,4.02
MENRES004981_3,2023-10-15T21:20:35,54.19,50.47,3.72
MENRES004981_6,2023-09-18T07:13:56,41.93,35.95,5.98
MENRES004981_8,2023-10-19T23:36:27,71.19,59.4,11.79
MENRES004981_10,2023-08-09T12:31:02,81.7,76.52,5.18
MENRES004981_11,2023-07-25T06:21:32,113.14,104.94,8.2
MENRES004981_12,2023-01-17T19:27:55,24.16,19.94,4.22
MENRES004981_13,2023-05-16T10:11:57,55.22,49.1,6.12
MENRES004981_14,2023-05-12T02:46:25,33.46,28.68,4.78
MENRES004981_16,2023-03-13T23:12:52,69.73,62.39,7.34
MENRES004982_2,2023-06-03T21:11:28,140.4,126.66,13.74
MENRES004982_3,2023-11-13T21:08:21,77.07,66.23,10.84
MENRES004983_5,2023-11-17T23:14:18,21.44,17.55,3.89
MENRES004983_7,2023-08-31T10:34:02,29.33,25.2,4.13
MENRES004983_8,2023-01-13T14:49:08,8.43,7.2,1.23
MENRES004983_9,2023-02-08T05:20:49,24.05,22.47,1.58
MENRES004983_11,2023-08-27T15:48:44,23.4,19.76,3.64
MENRES004984_1,2023-03-18T12:51:32,36.89,34.39,2.5
MENRES004984_4,2023-02-02T22:06:51,36.17,30.1,6.07
MENRES004984_5,2023-10-01T16:50:10,34.35,28.03,6.32
MENRES004984_7,2023-08-28T00:03:16,16.15,14.52,1.63
MENRES004985_3,2023-04-18T07:43:41,38.84,33.17,5.67
MENRES004985_6,2023-05-08T07:17:17,98.25,91.41,6.84
MENRES004985_7,2023-09-12T14:22:13,69.86,63.79,6.07
MENRES004985_8,2023-06-02T03:58:37,102.4,94.18,8.22
MENRES004985_11,2023-05-30T00:33:57,22.56,18.17,4.39
MENRES004985_12,2023-01-29T10:39:49,48.47,43.85,4.62
MENRES004985_13,2023-10-01T16:03:12,86.8,76.99,9.81
MENRES004985_16,2023-06-16T17:50:37,110.79,90.05,20.74
MENRES004985_17,2023-10-14T17:43:38,88.81,71.75,17.06
MENRES004985_18,2023-10-18T03:33:08,60.07,50.34,9.73
MENRES004986_2,2023-05-12T04:41:21,28.44,25.78,2.66
MENRES004986_10,2023-07-05T02:09:48,63.8,59.36,4.44
MENRES004986_12,2023-09-30T12:20:02,60.88,56.3,4.58
MENRES004986_14,2023-11-27T06:24:08,61.94,50.1,11.84
MENRES004986_18,2023-04-01T19:04:43,21.44,17.81,3.63
MENRES004986_19,2023-05-16T23:21:51,21.97,18.34,3.63
MENRES004987_2,2023-05-29T02:49:20,78.38,67.37,11.01
MENRES004987_4,2023-09-06T04:56:02,22.61,19.63,2.98
MENRES004988_6,2023-10-05T07:59:41,100.77,90.0,10.77
MENRES004989_4,2023-02-08T01:07:30,17.53,16.0,1.53
MENRES004990_0,2023-09-26T08:37:48,40.45,32.94,7.51
MENRES004990_6,2023-12-03T08:14:53,21.12,17.08,4.04
MENRES004991_3,2023-03-10T08:35:28,73.59,60.1,13.49
MENRES004991_4,2023-09-21T01:02:38,68.23,55.99,12.24
MENRES004991_6,2023-04-26T20:47:43,101.65,96.08,5.57
MENRES004992_2,2023-09-21T19:19:22,28.6,25.4,3.2
MENRES004993_0,2023-06-29T07:11:56,99.53,90.05,9.48
MENRES004994_1,2023-04-12T23:34:19,20.44,17.83,2.61
MENRES004994_6,2023-05-06T09:28:16,5.27,4.41,0.86
MENRES004995_0,2023-01-11T18:22:24,30.88,28.75,2.13
MENRES004995_1,2023-07-26T22:05:46,33.76,29.79,3.97
MENRES004995_11,2023-12-18T14:07:53,25.46,22.38,3.08
MENRES004995_14,2023-06-25T03:45:28,37.78,31.92,5.86
MENRES004995_15,2023-07-24T00:51:13,22.99,19.07,3.92
MENRES004996_0,2023-07-07T21:36:25,16.62,15.77,0.85
MENRES004996_3,2023-12-24T07:30:12,24.61,22.86,1.75
MENRES004997_5,2023-09-24T11:11:06,23.52,20.55,2.97
MENRES004997_6,2023-09-21T12:25:13,34.95,28.04,6.91
MENRES004997_8,2023-10-04T14:56:56,56.52,49.73,6.79
MENRES004997_9,2023-05-22T04:39:05,20.08,16.47,3.61
MENRES004997_14,2023-03-06T11:34:37,23.2,21.67,1.53
MENRES004997_17,2023-03-03T02:04:37,62.98,51.86,11.12
MENRES004998_1,2023-03-08T13:40:53,20.12,16.6,3.52
MENRES004998_9,2023-03-30T23:23:14,11.91,9.64,2.27
MENRES004998_11,2023-11-12T05:18:49,77.55,62.16,15.39
MENRES004999_1,2023-09-15T00:54:05,15.13,12.31,2.82
MENRES004999_2,2023-04-28T23:45:03,23.02,18.65,4.37
MENRES004999_3,2023-08-26T10:59:50,16.31,14.98,1.33
MENRES004999_9,2023-11-05T15:21:41,5.17,4.68,0.49
MENRES004999_12,2023-09-22T02:28:41,16.05,13.84,2.21
