Restaurant_ID,Outdoor_seating,WiFi,Parking,Wheelchair_accessible,Pet_friendly,Kid_friendly,Vegetarian,Vegan,Halal,Alcohol,Drive_through,24_hours,Live_music
RES000000,True,True,False,False,True,False,True,True,False,True,True,True,False
RES000001,True,False,True,False,True,False,False,False,True,False,True,True,True
RES000002,False,True,True,False,False,False,False,True,True,True,True,True,False
RES000003,True,False,True,True,False,True,True,False,False,False,False,False,False
RES000004,True,True,True,True,True,True,True,True,False,False,False,False,True
RES000005,False,True,False,True,True,True,False,True,False,False,True,False,False
RES000006,True,True,False,False,False,False,True,True,False,False,False,False,False
RES000007,True,True,True,False,True,False,False,False,True,False,False,False,False
RES000008,True,False,False,False,False,True,False,True,False,False,True,True,True
RES000009,False,False,False,True,False,False,True,True,True,False,False,False,True
RES000010,False,True,True,True,True,False,True,True,False,False,True,True,True
RES000011,True,False,True,True,False,True,False,True,False,True,False,False,False
RES000012,True,False,False,False,False,False,False,True,True,False,True,False,False
RES000013,False,False,True,True,False,True,True,False,False,False,True,True,False
RES000014,True,True,False,True,True,False,True,False,False,True,False,False,True
RES000015,False,False,False,True,False,True,True,False,True,False,False,False,True
RES000016,True,False,True,False,True,False,False,False,False,True,False,False,False
RES000017,True,False,False,True,True,False,True,False,False,True,True,True,False
RES000018,True,False,True,True,False,True,False,False,False,False,False,True,True
RES000019,True,False,False,False,True,True,False,False,True,False,True,True,False
RES000020,False,False,True,True,False,False,True,True,True,False,False,True,False
RES000021,False,False,False,True,True,False,False,False,False,False,False,False,True
RES000022,False,False,True,True,False,False,False,False,True,False,True,True,True
RES000023,False,False,True,False,False,False,False,False,True,True,False,True,True
RES000024,True,True,False,True,True,False,True,True,True,True,False,True,False
RES000025,True,True,False,True,False,True,True,False,True,False,False,False,True
RES000026,False,False,True,True,False,False,False,True,False,False,True,True,True
RES000027,False,True,False,True,False,True,False,False,True,True,True,False,True
RES000028,False,True,True,True,False,True,True,True,True,True,False,False,True
RES000029,False,True,False,False,True,True,True,False,True,False,True,False,True
RES000030,True,True,False,False,False,False,False,False,False,False,False,False,False
RES000031,False,True,False,True,False,True,False,True,False,False,True,False,False
RES000032,True,False,False,True,True,True,False,False,True,True,False,True,True
RES000033,True,False,False,True,False,True,True,False,False,True,False,True,False
RES000034,False,True,True,True,False,False,False,False,False,False,False,False,False
RES000035,True,False,True,False,False,False,False,False,True,False,True,False,True
RES000036,True,True,True,False,False,False,False,False,False,False,True,False,True
RES000037,True,False,False,False,True,False,False,True,False,True,False,False,False
RES000038,True,False,False,False,True,True,True,False,True,True,False,False,False
RES000039,False,True,True,True,True,False,True,False,False,False,False,False,True
RES000040,False,True,True,False,True,True,False,False,True,False,True,False,True
RES000041,False,False,False,False,False,False,False,True,False,False,True,True,False
RES000042,True,False,False,True,False,True,True,False,False,True,True,True,False
RES000043,True,False,False,False,False,True,True,False,False,False,True,True,False
RES000044,True,False,False,True,True,False,False,True,True,True,False,True,True
RES000045,True,False,True,True,False,False,False,True,False,True,True,False,False
RES000046,True,True,True,True,True,False,False,False,False,False,True,True,True
RES000047,False,True,True,False,False,False,False,True,True,True,False,False,False
RES000048,True,False,True,True,True,False,False,True,False,True,False,True,False
RES000049,False,True,True,True,False,True,True,True,True,False,False,True,False
RES000050,False,True,True,False,True,True,True,False,False,False,False,True,False
RES000051,False,False,True,True,True,True,False,True,True,False,False,False,False
RES000052,True,False,True,True,False,False,False,True,False,True,True,False,False
RES000053,True,False,False,False,False,False,False,False,False,True,False,True,True
RES000054,False,False,True,True,False,True,False,True,True,True,True,True,True
RES000055,True,True,False,False,True,False,False,True,False,True,True,False,True
RES000056,True,False,False,True,True,False,False,True,False,False,True,False,False
RES000057,True,True,False,True,False,True,True,True,False,True,False,False,False
RES000058,False,False,True,True,True,True,True,True,False,True,False,True,True
RES000059,True,False,True,False,False,True,False,True,True,True,True,False,False
RES000060,True,False,False,False,True,False,False,True,True,False,False,False,True
RES000061,False,False,True,True,True,False,True,True,True,True,False,True,False
RES000062,False,True,False,True,True,True,False,True,False,False,True,False,False
RES000063,True,False,False,False,True,False,False,True,False,True,True,False,False
RES000064,True,True,True,True,False,True,True,True,True,True,True,True,False
RES000065,False,False,True,False,False,True,True,True,False,False,True,False,False
RES000066,True,True,True,False,True,True,True,False,False,True,True,False,True
RES000067,True,True,True,True,True,False,True,False,False,True,True,False,True
RES000068,False,True,True,False,True,False,False,True,False,False,True,False,False
RES000069,True,True,True,True,False,False,True,False,False,False,False,False,True
RES000070,False,False,False,False,True,True,False,True,True,False,True,False,False
RES000071,True,True,False,True,False,False,True,False,False,True,True,False,False
RES000072,True,False,True,True,True,True,True,True,True,False,True,False,False
RES000073,False,True,False,True,False,True,False,False,False,True,True,False,False
RES000074,False,False,False,False,False,True,True,False,False,False,True,False,False
RES000075,True,True,False,True,True,False,False,True,False,True,True,True,False
RES000076,False,True,False,True,False,True,True,False,True,True,True,True,True
RES000077,True,False,False,True,False,False,True,True,False,True,True,True,False
RES000078,False,False,True,True,False,False,True,False,False,False,True,False,False
RES000079,True,False,True,True,False,False,True,True,True,False,False,True,False
RES000080,False,False,True,False,False,True,True,True,True,True,False,False,True
RES000081,False,True,False,True,False,True,True,False,True,False,True,True,True
RES000082,False,True,False,False,False,True,False,False,False,True,False,True,False
RES000083,False,False,False,True,False,True,False,True,False,True,True,True,False
RES000084,False,True,False,True,False,True,False,True,False,False,True,False,True
RES000085,False,True,True,False,True,False,False,False,False,False,True,False,True
RES000086,True,False,True,False,True,True,False,True,True,False,True,False,False
RES000087,False,True,False,False,True,True,False,False,False,True,True,True,True
RES000088,False,False,False,False,False,False,False,False,False,False,True,True,True
RES000089,False,True,True,False,False,True,True,True,False,False,False,True,False
RES000090,False,False,False,False,True,False,True,True,False,False,True,True,True
RES000091,False,True,True,False,True,False,True,False,False,True,False,False,False
RES000092,False,False,True,False,True,False,False,False,True,True,False,False,False
RES000093,True,False,False,True,False,False,False,False,True,False,False,False,False
RES000094,False,False,True,True,False,True,True,True,False,True,False,True,False
RES000095,False,True,True,False,False,True,True,False,True,False,False,True,False
RES000096,True,True,True,True,False,False,True,False,True,False,True,True,False
RES000097,False,False,False,True,True,False,True,False,True,True,False,False,False
RES000098,True,True,False,True,False,True,False,False,False,False,True,False,True
RES000099,False,False,False,False,False,True,True,True,True,True,False,True,False
RES000100,False,True,False,False,True,True,True,False,True,False,False,False,True
RES000101,True,False,False,True,True,False,True,False,True,True,False,False,False
RES000102,False,False,True,True,False,False,True,False,True,False,False,True,False
RES000103,False,False,False,False,True,True,True,False,True,True,False,True,False
RES000104,False,False,True,False,False,False,False,False,True,True,True,True,False
RES000105,True,False,False,True,True,False,False,True,True,True,False,True,False
RES000106,False,False,True,True,False,False,False,False,True,False,False,True,True
RES000107,True,False,False,True,False,False,False,False,False,True,False,False,True
RES000108,True,False,False,True,False,True,False,True,True,False,False,False,False
RES000109,False,False,False,False,True,False,True,False,True,True,True,True,True
RES000110,True,True,False,True,False,False,False,False,True,False,False,False,True
RES000111,True,False,False,False,True,False,True,True,False,True,False,False,False
RES000112,True,True,True,True,False,False,True,True,False,False,True,True,True
RES000113,True,False,False,True,True,False,False,True,False,False,False,False,True
RES000114,True,True,False,False,True,False,True,True,False,True,True,True,False
RES000115,True,True,False,False,True,True,False,True,False,False,True,True,True
RES000116,True,True,True,True,True,False,False,True,True,False,False,True,False
RES000117,True,True,False,True,True,False,True,False,True,False,True,False,False
RES000118,False,False,False,False,True,True,True,True,False,True,False,True,True
RES000119,True,True,True,True,False,True,True,False,True,True,True,False,True
RES000120,False,True,False,False,False,False,False,True,False,False,True,False,True
RES000121,False,True,True,False,True,True,True,False,False,False,False,False,False
RES000122,False,False,False,True,True,False,False,False,False,True,True,False,True
RES000123,True,False,False,True,False,True,False,True,False,False,False,False,False
RES000124,True,False,True,False,False,True,False,False,False,True,False,False,True
RES000125,False,True,False,True,True,True,False,False,False,True,True,False,False
RES000126,True,True,True,False,False,False,False,False,True,False,False,True,False
RES000127,False,True,True,True,False,True,False,True,False,False,True,True,True
RES000128,False,True,True,True,True,False,False,False,False,True,False,False,False
RES000129,True,False,True,True,True,True,True,True,True,False,False,False,True
RES000130,True,False,False,False,True,False,True,False,True,True,False,True,False
RES000131,False,False,True,False,True,True,True,True,False,False,True,True,False
RES000132,False,True,False,True,True,False,False,True,True,False,True,True,True
RES000133,False,False,True,False,False,False,False,True,True,False,True,True,False
RES000134,True,True,False,True,True,True,True,False,False,True,True,False,False
RES000135,False,False,False,False,False,False,True,True,True,False,False,False,True
RES000136,True,False,False,False,False,False,False,False,True,False,True,True,True
RES000137,False,False,False,True,True,False,True,False,True,True,False,True,True
RES000138,True,True,False,True,False,True,False,False,True,False,True,False,True
RES000139,True,False,True,False,True,True,True,True,True,True,True,False,True
RES000140,True,False,False,False,True,False,False,False,False,False,False,False,True
RES000141,False,False,True,False,True,True,True,False,False,False,True,False,False
RES000142,True,True,False,True,True,True,True,False,False,False,True,True,True
RES000143,False,True,True,False,True,False,True,True,True,False,True,False,False
RES000144,True,True,False,True,False,True,False,False,True,False,False,False,False
RES000145,False,True,False,True,True,True,True,True,True,True,True,True,False
RES000146,False,True,False,False,False,False,False,False,False,False,False,True,False
RES000147,True,True,False,True,False,False,True,False,False,True,False,False,False
RES000148,True,False,False,False,True,True,False,False,True,True,True,True,False
RES000149,False,True,True,False,True,False,True,True,False,True,True,False,False
RES000150,False,False,True,True,False,False,False,True,True,True,True,False,False
RES000151,False,False,True,True,False,True,False,False,False,True,True,True,True
RES000152,True,False,False,False,False,True,False,False,True,False,True,True,False
RES000153,False,False,False,False,False,True,False,True,True,False,True,False,True
RES000154,False,True,False,False,False,True,True,False,False,True,False,False,False
RES000155,False,True,False,True,True,False,False,False,True,True,False,True,True
RES000156,False,False,True,True,True,False,False,True,True,True,True,False,False
RES000157,True,False,True,True,True,False,False,False,False,True,True,True,True
RES000158,True,True,False,True,True,True,True,True,True,False,False,True,True
RES000159,True,False,False,True,False,True,False,False,True,False,True,False,True
RES000160,True,False,False,True,False,False,True,False,False,False,False,False,False
RES000161,False,False,False,False,True,False,True,False,False,False,False,True,False
RES000162,False,True,True,True,False,True,False,True,True,False,False,False,True
RES000163,False,True,True,False,True,False,True,False,False,False,False,False,True
RES000164,False,False,False,True,False,True,True,False,False,True,False,False,True
RES000165,False,False,True,True,False,True,False,False,False,True,True,False,True
RES000166,True,False,True,False,False,False,True,True,True,False,False,True,False
RES000167,True,False,True,False,False,False,True,True,True,True,False,False,True
RES000168,True,True,True,False,False,True,True,True,False,False,True,False,False
RES000169,False,True,False,True,True,True,False,False,True,False,False,False,False
RES000170,True,False,False,True,True,False,True,False,True,False,True,True,True
RES000171,True,False,False,True,False,True,True,False,False,False,True,True,True
RES000172,True,True,False,True,True,False,True,True,False,False,True,False,True
RES000173,True,True,True,True,True,True,False,True,False,False,True,True,True
RES000174,False,False,False,True,False,False,True,True,False,True,True,True,False
RES000175,True,True,False,True,False,False,True,False,True,True,False,True,False
RES000176,True,False,True,False,False,True,False,True,True,True,True,False,True
RES000177,False,False,True,True,True,True,True,False,True,False,False,False,True
RES000178,False,True,True,True,False,True,False,False,True,True,False,False,True
RES000179,True,True,False,True,False,True,True,False,True,False,False,True,False
RES000180,True,False,True,False,False,True,False,True,True,False,False,True,True
RES000181,False,False,True,True,False,True,True,False,True,True,False,False,True
RES000182,False,False,False,False,False,False,True,True,True,False,True,False,False
RES000183,False,False,False,False,False,True,True,False,False,False,True,True,True
RES000184,True,False,False,True,False,False,True,False,True,False,True,False,True
RES000185,True,True,True,True,False,False,False,True,False,True,True,False,True
RES000186,True,False,False,False,True,True,False,True,False,True,True,True,True
RES000187,False,True,True,True,False,False,True,False,True,False,True,True,False
RES000188,True,True,False,True,False,True,False,True,False,False,True,True,True
RES000189,True,True,True,True,True,False,True,False,False,False,True,False,True
RES000190,True,True,False,True,False,False,True,True,False,False,False,True,False
RES000191,False,False,False,True,False,False,False,True,False,False,True,False,True
RES000192,False,True,False,True,False,False,True,True,True,False,True,False,True
RES000193,True,False,False,False,True,False,True,True,False,False,False,False,False
RES000194,False,False,True,False,True,False,True,True,True,True,True,False,False
RES000195,True,False,True,False,True,True,False,True,False,False,True,True,True
RES000196,False,True,True,True,False,False,True,False,False,False,False,True,True
RES000197,True,True,False,False,True,True,True,False,True,False,False,False,True
RES000198,True,True,True,False,True,True,True,True,True,False,False,True,False
RES000199,False,False,False,False,False,True,False,True,True,False,False,False,False
RES000200,False,False,False,False,True,False,False,True,False,False,False,True,False
RES000201,True,False,True,False,True,False,False,False,False,True,True,True,True
RES000202,False,False,True,True,False,False,False,True,False,True,True,False,False
RES000203,False,False,True,False,True,False,False,False,False,False,True,True,False
RES000204,False,True,False,True,False,False,True,False,True,False,True,True,False
RES000205,True,False,True,False,True,False,False,False,True,True,False,True,True
RES000206,False,False,False,True,False,True,False,True,False,False,False,True,True
RES000207,False,False,False,False,False,False,False,False,False,False,True,False,True
RES000208,True,False,True,False,True,True,False,True,False,True,False,False,True
RES000209,False,True,False,True,True,True,False,True,False,False,True,False,False
RES000210,False,True,False,False,True,False,True,True,False,True,False,True,True
RES000211,False,False,True,False,False,True,False,True,True,False,True,True,True
RES000212,True,False,False,True,False,True,False,False,True,True,True,False,True
RES000213,False,False,True,False,False,True,True,False,True,False,False,False,True
RES000214,False,True,True,True,False,True,False,False,False,True,False,False,False
RES000215,False,True,False,True,False,True,True,False,False,False,True,False,True
RES000216,True,False,True,False,False,True,False,False,True,False,True,False,True
RES000217,False,False,True,False,False,True,False,True,False,True,True,False,False
RES000218,True,True,False,True,False,False,True,True,True,True,False,True,True
RES000219,True,False,False,False,True,True,False,True,True,True,True,False,True
RES000220,True,True,True,True,True,True,True,False,False,True,False,False,True
RES000221,True,False,False,False,True,False,True,True,False,True,False,False,True
RES000222,False,False,False,True,True,True,False,False,False,False,False,False,False
RES000223,True,False,False,True,False,True,True,False,False,False,False,True,True
RES000224,False,True,False,False,True,False,False,False,False,True,False,True,True
RES000225,False,True,False,False,False,False,False,False,True,False,False,False,True
RES000226,True,True,False,False,False,True,False,True,True,True,True,False,True
RES000227,True,False,False,False,True,True,True,False,False,False,True,True,False
RES000228,False,False,True,True,True,True,True,False,False,True,False,True,False
RES000229,True,False,False,True,True,True,False,True,False,True,True,False,True
RES000230,True,True,False,False,False,True,False,False,True,False,True,False,False
RES000231,True,False,False,False,True,True,True,True,False,True,True,False,False
RES000232,True,False,True,False,False,True,True,False,False,True,False,False,True
RES000233,True,False,False,False,True,False,False,False,True,True,False,False,False
RES000234,False,True,True,False,False,True,False,True,True,True,True,True,True
RES000235,True,True,True,True,True,False,True,True,True,False,True,False,False
RES000236,True,False,True,False,True,True,False,False,False,True,False,True,True
RES000237,False,False,False,False,False,False,False,False,True,True,True,True,False
RES000238,True,True,True,True,True,False,True,False,True,False,True,True,True
RES000239,True,False,False,False,True,False,False,True,False,True,True,True,True
RES000240,False,False,False,True,False,False,True,True,False,False,False,False,False
RES000241,False,True,True,True,False,False,True,True,True,False,True,True,True
RES000242,True,False,False,False,False,True,True,True,True,False,True,False,True
RES000243,False,False,False,False,False,False,True,True,True,True,True,True,False
RES000244,False,True,True,True,False,False,False,False,True,False,False,True,False
RES000245,False,False,True,False,False,True,False,False,True,True,False,False,True
RES000246,False,True,False,True,True,True,True,True,True,False,False,False,False
RES000247,True,False,True,True,True,True,True,False,True,True,True,False,False
RES000248,False,True,True,False,False,False,True,False,False,True,False,False,True
RES000249,False,False,False,False,False,False,False,True,False,True,False,True,True
RES000250,True,True,True,False,True,False,False,False,False,True,False,False,False
RES000251,True,False,True,False,True,True,True,True,True,False,False,False,False
RES000252,True,False,True,False,True,False,False,True,True,True,True,False,False
RES000253,False,True,False,True,True,False,True,True,True,False,True,False,True
RES000254,True,True,False,True,True,True,True,False,False,False,False,False,True
RES000255,False,True,True,True,False,False,True,False,True,False,False,True,True
RES000256,True,False,False,True,False,False,False,False,True,False,True,True,False
RES000257,True,True,False,True,True,True,True,False,True,True,False,True,False
RES000258,False,False,True,True,False,True,False,False,False,True,False,True,False
RES000259,False,False,False,False,False,True,False,True,True,False,False,False,False
RES000260,True,False,True,True,False,False,True,True,False,False,False,True,False
RES000261,False,False,True,False,True,False,True,True,True,True,True,True,False
RES000262,False,True,False,True,False,False,True,True,False,False,True,True,False
RES000263,False,False,False,False,True,False,True,False,True,False,True,False,True
RES000264,True,True,False,True,False,False,False,True,True,True,False,False,False
RES000265,True,True,False,True,False,True,True,True,False,True,False,True,True
RES000266,True,False,False,False,False,False,True,True,False,False,True,False,True
RES000267,False,True,True,False,False,True,False,True,False,False,False,False,True
RES000268,False,True,False,True,False,True,True,True,True,True,True,True,False
RES000269,True,False,True,True,True,False,True,True,True,False,True,True,False
RES000270,False,True,True,False,False,False,False,True,True,False,True,True,False
RES000271,True,False,False,False,True,True,False,True,False,False,False,False,True
RES000272,True,False,True,True,True,True,True,True,False,True,True,True,False
RES000273,True,False,True,False,True,False,True,False,True,True,False,False,False
RES000274,True,False,True,True,True,True,False,False,False,False,False,False,True
RES000275,False,True,True,False,True,True,True,True,True,False,True,True,False
RES000276,False,True,True,True,False,True,False,False,False,False,True,False,False
RES000277,False,True,False,False,False,False,True,False,False,True,True,False,True
RES000278,False,False,False,True,True,True,True,True,False,False,True,True,True
RES000279,True,False,True,True,True,True,True,False,False,True,True,False,False
RES000280,False,True,False,True,True,True,True,True,False,True,False,True,False
RES000281,False,False,False,False,False,False,True,False,False,False,True,False,True
RES000282,True,False,True,True,False,True,True,False,False,False,False,True,False
RES000283,True,False,False,False,False,True,False,False,False,True,False,True,True
RES000284,False,False,False,False,True,False,False,False,False,True,False,False,False
RES000285,False,True,False,False,True,False,True,True,False,False,True,False,False
RES000286,True,True,False,False,False,False,False,True,True,False,True,True,False
RES000287,False,True,False,False,False,True,False,False,False,True,True,True,False
RES000288,True,True,True,False,True,False,False,False,True,False,False,False,False
RES000289,True,True,True,False,False,True,False,False,True,False,True,False,True
RES000290,False,True,True,False,False,True,True,False,False,True,True,False,False
RES000291,True,False,False,True,False,False,True,True,False,False,True,True,False
RES000292,False,True,True,True,False,False,False,False,False,True,True,True,False
RES000293,False,False,True,True,True,True,True,True,True,True,True,False,True
RES000294,True,False,True,False,False,False,False,False,False,False,True,False,False
RES000295,False,True,True,True,True,False,True,False,False,False,True,True,False
RES000296,True,True,True,True,False,True,True,True,False,True,True,False,True
RES000297,False,False,True,True,True,False,False,True,True,False,False,False,False
RES000298,False,False,False,False,False,True,True,True,False,False,False,False,True
RES000299,True,False,False,True,True,True,True,True,True,False,False,False,True
RES000300,True,False,True,False,True,True,True,True,True,True,True,False,False
RES000301,True,True,True,True,True,True,False,False,True,True,True,False,False
RES000302,True,True,False,True,False,True,False,False,True,True,False,True,True
RES000303,True,True,True,False,False,True,True,False,True,True,False,False,True
RES000304,True,False,False,False,False,True,False,True,False,False,False,False,False
RES000305,False,True,False,False,False,True,True,True,True,False,False,False,False
RES000306,False,True,False,True,False,False,False,True,True,False,True,False,False
RES000307,False,False,False,True,True,True,False,True,True,True,True,True,True
RES000308,True,False,False,False,True,True,False,False,True,True,False,False,True
RES000309,False,True,True,True,False,True,False,True,True,True,True,True,False
RES000310,True,False,True,False,True,True,True,True,True,True,False,False,True
RES000311,True,True,True,True,True,False,False,False,True,False,True,True,True
RES000312,True,True,False,True,True,False,False,True,True,False,True,True,True
RES000313,True,True,True,True,False,True,True,False,True,True,False,False,True
RES000314,False,False,False,True,True,True,False,True,True,True,True,False,False
RES000315,False,False,True,False,True,False,True,True,True,True,True,False,True
RES000316,True,False,True,True,True,False,False,True,False,False,True,False,False
RES000317,True,False,True,True,False,True,False,True,False,False,True,True,True
RES000318,False,True,False,False,False,True,False,False,False,False,False,False,False
RES000319,False,False,True,True,False,True,True,True,False,False,False,False,True
RES000320,False,False,True,False,True,False,False,True,True,True,True,True,True
RES000321,False,False,False,True,True,True,False,False,False,True,False,False,True
RES000322,False,True,True,True,False,False,False,False,False,False,False,False,False
RES000323,True,False,False,True,True,False,True,False,False,True,False,True,True
RES000324,False,True,False,True,False,True,False,True,False,True,False,True,True
RES000325,False,False,False,True,True,False,True,True,False,False,True,False,False
RES000326,True,False,False,False,True,False,False,True,False,False,True,True,False
RES000327,False,True,False,False,True,True,False,False,True,False,True,False,True
RES000328,True,False,True,False,False,True,False,True,True,True,False,True,True
RES000329,True,False,True,True,True,True,True,True,True,True,True,True,False
RES000330,False,False,False,True,True,True,True,True,False,True,True,False,True
RES000331,False,True,True,True,True,False,True,True,False,False,False,True,True
RES000332,True,True,False,True,True,True,False,True,True,False,True,False,True
RES000333,True,True,False,True,False,False,True,False,False,True,True,True,True
RES000334,True,False,False,True,True,False,False,False,True,True,True,False,True
RES000335,False,False,False,True,True,True,True,True,False,False,False,False,False
RES000336,True,False,True,True,False,False,True,False,True,False,True,False,True
RES000337,True,False,True,True,False,False,True,True,True,False,False,False,False
RES000338,False,True,False,False,False,True,False,False,True,False,False,False,False
RES000339,False,False,False,False,True,False,True,True,True,False,True,True,False
RES000340,True,False,True,False,False,False,False,False,True,False,False,True,True
RES000341,False,True,False,True,True,True,True,True,True,False,True,False,False
RES000342,True,False,True,False,True,True,True,False,False,True,False,False,False
RES000343,True,False,False,True,True,False,False,True,True,False,False,False,False
RES000344,False,False,True,True,True,False,True,True,False,False,True,True,False
RES000345,True,False,True,True,False,True,False,True,False,False,False,True,False
RES000346,True,False,False,False,False,False,False,False,False,False,False,True,False
RES000347,True,False,True,True,False,False,False,True,False,False,False,True,True
RES000348,False,True,True,False,True,True,False,True,True,True,False,False,False
RES000349,True,True,True,True,True,False,False,True,True,False,True,False,False
RES000350,False,True,False,False,False,True,True,False,False,True,True,False,False
RES000351,True,False,False,False,False,True,True,True,True,True,False,False,True
RES000352,False,False,False,True,False,False,False,True,True,True,True,True,True
RES000353,False,True,True,True,True,True,True,True,True,False,True,False,False
RES000354,False,False,False,True,False,False,False,True,False,False,True,False,False
RES000355,False,False,True,False,True,True,False,True,False,True,True,True,False
RES000356,False,False,True,False,False,False,False,False,False,True,False,True,True
RES000357,True,True,True,False,True,False,False,False,True,False,True,False,True
RES000358,True,False,True,True,True,True,False,False,True,False,True,True,True
RES000359,True,True,True,True,False,True,True,False,False,True,False,False,True
RES000360,True,True,False,True,False,True,True,False,False,False,False,False,False
RES000361,False,False,False,False,False,False,False,False,True,False,True,True,True
RES000362,True,False,False,False,False,True,False,True,True,False,True,True,True
RES000363,True,True,False,False,False,True,True,False,True,False,True,False,False
RES000364,False,True,True,True,False,True,True,False,True,False,True,False,True
RES000365,True,True,True,True,True,True,True,True,False,False,False,False,False
RES000366,True,True,True,True,False,False,True,False,True,False,True,False,False
RES000367,False,True,False,False,True,False,True,True,True,True,True,True,False
RES000368,False,True,False,False,False,True,False,False,False,False,False,False,True
RES000369,False,True,True,True,True,True,False,False,True,True,False,False,True
RES000370,True,False,False,False,True,False,False,False,False,True,True,False,True
RES000371,False,True,False,False,False,False,True,True,False,True,True,True,True
RES000372,False,False,False,True,False,True,False,True,True,True,True,True,True
RES000373,True,True,True,False,True,True,False,True,False,False,False,True,False
RES000374,True,False,False,True,False,False,True,False,False,False,False,True,True
RES000375,True,False,False,False,True,True,False,False,True,False,True,True,True
RES000376,False,False,True,True,False,False,False,False,False,False,True,True,False
RES000377,True,False,False,False,True,True,False,True,False,True,False,False,True
RES000378,False,True,True,False,False,True,True,True,False,True,True,True,False
RES000379,False,False,True,False,True,False,True,False,False,False,False,True,False
RES000380,True,True,False,False,True,False,True,False,True,False,False,True,False
RES000381,True,True,False,False,True,False,False,True,True,True,True,False,True
RES000382,False,True,False,True,True,True,True,False,True,True,False,True,False
RES000383,True,True,False,True,True,False,True,False,False,False,True,True,False
RES000384,False,False,False,False,True,True,True,True,True,False,True,False,False
RES000385,False,True,True,True,True,False,False,True,False,False,False,True,True
RES000386,True,False,False,True,False,True,False,False,False,True,False,True,False
RES000387,False,False,False,False,False,False,False,True,False,True,True,False,True
RES000388,False,True,False,False,True,True,True,True,True,False,False,True,True
RES000389,True,False,True,True,True,True,True,True,False,False,False,False,False
RES000390,True,True,False,False,False,True,True,True,False,True,False,True,True
RES000391,True,True,False,False,False,False,False,False,True,True,True,False,False
RES000392,False,False,False,False,True,True,False,True,False,True,False,False,False
RES000393,False,False,True,False,False,True,False,True,False,True,True,False,True
RES000394,False,False,False,True,True,True,True,False,True,False,False,False,True
RES000395,True,True,True,False,True,False,True,True,False,True,True,True,False
RES000396,True,False,True,True,True,False,False,False,True,False,False,True,False
RES000397,True,True,False,False,False,True,False,True,True,True,False,True,True
RES000398,True,False,True,False,True,True,False,False,True,False,False,True,False
RES000399,False,False,True,True,False,False,True,False,True,False,True,True,False
RES000400,False,False,True,False,True,False,False,True,True,False,False,False,True
RES000401,False,True,False,False,False,False,False,True,True,False,True,True,True
RES000402,False,False,False,True,False,False,False,True,True,True,True,True,False
RES000403,False,True,True,False,True,True,False,False,False,False,False,False,True
RES000404,True,True,False,True,True,False,False,True,True,False,False,False,True
RES000405,True,False,False,True,True,True,False,True,False,False,False,True,False
RES000406,True,False,True,False,True,False,False,True,False,True,False,False,False
RES000407,False,False,False,False,True,False,True,False,True,False,True,True,True
RES000408,True,False,False,False,False,False,True,True,True,False,True,True,True
RES000409,True,False,False,True,False,True,True,True,False,True,True,False,True
RES000410,False,True,True,False,False,False,True,True,False,False,True,True,True
RES000411,False,False,False,False,False,True,False,True,True,False,True,True,False
RES000412,True,True,True,True,True,False,True,False,False,True,True,False,False
RES000413,True,False,False,True,False,False,True,False,False,True,True,False,True
RES000414,False,True,True,False,True,True,True,False,True,False,False,True,True
RES000415,True,True,False,False,True,True,True,False,True,True,False,True,True
RES000416,False,False,True,False,False,True,False,True,False,True,True,True,True
RES000417,True,False,True,True,True,True,True,False,True,True,False,True,False
RES000418,False,True,True,True,False,False,False,True,False,False,True,False,False
RES000419,False,True,True,False,True,True,True,False,True,False,False,True,False
RES000420,False,False,False,False,True,False,False,False,False,True,True,True,True
RES000421,True,False,True,False,False,True,True,True,False,True,False,False,False
RES000422,False,False,False,False,False,False,True,True,True,False,False,False,True
RES000423,True,True,True,False,False,True,True,False,False,False,False,True,False
RES000424,False,False,False,False,False,False,False,False,False,False,False,False,True
RES000425,False,True,True,False,True,True,False,False,False,False,False,True,False
RES000426,True,False,False,True,True,True,True,False,True,True,False,False,True
RES000427,True,False,True,True,True,False,False,False,True,False,False,False,False
RES000428,True,True,True,False,True,True,True,False,False,True,True,True,True
RES000429,True,False,False,False,True,False,True,True,False,False,True,False,False
RES000430,True,True,True,False,True,False,False,True,False,False,True,False,True
RES000431,False,True,True,True,True,False,False,False,True,False,True,True,False
RES000432,False,False,True,False,False,False,True,True,False,False,True,True,True
RES000433,True,False,True,False,True,False,False,False,True,True,True,False,False
RES000434,False,False,False,True,True,False,True,False,True,False,True,True,True
RES000435,True,True,True,True,True,True,True,True,True,False,True,False,False
RES000436,True,True,True,False,False,True,False,True,False,False,True,True,False
RES000437,False,True,True,False,True,True,True,False,True,True,True,True,False
RES000438,True,False,False,True,True,False,True,True,True,True,True,True,True
RES000439,True,False,True,False,False,False,False,True,False,False,False,True,True
RES000440,True,False,False,True,True,False,True,True,False,False,False,False,False
RES000441,False,True,True,False,False,True,False,False,False,True,True,True,False
RES000442,False,False,True,False,True,True,True,True,True,True,False,True,True
RES000443,True,False,False,True,False,False,False,True,False,True,False,True,False
RES000444,False,False,False,False,True,True,False,False,False,True,False,True,False
RES000445,True,False,False,False,True,True,False,False,False,False,False,False,False
RES000446,True,True,True,False,True,False,True,False,False,True,True,True,False
RES000447,False,False,True,False,True,True,False,True,False,True,False,True,False
RES000448,True,False,True,False,False,False,True,True,False,True,False,True,False
RES000449,True,False,True,False,True,True,True,True,False,False,True,True,True
RES000450,True,True,False,True,False,True,False,False,False,True,False,True,False
RES000451,True,False,True,True,False,False,True,True,False,True,False,True,True
RES000452,False,False,False,False,True,True,True,True,False,True,True,False,False
RES000453,False,True,False,True,False,True,False,False,False,True,True,True,False
RES000454,False,True,True,True,True,True,False,True,False,True,True,True,False
RES000455,True,False,True,True,False,True,True,False,True,False,False,False,False
RES000456,True,True,False,False,False,False,True,False,False,False,False,True,False
RES000457,True,False,False,True,True,False,True,False,True,False,True,False,True
RES000458,True,True,True,False,True,False,True,True,True,True,False,True,False
RES000459,False,True,False,False,True,False,False,True,False,True,True,True,False
RES000460,True,False,True,True,False,False,False,True,True,True,True,False,False
RES000461,True,True,True,True,True,False,True,False,True,True,True,True,False
RES000462,True,False,True,False,False,False,False,False,False,False,True,False,True
RES000463,True,True,False,True,True,True,False,True,True,False,False,False,False
RES000464,True,False,True,False,False,True,False,False,True,False,True,False,True
RES000465,False,True,True,True,False,True,False,False,False,True,True,True,False
RES000466,False,False,True,True,False,False,False,True,False,False,False,True,True
RES000467,False,True,False,True,True,False,False,False,True,False,False,True,True
RES000468,True,False,True,True,False,True,False,False,False,False,False,True,False
RES000469,False,False,False,True,False,False,False,False,False,True,True,True,True
RES000470,False,True,True,False,True,True,True,False,False,False,False,True,False
RES000471,False,True,False,False,False,False,True,True,False,True,True,False,False
RES000472,True,False,True,False,False,True,True,False,False,True,True,False,True
RES000473,False,False,True,False,False,True,True,True,True,False,False,False,True
RES000474,False,False,True,True,True,False,False,True,False,False,True,False,True
RES000475,False,True,False,True,True,True,False,False,False,True,False,True,True
RES000476,True,True,False,False,True,False,True,True,True,True,False,False,True
RES000477,True,True,True,False,True,True,True,False,True,True,False,True,False
RES000478,True,False,True,True,False,False,True,True,True,True,True,True,True
RES000479,False,True,True,True,False,False,True,True,True,True,True,False,True
RES000480,True,False,False,False,False,False,False,False,False,True,True,False,False
RES000481,False,True,False,False,True,True,False,False,True,False,True,False,True
RES000482,True,False,False,False,True,False,True,False,False,True,True,True,False
RES000483,True,True,False,False,True,False,False,True,False,True,False,True,False
RES000484,False,True,False,True,True,False,False,True,False,True,False,False,True
RES000485,False,True,True,True,True,True,True,False,False,True,False,True,True
RES000486,True,True,True,False,True,False,True,False,False,True,False,True,False
RES000487,True,True,False,False,False,True,False,False,True,False,True,False,False
RES000488,False,False,True,False,True,True,True,True,False,True,True,False,False
RES000489,False,True,True,False,False,True,True,True,True,False,False,False,True
RES000490,False,False,True,True,False,True,False,True,False,False,True,False,False
RES000491,False,True,False,False,False,False,True,False,False,False,True,True,False
RES000492,False,True,False,False,True,True,True,True,True,True,False,False,True
RES000493,False,False,False,False,True,False,False,False,False,True,True,True,True
RES000494,True,True,True,True,True,False,True,False,False,False,False,True,False
RES000495,False,False,False,False,True,False,False,False,False,False,True,True,True
RES000496,False,False,False,False,True,False,True,True,False,True,True,False,False
RES000497,True,True,False,True,False,False,False,False,False,True,True,False,False
RES000498,True,True,False,True,True,False,True,True,False,False,True,False,True
RES000499,True,False,True,False,True,False,True,True,False,False,True,True,False
RES000500,True,False,False,False,False,False,True,False,False,False,True,True,False
RES000501,True,False,True,True,False,False,False,False,False,False,True,True,False
RES000502,True,True,True,False,True,False,False,True,False,False,True,True,False
RES000503,True,True,True,False,True,False,True,True,False,True,False,True,False
RES000504,True,True,True,True,True,False,False,False,False,False,False,True,True
RES000505,True,False,False,False,True,True,True,True,True,False,True,True,False
RES000506,False,False,False,False,False,False,False,True,False,False,True,True,False
RES000507,True,True,True,True,True,False,True,True,True,False,False,True,False
RES000508,True,False,True,False,True,True,False,True,True,True,False,True,True
RES000509,False,True,True,False,True,False,False,False,True,True,False,True,True
RES000510,True,False,False,True,False,False,True,False,True,True,False,True,True
RES000511,False,False,True,True,False,False,True,False,False,False,False,False,True
RES000512,True,True,True,False,False,False,True,False,False,False,False,False,False
RES000513,False,False,False,True,False,False,True,False,True,False,False,True,True
RES000514,True,True,True,False,False,False,True,True,False,False,False,True,False
RES000515,True,False,False,True,False,True,False,False,True,True,False,True,False
RES000516,True,False,False,True,False,False,True,False,True,True,False,False,False
RES000517,False,True,False,True,False,True,True,True,True,True,False,True,False
RES000518,False,True,False,True,False,True,False,True,False,False,True,True,True
RES000519,True,True,True,True,False,False,True,True,True,False,False,False,False
RES000520,False,True,False,True,False,True,False,False,True,False,True,False,False
RES000521,False,True,False,True,True,False,False,False,False,False,False,False,True
RES000522,False,False,False,False,True,True,False,False,True,False,True,False,True
RES000523,True,False,False,False,False,True,True,True,True,True,False,False,False
RES000524,False,True,True,False,True,False,True,True,False,False,False,True,False
RES000525,False,True,True,False,True,False,True,True,False,True,False,False,True
RES000526,False,False,True,False,False,True,False,True,True,True,False,True,True
RES000527,True,False,True,False,False,True,False,True,True,False,True,True,True
RES000528,True,False,False,True,False,False,False,True,False,False,True,True,False
RES000529,False,False,False,False,True,True,False,False,False,True,True,True,True
RES000530,False,False,True,False,True,True,False,True,False,True,False,True,True
RES000531,True,True,True,True,False,True,False,False,True,True,False,True,False
RES000532,False,True,True,True,True,True,True,True,True,True,True,True,True
RES000533,True,False,False,True,False,False,True,True,True,False,True,True,True
RES000534,True,False,False,False,False,False,True,False,True,True,True,True,False
RES000535,True,True,True,True,True,True,True,False,False,True,False,True,True
RES000536,True,False,True,False,False,False,True,True,True,True,True,True,False
RES000537,True,False,False,True,True,True,False,True,False,False,True,True,False
RES000538,False,True,False,True,True,False,True,True,False,True,False,True,True
RES000539,False,True,False,False,False,True,False,False,False,True,True,True,False
RES000540,False,False,True,True,True,True,True,True,True,True,True,True,False
RES000541,False,False,True,True,False,False,True,True,False,True,False,True,False
RES000542,False,True,True,False,False,True,True,True,True,True,True,False,True
RES000543,True,False,False,False,False,True,False,True,False,True,True,True,True
RES000544,False,True,True,True,False,False,True,False,True,True,True,True,True
RES000545,True,False,True,True,True,True,False,True,False,False,True,True,True
RES000546,True,True,False,False,False,False,False,True,False,True,True,False,True
RES000547,False,True,False,False,True,True,False,False,True,True,True,False,False
RES000548,True,True,False,False,False,True,False,False,False,False,False,True,False
RES000549,False,True,True,False,False,True,False,False,False,True,False,False,True
RES000550,True,False,True,True,True,True,True,True,True,False,True,False,False
RES000551,False,True,False,False,True,False,True,True,False,True,False,False,False
RES000552,True,False,True,True,False,False,True,False,True,False,True,False,True
RES000553,False,True,False,True,True,False,True,True,True,True,True,True,True
RES000554,False,False,True,True,True,True,True,False,False,True,True,True,False
RES000555,True,True,False,True,False,False,False,False,True,False,True,False,False
RES000556,False,False,True,True,True,True,True,True,True,True,False,False,True
RES000557,False,True,True,True,True,True,False,False,True,False,False,True,False
RES000558,True,True,False,False,True,True,False,False,False,True,True,False,True
RES000559,False,False,True,False,True,True,True,True,False,False,True,False,True
RES000560,True,True,True,False,True,False,True,False,True,True,True,False,True
RES000561,False,True,True,False,True,False,False,True,True,True,False,True,False
RES000562,False,False,False,False,False,True,True,False,False,False,False,True,True
RES000563,False,True,False,True,True,True,False,True,True,False,True,False,True
RES000564,True,False,False,True,False,True,False,True,False,False,True,True,False
RES000565,True,False,True,False,False,True,True,True,True,True,False,True,True
RES000566,False,True,False,True,False,True,True,True,False,False,False,False,True
RES000567,True,False,True,False,False,True,True,True,True,True,True,True,False
RES000568,False,False,True,True,False,False,True,False,False,False,False,False,True
RES000569,True,False,True,True,True,False,True,False,True,False,True,False,True
RES000570,True,False,False,False,False,True,False,True,False,True,True,False,False
RES000571,False,True,False,False,True,False,False,True,False,True,False,False,True
RES000572,False,True,False,True,False,True,True,True,True,True,False,True,True
RES000573,False,False,False,False,False,True,False,False,False,False,True,True,False
RES000574,False,False,False,True,True,True,True,False,False,False,True,False,False
RES000575,True,False,True,False,False,False,True,False,False,False,False,False,False
RES000576,False,True,False,True,True,False,False,True,True,False,True,False,False
RES000577,False,True,False,False,False,True,True,True,False,True,False,True,True
RES000578,False,True,False,True,True,True,False,True,True,False,True,True,False
RES000579,False,True,True,True,False,False,True,False,True,False,False,True,False
RES000580,False,True,False,False,True,False,False,True,True,False,True,False,False
RES000581,True,False,True,False,True,False,True,True,False,False,True,False,True
RES000582,False,False,True,False,True,False,True,True,False,True,False,True,True
RES000583,False,True,True,False,True,False,False,True,False,False,False,False,False
RES000584,False,False,True,False,True,True,False,False,True,False,False,False,False
RES000585,True,False,True,False,False,True,False,False,True,False,True,False,True
RES000586,True,True,False,False,False,True,True,True,True,True,True,True,True
RES000587,True,True,True,True,False,False,False,True,False,False,True,True,False
RES000588,False,True,True,True,False,True,False,True,False,False,False,False,True
RES000589,True,True,True,False,False,True,True,True,True,True,False,True,True
RES000590,False,True,False,True,False,False,True,True,False,True,False,False,False
RES000591,False,False,True,False,True,False,False,False,False,True,False,True,False
RES000592,True,True,True,False,True,False,True,False,True,True,True,True,False
RES000593,False,False,True,True,True,False,True,False,True,True,True,True,False
RES000594,True,True,True,True,True,False,True,True,True,True,False,False,False
RES000595,True,True,False,True,False,True,False,False,True,True,True,False,False
RES000596,False,False,False,True,True,True,True,False,False,True,False,False,False
RES000597,True,False,True,False,True,False,False,False,False,False,False,True,True
RES000598,True,True,True,False,False,False,True,True,False,True,True,False,True
RES000599,False,False,False,False,True,True,False,False,False,True,True,False,True
RES000600,False,True,True,True,False,True,True,True,True,False,False,True,False
RES000601,False,False,True,True,False,True,False,True,False,False,False,True,False
RES000602,False,False,False,False,False,False,False,True,True,True,False,True,False
RES000603,False,False,False,True,True,True,True,False,True,True,False,True,True
RES000604,True,True,False,False,False,True,True,True,False,False,True,False,False
RES000605,False,True,True,True,True,True,True,False,True,False,True,True,True
RES000606,False,False,True,False,False,False,True,True,True,True,False,False,False
RES000607,False,True,False,False,True,False,False,True,True,False,False,True,False
RES000608,True,False,True,False,False,True,True,True,True,True,False,True,True
RES000609,False,True,True,True,True,False,True,False,True,False,False,False,False
RES000610,False,True,False,False,True,True,True,False,False,False,False,False,False
RES000611,True,True,False,False,True,True,True,True,True,True,True,False,False
RES000612,False,True,True,False,True,True,True,False,True,False,False,True,True
RES000613,True,False,False,True,True,False,True,False,True,True,False,True,True
RES000614,True,False,False,True,True,True,True,False,False,False,False,True,False
RES000615,False,False,True,False,True,True,False,True,True,False,False,True,True
RES000616,False,True,False,False,True,False,True,False,True,True,True,False,True
RES000617,False,False,True,False,False,False,True,True,False,False,True,False,False
RES000618,True,True,False,False,False,True,True,True,False,True,True,False,True
RES000619,False,False,False,False,True,True,False,False,True,True,False,False,True
RES000620,False,True,True,True,True,True,False,True,True,False,True,False,False
RES000621,True,True,False,True,True,True,True,False,True,False,True,False,True
RES000622,True,True,False,True,False,False,True,False,False,False,True,True,True
RES000623,False,False,True,False,True,True,True,False,True,False,False,True,True
RES000624,True,True,True,False,False,True,True,True,True,True,False,True,True
RES000625,True,True,True,True,False,True,True,True,False,False,True,False,False
RES000626,True,False,False,False,True,True,True,False,True,False,False,True,True
RES000627,False,True,False,True,True,False,True,False,True,False,False,False,True
RES000628,False,True,False,True,True,True,True,True,True,True,False,True,False
RES000629,False,False,True,False,True,False,False,True,False,True,False,False,False
RES000630,True,True,False,True,True,True,True,False,False,True,False,False,False
RES000631,True,False,False,False,False,True,True,False,True,False,True,False,True
RES000632,False,True,False,False,True,True,False,True,False,False,False,False,True
RES000633,True,True,True,True,False,True,False,True,False,False,True,True,False
RES000634,False,True,False,False,True,False,False,False,True,True,True,False,False
RES000635,True,False,False,False,False,False,False,True,True,True,True,True,False
RES000636,True,True,False,False,False,True,True,True,True,True,False,True,False
RES000637,False,True,False,True,True,False,True,True,True,False,False,True,False
RES000638,True,False,False,True,True,True,False,False,True,False,True,True,True
RES000639,False,True,True,True,False,True,True,True,False,True,True,False,False
RES000640,True,True,True,True,False,False,False,True,True,False,True,False,True
RES000641,False,True,True,False,False,False,True,False,True,False,True,False,False
RES000642,True,False,True,False,True,True,True,False,True,True,True,True,False
RES000643,True,False,False,False,False,True,False,False,True,False,True,True,True
RES000644,False,False,False,False,False,False,False,True,False,True,True,False,False
RES000645,True,False,False,True,True,False,True,True,True,True,False,False,True
RES000646,False,True,False,False,False,False,True,False,True,True,False,False,True
RES000647,True,False,False,False,True,True,True,False,True,True,False,True,True
RES000648,True,False,False,False,True,False,False,False,True,False,True,True,False
RES000649,False,True,False,False,False,True,False,True,False,False,True,True,False
RES000650,False,False,False,True,True,True,False,True,False,True,False,True,False
RES000651,True,False,False,True,False,False,False,False,True,True,True,True,True
RES000652,False,True,True,True,False,False,True,False,False,False,True,False,True
RES000653,False,False,True,False,True,True,False,False,False,False,True,False,True
RES000654,True,False,False,True,False,False,False,True,False,False,False,False,False
RES000655,True,False,False,False,True,True,False,True,False,True,True,False,True
RES000656,True,False,True,True,True,False,True,True,False,False,False,False,False
RES000657,True,True,False,False,True,True,False,True,False,False,False,True,True
RES000658,False,True,True,False,True,False,True,False,True,False,True,True,True
RES000659,False,False,True,True,False,True,True,False,False,False,False,True,True
RES000660,False,True,False,False,True,True,False,False,True,False,False,False,True
RES000661,True,True,False,False,False,False,False,False,True,True,True,True,True
RES000662,True,True,True,False,False,True,False,True,False,False,True,True,True
RES000663,True,True,False,False,True,True,True,True,False,True,True,False,False
RES000664,True,False,True,False,False,True,True,False,True,True,False,True,True
RES000665,False,True,False,True,True,True,False,False,True,False,False,False,False
RES000666,False,False,False,True,True,True,True,False,False,False,False,False,True
RES000667,True,True,True,True,True,True,False,True,False,False,False,True,False
RES000668,False,False,False,True,False,False,False,False,True,True,True,True,True
RES000669,True,True,True,True,True,True,False,False,False,True,False,True,True
RES000670,False,False,False,False,True,False,True,False,True,False,True,True,True
RES000671,True,True,True,True,False,False,False,False,False,True,True,True,True
RES000672,False,True,True,False,False,False,True,False,False,True,False,True,False
RES000673,True,True,False,True,True,False,True,False,False,False,False,False,False
RES000674,True,True,False,True,True,False,True,True,True,False,False,False,True
RES000675,False,True,True,True,False,False,False,False,False,True,False,True,False
RES000676,False,True,True,True,True,True,False,False,False,True,False,True,True
RES000677,True,False,True,True,True,False,True,False,False,True,False,False,False
RES000678,False,False,True,False,True,False,False,False,True,False,True,False,True
RES000679,False,True,False,False,True,True,True,False,False,False,False,True,False
RES000680,True,False,False,True,False,True,False,True,True,False,False,True,True
RES000681,True,True,True,True,True,False,False,True,True,False,False,False,False
RES000682,False,False,True,True,False,False,True,False,True,False,False,False,True
RES000683,False,False,False,False,True,True,True,False,True,False,False,False,True
RES000684,False,True,True,True,True,False,True,False,True,True,False,True,False
RES000685,True,True,False,True,False,False,True,False,True,True,False,True,True
RES000686,False,False,False,False,False,False,True,True,False,False,True,True,True
RES000687,True,False,False,False,False,False,False,True,True,True,True,False,True
RES000688,False,False,True,True,True,True,False,False,False,True,True,False,True
RES000689,False,False,False,False,False,True,True,False,True,False,True,True,True
RES000690,True,False,True,True,False,True,True,True,True,True,True,False,True
RES000691,False,True,True,True,False,True,False,False,True,False,True,True,True
RES000692,False,True,False,True,False,True,True,True,True,True,True,False,False
RES000693,True,True,False,False,False,True,False,False,False,False,True,False,False
RES000694,True,False,True,True,True,False,True,False,True,True,False,True,False
RES000695,True,True,True,False,True,False,True,False,False,True,False,False,True
RES000696,False,True,False,False,True,True,True,True,False,False,False,True,True
RES000697,False,False,True,True,False,False,True,False,True,True,False,True,True
RES000698,False,False,False,True,True,True,True,True,False,False,False,False,False
RES000699,False,True,True,False,True,True,True,True,True,False,False,False,False
RES000700,False,True,True,False,False,True,True,False,False,True,False,True,True
RES000701,True,True,True,True,True,False,False,False,False,True,True,True,False
RES000702,False,True,False,True,False,False,False,True,True,False,True,True,False
RES000703,False,False,False,True,False,False,True,True,True,True,False,False,False
RES000704,True,True,True,False,False,False,False,False,True,False,True,False,False
RES000705,False,True,True,True,True,False,False,False,False,True,False,False,True
RES000706,False,True,False,True,True,True,False,True,False,False,False,True,False
RES000707,False,True,True,False,True,True,True,False,True,True,True,True,False
RES000708,True,False,True,True,True,True,False,True,False,True,False,True,True
RES000709,True,True,False,False,False,False,False,False,False,False,True,False,False
RES000710,False,False,True,True,False,False,False,True,False,True,False,False,True
RES000711,True,False,True,False,False,False,False,False,True,True,True,True,True
RES000712,True,True,True,True,False,False,True,False,True,True,False,False,True
RES000713,False,True,True,False,False,True,False,True,True,True,True,True,True
RES000714,False,False,True,False,True,True,False,False,False,False,False,True,False
RES000715,False,True,True,False,True,False,False,False,False,False,True,False,True
RES000716,False,False,True,True,False,False,True,False,True,True,True,True,True
RES000717,False,True,False,True,False,True,True,True,True,False,True,False,False
RES000718,False,True,True,False,True,False,False,True,False,False,True,False,True
RES000719,True,True,True,False,True,False,True,True,False,True,False,True,True
RES000720,True,False,False,False,True,False,False,True,True,True,False,False,True
RES000721,True,False,False,False,True,True,False,True,True,False,False,False,True
RES000722,True,True,False,False,False,False,False,True,True,False,False,True,False
RES000723,False,True,False,False,True,True,True,True,False,True,True,False,False
RES000724,False,True,True,False,False,True,False,False,True,False,True,False,False
RES000725,True,False,False,True,False,True,True,True,False,True,True,True,False
RES000726,False,False,True,False,True,False,True,False,False,True,False,False,False
RES000727,False,True,True,True,True,True,False,True,True,False,False,False,True
RES000728,True,False,False,True,False,True,True,False,False,False,True,True,False
RES000729,True,False,True,False,True,True,False,True,True,False,False,False,True
RES000730,False,False,False,True,True,False,False,True,False,True,False,False,True
RES000731,False,False,True,True,True,True,False,True,False,True,False,True,True
RES000732,False,True,False,True,True,False,False,False,True,False,False,True,False
RES000733,True,True,False,True,False,True,False,True,False,True,True,True,True
RES000734,True,False,False,True,False,False,False,True,True,True,False,True,False
RES000735,True,True,True,False,False,True,True,False,False,True,False,False,False
RES000736,False,False,True,False,False,True,True,False,False,False,False,False,True
RES000737,True,False,True,False,False,False,True,False,True,True,True,True,False
RES000738,True,True,True,True,False,False,True,False,True,False,True,True,False
RES000739,False,False,True,False,True,False,False,False,True,False,False,True,True
RES000740,False,True,True,False,False,True,True,False,False,True,True,True,False
RES000741,False,False,True,False,True,True,True,True,False,True,False,True,False
RES000742,False,True,False,False,True,False,False,False,True,True,False,False,True
RES000743,False,False,True,False,False,False,False,True,False,True,True,True,True
RES000744,False,False,False,True,False,False,True,True,False,True,False,True,False
RES000745,True,True,True,True,True,False,False,True,False,False,True,True,True
RES000746,False,True,True,False,True,True,False,True,False,True,True,True,True
RES000747,True,True,True,True,True,False,False,False,False,False,True,True,True
RES000748,False,False,True,False,False,True,True,True,True,False,True,False,True
RES000749,False,True,False,True,True,False,True,False,False,False,False,True,False
RES000750,False,False,True,False,True,False,True,True,False,False,True,False,True
RES000751,False,False,True,True,False,True,True,False,False,True,False,True,True
RES000752,False,False,False,True,True,False,True,True,False,False,False,True,False
RES000753,True,False,True,False,False,False,True,True,False,False,True,False,False
RES000754,True,True,False,True,True,True,False,False,False,False,False,True,True
RES000755,True,True,True,False,False,True,False,False,False,True,False,True,False
RES000756,True,False,False,True,True,True,False,False,False,False,False,False,False
RES000757,False,False,True,False,False,True,False,True,False,False,True,False,False
RES000758,False,False,False,True,False,True,True,False,True,True,True,True,True
RES000759,False,True,True,True,True,False,False,True,False,False,False,True,False
RES000760,False,False,False,False,False,True,True,True,True,False,False,True,False
RES000761,False,False,True,False,True,False,True,False,False,False,False,True,True
RES000762,True,False,True,False,False,False,True,True,True,True,False,False,False
RES000763,False,True,False,False,False,False,True,False,False,False,True,True,False
RES000764,False,True,True,True,False,False,False,False,True,False,True,True,True
RES000765,False,False,False,True,False,True,False,True,True,True,False,True,False
RES000766,False,True,True,False,False,False,False,True,True,False,True,True,False
RES000767,False,True,True,True,True,False,False,True,True,True,True,True,False
RES000768,False,True,True,False,False,True,True,True,False,False,True,False,True
RES000769,False,False,True,True,False,True,False,False,True,False,True,True,False
RES000770,True,True,False,True,False,True,True,False,True,False,True,True,True
RES000771,False,False,True,False,False,True,False,True,True,False,True,False,True
RES000772,False,False,True,False,False,True,False,True,True,False,False,False,False
RES000773,False,True,True,False,False,True,False,False,True,False,False,True,False
RES000774,False,True,True,False,True,True,False,True,False,False,False,False,True
RES000775,True,False,False,False,True,False,True,True,True,False,False,True,False
RES000776,True,False,False,False,False,True,True,False,False,False,True,False,False
RES000777,True,False,True,True,True,False,True,True,False,True,True,True,True
RES000778,False,True,False,False,True,True,False,True,True,True,False,True,False
RES000779,False,False,True,False,True,True,False,False,True,True,True,True,False
RES000780,True,False,False,False,True,False,True,True,True,False,False,True,True
RES000781,True,False,True,False,False,False,False,False,False,False,False,True,True
RES000782,False,True,True,False,False,True,False,False,False,True,True,True,True
RES000783,False,True,True,False,True,True,True,False,False,True,False,True,False
RES000784,True,True,True,True,False,True,False,True,False,False,True,True,True
RES000785,True,False,False,True,False,False,True,False,True,False,True,False,False
RES000786,True,True,True,False,False,True,True,True,True,False,True,False,False
RES000787,True,False,True,True,False,True,False,True,True,True,False,False,False
RES000788,False,False,False,True,False,False,True,True,True,False,True,False,True
RES000789,True,False,False,True,False,True,False,False,True,False,True,False,False
RES000790,True,True,False,False,True,True,False,False,True,True,False,True,True
RES000791,True,True,False,True,False,True,False,True,True,True,True,False,False
RES000792,False,False,True,False,False,False,True,True,True,False,False,False,False
RES000793,False,False,True,True,True,False,False,False,True,False,False,True,False
RES000794,False,False,False,True,False,False,False,True,True,False,False,True,False
RES000795,False,False,True,True,False,True,False,True,True,True,True,True,True
RES000796,True,False,False,True,False,True,False,False,False,False,True,False,True
RES000797,True,True,True,False,True,True,False,True,True,True,False,True,False
RES000798,False,True,False,True,True,True,True,False,True,True,False,True,False
RES000799,False,False,True,False,True,True,True,True,True,False,True,False,True
RES000800,False,True,True,True,True,False,True,False,True,False,False,True,True
RES000801,False,False,False,True,False,True,True,False,True,True,True,False,False
RES000802,True,False,False,True,False,True,False,False,True,True,True,True,True
RES000803,True,True,True,True,False,True,False,True,True,True,False,True,True
RES000804,False,True,True,True,False,True,True,False,False,False,False,True,True
RES000805,False,False,True,False,True,True,True,False,True,True,True,False,True
RES000806,False,False,True,True,False,False,True,False,False,False,False,True,True
RES000807,False,False,False,True,False,False,True,False,True,True,False,False,True
RES000808,False,True,True,False,True,False,False,False,False,True,True,False,True
RES000809,False,False,False,True,False,False,False,False,False,True,False,True,False
RES000810,True,True,False,False,True,False,False,True,False,False,True,False,False
RES000811,False,False,True,False,True,False,True,False,True,True,True,True,False
RES000812,True,False,False,False,True,False,True,True,True,False,False,True,False
RES000813,True,False,True,False,True,True,False,False,False,False,True,True,True
RES000814,False,False,True,True,False,True,False,False,False,False,True,False,False
RES000815,True,False,True,False,False,False,False,True,True,False,False,False,False
RES000816,False,True,False,False,False,True,True,True,False,True,True,True,True
RES000817,False,True,False,True,True,True,True,True,False,True,True,True,False
RES000818,True,False,False,True,True,False,False,False,False,True,False,True,True
RES000819,True,True,False,False,False,True,True,True,False,True,False,True,False
RES000820,True,True,True,True,False,False,False,True,False,True,True,True,True
RES000821,True,False,True,True,True,False,True,True,False,False,False,False,True
RES000822,False,False,True,False,True,False,False,True,True,True,True,True,False
RES000823,False,False,False,False,False,False,False,False,True,True,True,True,False
RES000824,False,True,False,False,True,True,False,True,True,False,False,True,False
RES000825,False,False,True,False,True,False,False,True,False,True,True,False,True
RES000826,True,False,False,False,False,False,False,False,False,False,False,False,False
RES000827,True,False,False,False,False,True,True,False,True,False,True,True,True
RES000828,False,False,True,True,False,False,False,False,True,False,False,True,True
RES000829,True,True,True,False,True,True,True,True,False,False,True,False,False
RES000830,False,False,False,False,False,True,False,True,False,True,False,False,False
RES000831,False,True,True,True,False,False,False,True,False,False,False,True,False
RES000832,False,False,False,True,False,True,False,False,True,False,True,False,False
RES000833,True,False,True,False,False,True,True,False,False,False,True,True,False
RES000834,True,True,True,True,False,False,True,False,False,False,False,False,True
RES000835,True,False,False,True,False,False,True,True,False,True,True,False,True
RES000836,True,False,True,True,False,True,True,False,False,True,True,True,False
RES000837,False,True,True,False,False,True,False,False,False,True,False,True,False
RES000838,False,False,True,True,False,False,False,True,False,False,False,True,False
RES000839,False,True,True,True,False,False,False,False,True,False,False,True,True
RES000840,True,False,True,False,True,True,False,False,False,True,True,False,False
RES000841,False,True,True,False,False,False,True,True,False,False,False,True,True
RES000842,False,True,True,True,True,False,True,True,False,False,True,True,True
RES000843,False,False,True,True,False,True,False,False,False,False,True,True,False
RES000844,True,True,True,False,True,False,True,False,False,True,False,False,False
RES000845,True,False,False,True,True,True,False,True,False,True,True,True,False
RES000846,False,False,False,False,False,True,True,True,False,False,True,False,True
RES000847,False,True,True,True,False,True,True,False,True,False,True,True,True
RES000848,False,False,False,True,True,False,True,False,False,True,False,False,False
RES000849,True,False,False,True,False,True,True,False,True,True,True,False,False
RES000850,True,True,True,False,False,False,False,True,False,True,False,True,True
RES000851,False,False,False,True,False,False,False,False,True,False,False,True,False
RES000852,False,False,True,True,True,True,False,False,False,False,True,True,True
RES000853,True,False,True,True,True,True,False,True,True,False,False,True,True
RES000854,False,False,False,True,True,False,True,False,False,False,False,False,True
RES000855,True,True,True,False,True,True,False,True,False,False,False,True,False
RES000856,False,False,False,False,False,False,True,True,False,True,True,False,True
RES000857,True,False,True,False,True,True,True,True,True,True,False,True,False
RES000858,False,False,False,True,False,True,True,False,False,True,False,True,False
RES000859,False,False,False,False,True,True,True,True,True,False,True,True,True
RES000860,True,True,False,True,False,True,False,False,False,False,True,False,True
RES000861,False,True,True,True,False,False,False,False,False,True,True,False,False
RES000862,True,True,False,False,False,False,True,False,True,True,True,False,False
RES000863,True,False,True,False,True,False,True,True,True,False,True,False,False
RES000864,False,True,True,False,True,True,False,True,True,False,True,False,True
RES000865,True,True,False,True,True,False,True,False,True,True,True,True,True
RES000866,False,True,True,True,True,True,True,True,True,True,False,False,True
RES000867,True,False,False,False,True,False,False,False,False,False,False,True,True
RES000868,False,True,False,False,True,True,False,False,False,True,True,True,True
RES000869,False,False,True,False,True,True,True,True,False,True,True,False,True
RES000870,True,True,False,True,False,True,False,True,True,True,False,False,True
RES000871,True,True,False,True,True,False,False,False,False,True,False,True,True
RES000872,True,True,False,False,True,False,False,False,True,False,False,True,False
RES000873,False,True,False,False,True,False,False,False,True,False,True,True,True
RES000874,False,False,False,False,False,True,True,True,False,False,False,False,True
RES000875,False,True,False,True,True,False,True,True,False,False,False,True,True
RES000876,True,False,True,False,False,False,True,False,False,False,False,True,True
RES000877,True,True,False,False,False,False,False,True,True,True,False,False,True
RES000878,False,True,False,False,False,False,False,True,True,False,False,True,True
RES000879,True,False,True,True,True,False,True,True,True,False,True,True,False
RES000880,False,False,True,False,False,True,True,False,True,True,True,True,True
RES000881,True,True,False,False,False,False,False,True,False,False,False,True,True
RES000882,False,False,False,False,True,True,False,False,False,False,True,True,True
RES000883,True,True,True,False,False,True,False,True,False,False,True,False,True
RES000884,False,True,True,True,True,True,True,True,False,False,False,False,False
RES000885,True,False,False,True,False,False,True,True,True,True,False,False,True
RES000886,True,False,False,True,False,False,True,False,False,False,False,False,True
RES000887,True,True,False,True,False,False,False,False,True,True,False,False,False
RES000888,True,False,False,True,True,True,False,False,False,True,False,True,False
RES000889,False,True,True,False,False,True,False,True,False,True,False,True,False
RES000890,True,True,True,True,True,True,False,False,True,True,True,False,False
RES000891,True,True,True,True,False,True,True,True,False,True,False,True,False
RES000892,False,True,False,True,False,True,True,False,False,True,True,True,True
RES000893,False,True,False,False,False,True,True,True,False,True,True,True,True
RES000894,False,False,False,True,False,True,False,False,True,True,False,True,True
RES000895,True,True,True,False,False,False,True,True,True,False,False,True,True
RES000896,True,False,False,False,True,True,False,True,False,False,True,False,True
RES000897,True,False,True,True,True,False,False,False,False,True,False,True,False
RES000898,True,True,False,True,False,True,True,False,False,False,False,True,True
RES000899,False,True,False,False,True,True,False,True,True,False,True,False,True
RES000900,True,False,False,True,False,True,False,False,False,False,False,True,False
RES000901,True,False,False,True,True,False,True,False,True,True,False,True,True
RES000902,False,True,False,True,False,True,False,True,True,True,False,True,False
RES000903,False,False,True,False,False,False,True,False,False,False,True,True,False
RES000904,True,False,False,False,False,False,True,False,True,False,False,True,False
RES000905,True,False,True,True,False,False,True,False,True,False,False,True,False
RES000906,True,True,True,True,False,False,True,False,True,False,False,True,True
RES000907,True,True,False,False,False,False,True,True,False,True,True,True,False
RES000908,True,True,True,False,True,True,True,False,True,False,True,True,False
RES000909,False,False,False,False,True,False,False,True,False,True,True,True,False
RES000910,False,True,True,False,True,True,False,False,False,False,False,True,True
RES000911,True,False,False,True,False,False,True,True,True,False,False,True,True
RES000912,True,False,True,False,False,True,True,True,True,True,True,True,False
RES000913,True,True,False,False,False,False,False,True,True,False,False,True,False
RES000914,True,True,True,False,True,False,True,True,False,True,False,False,True
RES000915,False,True,True,True,False,False,False,False,True,True,False,True,False
RES000916,False,True,False,True,False,False,False,True,False,False,True,True,True
RES000917,True,True,False,False,True,False,False,True,False,False,True,True,False
RES000918,False,False,True,False,False,False,True,False,False,False,False,True,False
RES000919,False,True,False,False,True,False,True,False,False,True,False,True,True
RES000920,True,True,False,True,False,True,False,True,True,True,False,True,False
RES000921,True,False,False,True,True,True,True,True,False,False,True,True,True
RES000922,False,True,False,True,True,True,True,False,False,True,True,False,True
RES000923,True,True,False,False,False,False,False,True,False,False,False,False,True
RES000924,False,False,True,False,False,False,True,False,False,False,False,False,True
RES000925,False,True,True,True,True,False,True,True,True,True,True,False,True
RES000926,False,False,False,False,False,False,False,True,True,True,True,False,True
RES000927,True,True,True,True,False,False,True,False,True,True,True,True,False
RES000928,True,False,False,True,True,True,False,True,True,True,False,True,False
RES000929,True,False,False,False,True,True,False,True,False,False,True,False,True
RES000930,True,True,True,False,True,False,False,True,False,True,True,True,False
RES000931,False,True,False,True,True,True,False,False,True,True,False,True,True
RES000932,True,True,False,False,False,True,False,False,True,False,False,False,False
RES000933,True,False,True,False,True,False,True,False,True,True,True,False,False
RES000934,False,False,True,True,False,True,False,True,True,True,True,True,True
RES000935,True,False,False,True,False,False,True,False,False,True,False,True,True
RES000936,True,False,True,False,True,False,False,False,False,False,False,False,True
RES000937,False,False,False,False,False,True,True,False,False,True,False,False,True
RES000938,False,False,False,False,True,True,True,False,False,False,True,False,False
RES000939,True,False,False,False,True,True,True,True,True,False,False,True,True
RES000940,True,True,True,False,False,True,True,True,True,True,True,True,False
RES000941,True,True,False,False,True,False,True,False,True,True,False,True,False
RES000942,True,False,False,True,False,False,False,False,False,False,True,True,True
RES000943,False,True,True,False,True,False,False,True,True,False,True,True,False
RES000944,False,True,True,True,True,False,False,True,False,True,False,True,False
RES000945,True,True,False,True,True,False,True,True,False,True,False,True,False
RES000946,False,False,True,True,False,False,True,True,True,False,True,True,True
RES000947,False,True,False,True,False,True,True,False,False,False,False,False,True
RES000948,False,False,True,False,False,False,True,False,True,False,True,True,True
RES000949,False,True,False,False,True,True,False,True,True,True,True,False,True
RES000950,False,False,True,True,True,False,True,True,True,True,True,False,False
RES000951,False,False,True,True,False,False,False,False,True,True,True,True,True
RES000952,False,True,False,False,True,True,False,True,False,False,False,False,False
RES000953,False,False,False,True,False,False,True,True,True,True,True,True,True
RES000954,True,True,True,False,False,True,False,False,True,False,False,False,True
RES000955,True,False,True,True,False,False,False,False,False,True,True,True,True
RES000956,True,True,True,True,False,False,False,True,False,False,False,False,False
RES000957,True,True,True,True,False,True,False,False,True,False,False,True,True
RES000958,True,True,False,False,False,True,True,True,True,True,True,False,False
RES000959,True,True,False,False,True,False,False,False,False,False,True,False,False
RES000960,False,False,False,False,True,True,False,True,True,True,True,True,False
RES000961,False,False,True,True,True,True,True,True,False,True,True,True,True
RES000962,True,False,False,True,False,True,False,True,False,True,True,False,True
RES000963,False,False,True,True,True,False,False,True,False,False,True,True,False
RES000964,False,True,False,True,True,True,False,True,True,True,True,True,True
RES000965,True,True,False,False,False,True,False,False,False,False,True,False,False
RES000966,True,False,True,True,True,True,True,False,False,True,False,False,True
RES000967,False,False,False,True,True,False,False,True,False,True,True,True,True
RES000968,False,True,True,True,False,True,True,False,True,True,True,False,True
RES000969,False,True,False,False,True,False,True,True,False,True,False,True,False
RES000970,False,False,False,False,False,False,False,False,False,False,True,True,False
RES000971,False,False,False,False,True,False,True,True,True,False,False,False,False
RES000972,False,False,True,False,False,False,False,False,False,False,True,True,True
RES000973,True,False,False,False,False,False,True,False,False,False,False,False,False
RES000974,False,True,False,True,False,False,True,False,True,False,True,False,True
RES000975,False,False,False,False,False,False,True,False,True,False,False,False,False
RES000976,True,True,False,True,True,True,False,True,False,True,False,True,False
RES000977,True,False,True,False,True,True,False,False,True,True,False,False,False
RES000978,False,True,False,False,False,True,True,False,True,False,True,False,True
RES000979,False,False,False,False,True,False,True,True,True,True,True,False,True
RES000980,False,True,True,False,False,True,False,False,False,True,False,True,False
RES000981,False,False,False,True,True,True,True,True,False,False,True,False,True
RES000982,False,False,False,True,True,False,False,True,False,True,False,True,False
RES000983,False,True,False,False,True,True,True,True,True,True,False,True,False
RES000984,False,False,False,True,False,True,True,False,True,False,False,False,False
RES000985,False,False,True,True,False,False,True,False,True,False,False,False,False
RES000986,False,True,True,True,True,False,False,True,False,False,False,False,False
RES000987,False,True,False,False,False,False,True,False,False,True,True,True,True
RES000988,True,False,False,True,False,True,False,True,True,False,False,False,True
RES000989,True,True,True,True,True,True,True,True,False,False,False,True,False
RES000990,False,True,True,False,True,True,False,False,True,True,False,True,True
RES000991,True,False,True,False,False,True,True,False,True,False,False,False,True
RES000992,False,True,False,False,False,False,False,False,True,False,False,True,False
RES000993,True,False,False,False,False,True,False,False,True,True,True,True,False
RES000994,True,False,False,True,False,True,False,False,False,True,False,False,True
RES000995,False,False,True,False,True,True,True,True,False,False,True,False,True
RES000996,False,True,True,True,True,True,False,True,True,False,False,False,True
RES000997,True,False,True,False,True,False,False,False,True,False,True,True,True
RES000998,False,False,True,True,True,True,True,True,False,True,True,False,True
RES000999,True,False,True,False,True,True,True,False,False,True,False,True,True
RES001000,True,True,False,True,True,False,True,False,True,False,False,False,True
RES001001,False,False,False,False,False,True,True,True,False,False,True,False,True
RES001002,False,True,False,True,True,True,True,False,False,False,True,True,True
RES001003,False,True,True,True,False,False,False,False,True,False,False,True,True
RES001004,True,True,False,False,True,True,False,False,False,True,False,True,True
RES001005,True,False,False,True,True,True,True,False,False,False,False,True,True
RES001006,False,False,False,False,False,True,False,False,True,False,False,True,True
RES001007,True,True,False,True,False,True,False,False,True,True,False,False,False
RES001008,True,False,False,True,True,False,False,False,False,True,True,False,True
RES001009,False,True,False,False,False,True,False,True,False,False,True,False,True
RES001010,False,False,True,False,True,True,True,True,True,True,False,True,True
RES001011,False,True,True,False,False,True,False,True,True,False,True,True,True
RES001012,True,True,False,True,False,False,False,True,True,True,False,False,False
RES001013,False,False,False,False,True,False,False,True,True,True,False,True,False
RES001014,False,False,True,True,False,False,False,False,True,False,True,True,False
RES001015,True,True,True,False,False,True,True,False,True,False,True,False,False
RES001016,True,False,False,False,True,True,True,False,False,False,True,True,False
RES001017,False,True,True,True,True,True,True,False,True,True,False,True,False
RES001018,True,False,True,False,True,False,False,True,False,False,False,False,False
RES001019,True,True,True,True,False,False,False,True,True,True,True,True,True
RES001020,False,False,False,True,False,False,True,False,True,False,False,False,True
RES001021,True,False,False,True,True,True,False,True,True,False,True,True,False
RES001022,False,False,False,False,False,True,True,False,True,False,False,True,True
RES001023,False,False,False,True,False,False,True,True,True,False,False,False,False
RES001024,True,False,True,True,False,True,False,True,False,False,True,True,True
RES001025,False,False,True,False,False,False,True,False,False,False,False,True,True
RES001026,False,True,False,True,False,False,False,False,False,True,False,False,False
RES001027,True,True,False,False,False,False,True,False,False,False,False,False,True
RES001028,False,False,False,True,True,False,False,False,False,False,False,False,True
RES001029,True,False,True,True,True,True,True,False,True,False,True,True,False
RES001030,False,False,False,False,True,True,False,False,True,False,False,True,False
RES001031,True,True,False,False,False,True,True,True,False,True,False,False,True
RES001032,True,True,False,True,False,False,False,False,False,False,True,True,False
RES001033,True,False,False,False,False,False,True,True,True,True,True,False,True
RES001034,False,False,True,False,False,True,True,True,False,False,True,True,False
RES001035,True,False,True,False,True,True,True,True,True,False,False,True,True
RES001036,False,False,True,False,False,False,True,False,True,False,True,True,True
RES001037,True,False,False,False,False,True,True,True,True,False,False,True,False
RES001038,False,False,False,True,True,True,False,False,True,True,False,True,True
RES001039,True,True,True,True,False,True,True,True,True,False,False,True,False
RES001040,True,False,True,False,True,False,False,True,False,False,True,True,True
RES001041,True,True,False,False,False,True,True,True,True,False,False,True,False
RES001042,True,True,True,False,False,True,False,False,False,False,True,False,True
RES001043,False,True,True,False,False,False,False,False,False,False,False,True,True
RES001044,True,True,True,True,True,True,True,True,True,False,True,False,False
RES001045,False,True,True,True,False,True,True,False,True,False,True,True,False
RES001046,False,True,False,True,False,True,True,False,False,True,True,False,True
RES001047,True,True,False,True,False,True,False,True,False,True,False,True,True
RES001048,False,True,False,False,False,False,True,True,True,False,True,False,False
RES001049,False,False,True,False,True,True,False,False,False,False,False,True,False
RES001050,True,False,False,False,True,False,True,False,False,True,False,False,False
RES001051,True,True,False,False,False,False,False,False,False,True,False,True,True
RES001052,True,False,False,True,True,True,True,False,True,False,True,False,True
RES001053,True,True,False,True,False,True,False,True,True,False,True,False,False
RES001054,True,True,False,True,True,True,True,True,True,True,True,True,True
RES001055,True,True,False,True,False,False,True,False,False,False,False,False,True
RES001056,True,True,True,False,False,False,False,False,False,True,False,False,False
RES001057,True,False,True,True,False,True,False,True,False,False,False,False,False
RES001058,True,True,False,True,False,True,True,False,False,True,False,True,False
RES001059,False,True,False,False,False,False,True,True,False,True,False,False,True
RES001060,True,True,False,True,True,True,False,True,True,False,True,False,True
RES001061,True,False,True,True,False,True,True,True,False,True,True,False,False
RES001062,True,False,True,False,True,True,True,False,False,False,True,False,True
RES001063,False,False,True,True,False,False,True,True,False,True,True,True,False
RES001064,False,True,False,False,True,False,True,True,False,False,False,True,True
RES001065,True,True,False,True,False,True,True,False,False,False,True,False,True
RES001066,False,True,False,True,True,True,True,False,True,True,True,False,False
RES001067,True,False,True,True,False,True,True,True,False,True,False,False,True
RES001068,False,True,False,False,False,True,True,True,False,False,True,True,True
RES001069,True,False,False,False,True,False,False,True,False,True,False,True,True
RES001070,False,True,True,True,True,False,True,False,True,False,False,True,True
RES001071,True,True,False,False,True,False,False,False,True,False,False,False,True
RES001072,True,True,True,False,False,False,False,False,True,True,False,False,True
RES001073,False,False,True,True,False,False,False,False,False,False,False,True,True
RES001074,False,False,False,False,True,True,True,True,True,True,True,True,False
RES001075,False,True,False,True,False,True,True,False,False,False,True,False,False
RES001076,True,True,True,False,False,False,False,True,True,False,False,False,False
RES001077,False,False,False,False,True,False,True,True,False,False,False,False,True
RES001078,False,False,True,False,False,False,True,True,False,True,True,False,True
RES001079,False,True,True,True,True,True,False,True,False,False,True,True,False
RES001080,False,True,True,True,True,False,False,False,True,False,False,False,False
RES001081,False,True,True,False,True,False,True,True,True,False,True,True,False
RES001082,True,False,False,True,False,False,True,True,True,False,False,False,True
RES001083,True,False,True,True,True,True,True,False,True,True,True,True,True
RES001084,True,False,True,True,True,True,False,True,False,True,True,False,False
RES001085,True,False,False,True,False,False,False,True,False,False,False,True,True
RES001086,False,False,True,False,True,True,False,False,True,False,True,True,True
RES001087,False,False,False,True,False,False,True,True,True,True,False,False,False
RES001088,False,True,True,True,True,False,True,True,False,False,True,False,False
RES001089,False,False,True,True,True,False,False,False,False,True,True,True,False
RES001090,False,True,False,False,False,False,True,False,True,False,False,True,True
RES001091,False,True,False,False,True,False,True,True,True,False,True,True,True
RES001092,False,False,True,False,False,False,True,True,True,False,False,True,False
RES001093,False,False,True,False,True,True,False,False,False,False,True,True,False
RES001094,False,True,False,True,True,False,True,False,False,True,True,False,True
RES001095,False,False,True,False,True,False,True,True,False,True,True,False,False
RES001096,False,True,False,True,False,False,True,False,True,False,False,True,False
RES001097,False,True,False,False,True,True,True,True,True,True,False,False,False
RES001098,False,True,True,True,True,False,False,False,True,True,False,True,True
RES001099,False,True,False,True,True,True,False,False,True,True,True,True,False
RES001100,True,False,True,True,False,False,False,True,False,True,False,False,False
RES001101,True,True,True,True,True,False,False,False,True,False,True,False,False
RES001102,False,True,True,False,False,False,False,False,False,False,True,False,True
RES001103,False,True,True,False,False,False,False,False,True,True,False,True,True
RES001104,False,True,True,True,True,False,False,True,True,True,False,True,False
RES001105,True,False,True,False,False,True,True,False,True,True,True,True,False
RES001106,True,True,True,False,False,True,True,False,False,True,True,False,False
RES001107,False,False,True,True,True,False,True,False,True,True,False,False,True
RES001108,False,True,False,False,True,False,True,False,True,False,True,True,True
RES001109,False,False,False,True,False,False,False,False,True,False,False,False,True
RES001110,False,False,True,False,False,False,False,True,False,False,False,True,False
RES001111,False,False,False,False,False,True,False,False,True,True,True,False,False
RES001112,False,True,False,False,True,False,True,True,False,False,False,True,True
RES001113,False,False,False,False,True,True,False,False,False,True,False,True,True
RES001114,False,False,True,True,False,True,True,False,False,True,False,False,False
RES001115,False,False,True,True,False,True,True,True,False,False,False,True,True
RES001116,False,False,False,True,True,False,True,True,True,False,True,True,True
RES001117,False,False,True,True,False,False,True,False,False,True,True,False,True
RES001118,True,True,True,False,True,True,False,False,True,False,True,False,False
RES001119,False,True,True,False,True,True,True,True,False,False,False,False,False
RES001120,False,False,False,False,True,False,False,True,False,True,True,True,True
RES001121,False,True,True,False,False,False,True,True,True,False,False,True,False
RES001122,True,False,False,True,False,False,False,False,True,False,False,True,False
RES001123,True,False,True,True,False,False,False,True,False,False,True,True,True
RES001124,True,False,False,False,True,True,True,False,False,False,False,False,True
RES001125,False,False,True,False,False,True,True,False,False,False,True,False,False
RES001126,True,True,True,False,False,True,False,True,False,True,True,True,False
RES001127,True,False,True,True,True,False,True,True,True,True,True,False,False
RES001128,True,False,True,True,False,False,True,False,False,False,True,True,True
RES001129,False,False,False,True,False,True,True,True,False,True,False,False,False
RES001130,False,False,False,False,True,True,True,True,False,True,False,True,False
RES001131,False,False,False,False,True,False,False,True,True,False,False,False,False
RES001132,True,False,True,True,False,True,True,True,False,True,True,False,False
RES001133,True,True,False,False,False,False,False,True,False,False,False,False,True
RES001134,True,False,False,False,True,True,False,True,True,True,True,True,False
RES001135,True,True,False,True,True,True,True,True,True,True,False,False,True
RES001136,False,True,False,False,True,True,True,True,True,True,False,True,False
RES001137,False,True,True,True,False,True,True,False,True,True,True,False,False
RES001138,False,False,True,False,True,False,False,True,True,False,False,True,True
RES001139,False,False,False,True,False,True,True,True,False,False,True,False,False
RES001140,False,True,True,False,False,True,False,True,False,True,False,True,True
RES001141,False,True,True,True,False,True,True,False,True,True,True,False,True
RES001142,False,True,True,False,False,False,False,False,True,False,False,False,True
RES001143,True,True,False,True,True,False,False,False,True,False,False,False,False
RES001144,False,True,False,False,False,False,True,True,False,False,False,False,False
RES001145,True,True,True,False,True,False,True,False,False,False,False,True,False
RES001146,False,False,True,False,False,True,False,True,False,False,True,True,False
RES001147,True,True,False,False,True,True,False,False,True,True,True,False,False
RES001148,False,True,True,False,True,True,True,False,False,True,False,True,False
RES001149,True,False,True,False,False,False,True,False,False,False,False,False,True
RES001150,True,True,False,False,False,True,True,False,False,False,True,False,False
RES001151,False,True,True,False,False,False,True,True,True,False,False,False,True
RES001152,True,False,False,False,True,True,True,True,False,True,True,False,True
RES001153,False,False,False,False,True,True,False,False,True,False,False,False,False
RES001154,True,False,False,True,False,True,False,False,False,False,False,False,False
RES001155,True,True,True,False,False,False,True,False,True,False,True,False,False
RES001156,True,False,False,True,True,True,False,False,True,False,True,True,True
RES001157,False,True,False,True,True,True,True,True,False,False,True,False,False
RES001158,True,True,False,False,True,False,False,False,False,False,True,True,True
RES001159,False,False,True,False,False,False,True,True,False,True,False,True,False
RES001160,True,True,False,False,False,True,False,False,False,False,True,True,True
RES001161,True,False,False,True,False,True,False,False,False,False,False,True,False
RES001162,False,True,False,True,True,True,False,False,True,True,True,True,False
RES001163,False,True,False,True,False,False,False,False,True,False,False,True,True
RES001164,True,True,True,False,False,False,False,False,False,False,False,False,False
RES001165,True,False,False,True,True,True,True,True,False,False,True,False,True
RES001166,True,False,False,False,False,False,False,False,True,False,False,True,False
RES001167,False,True,False,False,False,True,False,True,False,True,False,False,True
RES001168,False,False,False,True,False,True,True,False,True,False,True,False,False
RES001169,True,True,True,False,True,False,True,False,False,False,False,True,True
RES001170,False,False,False,False,False,True,True,True,False,True,False,False,False
RES001171,False,True,False,False,False,True,True,False,False,True,True,False,False
RES001172,True,True,True,False,False,True,False,False,True,False,True,False,False
RES001173,False,True,True,True,True,False,False,False,True,False,False,False,True
RES001174,True,False,True,False,True,False,False,False,False,True,False,False,True
RES001175,False,True,True,False,False,False,True,True,True,True,True,True,True
RES001176,False,True,True,False,True,True,False,True,False,True,True,True,False
RES001177,False,True,False,True,False,False,False,False,False,True,False,True,True
RES001178,False,False,True,True,True,True,False,False,False,False,True,True,False
RES001179,True,True,True,True,False,False,False,True,True,False,True,False,True
RES001180,True,False,False,False,True,True,False,False,False,True,False,True,True
RES001181,False,True,True,True,True,False,False,True,False,True,True,True,False
RES001182,True,False,False,False,True,False,False,True,False,True,False,False,True
RES001183,False,False,False,False,True,True,True,False,False,False,True,False,True
RES001184,True,True,True,True,True,False,False,False,True,True,False,True,True
RES001185,False,False,False,True,True,False,False,False,True,False,True,False,True
RES001186,True,False,True,True,True,True,False,False,False,True,False,False,True
RES001187,True,True,False,True,True,True,False,False,True,True,True,False,False
RES001188,True,True,True,True,False,True,False,False,True,False,False,True,False
RES001189,False,True,True,True,False,True,True,True,False,True,True,True,True
RES001190,True,True,True,False,False,True,False,True,False,False,True,False,False
RES001191,True,True,True,True,True,True,True,True,False,True,True,True,True
RES001192,False,True,False,False,True,False,False,False,True,True,True,False,True
RES001193,False,False,False,True,False,False,True,False,False,False,False,False,False
RES001194,False,False,True,True,False,True,True,False,False,False,False,True,True
RES001195,False,True,True,False,False,False,False,False,True,False,False,False,True
RES001196,False,False,False,False,False,True,False,False,False,False,False,False,False
RES001197,False,False,False,False,True,False,True,False,False,False,True,True,False
RES001198,True,False,True,False,True,True,False,False,False,True,False,False,False
RES001199,False,False,True,False,True,False,True,False,True,True,True,False,True
RES001200,True,True,True,False,True,False,True,False,False,True,True,False,True
RES001201,True,False,True,False,False,True,True,True,False,True,True,True,False
RES001202,True,True,True,True,True,False,True,False,False,True,False,False,True
RES001203,True,False,True,False,False,False,False,True,True,False,True,False,False
RES001204,True,False,False,True,True,True,False,False,False,True,False,True,True
RES001205,False,True,True,True,False,False,False,True,False,False,True,True,False
RES001206,False,False,True,False,True,False,False,False,True,False,True,True,True
RES001207,False,False,False,True,True,False,False,False,True,True,True,False,True
RES001208,False,False,True,True,True,True,True,False,False,False,False,True,True
RES001209,True,False,False,True,True,False,False,False,False,False,False,True,False
RES001210,True,True,True,False,False,True,True,False,True,False,False,False,False
RES001211,True,False,False,False,True,False,True,False,True,False,False,True,True
RES001212,True,False,True,True,False,True,False,True,False,False,True,False,False
RES001213,True,False,False,False,False,False,True,True,True,False,True,True,True
RES001214,False,True,False,True,False,True,False,False,True,True,False,False,False
RES001215,True,True,True,True,False,True,True,False,True,True,True,True,True
RES001216,False,False,False,False,True,False,False,False,True,True,True,False,True
RES001217,True,False,True,True,True,True,True,True,True,True,False,True,True
RES001218,True,False,False,True,True,False,True,True,False,True,True,False,False
RES001219,False,False,False,False,False,True,False,True,False,False,False,True,True
RES001220,False,True,True,False,True,True,False,False,True,False,False,True,False
RES001221,True,True,True,True,False,False,True,False,True,False,True,False,True
RES001222,False,False,False,False,True,True,False,False,False,False,True,True,True
RES001223,True,True,False,False,False,True,False,False,True,False,True,False,True
RES001224,True,False,False,False,True,True,True,False,False,True,False,True,False
RES001225,False,False,False,True,False,True,False,True,True,False,False,True,True
RES001226,False,True,False,False,False,False,True,False,False,True,True,True,True
RES001227,True,True,True,True,False,True,False,False,False,False,False,False,False
RES001228,False,False,True,False,False,True,False,True,False,False,True,False,False
RES001229,True,True,True,False,True,True,False,True,True,True,True,True,True
RES001230,True,False,True,False,True,False,False,True,True,True,True,False,True
RES001231,False,True,True,True,True,True,True,True,False,True,False,False,False
RES001232,False,False,False,True,True,True,False,False,True,True,False,False,False
RES001233,True,True,True,False,False,True,True,False,False,True,False,True,False
RES001234,False,True,True,True,False,False,True,True,True,True,False,True,False
RES001235,True,False,True,False,False,False,True,True,False,False,False,False,False
RES001236,True,True,False,True,False,False,True,False,True,True,True,False,False
RES001237,False,True,False,False,True,True,True,False,False,True,False,True,True
RES001238,True,False,True,False,True,False,True,True,True,False,True,True,False
RES001239,False,True,False,False,False,True,False,False,True,True,False,True,True
RES001240,True,False,False,True,True,True,True,True,True,False,True,False,True
RES001241,True,False,False,True,False,True,False,False,False,False,False,True,True
RES001242,False,True,True,True,True,True,False,True,True,False,False,False,True
RES001243,False,True,False,True,True,False,False,False,False,False,True,True,True
RES001244,False,True,True,True,True,True,False,True,True,True,False,False,False
RES001245,True,False,False,True,False,True,False,True,False,True,False,True,False
RES001246,True,True,True,False,False,False,True,True,False,False,False,True,False
RES001247,True,True,False,False,False,True,True,False,True,True,False,False,True
RES001248,False,False,True,False,True,False,True,True,True,False,True,False,True
RES001249,False,True,False,False,False,False,False,True,False,False,False,True,True
RES001250,True,True,True,False,False,True,True,False,True,True,True,True,False
RES001251,True,False,True,False,True,False,False,False,True,False,True,False,False
RES001252,False,True,False,False,True,True,False,False,False,False,False,True,True
RES001253,True,True,True,True,False,True,False,False,False,True,False,False,True
RES001254,True,True,True,True,False,True,False,False,False,False,False,False,False
RES001255,True,True,True,True,False,True,True,True,False,True,False,False,True
RES001256,False,True,False,True,True,True,True,True,True,True,False,False,False
RES001257,True,False,False,False,False,False,True,True,True,False,True,True,True
RES001258,True,True,True,True,False,False,True,False,True,True,True,False,True
RES001259,True,True,False,True,False,True,True,True,True,True,True,True,True
RES001260,True,True,True,True,False,False,False,True,True,True,False,False,False
RES001261,False,True,True,True,True,False,True,False,False,True,True,True,False
RES001262,False,True,True,False,False,False,False,True,False,True,True,True,True
RES001263,False,True,False,True,True,True,False,True,False,False,False,True,True
RES001264,False,False,True,True,False,False,False,False,True,False,True,False,True
RES001265,False,False,True,True,True,False,False,True,True,False,False,True,True
RES001266,True,True,False,False,True,True,True,False,False,False,False,True,True
RES001267,False,False,True,True,True,False,False,True,True,False,False,False,False
RES001268,False,True,True,False,True,False,False,True,False,False,False,False,True
RES001269,False,True,True,True,False,False,False,False,True,True,False,False,False
RES001270,False,True,False,True,False,False,False,True,True,True,True,True,False
RES001271,False,True,True,True,True,True,False,True,False,True,False,False,False
RES001272,True,True,True,True,True,True,True,True,True,True,False,False,False
RES001273,True,False,True,False,True,True,True,True,True,False,True,False,False
RES001274,False,True,True,False,True,False,True,False,True,False,False,False,False
RES001275,True,False,True,True,True,True,False,False,False,False,True,True,False
RES001276,False,False,True,False,True,False,True,True,True,False,False,True,False
RES001277,True,False,True,True,False,True,True,True,True,False,False,True,False
RES001278,False,False,False,False,True,False,False,True,False,False,False,True,False
RES001279,True,False,True,True,True,False,False,False,True,True,True,False,False
RES001280,False,False,False,False,False,False,False,True,False,False,True,False,True
RES001281,False,False,False,True,True,True,True,False,True,False,True,True,False
RES001282,True,False,False,False,True,True,False,False,True,True,False,False,False
RES001283,True,False,False,True,False,True,True,False,True,False,False,False,False
RES001284,False,False,True,True,True,False,True,True,False,True,True,False,True
RES001285,True,False,False,True,True,True,False,True,True,True,True,True,False
RES001286,False,True,False,False,False,False,True,True,False,True,False,True,False
RES001287,True,False,False,True,False,False,False,False,False,False,False,True,True
RES001288,False,True,True,True,False,False,False,True,True,False,False,True,False
RES001289,True,False,True,False,False,False,False,False,False,True,False,False,False
RES001290,True,True,False,False,False,False,False,True,False,False,True,False,False
RES001291,False,False,False,True,True,False,True,True,False,False,False,False,True
RES001292,False,True,False,True,False,False,True,True,False,True,False,True,False
RES001293,True,False,True,True,True,True,True,False,False,False,True,False,False
RES001294,False,False,False,True,False,False,False,True,False,True,False,False,True
RES001295,False,True,True,True,True,False,False,True,True,True,False,True,False
RES001296,True,True,False,False,True,False,False,False,False,True,True,True,True
RES001297,True,False,True,True,True,True,False,False,True,False,False,False,True
RES001298,True,True,False,False,True,False,False,True,False,False,True,False,False
RES001299,True,False,False,False,False,True,True,True,False,False,False,True,False
RES001300,False,True,True,True,False,True,False,False,False,True,True,True,True
RES001301,False,True,False,False,False,True,False,False,False,False,True,True,False
RES001302,True,False,True,True,True,True,False,True,False,False,True,False,False
RES001303,True,True,False,False,False,False,False,False,False,False,True,True,True
RES001304,False,False,True,False,False,False,False,True,True,True,False,True,True
RES001305,False,True,True,False,True,True,True,False,False,True,False,True,True
RES001306,False,False,False,False,True,True,False,True,False,False,True,False,False
RES001307,False,True,False,True,True,True,False,False,False,False,False,True,False
RES001308,True,True,True,False,False,False,True,False,True,True,True,False,True
RES001309,False,True,False,True,True,False,True,True,True,True,True,True,False
RES001310,True,False,False,True,False,False,True,True,False,False,True,True,False
RES001311,False,False,True,False,False,False,True,False,False,False,True,True,True
RES001312,True,False,True,True,True,False,True,True,True,False,False,True,True
RES001313,False,False,False,True,False,True,False,True,True,True,True,True,True
RES001314,False,True,False,True,True,True,False,False,False,False,False,False,True
RES001315,False,True,False,False,False,True,True,True,True,False,False,False,False
RES001316,False,False,False,False,True,False,False,False,True,False,False,True,False
RES001317,False,False,True,False,True,False,True,True,False,True,False,False,True
RES001318,False,True,False,True,True,False,False,False,True,False,True,False,False
RES001319,True,False,False,False,False,True,True,True,True,True,True,True,False
RES001320,False,False,True,True,True,False,False,True,False,True,True,True,False
RES001321,True,True,True,False,True,False,False,True,False,False,True,True,False
RES001322,False,False,True,False,False,True,False,False,False,False,False,True,False
RES001323,True,False,False,False,True,True,False,True,True,True,True,True,True
RES001324,True,True,True,True,True,False,False,False,True,False,False,False,True
RES001325,False,True,False,False,True,False,True,True,True,False,True,True,False
RES001326,True,True,False,True,True,True,False,True,True,False,True,False,True
RES001327,False,True,False,False,True,True,False,True,False,True,True,False,True
RES001328,True,True,True,False,True,False,False,False,True,True,False,True,True
RES001329,False,False,False,True,True,True,True,False,True,True,True,True,False
RES001330,False,True,True,False,True,False,False,True,True,True,True,False,True
RES001331,False,False,False,False,False,True,False,False,False,True,False,False,False
RES001332,False,False,True,True,False,False,False,False,True,True,True,False,False
RES001333,True,False,True,False,False,True,True,False,True,False,True,True,False
RES001334,False,True,False,True,True,False,False,True,False,True,False,False,False
RES001335,False,False,False,True,True,True,False,True,True,False,False,False,True
RES001336,True,False,False,True,True,False,True,False,True,True,True,True,False
RES001337,False,False,False,True,True,False,True,True,True,True,False,False,True
RES001338,False,True,True,True,True,True,False,False,False,True,True,False,True
RES001339,False,True,True,True,True,False,True,True,False,True,False,True,True
RES001340,True,False,False,True,False,False,True,False,True,False,True,False,True
RES001341,True,False,False,True,True,False,True,False,True,False,False,True,False
RES001342,True,True,False,False,True,True,True,True,False,True,False,True,True
RES001343,False,True,False,False,False,False,False,False,True,False,False,False,False
RES001344,True,False,False,True,False,True,True,True,False,False,False,True,True
RES001345,True,True,True,True,True,True,False,False,False,False,False,False,False
RES001346,False,True,False,True,True,False,True,False,False,False,False,True,True
RES001347,True,False,False,False,False,False,True,True,True,False,False,False,False
RES001348,False,True,False,False,False,False,True,True,True,False,False,False,True
RES001349,False,False,True,False,False,False,False,False,False,False,True,False,False
RES001350,True,True,False,False,True,False,True,True,True,True,False,True,True
RES001351,True,True,True,False,False,False,False,False,False,True,False,False,True
RES001352,True,True,True,True,False,True,True,False,False,False,True,False,False
RES001353,True,True,True,False,False,True,True,False,False,False,False,True,True
RES001354,False,False,True,True,True,False,False,True,True,False,False,True,True
RES001355,False,False,True,False,False,False,True,True,False,True,False,True,False
RES001356,True,False,False,True,True,False,False,False,False,True,True,False,True
RES001357,False,False,True,True,True,False,False,False,False,False,False,False,False
RES001358,True,False,False,False,False,False,False,False,True,True,True,False,False
RES001359,True,False,True,False,True,True,False,True,False,False,True,False,True
RES001360,True,False,True,True,True,True,False,True,False,False,True,True,False
RES001361,True,False,False,True,True,False,True,True,True,True,True,False,True
RES001362,True,True,False,True,False,False,False,True,True,True,False,False,True
RES001363,True,False,True,True,True,True,True,False,True,False,True,False,True
RES001364,True,True,False,True,True,True,False,False,True,False,True,False,True
RES001365,False,True,True,False,True,True,True,False,False,False,False,False,True
RES001366,False,True,False,False,True,True,False,False,True,False,False,False,False
RES001367,True,True,False,True,True,True,False,False,False,False,True,False,True
RES001368,False,True,True,False,True,True,True,True,False,True,True,True,True
RES001369,True,True,True,True,False,True,True,False,False,False,False,True,True
RES001370,False,True,False,False,True,False,False,True,True,False,True,False,True
RES001371,True,False,True,True,True,False,False,True,False,False,True,False,True
RES001372,False,False,True,True,True,True,False,True,True,True,False,False,True
RES001373,True,True,False,True,True,False,True,False,False,False,True,False,False
RES001374,True,True,True,True,False,True,True,True,True,False,False,True,False
RES001375,False,False,False,False,False,False,True,True,False,True,True,False,True
RES001376,True,False,False,True,False,True,False,False,True,True,False,False,True
RES001377,False,False,False,False,True,False,False,True,False,True,False,False,True
RES001378,True,False,False,True,True,False,False,True,False,True,False,False,True
RES001379,True,False,True,True,False,True,True,False,True,False,True,True,True
RES001380,True,False,False,True,True,False,True,False,False,True,True,True,True
RES001381,False,False,True,False,True,True,True,True,True,False,True,False,True
RES001382,False,True,True,True,True,True,True,False,True,True,True,False,False
RES001383,False,True,True,False,False,True,True,True,False,False,True,True,False
RES001384,False,True,True,False,True,True,False,False,False,True,True,True,False
RES001385,True,False,False,False,True,True,True,False,True,False,False,True,True
RES001386,False,True,False,False,False,False,False,False,True,True,True,True,True
RES001387,True,False,True,True,True,True,True,False,False,False,False,True,False
RES001388,False,False,False,False,True,False,False,False,False,True,False,True,False
RES001389,False,True,True,False,True,False,False,True,False,False,True,False,True
RES001390,False,False,True,True,False,True,False,True,True,True,True,True,True
RES001391,True,False,True,True,True,False,True,True,True,False,True,False,False
RES001392,False,True,False,False,False,True,True,True,True,False,True,True,False
RES001393,True,True,False,True,False,False,False,True,True,True,True,True,False
RES001394,True,False,False,True,False,False,False,True,False,True,False,True,False
RES001395,True,False,True,True,False,True,True,True,False,False,False,False,True
RES001396,False,True,False,False,False,False,True,True,True,True,True,True,False
RES001397,True,False,True,False,False,True,True,True,True,True,True,False,True
RES001398,False,True,False,False,False,True,True,True,True,True,True,False,False
RES001399,True,True,False,True,True,False,False,False,True,True,True,True,False
RES001400,True,True,True,True,True,False,True,True,False,False,True,False,True
RES001401,False,False,True,False,False,True,False,True,True,True,False,False,False
RES001402,True,False,False,False,True,True,False,True,False,False,False,True,False
RES001403,False,False,True,True,False,False,False,False,True,False,False,True,False
RES001404,True,True,True,True,False,True,True,True,True,True,True,False,True
RES001405,True,True,True,False,True,False,True,True,False,False,False,True,False
RES001406,True,False,False,False,True,True,False,False,False,True,False,True,False
RES001407,True,False,False,True,False,True,False,False,True,True,False,True,True
RES001408,False,True,False,False,True,True,True,True,False,True,True,False,False
RES001409,False,False,False,True,True,True,True,True,True,False,False,False,True
RES001410,True,False,False,True,True,True,True,True,True,True,False,False,False
RES001411,False,False,False,True,False,False,False,False,True,True,True,True,True
RES001412,True,True,True,False,True,True,False,False,False,True,True,False,True
RES001413,True,False,False,True,True,True,False,False,False,True,True,True,True
RES001414,True,False,False,True,False,True,False,True,True,False,True,True,True
RES001415,True,False,False,True,True,False,True,False,False,True,False,False,False
RES001416,True,False,True,True,False,False,True,False,False,False,True,True,True
RES001417,False,False,False,True,False,True,True,False,False,True,True,False,False
RES001418,False,False,True,True,True,False,True,True,False,False,False,True,True
RES001419,True,True,False,True,True,True,True,False,False,False,False,True,False
RES001420,True,True,False,False,False,True,True,True,True,True,True,True,False
RES001421,False,False,True,True,True,True,True,True,False,True,False,False,False
RES001422,False,False,True,False,False,True,True,True,False,False,True,False,False
RES001423,False,False,True,True,True,True,False,True,False,True,True,False,False
RES001424,True,False,True,False,True,True,True,True,False,False,False,False,True
RES001425,True,False,True,False,True,False,True,False,True,True,False,True,True
RES001426,True,True,False,True,True,True,True,True,False,False,False,False,False
RES001427,False,True,True,True,True,True,False,True,True,False,False,True,False
RES001428,False,False,True,False,False,False,False,False,True,True,False,True,False
RES001429,False,False,False,False,False,False,False,True,True,False,True,True,True
RES001430,False,False,False,True,False,True,True,False,False,True,True,True,False
RES001431,True,False,False,True,False,False,False,True,False,False,False,True,True
RES001432,True,True,True,False,False,False,False,True,False,False,False,False,False
RES001433,False,True,False,True,True,True,True,True,False,False,False,True,True
RES001434,True,False,False,False,True,False,False,True,False,True,True,True,True
RES001435,False,True,False,False,True,False,False,True,False,True,True,True,False
RES001436,False,True,True,True,True,False,True,False,False,True,True,False,True
RES001437,False,False,True,False,False,True,False,True,False,True,False,False,False
RES001438,False,True,True,False,False,False,True,False,True,True,True,False,False
RES001439,True,True,False,False,True,True,True,False,False,False,True,False,True
RES001440,False,False,True,True,False,True,True,False,True,False,False,False,False
RES001441,False,True,True,False,False,False,True,False,True,True,False,True,True
RES001442,False,False,False,False,True,False,True,True,False,True,False,False,False
RES001443,False,True,True,False,True,True,True,False,True,True,False,False,True
RES001444,False,False,False,True,False,True,False,False,True,False,True,True,True
RES001445,False,True,True,False,False,False,False,True,False,True,False,False,False
RES001446,True,True,True,False,False,False,True,False,True,False,True,False,False
RES001447,False,False,True,False,True,False,True,True,False,False,False,True,True
RES001448,True,False,True,False,True,True,False,False,True,False,False,False,False
RES001449,False,False,False,True,False,True,False,False,False,True,True,False,False
RES001450,False,True,True,True,False,False,False,True,True,True,False,False,False
RES001451,False,False,False,False,False,False,False,False,False,False,False,False,True
RES001452,False,True,False,True,False,False,True,True,True,False,False,False,True
RES001453,True,True,True,False,True,True,True,True,True,False,True,True,False
RES001454,True,False,False,False,False,False,False,True,False,True,False,False,True
RES001455,True,True,False,True,False,False,False,True,True,True,True,False,False
RES001456,True,True,False,True,True,False,False,False,True,True,False,True,True
RES001457,True,False,False,True,True,False,True,False,True,True,True,True,True
RES001458,False,True,False,True,False,True,False,True,True,False,True,False,False
RES001459,False,True,True,True,True,True,False,False,True,True,False,True,False
RES001460,False,True,False,False,False,False,False,True,True,True,True,False,True
RES001461,True,True,True,True,True,True,True,True,True,True,True,True,True
RES001462,False,True,False,False,False,True,True,False,True,True,False,False,False
RES001463,False,False,False,True,True,False,True,False,True,False,False,True,True
RES001464,True,True,True,True,True,False,False,False,False,True,False,True,False
RES001465,False,False,True,False,True,True,False,True,False,False,True,True,True
RES001466,False,False,False,False,False,False,True,True,False,False,True,False,False
RES001467,False,True,False,True,False,True,False,False,True,False,False,True,False
RES001468,True,True,False,True,False,True,False,True,True,True,False,True,True
RES001469,True,False,False,False,False,True,False,False,True,True,False,True,True
RES001470,True,True,True,False,False,False,True,True,True,True,True,False,False
RES001471,True,True,True,False,False,False,True,False,True,True,True,False,True
RES001472,True,False,False,True,False,False,True,True,True,True,False,False,True
RES001473,True,True,True,False,True,False,False,True,False,True,False,True,True
RES001474,True,False,False,False,True,False,False,False,True,True,True,True,True
RES001475,True,True,True,True,False,True,True,True,True,False,False,False,False
RES001476,True,True,True,False,True,False,True,False,True,True,True,False,True
RES001477,False,True,True,False,True,False,True,False,True,False,True,True,True
RES001478,False,False,True,True,False,True,True,True,True,True,True,False,True
RES001479,False,True,True,False,False,True,False,False,False,False,True,False,False
RES001480,True,True,True,True,False,False,False,True,False,False,True,True,False
RES001481,True,True,True,False,False,True,True,False,False,True,False,False,True
RES001482,False,True,True,False,True,False,True,True,False,True,True,True,False
RES001483,True,False,False,False,False,True,False,True,False,False,True,True,True
RES001484,True,False,False,False,False,True,True,True,False,True,True,False,False
RES001485,False,True,True,True,True,False,False,True,True,True,True,False,True
RES001486,True,False,False,True,False,False,False,True,True,True,False,True,False
RES001487,True,True,True,True,False,True,True,False,False,False,False,True,False
RES001488,False,True,True,False,True,False,True,True,False,False,True,True,False
RES001489,False,False,False,False,True,True,False,True,True,False,True,True,False
RES001490,True,True,True,False,True,False,False,False,False,True,False,False,False
RES001491,False,True,True,True,True,False,True,False,False,False,False,False,True
RES001492,False,True,False,False,True,True,False,False,True,True,False,True,False
RES001493,True,True,True,True,True,False,False,True,True,False,False,False,True
RES001494,True,True,True,False,True,True,True,True,False,False,True,True,True
RES001495,True,True,True,False,False,True,False,False,False,False,True,True,False
RES001496,True,True,False,True,True,False,False,True,False,True,False,True,True
RES001497,True,True,True,False,False,True,True,False,False,True,True,False,False
RES001498,True,True,False,True,False,True,False,True,True,True,False,False,False
RES001499,True,True,False,True,True,False,False,True,True,False,True,True,True
RES001500,False,True,True,False,True,False,False,True,False,True,True,False,True
RES001501,False,True,False,True,False,True,True,True,True,True,True,False,False
RES001502,True,False,True,True,True,False,True,True,True,True,True,True,True
RES001503,False,True,False,False,False,True,True,False,True,False,True,True,True
RES001504,False,False,True,False,True,False,True,True,False,False,False,True,False
RES001505,True,True,False,True,True,True,True,True,True,False,False,True,True
RES001506,True,False,False,True,False,True,False,True,False,False,True,True,True
RES001507,False,True,False,False,False,True,True,True,False,False,False,False,False
RES001508,False,True,False,True,True,False,False,False,False,True,False,False,False
RES001509,False,True,False,True,False,False,True,False,True,True,False,True,True
RES001510,False,True,True,True,True,False,True,True,False,False,True,True,False
RES001511,False,True,False,True,True,False,True,True,True,True,True,False,False
RES001512,False,True,True,False,True,True,False,True,False,False,True,True,True
RES001513,False,False,True,False,True,False,False,False,False,True,True,True,True
RES001514,True,False,True,False,False,True,True,True,True,False,False,True,True
RES001515,False,True,True,False,False,False,True,True,True,True,False,False,False
RES001516,True,False,False,True,True,False,False,True,True,True,True,True,False
RES001517,False,False,True,True,False,True,True,False,False,True,True,True,False
RES001518,True,False,True,True,True,True,False,False,False,False,False,False,False
RES001519,True,True,False,False,False,False,True,True,False,False,True,True,True
RES001520,False,False,True,True,False,True,True,False,False,False,True,True,True
RES001521,True,True,False,True,False,False,False,False,True,False,True,False,True
RES001522,True,False,False,True,True,False,True,False,True,True,True,False,True
RES001523,True,True,True,True,True,True,True,True,True,False,True,False,True
RES001524,True,True,False,True,True,True,False,False,True,True,True,True,True
RES001525,False,False,False,False,True,True,False,True,True,True,True,True,False
RES001526,False,False,True,True,True,False,True,False,True,False,True,False,False
RES001527,False,True,True,False,True,False,True,False,False,True,False,True,True
RES001528,True,True,False,True,True,False,False,False,False,True,True,True,True
RES001529,False,True,False,True,False,False,False,True,True,False,True,False,False
RES001530,True,False,False,False,False,False,False,True,True,True,False,True,False
RES001531,True,True,False,True,False,False,True,True,False,True,False,True,True
RES001532,True,True,False,False,True,True,True,True,False,True,False,True,False
RES001533,True,False,True,False,True,True,True,False,True,True,False,True,False
RES001534,False,False,False,False,False,True,True,True,False,True,False,True,True
RES001535,False,True,False,True,True,False,False,False,True,False,True,True,False
RES001536,False,False,False,True,True,False,False,True,True,False,True,False,False
RES001537,False,True,False,True,False,False,False,False,True,False,False,False,True
RES001538,False,True,True,True,False,True,True,True,False,True,True,True,True
RES001539,True,False,True,True,True,False,False,True,False,True,True,True,False
RES001540,False,False,True,False,True,True,True,False,True,True,False,True,False
RES001541,False,True,False,True,True,False,True,False,False,False,False,False,False
RES001542,False,True,True,True,True,True,False,False,False,True,False,True,True
RES001543,False,False,True,True,False,True,True,False,True,False,True,True,True
RES001544,True,True,True,True,False,True,False,False,True,False,True,False,False
RES001545,False,False,False,False,True,True,True,True,False,True,False,True,True
RES001546,False,False,False,True,False,False,False,False,True,True,False,False,True
RES001547,False,False,False,False,True,False,False,False,False,False,False,False,True
RES001548,False,False,False,True,False,True,False,False,False,True,False,False,False
RES001549,False,True,False,True,False,False,True,True,False,False,True,False,True
RES001550,False,False,True,False,False,True,False,True,False,True,True,True,True
RES001551,True,True,True,False,True,True,True,False,True,False,False,True,False
RES001552,True,True,True,True,False,False,True,True,False,False,False,True,False
RES001553,True,False,False,False,False,True,True,True,True,True,False,True,True
RES001554,True,False,False,False,True,False,False,True,True,False,False,False,True
RES001555,True,True,False,False,True,True,True,True,True,True,False,True,True
RES001556,True,False,True,False,False,False,False,True,False,True,False,False,False
RES001557,True,False,False,True,True,True,True,False,True,False,False,True,True
RES001558,True,True,True,True,False,False,False,True,True,True,True,False,True
RES001559,False,True,True,False,True,True,False,False,True,True,False,True,False
RES001560,True,False,False,True,True,True,False,False,True,True,True,False,True
RES001561,False,False,False,True,True,True,False,True,False,True,True,True,False
RES001562,True,True,True,True,True,False,True,False,False,True,False,False,True
RES001563,False,True,False,False,False,True,True,True,False,True,False,False,False
RES001564,False,True,True,True,False,True,False,True,True,True,True,True,True
RES001565,True,True,True,True,True,False,True,True,True,False,True,False,False
RES001566,False,True,False,False,True,False,True,False,False,False,False,False,False
RES001567,False,True,False,False,False,True,True,False,False,False,True,False,True
RES001568,False,True,False,False,True,True,False,True,False,True,False,True,False
RES001569,False,False,True,True,True,False,False,False,True,False,True,True,False
RES001570,True,True,False,False,True,True,False,True,True,True,False,True,True
RES001571,False,True,True,True,True,True,True,True,True,True,False,True,True
RES001572,True,True,False,True,True,False,True,True,False,True,False,False,False
RES001573,False,False,True,True,True,False,False,False,False,True,True,False,False
RES001574,False,True,False,False,True,True,False,True,False,False,True,False,True
RES001575,False,True,False,False,True,True,True,False,False,True,True,True,False
RES001576,True,False,True,True,False,False,False,False,True,False,True,False,True
RES001577,False,True,True,False,True,True,True,False,True,True,False,False,False
RES001578,True,True,True,False,False,False,True,False,False,True,True,False,True
RES001579,False,True,False,False,True,True,True,False,True,False,True,False,False
RES001580,True,False,True,True,True,True,False,False,True,False,False,False,False
RES001581,False,False,False,False,False,False,False,True,False,True,True,False,False
RES001582,True,False,False,False,True,True,True,True,True,True,False,False,False
RES001583,True,True,False,True,False,True,False,False,False,True,True,True,True
RES001584,False,False,True,True,True,False,True,False,True,True,True,False,False
RES001585,True,False,True,True,False,False,True,True,True,True,True,True,False
RES001586,False,True,False,False,True,False,False,False,False,True,False,False,False
RES001587,True,True,False,False,True,False,True,False,True,False,False,False,False
RES001588,False,False,True,True,True,True,True,True,False,True,False,False,False
RES001589,True,True,True,False,False,False,True,False,True,False,False,False,True
RES001590,True,True,True,False,True,False,False,True,True,True,False,False,False
RES001591,True,False,False,False,False,True,True,True,True,True,False,False,False
RES001592,False,False,True,True,False,True,True,True,False,True,False,False,True
RES001593,False,False,False,False,True,False,False,True,True,False,True,True,False
RES001594,True,False,False,True,True,False,True,False,True,True,False,True,True
RES001595,False,True,True,False,True,False,True,True,False,True,True,False,False
RES001596,False,False,True,True,True,False,True,False,True,False,False,True,False
RES001597,False,True,False,False,True,False,False,False,False,False,False,True,False
RES001598,False,True,False,True,True,False,True,False,False,True,False,True,True
RES001599,False,False,True,True,False,True,False,True,True,False,True,False,True
RES001600,False,False,False,True,False,False,False,False,True,True,False,False,True
RES001601,False,True,False,True,True,True,True,False,True,True,False,False,True
RES001602,True,False,True,False,True,True,False,True,True,False,False,True,False
RES001603,True,True,False,False,True,True,True,True,False,False,False,False,False
RES001604,True,False,True,False,False,True,False,True,False,True,False,True,False
RES001605,False,False,True,False,True,False,False,True,True,False,True,False,False
RES001606,True,True,False,False,True,True,True,False,False,False,False,True,False
RES001607,False,False,True,False,True,True,True,True,True,False,True,True,True
RES001608,True,True,True,True,False,True,True,True,True,False,False,False,True
RES001609,False,True,False,True,False,True,True,True,True,True,False,False,False
RES001610,True,False,True,True,False,True,True,True,False,False,True,True,True
RES001611,False,True,True,True,False,False,False,False,False,True,True,False,False
RES001612,False,True,True,True,True,False,False,False,False,False,True,True,True
RES001613,False,True,True,True,True,True,False,False,False,False,False,False,False
RES001614,False,True,False,True,True,True,True,False,True,False,False,False,False
RES001615,False,True,True,False,False,False,False,False,False,False,True,True,True
RES001616,False,True,True,False,False,True,False,False,True,True,True,False,False
RES001617,True,False,False,False,False,False,False,True,True,False,False,True,False
RES001618,True,True,False,False,True,False,True,True,False,True,True,False,False
RES001619,True,True,True,False,True,True,True,False,True,True,False,False,False
RES001620,True,True,True,False,True,False,True,True,False,False,False,False,False
RES001621,False,False,False,False,False,True,False,True,True,True,True,True,False
RES001622,True,False,True,False,True,True,False,False,True,False,True,False,False
RES001623,False,True,False,True,True,True,True,False,True,False,False,False,False
RES001624,False,True,False,False,True,True,False,False,False,True,True,False,False
RES001625,True,True,False,False,False,True,True,False,True,False,False,True,True
RES001626,True,False,False,True,True,True,True,False,True,True,False,True,False
RES001627,True,False,True,True,True,False,True,False,True,True,True,False,False
RES001628,True,False,True,True,True,True,True,False,False,False,True,True,False
RES001629,True,False,False,True,False,False,True,True,False,False,True,False,True
RES001630,False,True,True,False,True,True,False,False,True,True,False,False,True
RES001631,False,True,True,True,True,True,True,False,True,True,True,False,False
RES001632,True,True,True,True,False,True,True,True,True,True,True,True,True
RES001633,True,False,True,False,False,True,False,True,False,False,False,False,True
RES001634,True,False,False,True,True,False,True,False,True,False,True,False,False
RES001635,True,False,True,False,True,True,True,False,True,True,True,False,True
RES001636,True,False,True,True,False,True,True,False,False,True,False,True,False
RES001637,True,False,True,False,False,True,False,True,False,False,True,True,True
RES001638,True,True,True,True,True,True,False,False,True,True,True,False,False
RES001639,True,True,False,False,True,True,True,False,False,True,False,True,True
RES001640,False,True,False,False,True,False,False,True,True,False,False,True,False
RES001641,True,True,True,True,True,False,True,True,True,False,False,False,False
RES001642,True,True,False,False,True,True,True,False,False,False,False,False,False
RES001643,True,False,True,True,True,False,True,False,True,False,False,True,False
RES001644,True,True,False,False,False,True,True,False,False,True,False,False,True
RES001645,False,False,False,True,True,False,True,False,False,True,True,False,True
RES001646,True,True,False,True,False,True,False,True,True,False,False,True,False
RES001647,False,False,False,True,False,False,True,True,False,False,False,False,True
RES001648,False,False,False,False,False,True,True,True,True,True,True,False,True
RES001649,True,True,False,True,False,True,True,True,False,True,False,False,False
RES001650,False,False,True,False,False,True,False,True,True,False,True,False,False
RES001651,True,True,True,True,True,False,False,False,True,False,False,False,True
RES001652,False,True,True,True,True,False,True,True,True,True,True,True,True
RES001653,True,False,False,False,True,True,True,True,True,True,False,False,True
RES001654,True,False,False,False,True,True,False,True,False,True,True,True,True
RES001655,True,True,False,False,True,True,False,False,False,False,True,True,True
RES001656,False,False,False,True,False,True,True,False,False,True,False,True,False
RES001657,False,False,True,False,False,True,True,True,False,True,False,False,False
RES001658,False,False,False,False,False,False,False,True,True,True,False,True,True
RES001659,False,False,True,False,True,True,False,False,False,False,True,True,False
RES001660,False,True,True,False,False,True,False,True,False,False,False,False,False
RES001661,False,True,True,False,True,True,False,True,False,True,False,False,False
RES001662,True,True,False,True,False,True,False,True,True,True,True,True,True
RES001663,True,False,True,True,False,True,True,True,False,False,True,False,True
RES001664,True,True,True,True,False,False,True,True,False,True,True,False,False
RES001665,False,True,False,True,True,False,False,False,True,True,True,False,True
RES001666,False,True,True,True,True,True,False,True,False,True,False,True,False
RES001667,True,True,False,True,False,True,True,False,False,False,False,False,False
RES001668,True,True,False,True,False,True,True,False,False,False,False,True,True
RES001669,True,False,False,True,False,False,False,False,False,True,True,False,False
RES001670,True,False,True,True,False,False,False,False,False,False,True,True,False
RES001671,True,False,False,True,True,False,False,True,True,False,True,False,True
RES001672,True,True,False,True,True,True,True,False,False,True,True,False,True
RES001673,False,True,False,True,True,True,False,False,False,True,True,False,True
RES001674,True,False,False,True,False,True,False,True,True,True,True,False,True
RES001675,False,True,False,False,False,False,True,False,True,True,False,True,False
RES001676,False,True,True,True,False,True,False,True,True,False,True,True,True
RES001677,True,False,True,True,True,False,True,True,False,False,False,False,True
RES001678,False,True,True,True,True,True,True,False,True,True,False,True,True
RES001679,False,False,False,True,True,False,True,True,True,False,False,True,True
RES001680,False,False,False,True,False,False,True,False,False,True,True,True,True
RES001681,True,True,True,False,False,False,True,False,True,True,False,True,True
RES001682,True,True,True,True,False,False,True,False,True,True,False,True,False
RES001683,False,True,False,False,False,True,False,False,True,False,False,False,True
RES001684,False,True,False,True,False,True,True,False,False,True,False,False,True
RES001685,True,False,True,True,True,True,False,True,False,False,False,True,True
RES001686,True,False,False,False,False,False,False,False,True,True,False,True,False
RES001687,False,True,False,True,True,True,False,False,False,True,True,False,True
RES001688,False,False,False,False,False,False,False,False,False,True,True,False,False
RES001689,False,True,False,True,True,False,False,True,True,False,False,True,True
RES001690,False,True,True,True,False,True,False,False,False,False,True,False,False
RES001691,False,False,True,True,True,True,True,False,False,True,False,True,True
RES001692,False,False,False,True,True,True,False,True,True,True,False,True,True
RES001693,False,True,False,False,False,True,True,False,True,True,True,False,False
RES001694,False,False,False,True,True,True,True,True,True,True,False,False,True
RES001695,False,False,False,True,False,True,True,True,False,True,False,False,False
RES001696,True,True,False,True,False,False,False,False,True,True,False,False,False
RES001697,True,True,True,True,True,False,False,True,False,True,True,True,True
RES001698,False,True,True,True,False,False,False,True,False,True,False,False,False
RES001699,False,False,False,True,True,True,False,False,True,True,True,True,True
RES001700,False,True,False,True,False,True,False,True,True,False,False,True,False
RES001701,True,False,True,False,False,True,True,True,True,False,True,True,False
RES001702,False,False,True,False,True,False,False,True,True,True,True,True,True
RES001703,True,False,True,False,False,False,False,False,True,False,False,False,True
RES001704,False,True,True,False,False,False,True,True,True,False,True,True,False
RES001705,False,True,False,True,True,False,False,True,False,True,False,False,True
RES001706,True,False,True,True,False,False,True,False,False,True,True,False,True
RES001707,False,True,False,True,True,True,False,True,True,False,True,False,False
RES001708,False,True,False,False,True,False,False,True,False,False,True,False,True
RES001709,True,False,True,False,True,False,False,True,False,False,False,True,False
RES001710,True,False,True,True,True,False,False,False,True,True,False,True,False
RES001711,False,False,True,False,True,True,False,False,False,True,False,False,True
RES001712,False,True,False,True,True,False,False,True,True,False,False,True,True
RES001713,True,True,True,False,False,False,True,True,True,False,True,False,True
RES001714,False,True,False,False,True,False,True,True,True,True,False,True,True
RES001715,False,True,True,False,False,True,False,True,True,False,False,False,False
RES001716,False,True,True,True,False,True,True,False,True,True,False,False,True
RES001717,True,False,False,False,True,True,True,False,False,True,True,False,True
RES001718,True,False,False,False,False,True,False,True,False,False,False,True,False
RES001719,False,True,True,False,True,False,False,True,True,False,True,True,False
RES001720,True,False,False,False,True,False,True,True,False,False,True,True,False
RES001721,True,True,False,True,False,True,True,False,False,False,False,False,False
RES001722,False,False,True,False,True,False,True,False,False,True,False,True,False
RES001723,False,True,False,True,False,False,True,False,False,True,False,False,False
RES001724,True,False,False,False,False,False,False,False,True,True,False,False,False
RES001725,False,False,True,True,True,False,False,False,False,False,True,False,True
RES001726,False,True,False,False,True,True,True,True,True,False,False,False,True
RES001727,False,True,False,True,False,True,False,True,True,True,True,True,True
RES001728,False,False,False,False,True,False,False,False,True,True,False,False,False
RES001729,True,False,True,True,True,True,False,True,False,False,False,False,True
RES001730,True,True,False,False,False,False,True,False,False,False,True,True,True
RES001731,False,True,True,False,True,True,False,False,False,False,False,False,True
RES001732,False,True,False,False,True,False,False,False,False,True,False,False,True
RES001733,True,True,True,False,False,True,True,True,True,True,False,True,False
RES001734,True,True,True,False,True,True,False,True,False,True,False,False,True
RES001735,False,False,True,True,True,True,True,True,True,False,True,True,True
RES001736,True,True,True,False,True,True,True,False,False,True,True,True,False
RES001737,True,False,True,True,True,True,False,True,False,True,True,True,False
RES001738,False,False,False,False,False,False,False,True,True,False,False,False,True
RES001739,False,True,True,True,True,True,False,True,False,False,False,True,False
RES001740,True,True,False,False,False,True,True,False,False,False,False,False,True
RES001741,False,True,True,True,True,True,True,True,False,True,False,False,False
RES001742,True,True,True,False,True,True,True,True,False,True,False,True,True
RES001743,False,False,True,True,False,False,False,False,True,False,False,False,True
RES001744,True,False,False,True,False,False,True,True,False,False,True,False,True
RES001745,False,True,False,True,False,False,False,False,False,False,True,False,True
RES001746,False,False,True,False,True,True,True,True,True,False,True,False,True
RES001747,False,False,True,True,True,False,False,False,False,True,True,True,False
RES001748,False,True,True,False,True,True,True,True,True,True,False,True,False
RES001749,False,True,True,True,True,False,False,False,False,False,False,True,True
RES001750,True,False,True,False,False,True,True,False,False,False,False,True,True
RES001751,True,True,True,False,False,False,False,False,True,True,True,True,False
RES001752,True,True,False,True,True,True,False,True,True,False,False,False,True
RES001753,False,False,False,True,False,True,False,False,True,True,True,True,True
RES001754,True,True,True,False,False,False,True,False,True,True,True,False,False
RES001755,True,True,False,True,False,False,False,True,False,True,True,False,True
RES001756,True,True,False,False,False,False,True,True,False,False,True,True,False
RES001757,False,True,False,True,False,False,False,False,False,True,False,True,True
RES001758,False,False,True,True,True,True,False,False,True,False,False,True,True
RES001759,True,False,True,False,True,True,True,False,True,True,False,False,False
RES001760,True,True,True,True,False,True,True,True,False,False,True,False,False
RES001761,False,False,False,False,False,True,True,False,True,True,False,True,True
RES001762,True,True,False,True,True,False,True,False,True,False,False,False,False
RES001763,False,False,False,False,True,False,False,True,True,True,True,True,False
RES001764,True,False,True,False,True,False,False,True,False,False,False,True,False
RES001765,True,False,True,True,True,True,True,True,True,False,False,False,True
RES001766,True,False,False,True,False,False,True,False,False,True,False,False,False
RES001767,False,True,False,True,False,False,True,True,True,True,True,True,True
RES001768,True,True,False,False,False,True,False,False,False,False,False,True,False
RES001769,False,False,False,True,False,True,True,False,False,True,False,True,True
RES001770,False,True,False,False,True,True,True,False,True,False,False,True,False
RES001771,False,True,True,True,True,False,True,False,False,True,True,True,False
RES001772,True,False,True,True,False,True,False,True,True,False,False,True,True
RES001773,False,True,False,False,False,True,True,False,True,True,True,True,True
RES001774,True,True,True,True,True,False,False,False,True,False,False,True,True
RES001775,True,False,True,False,True,True,True,True,True,False,False,True,False
RES001776,True,False,True,False,True,True,False,True,False,False,False,False,True
RES001777,True,False,False,True,False,False,False,False,True,False,True,True,False
RES001778,False,False,True,True,False,True,True,True,True,False,False,False,False
RES001779,True,False,True,False,True,False,True,False,False,True,True,False,False
RES001780,False,True,True,True,False,False,True,True,False,False,False,True,False
RES001781,True,False,True,True,False,True,False,True,False,False,True,False,True
RES001782,True,False,True,True,True,True,True,True,False,True,True,True,True
RES001783,False,False,True,True,True,False,False,False,False,False,True,True,True
RES001784,True,True,True,True,True,False,False,True,False,True,False,True,True
RES001785,True,False,False,False,True,True,False,False,False,False,True,False,False
RES001786,True,True,False,False,True,False,True,False,False,True,False,False,False
RES001787,False,True,False,True,False,True,True,True,False,False,False,False,True
RES001788,True,False,True,True,True,False,False,True,False,True,False,False,True
RES001789,False,True,True,False,False,False,True,True,False,True,True,True,False
RES001790,True,False,True,False,False,False,False,False,False,True,False,False,True
RES001791,True,True,True,False,True,True,True,False,True,True,False,False,False
RES001792,False,True,False,False,True,False,False,False,False,True,False,False,True
RES001793,False,True,True,False,True,True,False,True,False,True,True,True,False
RES001794,True,True,False,False,True,False,False,False,False,True,True,True,False
RES001795,True,False,True,True,True,True,True,False,True,False,True,False,False
RES001796,False,True,False,False,True,False,True,False,True,False,True,True,False
RES001797,True,False,True,False,True,True,True,True,True,True,False,False,True
RES001798,True,True,False,False,True,False,True,False,False,False,False,True,False
RES001799,False,False,False,False,True,False,True,False,True,False,True,False,True
RES001800,True,False,False,True,False,True,False,False,True,True,False,True,True
RES001801,False,False,True,True,True,True,False,True,True,True,False,False,True
RES001802,True,False,True,False,True,True,True,False,True,True,True,True,True
RES001803,True,False,False,True,False,True,False,False,False,True,False,True,True
RES001804,False,False,False,True,True,False,True,True,True,False,True,False,False
RES001805,True,False,True,False,False,True,True,False,False,True,False,True,True
RES001806,False,True,False,False,False,False,False,True,True,False,False,True,False
RES001807,False,True,True,False,False,True,False,True,False,False,False,False,False
RES001808,False,True,True,True,True,False,True,False,False,False,False,True,False
RES001809,False,True,True,True,True,False,False,True,True,True,False,False,True
RES001810,False,False,False,False,True,True,True,True,True,True,False,False,True
RES001811,True,False,False,False,False,True,True,False,True,False,False,True,True
RES001812,False,True,True,False,True,False,False,False,True,False,False,False,True
RES001813,False,False,False,False,False,True,True,False,True,False,True,False,True
RES001814,True,False,False,True,True,True,False,False,False,False,True,True,True
RES001815,False,True,False,False,False,True,True,True,False,True,False,True,False
RES001816,True,True,False,False,False,True,True,True,True,False,False,True,True
RES001817,False,True,True,True,True,True,True,False,False,True,True,True,True
RES001818,False,False,False,True,False,True,False,False,True,True,True,False,True
RES001819,True,False,True,True,True,False,True,False,False,False,True,False,False
RES001820,False,True,False,False,False,False,False,True,True,True,True,True,True
RES001821,True,False,True,False,False,True,False,False,False,True,True,True,True
RES001822,False,False,True,False,True,True,True,False,True,False,True,False,False
RES001823,False,True,False,True,False,True,True,False,False,True,False,False,False
RES001824,False,True,False,True,False,True,False,True,False,False,True,True,True
RES001825,False,False,True,False,False,False,False,True,True,False,True,True,True
RES001826,True,False,False,True,False,True,True,False,False,True,False,False,True
RES001827,True,False,True,True,False,True,True,False,True,True,False,False,False
RES001828,True,True,True,False,True,True,False,False,False,True,True,False,True
RES001829,False,True,True,True,True,False,True,True,False,False,False,False,True
RES001830,False,True,True,True,True,False,True,False,True,True,False,True,False
RES001831,False,False,True,True,True,True,False,True,True,True,True,False,True
RES001832,False,True,True,False,False,False,True,True,True,True,False,False,False
RES001833,True,True,False,True,True,False,True,True,True,True,False,True,True
RES001834,True,False,False,False,True,False,False,False,False,False,True,False,True
RES001835,False,True,False,False,False,True,True,True,True,True,True,True,False
RES001836,True,True,False,False,True,False,False,True,False,False,False,True,False
RES001837,False,True,False,False,True,True,False,True,False,True,True,False,True
RES001838,True,False,True,False,False,False,False,False,True,False,False,True,True
RES001839,True,False,True,True,False,True,True,False,True,True,False,True,False
RES001840,True,False,True,True,False,False,False,False,True,True,False,True,False
RES001841,False,False,False,True,False,True,True,True,True,False,True,False,True
RES001842,False,True,True,False,True,True,True,False,False,False,False,True,False
RES001843,True,True,True,False,True,True,False,False,False,False,True,True,False
RES001844,False,True,False,True,False,False,False,False,False,False,True,True,True
RES001845,True,True,True,False,False,True,True,False,True,False,True,False,True
RES001846,True,True,True,False,False,False,False,True,True,False,True,False,True
RES001847,False,True,False,True,False,False,False,True,True,False,False,True,True
RES001848,True,False,True,True,False,True,True,True,True,True,False,False,True
RES001849,False,True,False,True,False,False,True,False,True,False,True,False,True
RES001850,False,True,True,False,True,False,False,True,True,True,False,True,False
RES001851,False,True,True,False,True,False,False,False,False,True,False,True,False
RES001852,False,False,False,False,True,True,True,False,True,False,False,True,True
RES001853,True,True,False,True,False,False,False,True,True,True,True,False,True
RES001854,True,False,True,False,False,True,True,False,False,True,False,False,True
RES001855,True,True,False,False,False,False,True,True,True,False,False,True,False
RES001856,False,False,True,False,True,False,False,False,True,True,True,False,False
RES001857,False,True,False,False,False,True,False,True,True,True,True,False,False
RES001858,True,True,False,False,True,False,False,False,False,False,True,False,False
RES001859,False,False,False,False,True,True,False,False,True,False,False,True,True
RES001860,False,True,True,True,True,True,True,False,True,False,False,True,False
RES001861,True,False,False,True,False,False,True,True,False,False,True,True,False
RES001862,False,False,False,True,False,False,True,True,False,False,False,False,False
RES001863,False,True,True,False,False,False,False,True,False,False,False,True,False
RES001864,False,True,True,False,False,False,True,True,True,True,False,False,False
RES001865,True,True,False,False,False,True,True,True,False,False,False,True,False
RES001866,True,False,True,True,True,False,True,True,False,True,False,True,False
RES001867,True,True,False,True,False,True,True,False,True,False,False,True,False
RES001868,False,False,True,False,False,False,False,False,True,True,False,True,False
RES001869,True,False,False,False,True,True,True,False,True,True,False,True,False
RES001870,False,False,False,False,True,False,False,True,True,True,False,True,False
RES001871,False,True,True,False,False,False,True,False,True,False,False,False,True
RES001872,False,True,False,True,True,True,True,False,False,False,True,False,True
RES001873,False,True,True,True,False,False,True,False,False,True,True,True,False
RES001874,True,True,False,True,True,False,True,True,False,True,True,False,True
RES001875,True,True,True,True,False,False,False,False,True,True,True,True,False
RES001876,True,False,True,False,True,True,True,True,False,True,False,True,False
RES001877,True,False,True,False,True,True,False,False,True,True,True,False,True
RES001878,True,True,True,False,True,True,True,False,True,False,False,False,False
RES001879,True,False,True,True,False,True,False,False,False,False,True,True,False
RES001880,False,False,True,True,False,False,False,True,False,False,False,False,True
RES001881,True,False,True,True,True,True,True,False,True,True,False,True,True
RES001882,True,True,True,False,True,False,False,False,False,True,True,False,True
RES001883,False,False,True,False,False,False,True,True,False,True,False,False,False
RES001884,True,False,False,False,True,True,True,True,False,True,True,True,True
RES001885,False,False,True,False,True,False,False,False,False,True,True,True,False
RES001886,False,True,True,True,True,True,False,True,True,False,True,False,False
RES001887,False,False,False,True,True,True,True,True,True,True,False,True,False
RES001888,True,False,False,True,True,True,True,True,False,False,True,False,False
RES001889,True,True,False,True,False,False,True,False,True,True,True,True,False
RES001890,True,False,True,True,False,False,True,False,False,True,True,False,True
RES001891,True,True,True,False,False,False,True,False,True,True,True,True,False
RES001892,True,False,False,True,True,False,True,True,False,True,True,False,True
RES001893,False,False,False,True,True,False,False,True,False,False,True,True,False
RES001894,False,False,True,False,False,False,False,True,True,False,True,True,True
RES001895,True,True,True,True,False,False,False,False,True,True,False,True,False
RES001896,False,False,True,False,False,True,True,True,True,True,False,True,True
RES001897,False,True,True,False,False,False,False,True,True,True,False,True,True
RES001898,True,True,True,False,True,True,False,False,False,False,True,False,True
RES001899,False,True,False,False,False,True,False,False,True,False,True,False,True
RES001900,False,True,True,False,True,False,True,True,True,False,True,False,True
RES001901,False,True,True,True,False,False,False,False,False,True,True,True,False
RES001902,False,True,True,False,True,True,True,False,True,True,True,True,True
RES001903,False,False,True,False,True,True,True,True,False,False,False,True,True
RES001904,True,True,False,True,False,False,False,True,True,True,False,True,False
RES001905,False,False,False,True,False,False,False,True,False,True,False,False,True
RES001906,True,True,True,True,True,False,False,True,False,True,False,True,False
RES001907,False,True,False,True,False,False,False,False,True,True,False,True,False
RES001908,True,True,True,False,False,True,True,False,True,False,False,True,True
RES001909,True,False,False,False,True,True,True,False,True,False,False,False,False
RES001910,False,True,False,True,False,False,True,True,False,True,False,False,False
RES001911,False,True,True,True,False,True,False,False,False,True,True,False,False
RES001912,False,True,False,True,False,False,False,True,False,True,True,False,False
RES001913,False,False,False,False,False,False,True,True,True,False,True,False,True
RES001914,False,False,True,False,True,True,False,False,False,False,False,False,True
RES001915,True,False,True,False,False,True,False,False,False,False,True,True,True
RES001916,True,True,True,False,False,True,True,True,True,True,False,False,True
RES001917,True,True,True,True,False,True,True,True,True,True,False,False,False
RES001918,False,False,False,False,True,True,True,True,False,True,False,True,True
RES001919,True,True,False,True,True,True,True,True,False,True,False,True,True
RES001920,False,True,True,False,True,False,False,False,True,True,True,True,False
RES001921,True,False,True,True,False,False,True,True,False,True,True,False,False
RES001922,True,False,False,True,False,False,False,False,True,True,False,False,True
RES001923,True,True,True,False,False,False,True,False,False,False,False,False,False
RES001924,True,True,False,False,False,True,True,True,True,True,False,True,True
RES001925,False,False,False,True,False,False,True,False,True,False,False,False,False
RES001926,True,False,True,False,False,True,False,True,True,True,True,True,False
RES001927,False,False,False,False,False,False,True,True,True,False,True,True,False
RES001928,True,False,False,False,True,True,True,True,False,True,True,True,False
RES001929,False,True,True,True,True,False,True,True,False,True,False,False,True
RES001930,False,True,False,True,True,False,True,False,False,False,False,True,False
RES001931,False,False,True,False,True,True,True,False,False,False,True,True,False
RES001932,False,False,False,True,False,True,False,True,True,True,False,True,False
RES001933,False,True,False,False,True,False,False,True,False,False,True,False,False
RES001934,True,True,False,False,True,False,True,True,True,False,False,False,True
RES001935,True,True,False,False,True,False,True,True,False,False,True,True,False
RES001936,False,False,False,False,False,False,False,True,True,True,True,False,False
RES001937,True,True,False,False,True,True,False,False,True,True,False,True,False
RES001938,True,True,True,False,False,False,False,True,False,True,True,True,False
RES001939,False,True,False,True,True,False,False,False,True,False,True,False,False
RES001940,False,True,False,True,False,True,True,False,True,True,False,False,False
RES001941,True,True,False,True,True,False,True,False,False,False,False,False,True
RES001942,False,False,False,True,False,False,True,False,False,False,False,False,False
RES001943,False,False,False,True,True,True,False,False,False,True,False,False,True
RES001944,True,True,False,True,True,False,True,False,False,True,False,False,False
RES001945,False,False,False,False,False,True,False,False,False,False,False,False,False
RES001946,False,True,True,True,False,False,True,True,True,False,False,True,True
RES001947,True,False,False,True,True,True,True,True,True,True,True,False,True
RES001948,True,False,False,False,False,False,False,True,False,True,True,True,False
RES001949,False,False,True,False,True,True,False,True,True,True,True,False,False
RES001950,False,True,True,True,True,True,False,False,True,True,False,False,True
RES001951,False,False,False,True,False,False,True,False,False,True,True,False,True
RES001952,True,True,True,True,True,True,False,False,False,True,False,True,False
RES001953,False,False,True,True,True,False,False,False,False,True,True,True,False
RES001954,False,False,True,False,True,False,False,True,False,True,False,True,False
RES001955,True,False,False,True,False,True,True,False,False,True,False,True,False
RES001956,True,True,False,False,True,True,False,False,True,False,True,False,False
RES001957,True,True,True,False,True,True,False,True,True,True,True,True,True
RES001958,True,True,True,True,False,True,False,False,False,False,False,True,False
RES001959,False,False,True,True,False,True,True,False,True,False,True,False,True
RES001960,False,False,True,True,True,False,False,True,True,False,True,True,True
RES001961,True,False,True,False,False,True,False,True,False,True,False,True,True
RES001962,True,True,False,True,False,True,False,True,False,True,False,False,True
RES001963,False,True,False,False,False,False,True,False,False,True,True,False,True
RES001964,True,True,False,True,False,False,True,True,False,True,True,False,True
RES001965,False,True,True,True,True,True,True,True,True,False,True,True,True
RES001966,True,True,True,False,True,False,True,True,False,False,False,False,False
RES001967,False,False,False,True,False,False,False,True,False,True,False,False,False
RES001968,False,True,True,True,False,True,False,False,False,True,True,True,False
RES001969,False,True,True,False,True,False,False,False,False,True,True,False,True
RES001970,True,True,False,True,True,True,True,True,True,True,False,True,True
RES001971,False,False,True,False,False,True,True,False,False,True,False,False,True
RES001972,False,False,False,False,False,True,False,True,False,True,False,False,True
RES001973,False,True,True,False,True,True,True,False,True,False,True,False,True
RES001974,False,False,False,False,True,True,False,False,False,True,True,True,True
RES001975,True,False,True,False,True,True,False,True,False,False,False,True,False
RES001976,True,False,False,True,False,False,True,False,True,False,True,True,True
RES001977,True,False,True,False,True,False,True,True,False,True,True,False,True
RES001978,True,True,False,False,False,True,True,True,True,False,False,True,False
RES001979,True,False,False,True,False,True,True,False,True,False,True,True,False
RES001980,True,False,True,False,True,True,True,True,True,False,True,False,True
RES001981,True,False,False,False,False,True,False,True,True,True,True,False,True
RES001982,False,True,False,True,False,False,False,True,True,True,False,False,True
RES001983,False,True,False,True,True,True,True,True,True,False,False,False,True
RES001984,True,True,False,True,True,True,True,False,True,False,True,False,True
RES001985,False,False,True,False,True,True,False,True,False,True,True,False,True
RES001986,True,True,False,False,True,False,False,True,False,False,True,True,True
RES001987,False,True,True,False,False,True,False,True,False,False,True,True,True
RES001988,False,True,True,False,False,False,False,True,False,True,True,True,True
RES001989,True,True,True,True,True,True,False,True,False,True,False,True,False
RES001990,False,False,False,False,False,True,True,True,True,True,False,False,True
RES001991,True,False,True,False,True,True,False,False,True,True,True,False,False
RES001992,True,False,True,True,False,False,False,True,False,True,False,False,True
RES001993,True,True,False,False,True,True,True,False,True,True,False,True,False
RES001994,True,False,False,True,True,True,True,False,True,True,False,False,True
RES001995,True,True,False,False,False,True,False,True,True,False,True,False,True
RES001996,True,False,False,True,True,False,True,True,False,False,False,True,False
RES001997,False,False,False,True,True,False,False,False,False,True,True,True,False
RES001998,False,True,False,False,True,True,True,True,True,True,True,False,True
RES001999,True,True,False,False,False,False,True,False,True,True,True,False,True
RES002000,False,True,False,True,True,True,False,False,False,False,True,False,True
RES002001,False,True,True,False,True,True,True,False,False,False,True,True,False
RES002002,False,False,False,True,False,True,False,True,True,True,False,False,False
RES002003,False,True,True,True,False,False,True,False,True,False,False,True,True
RES002004,True,True,False,True,False,False,False,True,False,True,False,True,True
RES002005,True,True,False,False,False,False,False,True,True,False,True,True,True
RES002006,True,False,False,False,True,True,False,False,True,False,False,False,False
RES002007,False,False,True,False,True,True,False,False,True,True,False,False,False
RES002008,False,True,True,False,True,False,True,False,False,False,False,False,True
RES002009,False,False,True,True,False,True,False,False,False,True,False,False,False
RES002010,False,True,True,False,True,True,False,True,False,False,False,False,True
RES002011,True,True,False,True,False,True,False,True,False,True,True,True,False
RES002012,True,False,True,True,False,True,True,True,False,True,True,False,True
RES002013,False,False,True,False,False,True,True,False,False,False,True,False,True
RES002014,True,False,False,True,True,True,True,False,True,False,False,False,False
RES002015,True,True,False,True,False,True,True,True,False,False,True,True,False
RES002016,True,True,False,False,True,False,False,False,True,False,True,True,False
RES002017,True,True,False,False,True,False,True,True,True,True,False,False,True
RES002018,False,False,True,False,False,False,False,False,False,True,False,False,False
RES002019,True,False,False,False,True,True,True,True,False,True,True,True,False
RES002020,True,False,True,False,False,True,True,True,True,False,False,True,True
RES002021,False,True,True,True,True,True,False,False,False,True,True,False,True
RES002022,True,True,False,False,True,True,True,True,False,True,False,False,False
RES002023,False,True,False,True,True,False,False,False,True,False,True,True,True
RES002024,True,True,True,True,True,True,False,False,True,False,False,True,False
RES002025,True,False,False,False,False,True,False,False,False,False,False,False,False
RES002026,False,True,True,True,False,True,False,False,False,True,False,True,True
RES002027,False,True,True,True,True,True,True,False,False,False,True,True,True
RES002028,True,True,True,True,False,True,False,False,True,False,True,True,False
RES002029,True,False,False,False,False,True,True,True,False,True,True,False,False
RES002030,True,True,True,False,True,True,True,False,False,True,False,False,False
RES002031,True,False,False,True,False,True,True,True,False,False,False,False,False
RES002032,True,False,False,True,False,False,False,False,True,False,True,False,False
RES002033,False,False,True,True,True,True,False,True,False,False,True,True,True
RES002034,True,True,False,False,True,True,False,False,True,True,True,False,False
RES002035,False,False,False,True,False,True,False,True,False,False,True,False,True
RES002036,False,True,False,True,False,False,True,True,True,True,False,False,False
RES002037,False,True,True,False,True,True,True,True,False,True,False,False,True
RES002038,False,True,False,True,False,False,False,False,False,False,True,True,True
RES002039,True,True,True,True,False,True,False,True,False,False,True,True,False
RES002040,False,True,True,True,False,False,False,False,False,False,True,True,False
RES002041,True,False,True,False,True,False,False,False,False,True,False,False,True
RES002042,False,True,False,False,True,False,True,False,True,True,False,True,False
RES002043,True,False,True,True,True,False,True,True,True,False,True,True,False
RES002044,False,False,False,False,True,True,True,True,True,False,True,True,False
RES002045,False,False,True,True,False,True,True,True,False,False,True,True,False
RES002046,False,False,False,True,False,True,False,True,False,True,False,True,True
RES002047,False,False,False,False,True,False,True,True,False,True,True,True,False
RES002048,False,True,True,True,True,True,False,True,True,True,False,False,False
RES002049,True,False,False,True,True,True,False,True,False,True,False,True,True
RES002050,True,True,True,False,False,True,False,True,True,True,False,True,True
RES002051,False,False,False,False,False,True,False,False,True,True,False,False,False
RES002052,True,False,False,True,True,False,True,True,False,True,True,False,True
RES002053,False,True,False,True,True,True,False,True,True,True,True,True,False
RES002054,True,False,True,True,True,True,True,False,False,True,False,False,False
RES002055,False,False,True,True,False,True,False,False,False,False,False,False,True
RES002056,False,False,False,True,True,True,False,True,True,True,True,True,True
RES002057,True,False,False,False,False,False,True,False,False,False,False,True,True
RES002058,True,True,False,True,False,False,True,False,True,True,False,False,False
RES002059,True,True,False,False,True,True,False,False,False,True,True,True,True
RES002060,False,False,True,False,True,True,True,False,True,False,True,False,True
RES002061,False,False,False,False,False,False,False,True,True,False,False,False,True
RES002062,True,False,True,True,True,True,True,True,True,True,False,False,False
RES002063,False,True,True,True,True,True,False,True,True,False,True,True,False
RES002064,True,False,True,True,False,False,True,False,True,True,False,True,True
RES002065,False,False,True,False,True,True,False,True,True,True,True,True,False
RES002066,False,True,False,True,False,True,True,False,False,True,False,True,False
RES002067,True,False,True,True,False,True,False,False,True,True,False,True,True
RES002068,True,False,True,True,True,True,True,False,True,False,False,False,True
RES002069,True,False,False,False,False,True,True,True,True,False,False,True,True
RES002070,True,False,False,True,False,False,True,True,False,True,True,False,False
RES002071,True,True,True,False,False,False,True,False,True,False,True,False,False
RES002072,True,True,True,False,True,False,True,True,False,False,False,True,True
RES002073,False,True,True,True,False,True,True,False,False,True,True,False,False
RES002074,False,False,False,False,True,False,True,True,True,False,False,True,False
RES002075,False,True,True,True,False,True,False,False,True,True,True,False,False
RES002076,True,False,False,False,False,False,True,True,True,True,True,True,True
RES002077,True,True,True,True,True,True,False,False,True,False,True,False,False
RES002078,False,False,True,False,True,False,True,False,True,True,True,True,False
RES002079,True,False,False,False,False,True,True,True,True,False,True,True,False
RES002080,False,False,False,True,True,False,False,False,True,True,True,True,True
RES002081,False,True,False,True,False,False,True,False,True,True,False,False,False
RES002082,True,False,False,True,False,False,False,True,True,True,True,True,True
RES002083,False,True,True,False,True,False,True,True,False,False,True,False,False
RES002084,False,False,True,True,False,False,False,True,False,False,False,True,False
RES002085,False,False,True,False,True,True,False,False,False,False,False,True,False
RES002086,False,False,True,True,True,False,False,True,True,True,True,True,True
RES002087,True,False,False,False,True,False,False,True,False,True,True,False,True
RES002088,False,True,True,True,False,True,True,False,False,True,False,True,True
RES002089,False,False,False,True,True,True,True,True,True,False,True,True,False
RES002090,True,True,True,True,False,False,True,True,False,False,False,False,False
RES002091,True,False,True,True,True,True,False,False,False,True,True,False,False
RES002092,False,True,True,True,True,False,True,False,True,False,True,True,True
RES002093,False,True,True,False,True,False,False,False,True,False,True,False,False
RES002094,False,False,True,False,False,True,False,True,False,False,True,False,False
RES002095,True,True,False,False,False,False,True,False,False,True,True,False,False
RES002096,False,True,True,False,True,False,True,False,True,True,False,False,False
RES002097,True,True,True,True,False,True,False,False,True,True,True,False,True
RES002098,False,True,True,True,True,True,False,True,True,True,True,False,False
RES002099,True,False,True,True,False,True,False,True,False,True,False,False,True
RES002100,False,True,True,False,False,False,False,True,True,True,False,False,False
RES002101,True,False,True,True,False,False,True,False,False,False,False,False,True
RES002102,True,True,True,False,False,True,False,True,True,False,False,True,False
RES002103,False,False,False,False,True,False,False,True,False,True,False,False,False
RES002104,True,True,True,False,False,True,True,True,False,True,False,True,False
RES002105,True,False,True,True,False,False,True,False,True,True,True,True,True
RES002106,False,True,True,True,True,False,True,False,False,True,False,True,False
RES002107,True,False,True,False,True,True,True,True,True,True,True,True,True
RES002108,False,True,True,True,False,True,False,False,False,False,False,True,True
RES002109,False,True,False,True,True,True,False,False,True,True,True,True,True
RES002110,False,False,True,True,False,True,False,True,True,False,False,True,False
RES002111,True,True,True,False,False,False,False,False,True,True,False,True,False
RES002112,False,False,False,False,False,True,False,True,True,False,True,False,False
RES002113,False,True,True,False,True,False,True,True,False,True,False,True,True
RES002114,False,False,False,True,False,False,True,False,True,False,False,False,True
RES002115,False,True,False,False,True,False,True,False,True,True,True,False,False
RES002116,False,True,False,True,True,False,False,False,False,True,False,True,False
RES002117,True,False,False,False,False,False,False,True,False,True,True,True,False
RES002118,False,True,True,False,True,False,True,True,True,True,False,True,False
RES002119,True,False,False,True,False,False,True,True,False,False,False,False,False
RES002120,True,True,False,False,True,False,True,False,True,True,True,True,False
RES002121,False,True,False,False,True,False,True,True,False,False,False,False,False
RES002122,True,True,True,True,True,False,False,False,False,True,True,True,False
RES002123,True,False,False,True,True,False,False,True,False,True,False,True,True
RES002124,True,True,False,True,False,True,True,True,True,False,False,True,False
RES002125,True,False,True,True,False,False,True,True,True,True,False,True,True
RES002126,False,True,True,False,True,True,True,False,True,True,True,True,False
RES002127,True,False,False,True,True,True,True,True,True,True,False,True,False
RES002128,True,False,False,False,False,False,True,False,True,True,True,False,False
RES002129,True,False,False,False,False,True,True,False,True,False,False,True,True
RES002130,False,True,False,False,False,False,False,False,False,False,False,True,True
RES002131,False,True,True,True,True,True,True,True,False,True,True,True,False
RES002132,False,True,False,False,False,False,False,False,True,True,False,False,False
RES002133,True,False,False,False,True,True,True,False,False,False,True,True,False
RES002134,True,True,False,True,True,True,False,True,False,False,True,True,False
RES002135,True,False,False,True,True,False,False,False,True,False,False,False,True
RES002136,True,False,False,True,True,True,False,True,False,True,False,True,False
RES002137,False,False,False,True,True,False,False,False,True,False,True,False,True
RES002138,True,True,False,False,False,False,True,True,False,False,False,True,False
RES002139,False,True,True,False,True,True,False,False,False,False,True,False,True
RES002140,False,True,False,True,False,False,True,False,False,True,False,False,False
RES002141,False,True,False,True,True,True,True,True,True,True,True,True,False
RES002142,True,True,False,False,True,False,False,True,False,False,False,False,True
RES002143,False,False,False,False,True,False,True,False,False,True,True,True,True
RES002144,False,False,True,True,True,False,True,False,True,False,True,True,True
RES002145,True,False,True,False,False,True,True,True,True,True,True,True,True
RES002146,True,False,False,True,False,False,False,True,True,True,True,True,False
RES002147,True,True,False,False,False,True,False,True,False,False,True,False,True
RES002148,True,False,True,False,True,False,True,False,True,True,False,False,False
RES002149,False,True,False,False,False,True,False,True,True,True,True,True,True
RES002150,True,True,False,True,False,False,False,True,False,False,False,False,True
RES002151,False,False,True,False,False,False,True,True,False,False,False,False,False
RES002152,False,False,True,True,False,False,False,False,False,False,False,True,False
RES002153,True,False,False,True,False,True,False,True,False,True,True,False,True
RES002154,True,False,False,True,False,False,False,True,True,True,True,True,True
RES002155,False,False,True,False,True,False,True,False,True,True,False,False,True
RES002156,True,False,False,True,False,True,True,False,False,True,False,True,False
RES002157,False,False,False,True,False,False,True,False,True,False,False,True,False
RES002158,False,True,True,False,False,True,True,False,False,False,False,True,True
RES002159,True,False,True,True,False,True,False,False,False,True,False,False,True
RES002160,True,True,True,True,True,False,True,True,False,False,False,False,True
RES002161,False,False,False,False,False,False,False,True,False,True,False,False,True
RES002162,True,True,False,True,True,True,False,True,True,False,True,False,True
RES002163,False,False,False,False,True,False,True,True,True,True,False,True,False
RES002164,False,False,False,False,True,False,True,True,True,True,True,True,False
RES002165,True,False,False,True,False,True,True,False,True,False,False,False,False
RES002166,False,False,True,True,True,False,False,True,False,True,True,False,True
RES002167,False,True,True,False,True,False,False,False,False,False,True,True,True
RES002168,True,True,True,True,True,True,False,True,True,True,False,False,False
RES002169,True,False,True,True,True,True,False,False,True,True,True,False,False
RES002170,False,False,True,False,False,False,True,False,False,False,False,True,True
RES002171,False,False,True,False,False,True,False,False,True,False,False,False,False
RES002172,False,True,True,True,False,False,False,True,True,True,True,True,True
RES002173,True,True,True,False,True,False,False,False,True,True,True,True,True
RES002174,False,False,False,False,False,False,False,True,False,True,False,True,False
RES002175,False,False,True,True,True,True,True,True,True,False,True,True,True
RES002176,True,False,True,False,False,True,False,True,True,False,True,False,True
RES002177,True,True,False,True,True,False,True,False,True,True,False,False,True
RES002178,False,False,True,False,True,True,False,False,True,True,True,False,True
RES002179,False,True,True,True,False,True,True,True,False,True,False,False,False
RES002180,False,False,False,True,False,False,True,False,False,True,False,True,False
RES002181,True,True,False,False,True,True,True,True,False,True,False,False,False
RES002182,False,False,True,True,True,True,True,False,True,True,False,False,True
RES002183,True,True,False,False,True,True,True,True,False,False,True,False,True
RES002184,True,False,False,True,False,False,False,True,True,True,False,True,True
RES002185,True,True,False,True,False,False,True,True,False,True,True,False,False
RES002186,True,False,False,True,True,False,False,True,False,True,False,False,True
RES002187,True,False,True,False,False,False,True,False,True,False,False,True,True
RES002188,True,True,False,False,False,True,True,True,True,True,False,True,True
RES002189,True,False,True,True,True,True,False,False,True,False,False,True,False
RES002190,False,False,True,True,True,False,True,True,False,False,False,True,True
RES002191,False,False,True,True,False,True,True,False,False,True,False,False,True
RES002192,False,False,True,True,False,False,True,True,False,True,False,False,True
RES002193,True,False,False,True,False,False,True,False,True,True,True,True,False
RES002194,False,True,False,False,False,False,True,True,True,True,False,False,False
RES002195,False,True,True,False,True,True,True,False,False,False,True,True,True
RES002196,False,True,False,False,False,False,False,True,True,False,True,False,True
RES002197,False,True,True,False,False,True,True,True,False,True,False,True,False
RES002198,True,False,True,False,False,False,True,True,True,True,True,True,True
RES002199,True,False,True,True,False,True,False,False,False,True,True,False,False
RES002200,False,False,True,False,False,False,True,False,True,True,True,True,False
RES002201,False,True,False,True,True,True,False,False,True,True,True,True,False
RES002202,True,True,False,False,False,False,False,False,True,False,False,True,False
RES002203,False,True,True,False,True,False,True,True,True,False,False,False,False
RES002204,False,False,True,False,False,False,True,True,False,True,True,False,False
RES002205,True,True,False,False,False,False,False,True,True,False,False,False,False
RES002206,False,False,False,True,False,False,False,True,False,False,False,False,True
RES002207,True,False,False,True,False,False,True,True,False,True,False,True,True
RES002208,False,True,False,True,False,False,True,True,True,False,True,False,True
RES002209,False,False,False,False,False,True,True,True,True,True,False,False,False
RES002210,False,True,False,False,False,False,False,True,True,True,True,True,True
RES002211,False,False,True,False,False,False,True,False,False,False,False,False,False
RES002212,False,True,False,False,True,True,True,True,True,False,True,True,False
RES002213,False,False,True,False,False,False,True,True,True,True,True,False,False
RES002214,True,True,False,True,False,False,False,True,False,False,False,False,False
RES002215,True,False,True,False,True,False,False,False,True,False,True,False,True
RES002216,False,False,False,False,True,False,False,True,True,False,True,False,False
RES002217,True,True,False,False,False,False,False,False,False,True,True,True,True
RES002218,True,False,True,False,False,False,True,False,True,True,True,True,True
RES002219,True,False,False,False,True,False,True,False,False,True,True,False,False
RES002220,True,False,False,False,False,False,True,True,True,True,True,True,True
RES002221,True,False,True,True,True,False,True,True,False,False,False,False,True
RES002222,True,False,False,False,False,True,True,False,True,True,False,True,False
RES002223,True,False,True,True,False,True,True,True,False,False,False,True,True
RES002224,True,True,True,False,True,True,False,True,True,False,True,True,True
RES002225,False,True,True,False,False,True,False,False,False,False,True,False,False
RES002226,True,False,True,False,False,False,True,False,True,False,False,True,True
RES002227,True,True,True,False,True,False,False,False,True,True,False,True,True
RES002228,True,False,False,False,True,False,True,False,False,False,True,False,True
RES002229,True,False,True,False,True,False,False,False,True,True,True,True,True
RES002230,False,False,True,True,True,False,False,False,False,True,True,False,False
RES002231,True,False,True,True,True,False,False,False,True,True,True,False,True
RES002232,False,True,False,False,False,True,False,True,False,True,True,True,False
RES002233,False,False,True,True,False,False,True,False,False,False,False,True,True
RES002234,False,True,False,False,True,False,True,False,True,False,True,True,False
RES002235,False,True,True,False,True,False,True,False,False,True,True,True,True
RES002236,False,False,False,True,False,False,True,True,True,False,True,True,True
RES002237,True,True,True,False,True,True,True,True,False,True,True,False,True
RES002238,False,False,False,True,False,True,False,True,False,False,True,False,False
RES002239,True,True,False,False,True,False,True,True,False,False,True,False,False
RES002240,False,False,True,False,True,True,False,False,True,False,False,False,False
RES002241,True,True,False,True,True,False,False,True,False,True,True,True,False
RES002242,True,False,True,False,True,False,False,False,True,False,False,True,True
RES002243,False,True,False,True,False,True,False,True,True,False,True,False,False
RES002244,True,True,True,True,False,False,True,False,True,True,True,False,False
RES002245,True,True,False,False,False,False,True,True,False,False,False,True,True
RES002246,True,False,True,False,True,True,True,False,True,False,False,False,True
RES002247,False,False,False,False,False,True,True,True,True,False,True,False,True
RES002248,False,False,False,True,False,False,False,True,True,False,False,True,True
RES002249,True,True,True,False,False,True,True,True,True,True,False,False,True
RES002250,False,False,False,True,True,False,True,True,False,True,True,False,True
RES002251,False,True,True,False,True,False,True,True,False,False,False,True,False
RES002252,False,True,False,False,True,True,False,False,True,True,False,False,False
RES002253,True,False,False,True,False,False,True,False,True,True,True,False,False
RES002254,True,False,True,True,False,False,False,True,True,True,False,False,True
RES002255,True,False,False,True,False,False,False,False,False,True,False,True,True
RES002256,False,False,True,True,True,True,False,True,False,False,False,False,False
RES002257,False,True,True,True,False,False,False,False,False,True,False,False,True
RES002258,True,True,True,True,True,True,False,False,False,False,True,True,False
RES002259,False,True,True,True,True,True,True,False,False,True,False,True,True
RES002260,False,False,True,True,True,False,False,False,False,False,True,True,True
RES002261,True,False,False,True,False,False,False,True,False,True,False,True,False
RES002262,False,False,True,False,True,False,True,True,True,False,False,False,True
RES002263,False,False,False,True,True,False,True,True,False,False,True,True,True
RES002264,False,True,True,True,False,True,True,False,True,False,True,True,True
RES002265,False,False,False,True,False,False,False,False,True,False,True,True,True
RES002266,False,False,False,False,False,True,True,True,False,False,True,False,False
RES002267,True,True,False,True,False,True,False,True,False,False,True,True,False
RES002268,False,True,True,False,True,False,False,False,True,True,False,True,False
RES002269,True,True,True,False,True,True,False,True,True,False,False,False,True
RES002270,True,True,False,True,True,False,False,False,True,False,True,True,False
RES002271,True,False,False,True,False,True,False,True,True,True,True,True,False
RES002272,True,False,False,False,True,True,False,False,True,True,True,True,False
RES002273,False,False,False,False,False,False,False,True,False,True,False,False,True
RES002274,True,False,True,False,True,False,True,False,False,True,True,False,False
RES002275,True,False,True,False,False,False,False,True,True,True,True,True,False
RES002276,False,True,False,False,True,False,False,False,True,True,True,False,True
RES002277,True,True,False,False,False,True,True,False,False,True,False,False,True
RES002278,False,False,True,False,True,False,True,True,True,False,False,False,False
RES002279,False,True,True,False,False,False,True,False,True,False,False,True,False
RES002280,True,True,False,False,False,True,True,True,False,False,True,True,False
RES002281,False,True,False,False,True,True,True,False,True,False,False,True,False
RES002282,True,True,True,True,True,False,False,True,False,False,False,True,False
RES002283,False,False,True,False,True,True,True,True,False,True,True,True,False
RES002284,False,False,True,False,False,True,False,False,False,False,False,True,True
RES002285,False,False,False,True,False,True,False,False,False,False,True,True,True
RES002286,True,True,False,False,False,True,True,True,True,True,True,False,False
RES002287,True,False,False,False,False,False,True,True,True,False,True,True,True
RES002288,True,False,True,False,True,False,True,True,False,False,True,False,True
RES002289,True,False,False,True,True,True,False,True,True,False,False,True,False
RES002290,True,False,True,True,True,False,False,False,True,False,True,True,True
RES002291,False,True,False,False,False,False,False,True,True,True,True,True,True
RES002292,True,False,False,True,False,False,False,True,False,True,True,False,False
RES002293,False,True,True,True,False,True,False,True,False,False,False,True,True
RES002294,False,False,False,True,False,False,True,True,True,False,False,False,False
RES002295,True,True,False,True,True,True,True,False,False,False,True,False,True
RES002296,False,False,True,True,True,False,False,True,True,False,False,True,False
RES002297,True,True,False,False,True,True,False,False,True,False,False,True,True
RES002298,False,True,True,True,False,False,False,False,False,False,True,False,False
RES002299,False,True,True,True,True,True,False,True,False,True,True,False,False
RES002300,True,False,True,True,True,True,True,True,True,True,False,True,True
RES002301,False,False,False,False,False,True,False,True,True,True,False,False,True
RES002302,True,False,True,True,False,False,True,False,True,False,False,True,True
RES002303,False,True,False,False,True,True,False,False,True,False,True,True,False
RES002304,False,True,False,False,True,False,False,True,True,True,False,True,True
RES002305,True,True,False,False,False,True,False,True,False,True,False,True,True
RES002306,True,True,False,True,True,False,False,True,False,True,False,True,False
RES002307,True,True,True,True,True,True,True,False,False,True,True,False,True
RES002308,False,False,False,False,True,False,True,True,True,True,True,False,False
RES002309,True,False,False,False,True,False,False,True,False,True,False,False,True
RES002310,False,True,False,True,True,True,False,True,True,True,True,True,True
RES002311,True,False,True,True,False,True,False,False,True,False,False,True,True
RES002312,True,False,True,True,False,False,False,False,True,False,True,False,False
RES002313,True,True,False,False,False,False,False,True,True,True,True,False,False
RES002314,True,False,False,False,False,True,False,False,False,False,True,True,True
RES002315,False,False,False,True,True,True,True,True,False,False,False,True,True
RES002316,False,True,True,True,True,True,False,True,False,True,False,False,True
RES002317,False,False,True,True,True,False,False,False,False,True,True,True,True
RES002318,False,True,False,True,True,False,True,True,False,False,False,True,True
RES002319,False,True,True,False,True,True,False,False,False,False,False,True,False
RES002320,False,True,True,True,True,False,False,False,False,True,True,False,True
RES002321,True,True,True,True,True,True,True,True,False,False,True,False,False
RES002322,False,True,False,False,True,False,False,False,False,True,False,True,False
RES002323,False,False,False,True,True,False,True,True,False,False,True,True,False
RES002324,False,False,False,True,False,False,False,True,True,False,False,True,False
RES002325,True,True,True,True,False,False,False,False,True,False,False,True,False
RES002326,True,False,False,False,True,False,True,True,False,False,False,True,False
RES002327,False,False,True,True,False,False,True,True,False,False,False,False,True
RES002328,False,True,True,True,False,True,True,False,True,True,True,False,False
RES002329,False,True,False,False,True,True,False,False,False,False,True,True,True
RES002330,True,False,True,True,True,False,False,True,False,True,True,False,False
RES002331,False,False,True,False,True,False,True,True,False,True,True,True,True
RES002332,False,True,True,True,False,False,True,False,False,False,True,False,True
RES002333,True,True,False,True,False,False,True,False,True,False,True,False,True
RES002334,True,False,False,False,True,False,True,False,True,True,True,False,False
RES002335,True,True,False,True,True,False,False,True,True,True,True,False,True
RES002336,False,True,False,False,True,False,True,False,False,False,False,True,False
RES002337,False,False,False,False,True,False,False,True,False,True,True,False,False
RES002338,True,False,True,True,False,False,False,False,True,False,True,False,True
RES002339,True,False,True,False,False,False,True,True,True,False,False,True,False
RES002340,False,True,False,False,True,True,True,False,False,True,True,True,True
RES002341,True,True,True,True,False,False,True,False,False,False,True,True,True
RES002342,False,True,True,False,False,False,False,False,False,False,False,True,True
RES002343,True,True,False,True,False,True,False,False,False,False,False,False,False
RES002344,True,True,True,True,False,False,True,True,False,True,False,False,False
RES002345,False,False,True,True,False,True,True,False,True,True,True,False,True
RES002346,True,False,True,True,False,True,False,True,False,True,True,False,True
RES002347,True,True,True,True,False,True,True,False,False,False,False,False,True
RES002348,False,True,False,True,False,False,True,True,True,True,True,True,True
RES002349,True,True,False,True,True,False,True,True,True,True,False,True,True
RES002350,True,False,True,True,True,True,True,True,True,False,False,True,False
RES002351,True,False,False,True,False,False,False,False,False,False,True,False,False
RES002352,True,False,False,False,True,False,False,True,False,False,True,False,False
RES002353,True,True,True,False,True,False,False,True,True,True,True,False,False
RES002354,True,False,True,True,False,False,True,True,True,True,False,False,True
RES002355,True,True,True,True,True,True,False,False,False,False,False,True,False
RES002356,True,True,True,True,False,True,True,True,False,True,False,False,True
RES002357,False,True,True,False,True,False,True,True,False,True,False,False,True
RES002358,False,True,True,False,False,True,False,True,True,False,False,True,False
RES002359,True,False,False,False,False,False,True,True,True,True,True,True,False
RES002360,True,False,True,False,False,True,True,False,False,False,True,True,False
RES002361,False,False,False,False,False,False,True,False,True,False,False,False,True
RES002362,True,True,True,False,False,False,True,False,True,False,False,True,True
RES002363,True,False,True,True,False,True,False,True,True,True,False,False,True
RES002364,True,False,True,False,False,True,False,False,True,True,True,True,True
RES002365,True,False,False,False,False,False,True,True,True,False,False,False,True
RES002366,True,False,True,True,False,True,False,True,False,True,False,True,False
RES002367,False,True,True,False,False,True,False,True,False,True,False,False,True
RES002368,False,True,True,False,False,True,False,True,True,False,False,True,False
RES002369,False,False,False,False,False,True,True,False,True,True,False,True,False
RES002370,True,True,False,False,True,False,True,False,False,False,False,False,False
RES002371,False,False,False,True,False,True,True,True,False,True,True,False,True
RES002372,True,False,False,False,False,False,False,True,False,True,False,False,True
RES002373,False,False,False,True,False,False,True,True,True,True,True,False,False
RES002374,False,False,False,False,False,True,False,False,False,False,True,False,False
RES002375,True,True,False,False,True,False,True,True,True,False,True,True,False
RES002376,False,False,True,False,True,False,False,False,True,True,False,True,False
RES002377,False,True,False,False,True,True,False,False,True,False,False,False,False
RES002378,False,False,True,False,False,False,True,True,True,True,False,False,True
RES002379,True,False,True,True,True,False,False,True,True,True,True,True,True
RES002380,False,False,False,True,False,True,False,False,True,True,True,True,False
RES002381,True,False,True,False,False,False,False,False,True,True,False,False,False
RES002382,False,True,False,True,False,True,False,True,False,False,True,True,True
RES002383,False,True,False,True,True,True,False,False,False,True,False,True,True
RES002384,True,False,True,True,True,True,True,True,False,True,True,True,False
RES002385,True,True,True,True,False,False,True,True,False,True,False,True,True
RES002386,True,True,False,True,False,False,False,False,False,False,False,True,False
RES002387,False,True,False,True,True,False,False,True,False,False,True,True,False
RES002388,True,False,True,False,True,True,True,False,True,False,False,True,True
RES002389,False,False,True,False,True,False,True,True,True,False,True,True,False
RES002390,False,False,False,False,True,False,False,False,False,True,False,True,True
RES002391,False,True,False,True,True,False,True,True,False,False,False,False,False
RES002392,False,False,True,True,True,False,False,True,True,False,False,True,True
RES002393,False,True,True,True,False,False,False,True,True,False,True,True,True
RES002394,True,False,True,True,False,False,False,True,False,False,False,False,False
RES002395,False,False,False,True,True,True,False,False,True,False,True,False,True
RES002396,True,False,True,False,False,False,True,True,True,True,False,True,True
RES002397,False,False,True,True,True,False,True,False,True,False,False,False,True
RES002398,False,False,False,False,False,False,True,False,True,True,True,False,False
RES002399,False,False,True,False,False,False,False,False,True,True,True,False,True
RES002400,True,False,False,True,True,False,True,True,True,False,False,True,False
RES002401,False,False,False,False,False,False,True,True,False,True,False,True,True
RES002402,True,False,False,True,True,True,False,True,False,True,True,True,False
RES002403,False,True,True,True,False,True,False,True,True,False,True,False,False
RES002404,False,True,True,False,True,False,True,True,True,False,False,False,False
RES002405,True,True,True,False,True,True,False,False,True,False,True,True,True
RES002406,True,True,False,False,True,True,True,True,True,True,False,True,True
RES002407,True,False,True,True,True,True,False,True,True,False,False,False,True
RES002408,True,False,False,True,False,False,True,False,True,False,True,True,True
RES002409,True,False,True,False,False,False,True,False,True,False,True,True,False
RES002410,False,False,False,True,False,False,True,False,True,True,True,False,True
RES002411,True,False,True,False,False,True,True,False,True,True,True,True,True
RES002412,False,False,False,True,True,False,True,False,False,False,False,False,True
RES002413,False,True,False,True,False,False,False,True,False,False,True,True,False
RES002414,True,True,True,True,True,True,False,False,False,False,False,False,True
RES002415,False,True,True,False,False,False,False,False,False,False,False,False,False
RES002416,True,True,True,True,True,False,False,True,True,False,True,False,False
RES002417,True,True,False,True,True,False,True,True,False,False,True,False,True
RES002418,True,True,False,False,False,False,False,False,False,False,True,False,True
RES002419,False,True,True,False,False,True,True,False,False,True,True,False,True
RES002420,True,False,False,True,True,False,False,True,True,False,False,False,False
RES002421,False,True,False,False,True,False,False,True,True,True,True,False,True
RES002422,True,True,True,True,True,True,False,False,True,False,False,False,True
RES002423,False,True,False,True,True,False,True,True,False,False,False,True,False
RES002424,False,True,True,False,False,False,True,False,False,True,True,True,True
RES002425,True,True,False,False,False,False,True,True,False,True,True,True,False
RES002426,True,True,True,True,False,True,True,False,False,True,False,False,True
RES002427,True,False,True,False,False,True,True,True,True,True,True,False,False
RES002428,False,False,True,False,True,False,False,True,True,False,True,False,True
RES002429,True,False,False,True,True,True,True,True,True,False,True,True,False
RES002430,True,True,False,True,False,True,True,False,False,True,True,False,False
RES002431,False,False,True,True,True,False,False,True,True,False,False,False,True
RES002432,True,False,False,False,False,False,True,True,True,False,True,False,False
RES002433,False,True,False,False,False,True,True,False,True,False,False,False,False
RES002434,True,True,True,True,False,False,True,False,False,False,False,True,True
RES002435,False,False,False,False,False,False,True,False,False,False,True,False,False
RES002436,False,False,False,True,False,True,False,True,True,False,True,False,True
RES002437,False,False,True,True,False,False,True,True,True,False,False,True,True
RES002438,True,True,False,False,True,True,True,True,False,False,True,True,True
RES002439,False,False,False,False,False,False,True,True,True,False,False,False,True
RES002440,False,True,True,False,True,True,True,True,True,False,False,False,False
RES002441,True,False,False,True,False,True,False,False,False,True,False,True,False
RES002442,False,False,False,True,False,True,False,False,False,True,True,False,True
RES002443,False,True,True,True,False,True,True,False,False,False,False,True,False
RES002444,True,True,False,True,True,False,False,True,True,False,False,False,True
RES002445,False,True,False,True,False,False,True,False,True,True,False,False,False
RES002446,True,True,True,True,False,False,False,False,False,False,True,False,True
RES002447,True,False,True,False,False,False,False,True,True,False,False,False,False
RES002448,True,True,True,True,True,True,False,False,False,False,False,False,True
RES002449,False,True,False,True,False,True,True,True,False,False,False,False,False
RES002450,False,True,True,True,False,False,True,True,True,False,False,False,True
RES002451,True,False,True,True,False,False,False,False,False,True,True,True,True
RES002452,True,False,True,True,True,True,False,True,False,False,False,True,False
RES002453,False,False,True,True,True,False,True,True,False,True,True,True,True
RES002454,False,False,True,False,False,False,False,False,True,False,True,False,False
RES002455,True,False,False,False,False,True,True,False,False,False,False,False,False
RES002456,False,True,False,False,True,True,False,False,True,False,True,False,False
RES002457,True,False,True,False,True,False,False,True,True,False,False,False,True
RES002458,False,True,False,False,True,False,False,True,True,True,True,False,True
RES002459,False,False,False,True,False,False,True,True,True,True,False,True,True
RES002460,True,True,True,True,True,True,True,False,True,False,True,True,False
RES002461,False,False,True,True,False,True,False,False,False,True,True,True,False
RES002462,False,True,True,True,True,True,True,False,False,False,False,False,False
RES002463,True,False,True,True,True,True,False,True,True,True,False,True,True
RES002464,True,True,True,False,False,False,True,True,False,False,True,True,False
RES002465,False,False,True,False,False,False,False,True,False,False,False,False,True
RES002466,True,True,True,False,False,True,False,True,True,False,False,True,False
RES002467,False,True,False,False,False,False,True,True,False,False,True,True,False
RES002468,False,True,True,False,True,False,True,False,False,False,True,False,False
RES002469,False,False,False,True,False,True,False,True,True,False,False,False,True
RES002470,False,True,False,True,True,False,False,False,False,True,True,True,False
RES002471,True,False,True,True,False,True,True,True,False,False,True,False,False
RES002472,True,False,False,True,True,True,False,False,True,False,False,True,True
RES002473,True,True,False,True,False,True,True,True,False,True,True,False,True
RES002474,True,True,True,True,False,False,True,False,True,False,True,False,True
RES002475,True,True,True,True,True,True,False,False,False,False,True,True,False
RES002476,False,True,True,False,True,True,False,False,True,True,False,True,False
RES002477,True,True,False,True,False,False,True,False,False,False,True,False,False
RES002478,True,True,False,False,False,True,False,True,False,False,True,True,False
RES002479,True,False,False,False,False,False,False,True,False,False,True,True,False
RES002480,True,False,False,False,True,True,False,True,True,False,True,True,False
RES002481,True,True,False,False,True,False,False,True,True,False,True,False,True
RES002482,True,True,True,True,True,True,False,False,False,True,True,True,True
RES002483,True,False,False,False,False,True,False,True,True,False,False,True,False
RES002484,True,True,True,True,False,True,True,False,False,True,True,True,True
RES002485,False,False,True,True,True,False,False,True,False,True,False,False,False
RES002486,False,True,True,False,True,False,True,False,True,True,True,True,True
RES002487,False,False,False,False,False,False,False,True,False,False,True,False,False
RES002488,False,True,True,False,True,True,True,False,False,False,True,True,True
RES002489,False,True,True,False,True,False,False,True,False,True,False,False,True
RES002490,False,True,True,True,False,False,False,False,False,False,False,False,True
RES002491,True,True,False,False,True,False,True,True,False,True,False,True,False
RES002492,False,False,False,True,False,False,True,False,True,True,False,False,False
RES002493,False,False,True,True,False,False,False,False,True,True,True,True,True
RES002494,True,True,True,True,False,False,True,True,True,True,False,False,True
RES002495,False,False,False,True,False,False,False,True,True,False,False,True,True
RES002496,False,False,False,True,True,True,False,True,False,False,False,True,False
RES002497,False,True,False,False,True,True,True,False,False,True,True,False,False
RES002498,False,True,False,True,True,True,True,False,True,True,False,False,False
RES002499,False,True,True,False,False,False,True,False,False,True,True,True,False
RES002500,False,False,False,False,False,False,False,True,False,False,False,False,True
RES002501,False,False,True,False,True,True,True,False,True,True,True,True,False
RES002502,False,False,True,True,True,True,True,False,True,True,False,True,False
RES002503,False,True,True,False,False,True,False,False,False,False,False,False,False
RES002504,True,True,True,True,True,True,True,True,True,True,False,False,True
RES002505,True,True,True,False,True,False,True,False,True,False,False,False,False
RES002506,True,True,True,False,True,True,False,False,True,False,False,False,False
RES002507,True,True,True,True,True,False,False,False,True,True,False,False,True
RES002508,True,False,False,True,False,False,True,False,False,True,True,True,False
RES002509,True,False,True,False,True,True,True,True,True,True,False,False,False
RES002510,True,True,True,True,True,False,False,True,True,False,True,False,False
RES002511,False,False,True,True,True,False,False,True,False,False,False,True,False
RES002512,False,False,True,False,True,True,True,False,True,False,True,False,False
RES002513,True,True,False,False,False,True,True,False,True,True,True,False,True
RES002514,True,True,True,False,True,True,True,True,True,True,True,True,False
RES002515,True,False,True,True,False,False,True,True,True,False,True,True,True
RES002516,False,False,True,False,True,True,True,True,True,True,False,True,False
RES002517,True,True,True,True,False,True,False,False,False,True,True,True,False
RES002518,False,True,True,True,False,False,False,True,True,False,True,True,True
RES002519,False,True,True,True,False,False,True,False,True,False,True,False,True
RES002520,True,True,False,False,True,False,True,False,False,True,True,True,False
RES002521,True,True,True,False,True,True,False,True,False,False,False,False,True
RES002522,False,False,False,False,True,True,True,False,True,True,False,True,False
RES002523,False,True,False,False,False,True,True,False,True,True,True,True,False
RES002524,True,False,True,True,False,True,True,True,False,False,False,False,True
RES002525,False,True,False,False,False,True,False,False,False,True,False,False,True
RES002526,False,False,True,True,False,False,True,False,True,True,True,False,True
RES002527,False,False,False,False,False,False,False,False,True,True,True,False,True
RES002528,True,True,False,False,False,False,False,True,True,False,True,True,False
RES002529,True,False,True,False,False,False,True,False,False,False,True,False,True
RES002530,False,True,True,True,True,True,False,True,False,False,True,True,False
RES002531,True,False,False,True,False,False,True,True,True,False,False,True,True
RES002532,True,True,False,True,True,True,True,True,True,False,False,False,False
RES002533,False,False,True,False,True,False,True,True,True,True,False,True,False
RES002534,True,True,False,True,False,True,False,True,False,True,False,False,True
RES002535,False,True,False,True,True,False,True,False,True,True,True,True,False
RES002536,True,True,False,False,True,True,True,False,True,True,False,False,True
RES002537,True,False,False,True,False,True,True,True,True,False,False,True,False
RES002538,False,True,True,True,True,True,True,True,True,False,True,True,False
RES002539,False,False,False,True,True,True,True,True,False,False,False,True,False
RES002540,False,False,False,True,True,False,True,False,True,False,False,True,True
RES002541,True,True,False,False,True,True,True,True,True,False,True,False,False
RES002542,True,False,False,True,False,True,True,True,True,False,True,False,True
RES002543,False,True,False,False,True,False,True,True,True,True,True,False,True
RES002544,False,False,False,False,True,False,True,False,True,False,False,True,False
RES002545,False,False,False,False,False,False,False,False,True,False,True,False,False
RES002546,True,False,True,True,False,False,False,False,True,False,True,False,False
RES002547,True,False,False,True,False,True,True,False,True,False,True,False,True
RES002548,False,True,False,True,True,False,True,True,False,False,False,False,True
RES002549,True,False,False,False,True,False,False,False,True,False,True,False,False
RES002550,False,True,True,False,True,False,False,False,False,False,False,False,True
RES002551,False,True,True,True,False,False,False,True,True,True,True,False,True
RES002552,True,True,True,True,False,False,True,True,False,False,False,False,False
RES002553,False,False,False,False,False,False,True,False,False,False,True,True,True
RES002554,False,True,True,False,True,True,False,False,True,True,True,False,True
RES002555,True,True,True,False,True,False,False,True,False,False,False,True,False
RES002556,True,True,True,True,True,False,True,True,True,False,False,True,True
RES002557,False,False,True,True,False,False,False,True,False,False,True,True,True
RES002558,False,True,False,True,False,False,False,True,True,True,False,True,False
RES002559,False,False,False,False,True,False,True,True,False,True,True,True,False
RES002560,False,False,False,False,False,True,True,False,True,True,True,True,False
RES002561,False,False,False,False,True,False,True,False,False,True,True,False,True
RES002562,True,False,True,True,False,True,True,False,True,True,False,True,False
RES002563,False,True,False,True,True,True,True,True,False,True,True,True,True
RES002564,True,False,True,False,False,False,False,True,False,False,True,True,False
RES002565,False,True,False,False,False,True,True,True,True,False,False,False,True
RES002566,True,False,True,False,False,False,False,True,False,False,True,True,True
RES002567,True,False,True,True,True,True,False,True,False,True,False,False,True
RES002568,False,False,True,False,True,True,True,True,True,True,False,False,True
RES002569,True,True,False,True,False,True,False,False,False,True,False,True,False
RES002570,False,True,False,True,True,True,False,False,True,False,True,True,True
RES002571,False,True,True,True,False,True,False,False,False,False,False,False,False
RES002572,True,True,True,True,True,True,True,True,True,False,False,False,True
RES002573,True,False,False,True,True,True,True,False,False,True,True,False,True
RES002574,False,True,True,True,False,True,False,True,False,False,True,True,False
RES002575,False,False,True,False,True,False,True,True,False,True,True,False,True
RES002576,True,False,True,False,True,True,True,False,True,True,False,False,True
RES002577,True,True,True,True,True,False,False,True,True,True,False,False,False
RES002578,True,True,True,True,True,False,True,True,False,True,True,True,True
RES002579,False,True,False,True,False,True,True,False,False,True,False,True,True
RES002580,False,False,False,False,False,True,False,False,False,False,True,False,False
RES002581,False,True,True,True,True,False,False,False,True,False,False,False,True
RES002582,False,True,False,True,True,True,False,True,True,True,True,False,True
RES002583,False,False,True,True,True,True,True,False,True,True,False,True,True
RES002584,False,False,False,True,False,True,False,False,False,True,True,False,False
RES002585,True,False,False,True,False,False,True,False,False,False,False,False,True
RES002586,False,False,True,False,True,False,False,True,False,False,True,True,True
RES002587,False,False,False,True,True,False,True,False,True,False,True,True,True
RES002588,False,True,True,True,False,False,False,True,True,False,False,False,True
RES002589,True,True,True,True,False,True,False,False,False,False,False,True,True
RES002590,True,False,True,False,True,True,True,True,False,False,False,True,True
RES002591,False,False,False,False,True,True,False,False,True,True,False,True,False
RES002592,True,True,False,True,False,False,True,True,False,True,False,False,True
RES002593,True,False,True,True,True,True,True,False,True,True,True,True,True
RES002594,False,True,False,True,False,False,False,False,True,False,False,False,True
RES002595,True,True,True,False,False,True,True,False,False,True,True,True,False
RES002596,True,True,True,True,True,False,True,False,True,True,True,False,True
RES002597,False,True,False,False,True,False,False,False,True,False,False,True,False
RES002598,False,False,False,True,True,False,True,False,True,True,True,False,False
RES002599,False,False,True,True,False,True,True,False,False,True,False,False,True
RES002600,True,False,True,False,False,False,False,False,True,True,False,False,False
RES002601,False,True,False,True,True,True,False,True,True,True,True,False,False
RES002602,True,False,False,False,False,False,True,False,False,False,True,False,False
RES002603,True,True,True,True,False,False,False,False,True,True,True,True,True
RES002604,False,False,True,True,False,True,False,False,True,False,False,False,True
RES002605,False,False,False,False,False,True,False,True,False,True,False,True,False
RES002606,True,False,True,True,True,True,True,True,True,True,True,False,False
RES002607,False,False,True,True,True,True,True,True,False,False,False,True,True
RES002608,False,False,False,False,True,False,False,False,True,True,False,False,True
RES002609,False,True,True,False,True,True,True,True,False,False,True,True,False
RES002610,False,False,True,True,False,False,False,False,True,False,True,True,False
RES002611,False,True,True,False,False,False,True,False,True,True,True,False,True
RES002612,False,False,False,True,False,True,False,False,True,True,True,False,True
RES002613,True,True,False,False,True,False,False,True,False,True,False,True,False
RES002614,True,True,True,True,False,False,False,True,False,True,True,True,False
RES002615,True,False,False,False,True,False,False,False,False,True,False,True,True
RES002616,True,True,False,True,False,True,False,False,False,False,False,True,False
RES002617,True,True,True,True,False,True,False,False,False,True,False,False,True
RES002618,False,False,False,False,True,True,False,False,False,False,False,False,False
RES002619,False,False,True,True,True,False,False,False,False,True,False,False,True
RES002620,False,True,True,True,True,True,False,True,False,True,True,False,False
RES002621,True,False,False,False,False,False,True,False,False,True,True,True,True
RES002622,False,False,False,False,True,True,False,False,False,True,False,True,False
RES002623,False,False,False,True,False,False,True,True,True,True,False,False,True
RES002624,False,True,False,False,False,False,True,False,True,False,False,False,False
RES002625,True,True,True,False,False,True,True,True,False,True,False,True,True
RES002626,False,True,True,True,True,True,True,True,False,True,False,False,False
RES002627,True,True,True,True,True,False,True,True,False,True,False,False,False
RES002628,False,False,False,False,False,True,True,True,False,True,True,False,True
RES002629,False,False,True,True,True,False,True,True,False,True,False,True,False
RES002630,False,False,False,True,True,True,False,True,False,False,True,False,False
RES002631,False,False,True,True,False,False,False,True,False,False,True,False,True
RES002632,False,False,True,True,False,True,False,True,False,True,False,False,False
RES002633,True,False,True,True,False,False,True,True,False,True,True,True,True
RES002634,True,True,False,True,True,False,False,False,True,True,False,True,True
RES002635,True,False,True,True,False,False,False,True,False,False,False,False,True
RES002636,True,True,True,True,True,True,False,False,True,False,True,True,False
RES002637,True,True,False,True,False,False,True,True,True,True,False,True,False
RES002638,False,False,False,True,False,False,False,False,False,True,False,False,True
RES002639,True,True,False,False,False,True,True,True,False,False,True,True,True
RES002640,False,False,False,False,True,True,False,True,True,False,True,True,True
RES002641,True,False,False,True,True,False,False,True,False,True,False,True,False
RES002642,True,True,True,False,False,True,False,False,False,True,True,False,True
RES002643,True,True,True,False,True,False,True,False,True,False,False,False,False
RES002644,False,False,True,True,True,True,False,True,False,True,True,False,True
RES002645,False,False,True,False,False,False,True,True,False,True,False,True,False
RES002646,False,True,True,True,True,True,False,False,False,True,False,False,False
RES002647,True,False,True,False,True,True,True,True,False,False,True,True,True
RES002648,False,True,False,True,False,False,True,True,True,False,False,True,True
RES002649,False,True,True,True,False,False,True,False,True,True,True,False,False
RES002650,False,True,False,True,False,True,False,True,True,False,True,False,True
RES002651,True,False,False,False,False,False,True,False,False,True,False,False,True
RES002652,True,True,False,False,True,False,False,True,False,True,False,False,False
RES002653,False,True,False,True,False,True,False,True,True,False,True,True,False
RES002654,True,False,False,True,False,True,False,False,False,False,True,True,False
RES002655,False,True,False,True,False,True,True,False,False,False,False,False,True
RES002656,True,True,False,True,False,True,True,True,True,False,True,False,True
RES002657,True,False,False,True,True,False,False,True,True,False,True,False,True
RES002658,True,False,True,False,True,True,False,False,True,False,False,False,True
RES002659,False,False,True,False,True,True,False,False,True,False,False,False,False
RES002660,False,False,False,True,True,True,True,True,False,False,True,False,False
RES002661,True,True,False,False,False,False,False,True,True,True,True,True,False
RES002662,True,True,True,False,False,False,True,True,False,False,True,True,True
RES002663,False,False,True,False,False,False,False,True,False,False,True,True,True
RES002664,False,True,True,False,True,True,False,True,True,False,False,False,True
RES002665,False,True,True,True,True,True,True,False,False,False,False,True,False
RES002666,True,True,True,False,True,True,True,True,True,True,True,True,False
RES002667,False,True,True,False,False,False,False,False,True,False,False,True,True
RES002668,False,True,False,False,True,True,False,False,False,True,True,True,True
RES002669,False,False,True,True,True,True,False,False,True,True,False,False,True
RES002670,False,False,True,False,True,False,False,True,False,False,True,False,False
RES002671,False,True,False,False,True,False,False,False,True,False,False,False,False
RES002672,True,True,True,True,False,False,False,False,False,True,False,True,False
RES002673,True,True,False,False,True,True,True,True,False,True,True,False,True
RES002674,False,False,True,True,False,False,True,False,True,True,True,False,False
RES002675,False,True,False,False,False,True,True,True,False,True,False,False,True
RES002676,True,True,True,False,True,False,True,False,False,False,True,False,True
RES002677,False,False,True,False,True,True,True,True,False,False,False,False,True
RES002678,True,False,True,False,True,False,False,False,True,True,True,True,False
RES002679,False,True,True,True,False,True,True,True,False,True,True,True,False
RES002680,False,True,False,True,False,True,True,True,False,False,True,True,True
RES002681,True,True,False,True,True,True,True,True,True,False,False,False,True
RES002682,True,True,True,True,False,True,False,False,True,False,True,True,False
RES002683,False,True,False,True,True,False,True,False,False,True,True,True,False
RES002684,True,True,True,True,True,True,True,False,True,True,True,False,False
RES002685,False,False,False,False,True,True,True,True,True,True,False,False,False
RES002686,True,False,False,False,True,False,True,False,True,True,False,True,True
RES002687,False,True,True,False,True,True,True,False,True,True,True,False,False
RES002688,False,True,False,False,False,True,False,False,True,True,True,True,True
RES002689,True,True,True,True,False,True,True,True,False,True,True,True,True
RES002690,False,False,True,False,True,True,True,True,False,False,False,False,True
RES002691,False,True,False,False,False,True,False,True,False,True,False,False,True
RES002692,False,False,False,False,False,False,False,False,False,True,True,False,True
RES002693,True,True,True,True,True,False,True,False,False,False,True,True,False
RES002694,False,False,False,False,False,False,False,True,True,True,True,True,False
RES002695,True,False,False,True,True,True,True,False,True,False,False,False,False
RES002696,True,False,False,False,False,False,True,True,False,False,False,False,False
RES002697,False,False,True,True,False,True,False,True,True,True,True,False,False
RES002698,True,False,True,False,False,False,True,True,False,True,True,True,False
RES002699,True,True,True,True,False,True,True,True,False,False,False,False,False
RES002700,True,False,False,True,True,True,False,False,False,False,False,True,True
RES002701,False,True,False,False,False,True,False,True,False,True,False,True,False
RES002702,True,False,False,False,False,True,False,True,True,False,True,True,False
RES002703,False,False,False,False,True,True,False,True,False,False,True,True,False
RES002704,True,True,False,False,False,True,True,True,False,True,True,True,False
RES002705,True,False,False,True,True,False,True,False,True,True,False,False,False
RES002706,False,False,False,False,True,False,False,True,True,False,True,True,True
RES002707,True,False,False,False,True,True,True,False,True,False,True,False,False
RES002708,True,True,True,True,False,True,False,True,True,True,True,False,True
RES002709,False,True,False,False,True,False,False,False,False,False,False,False,False
RES002710,False,False,True,False,True,False,False,False,True,False,True,False,False
RES002711,True,False,True,False,True,False,False,True,False,False,True,False,True
RES002712,False,False,True,True,False,False,False,False,False,False,False,True,False
RES002713,False,False,True,False,False,False,False,True,True,False,True,False,True
RES002714,True,False,False,False,False,True,True,False,True,False,False,False,False
RES002715,True,False,True,False,False,False,False,True,True,False,True,False,False
RES002716,True,True,False,False,True,False,True,True,True,False,False,False,True
RES002717,False,False,True,False,True,True,False,True,True,False,True,True,False
RES002718,False,True,True,False,False,False,False,False,True,False,False,False,True
RES002719,False,False,True,False,False,False,False,True,True,True,True,False,False
RES002720,False,False,True,True,True,True,False,False,False,False,False,True,True
RES002721,False,False,True,False,True,True,False,True,False,False,True,False,False
RES002722,False,False,True,True,False,True,False,False,False,False,True,True,False
RES002723,True,False,True,True,False,True,True,True,True,False,False,True,False
RES002724,False,False,False,False,False,True,False,False,True,False,False,False,True
RES002725,True,True,True,False,True,True,True,True,False,True,True,False,False
RES002726,False,False,False,False,True,False,False,True,True,False,True,True,False
RES002727,True,False,True,False,False,True,True,True,False,True,True,True,True
RES002728,True,False,False,False,True,False,False,False,True,False,True,True,False
RES002729,True,True,True,False,True,True,False,False,True,True,False,False,True
RES002730,True,False,True,True,False,False,False,True,False,True,True,False,True
RES002731,True,True,False,True,False,True,False,False,False,True,False,False,True
RES002732,False,False,False,False,False,True,True,False,True,True,True,True,True
RES002733,False,True,False,True,True,False,True,True,False,True,True,False,True
RES002734,True,False,True,False,True,False,True,False,False,False,False,True,False
RES002735,True,True,True,True,True,False,False,False,False,True,True,True,False
RES002736,True,True,True,False,True,False,False,False,True,True,True,False,True
RES002737,True,False,False,False,False,False,False,False,False,True,False,False,False
RES002738,True,True,False,False,False,False,True,True,True,True,False,False,False
RES002739,True,False,False,True,False,False,True,False,False,True,True,False,False
RES002740,False,True,False,True,False,False,False,False,False,False,True,False,True
RES002741,False,True,True,True,True,False,False,True,False,True,False,False,True
RES002742,True,False,True,True,False,False,False,False,False,False,True,True,False
RES002743,True,True,False,False,True,True,False,False,True,True,True,False,False
RES002744,False,True,True,False,False,True,True,True,True,True,True,True,True
RES002745,True,True,True,True,True,True,True,False,False,False,True,True,False
RES002746,False,True,False,False,False,True,False,False,True,True,True,True,True
RES002747,True,True,True,False,False,False,False,False,True,True,False,False,False
RES002748,False,False,False,True,False,False,True,False,True,False,True,False,True
RES002749,False,False,False,False,False,False,True,True,True,True,True,True,False
RES002750,True,False,False,True,False,False,True,True,True,True,False,True,False
RES002751,True,True,True,False,False,True,False,True,False,False,False,True,False
RES002752,True,True,True,False,True,False,True,True,False,False,False,False,True
RES002753,False,True,False,True,True,False,True,True,True,True,True,False,True
RES002754,True,True,False,False,True,True,True,True,False,False,False,True,False
RES002755,False,True,True,False,False,False,False,False,False,False,False,False,True
RES002756,False,True,True,False,True,True,True,False,False,True,True,True,False
RES002757,True,True,False,False,False,False,True,False,False,True,False,False,False
RES002758,True,False,True,False,True,True,True,True,False,True,False,False,False
RES002759,True,True,True,False,True,False,False,True,False,False,True,True,True
RES002760,True,True,True,False,False,True,True,False,False,False,False,True,False
RES002761,False,False,False,False,False,True,True,True,True,True,False,True,True
RES002762,True,True,False,True,True,True,False,True,True,False,True,False,False
RES002763,False,False,False,True,True,True,True,False,True,False,True,True,True
RES002764,True,False,True,False,False,True,False,False,False,False,True,True,False
RES002765,False,True,True,False,True,False,True,True,False,True,False,True,True
RES002766,True,True,False,False,True,True,False,False,False,False,True,True,False
RES002767,False,True,False,False,False,True,True,True,True,True,True,True,False
RES002768,True,False,True,True,False,False,True,False,False,False,False,True,False
RES002769,True,True,True,False,False,True,False,True,True,True,False,True,True
RES002770,True,False,False,False,True,True,True,True,True,False,False,False,False
RES002771,True,True,False,False,True,False,False,True,False,True,False,False,False
RES002772,False,True,False,False,False,True,False,True,True,False,True,False,False
RES002773,False,False,False,True,True,False,True,False,True,False,True,True,False
RES002774,True,False,True,False,False,False,True,False,False,True,True,False,False
RES002775,True,True,False,False,True,False,False,False,False,False,True,True,False
RES002776,False,False,True,True,False,False,True,True,False,False,False,False,False
RES002777,False,True,False,True,False,False,True,True,True,False,True,True,True
RES002778,False,False,True,False,True,True,True,False,False,True,False,True,True
RES002779,False,False,False,True,True,False,True,True,True,True,True,True,False
RES002780,False,False,True,True,True,False,True,True,True,False,True,True,False
RES002781,False,False,True,False,False,True,True,True,True,False,False,True,True
RES002782,True,True,False,True,True,False,False,False,True,False,False,False,False
RES002783,False,False,False,True,True,False,True,False,False,True,False,False,True
RES002784,False,False,False,True,False,False,True,True,True,False,True,True,False
RES002785,False,False,False,False,True,False,True,True,False,False,False,True,False
RES002786,False,False,True,True,True,True,False,True,False,True,True,True,False
RES002787,True,True,False,False,False,True,False,True,False,False,True,True,False
RES002788,False,False,False,False,True,False,False,True,False,True,False,True,False
RES002789,False,True,True,True,True,True,False,False,True,True,False,False,False
RES002790,False,True,False,False,False,True,True,True,True,False,True,False,True
RES002791,True,True,True,False,True,False,True,True,False,False,False,False,True
RES002792,True,True,True,False,True,True,False,True,False,False,True,False,True
RES002793,False,False,True,True,False,False,True,True,True,True,True,True,False
RES002794,True,False,True,False,True,False,True,True,True,True,True,True,True
RES002795,True,False,False,False,False,True,False,False,False,True,False,True,False
RES002796,True,False,True,False,True,False,True,False,False,False,True,False,False
RES002797,True,False,False,False,False,True,False,True,True,False,False,True,True
RES002798,False,False,False,True,True,False,True,True,True,True,True,True,True
RES002799,False,False,True,True,False,True,False,False,True,True,False,True,False
RES002800,True,False,False,False,False,False,True,False,False,True,True,False,True
RES002801,False,False,False,True,True,False,False,False,False,False,False,True,True
RES002802,False,False,True,False,False,True,True,False,False,False,False,False,True
RES002803,False,True,False,True,False,False,True,False,False,False,True,False,False
RES002804,True,False,False,False,True,True,True,True,True,False,False,False,False
RES002805,True,False,True,True,True,False,True,True,False,True,False,False,True
RES002806,True,False,False,True,False,True,False,True,False,False,True,True,True
RES002807,False,True,True,False,False,True,False,False,False,False,True,True,True
RES002808,True,True,False,False,True,True,False,False,True,False,False,True,True
RES002809,False,True,True,True,True,True,True,False,True,True,True,True,False
RES002810,True,True,False,False,True,True,True,True,False,True,True,False,False
RES002811,False,False,False,True,False,False,True,True,True,False,False,True,True
RES002812,True,False,True,False,True,False,True,False,True,True,True,False,False
RES002813,False,True,False,True,False,False,True,True,True,True,True,True,False
RES002814,False,False,False,True,True,True,True,True,True,False,False,False,False
RES002815,False,False,False,False,True,True,True,False,False,False,True,True,False
RES002816,True,True,False,False,False,True,True,True,False,False,True,True,True
RES002817,True,True,False,True,False,False,False,False,False,True,False,True,True
RES002818,False,True,True,False,False,True,True,True,True,True,False,True,False
RES002819,True,False,False,True,False,False,False,True,False,False,False,True,True
RES002820,False,False,False,True,True,True,False,True,True,False,False,False,True
RES002821,True,False,False,False,True,False,False,False,False,False,False,False,True
RES002822,True,False,True,False,True,False,True,True,True,False,False,False,True
RES002823,False,False,False,True,False,False,True,True,False,False,True,True,False
RES002824,False,False,True,True,True,True,True,False,True,True,True,False,True
RES002825,False,False,False,True,False,False,False,True,False,False,True,True,False
RES002826,True,True,False,False,True,True,False,True,True,False,False,True,False
RES002827,True,False,False,False,True,True,True,True,True,True,False,True,True
RES002828,True,True,True,True,False,True,True,True,True,False,False,True,False
RES002829,True,True,False,True,False,False,False,True,True,False,True,True,True
RES002830,True,False,False,False,True,True,True,True,True,True,False,False,False
RES002831,True,False,False,False,False,False,False,True,False,False,False,False,True
RES002832,False,True,False,True,True,True,False,True,False,False,True,False,False
RES002833,True,False,False,True,False,False,False,True,True,True,False,True,True
RES002834,True,False,False,True,True,False,True,True,False,True,False,False,False
RES002835,True,False,True,False,False,True,True,False,True,False,True,True,False
RES002836,False,False,False,True,True,True,True,True,True,False,True,False,True
RES002837,False,False,False,False,False,False,True,True,True,True,False,True,True
RES002838,True,True,True,True,True,False,True,True,False,False,False,True,True
RES002839,True,False,False,True,False,True,True,False,True,True,True,False,True
RES002840,True,False,True,True,False,False,True,True,False,True,True,True,False
RES002841,False,True,False,False,True,True,False,False,False,False,True,True,False
RES002842,True,False,False,True,False,False,True,True,True,False,True,False,True
RES002843,True,True,True,False,True,True,False,True,False,False,False,False,True
RES002844,False,False,True,False,False,True,True,False,False,True,False,True,True
RES002845,False,False,True,True,True,True,False,False,True,False,False,True,False
RES002846,False,False,True,True,True,True,True,False,True,True,False,False,True
RES002847,False,True,False,False,True,False,True,False,True,True,False,True,False
RES002848,False,False,False,True,True,True,True,True,True,True,False,True,True
RES002849,True,True,False,True,True,False,True,True,False,False,True,True,True
RES002850,True,False,True,False,False,True,True,True,True,False,True,False,False
RES002851,True,True,True,True,False,True,False,False,True,False,False,False,True
RES002852,False,False,False,True,True,True,False,True,True,True,True,True,False
RES002853,False,True,False,True,True,False,True,True,False,True,True,True,False
RES002854,True,False,False,True,False,False,True,False,False,False,False,True,True
RES002855,True,True,False,False,True,True,True,False,False,False,True,True,False
RES002856,False,False,True,True,True,True,False,True,True,False,True,False,False
RES002857,True,True,False,True,True,True,True,False,False,True,False,False,True
RES002858,False,False,False,True,True,False,False,True,True,False,False,False,False
RES002859,True,False,True,True,False,True,False,False,True,False,False,False,True
RES002860,True,True,False,False,True,False,False,True,False,False,True,False,True
RES002861,True,True,True,False,True,True,True,False,True,False,False,True,True
RES002862,False,True,True,True,True,True,True,False,True,True,False,False,True
RES002863,False,False,False,True,True,True,False,False,True,False,False,True,True
RES002864,True,True,True,True,False,False,True,True,False,True,False,True,False
RES002865,False,False,False,True,True,True,False,False,False,True,False,True,True
RES002866,True,False,True,True,True,False,False,True,False,True,True,False,True
RES002867,True,False,True,True,False,True,False,True,False,True,False,True,False
RES002868,True,False,True,True,False,False,False,False,False,False,True,False,True
RES002869,True,False,False,False,True,False,True,True,True,False,True,False,False
RES002870,False,True,True,True,False,False,True,False,True,True,False,False,False
RES002871,True,True,False,False,True,True,True,True,True,True,False,True,False
RES002872,False,True,False,False,True,True,False,False,True,True,True,False,True
RES002873,False,False,False,True,True,True,True,False,False,True,True,True,True
RES002874,True,True,False,False,False,False,True,True,False,True,True,True,True
RES002875,True,True,True,True,False,False,False,False,True,False,True,False,False
RES002876,True,True,False,True,True,True,False,True,False,False,False,False,True
RES002877,True,False,True,False,False,True,False,False,True,False,True,False,False
RES002878,False,False,False,False,True,False,False,True,True,True,False,True,True
RES002879,False,True,False,True,False,False,False,True,True,True,True,False,False
RES002880,False,False,True,False,True,False,True,False,False,True,False,True,True
RES002881,False,False,False,False,False,False,False,True,True,True,False,True,False
RES002882,False,True,True,True,False,True,True,True,True,True,False,False,False
RES002883,True,False,True,False,True,False,True,True,False,True,True,True,True
RES002884,False,True,True,False,False,True,True,True,False,False,True,False,False
RES002885,False,True,False,False,False,True,False,True,False,False,True,True,False
RES002886,True,True,True,True,False,True,True,True,True,False,False,True,False
RES002887,False,True,False,False,True,True,True,True,False,True,False,True,False
RES002888,True,True,True,False,False,False,True,True,False,True,False,False,True
RES002889,False,True,False,False,False,False,False,True,False,False,False,True,True
RES002890,False,True,False,False,True,False,True,False,True,False,True,True,False
RES002891,True,False,True,False,True,True,True,False,False,True,True,True,True
RES002892,False,True,True,True,True,True,True,False,True,False,False,True,True
RES002893,True,False,False,True,True,True,False,False,False,False,True,True,True
RES002894,True,True,False,True,False,True,True,False,False,True,True,True,True
RES002895,True,True,False,False,True,True,False,False,False,True,False,True,False
RES002896,False,False,True,True,False,False,False,True,True,False,True,False,True
RES002897,True,True,True,False,False,True,True,False,True,True,True,False,False
RES002898,False,False,False,True,True,False,True,False,True,True,True,True,True
RES002899,False,True,False,False,True,False,False,False,False,True,False,True,True
RES002900,False,True,True,False,False,True,False,False,True,False,True,False,False
RES002901,True,False,True,False,True,True,True,True,True,True,False,False,True
RES002902,True,False,True,True,False,False,False,True,True,True,True,False,True
RES002903,True,True,False,True,False,True,True,False,True,True,False,False,True
RES002904,False,False,True,False,True,False,False,False,True,False,False,True,True
RES002905,False,False,True,False,False,False,False,False,False,False,False,True,False
RES002906,False,True,False,True,True,False,True,False,False,True,True,True,False
RES002907,True,False,True,True,True,True,False,True,False,False,True,True,True
RES002908,False,True,False,True,False,True,True,True,False,True,False,True,False
RES002909,False,False,True,True,False,False,True,False,True,False,False,True,True
RES002910,True,False,False,True,False,False,True,False,True,True,True,False,True
RES002911,False,False,True,True,True,False,True,False,True,False,True,False,True
RES002912,True,False,False,True,False,True,False,False,True,False,False,False,False
RES002913,False,False,True,True,True,True,False,True,False,True,False,True,True
RES002914,False,True,True,False,True,False,True,True,False,False,True,False,True
RES002915,True,False,True,True,True,False,True,False,False,False,True,False,False
RES002916,True,True,False,True,True,False,True,False,True,True,True,False,True
RES002917,False,True,False,False,False,False,False,False,True,False,True,False,True
RES002918,False,False,True,True,False,True,True,True,True,False,False,True,True
RES002919,True,False,False,True,False,True,False,False,True,False,True,True,True
RES002920,False,False,False,True,True,True,False,False,True,True,False,False,False
RES002921,False,True,True,True,True,False,False,False,True,True,True,False,False
RES002922,False,True,False,False,False,False,True,True,False,False,True,False,False
RES002923,True,True,False,False,True,True,True,False,True,False,False,True,False
RES002924,True,False,True,True,False,True,True,True,True,False,False,True,False
RES002925,True,True,False,False,False,False,True,False,False,True,True,False,False
RES002926,False,True,False,True,False,False,False,True,False,True,True,False,False
RES002927,False,False,True,True,False,True,False,False,False,True,False,True,True
RES002928,False,True,False,True,False,True,True,True,False,False,False,True,False
RES002929,False,True,True,False,False,True,False,True,False,True,False,False,True
RES002930,False,True,False,True,True,True,False,False,False,True,False,False,False
RES002931,True,True,True,False,True,False,False,False,True,False,False,False,True
RES002932,False,False,False,False,True,True,True,False,False,False,False,False,False
RES002933,False,True,False,True,False,True,False,True,False,True,False,True,True
RES002934,True,True,True,False,False,True,True,True,False,False,False,False,False
RES002935,False,False,False,True,False,False,False,True,False,True,True,True,False
RES002936,False,True,False,True,False,False,False,True,True,False,False,True,False
RES002937,True,False,True,False,False,True,False,True,True,True,False,False,True
RES002938,True,True,False,True,False,False,False,True,True,False,False,True,False
RES002939,True,False,True,True,False,False,True,False,True,False,False,True,True
RES002940,True,False,False,True,False,True,True,False,True,False,True,True,False
RES002941,False,False,False,False,True,True,True,False,True,False,True,False,False
RES002942,True,False,True,False,True,False,False,False,False,True,False,True,False
RES002943,False,False,True,True,True,True,True,False,True,False,False,True,False
RES002944,False,False,False,False,True,True,False,False,True,True,True,False,False
RES002945,False,False,False,True,True,False,True,True,False,False,False,True,True
RES002946,False,True,True,False,True,False,False,True,True,False,True,True,False
RES002947,False,False,False,True,False,False,True,True,True,True,True,False,False
RES002948,True,True,False,False,True,True,False,False,False,False,True,True,False
RES002949,False,True,True,False,False,False,True,True,False,True,False,False,True
RES002950,False,True,False,True,False,False,False,False,True,False,False,False,False
RES002951,False,True,True,False,True,True,True,False,True,True,True,False,False
RES002952,True,False,True,True,True,False,False,True,False,True,False,False,True
RES002953,False,True,False,True,True,False,True,False,False,True,False,False,False
RES002954,True,True,False,False,False,True,False,True,False,False,False,False,True
RES002955,True,False,False,False,True,False,False,True,False,False,False,True,True
RES002956,True,False,False,True,False,True,True,False,True,True,True,False,True
RES002957,True,True,True,False,True,True,True,True,True,False,True,False,True
RES002958,True,True,True,True,True,False,True,True,True,False,True,True,False
RES002959,False,False,True,False,False,False,False,False,True,False,False,True,True
RES002960,True,False,False,True,False,False,True,True,False,True,True,False,True
RES002961,True,False,False,False,False,False,True,True,True,True,False,False,False
RES002962,False,False,True,False,True,False,True,False,True,False,True,False,False
RES002963,False,True,True,False,True,False,False,True,True,False,True,False,True
RES002964,False,True,True,False,False,True,False,False,False,True,False,False,False
RES002965,False,True,False,False,True,False,False,True,True,False,False,False,True
RES002966,False,False,False,False,True,True,True,False,False,True,True,False,True
RES002967,False,False,True,True,False,False,True,True,False,False,False,False,False
RES002968,False,False,False,True,True,False,True,True,True,False,True,False,False
RES002969,True,True,False,False,False,True,False,False,True,True,False,True,False
RES002970,True,False,False,True,False,False,True,True,True,True,False,False,True
RES002971,False,False,False,True,False,False,False,True,True,False,False,False,False
RES002972,True,False,True,True,True,True,True,False,False,True,False,False,True
RES002973,False,True,False,False,False,False,False,True,True,True,False,True,False
RES002974,False,True,False,False,True,True,True,True,False,False,False,True,False
RES002975,False,True,False,True,False,True,True,False,True,False,False,True,False
RES002976,False,False,True,True,False,True,False,True,True,False,True,True,False
RES002977,True,True,True,True,False,False,False,True,True,False,True,False,False
RES002978,True,False,False,True,False,True,False,False,False,False,True,False,False
RES002979,True,False,False,False,False,False,False,True,False,False,True,True,False
RES002980,True,True,True,False,True,True,True,False,False,True,False,True,True
RES002981,True,True,True,False,False,False,False,True,True,False,True,True,False
RES002982,True,True,False,False,False,True,False,True,True,True,True,True,True
RES002983,False,False,False,False,False,False,False,False,True,True,False,True,True
RES002984,True,False,True,True,True,False,False,False,False,False,True,True,False
RES002985,True,True,True,False,False,True,True,True,True,True,False,True,False
RES002986,True,True,False,False,True,False,False,True,True,False,False,False,True
RES002987,True,True,False,False,True,False,False,False,False,True,False,False,True
RES002988,False,True,True,True,True,False,False,True,True,False,False,False,True
RES002989,False,True,True,False,False,False,False,False,False,False,True,True,True
RES002990,False,True,False,False,False,True,True,False,True,True,True,True,True
RES002991,True,False,True,True,False,False,True,False,True,True,False,True,True
RES002992,True,True,False,False,True,True,False,True,True,True,True,True,False
RES002993,True,False,True,True,True,True,False,False,True,False,False,True,True
RES002994,False,False,False,False,False,False,True,False,False,True,True,False,False
RES002995,True,False,True,False,False,False,True,False,True,False,False,False,False
RES002996,False,False,False,True,False,True,False,True,True,True,True,False,False
RES002997,True,False,False,False,True,False,True,True,True,False,False,True,True
RES002998,False,True,True,False,False,True,False,False,True,False,True,True,True
RES002999,True,False,False,True,True,True,False,True,False,False,True,False,True
RES003000,True,False,True,False,False,False,True,True,False,False,True,True,False
RES003001,True,False,False,False,False,False,False,False,True,False,True,False,False
RES003002,True,True,True,False,True,False,True,True,True,True,False,False,False
RES003003,False,False,False,False,True,True,False,False,False,False,False,True,True
RES003004,False,True,True,True,True,True,True,False,True,False,False,False,False
RES003005,True,True,False,True,False,True,False,False,True,False,True,True,False
RES003006,False,False,True,True,True,False,True,False,False,False,False,False,True
RES003007,False,False,True,False,False,False,True,True,False,False,False,False,False
RES003008,False,True,True,False,False,True,True,True,True,True,False,False,False
RES003009,True,True,True,True,False,False,False,True,False,True,False,True,False
RES003010,False,False,True,True,True,True,True,True,False,False,True,True,True
RES003011,False,True,True,True,False,False,True,True,False,True,True,True,False
RES003012,False,False,True,False,True,True,False,False,False,False,True,True,False
RES003013,True,True,False,False,False,True,True,False,False,False,False,True,True
RES003014,False,True,True,False,True,True,False,True,False,True,True,False,False
RES003015,False,True,True,False,True,False,False,False,False,True,True,True,False
RES003016,False,True,False,False,False,False,False,False,True,True,False,False,False
RES003017,True,True,False,False,True,True,True,False,True,False,False,False,True
RES003018,True,False,False,False,True,True,True,True,True,True,True,True,False
RES003019,False,False,True,False,True,True,True,False,True,False,False,False,False
RES003020,True,True,False,False,True,False,True,False,False,False,False,False,False
RES003021,True,True,True,True,True,True,True,False,False,False,True,False,False
RES003022,True,True,False,False,True,True,True,False,True,True,True,False,True
RES003023,True,False,False,True,False,False,True,False,False,True,False,False,False
RES003024,False,True,True,True,False,False,False,False,False,True,False,False,True
RES003025,True,True,False,False,False,True,True,True,False,False,True,True,True
RES003026,True,False,False,False,True,True,False,False,True,True,True,True,True
RES003027,True,True,True,False,True,True,True,False,False,False,False,True,False
RES003028,True,True,True,False,True,True,True,True,False,True,True,True,True
RES003029,False,False,False,True,True,False,True,False,False,True,True,True,False
RES003030,True,False,True,True,False,False,False,True,True,True,True,False,True
RES003031,False,False,True,True,False,True,False,False,False,True,False,True,False
RES003032,True,False,False,True,True,False,False,True,True,False,True,True,True
RES003033,False,True,False,True,True,False,True,True,False,False,False,False,False
RES003034,False,False,True,True,True,False,False,True,True,False,False,False,True
RES003035,False,False,True,False,True,True,False,False,False,False,True,False,True
RES003036,True,True,False,False,False,True,False,True,False,False,False,True,False
RES003037,True,True,True,True,True,False,True,True,True,True,False,True,False
RES003038,False,True,False,True,True,True,False,False,True,False,False,True,True
RES003039,True,False,True,False,False,False,False,True,True,False,False,True,False
RES003040,True,True,False,True,False,True,True,True,False,True,True,True,True
RES003041,True,False,True,True,True,False,False,False,False,False,True,False,False
RES003042,False,True,True,True,False,True,False,False,False,False,True,True,False
RES003043,False,True,False,True,False,False,False,True,True,False,True,False,True
RES003044,True,False,False,True,True,True,False,False,True,False,True,True,False
RES003045,False,False,True,True,False,True,True,True,True,True,False,False,True
RES003046,True,False,True,True,False,False,True,False,False,False,True,False,False
RES003047,True,True,False,False,False,False,True,False,True,False,True,False,False
RES003048,True,False,False,True,True,True,False,False,True,False,True,False,False
RES003049,True,True,False,True,False,True,True,True,False,True,True,False,False
RES003050,False,False,False,True,True,True,True,True,False,True,True,True,False
RES003051,False,False,True,True,True,True,False,True,False,False,False,False,True
RES003052,True,True,False,True,True,True,False,True,False,True,True,True,False
RES003053,False,True,False,True,True,True,True,False,True,False,False,True,True
RES003054,True,True,False,False,True,False,True,False,True,True,True,False,False
RES003055,False,False,True,True,False,True,False,True,True,True,True,False,False
RES003056,True,True,True,False,False,False,False,True,True,True,True,False,False
RES003057,True,True,False,True,False,False,True,True,True,True,True,False,False
RES003058,False,True,False,False,True,True,False,True,True,False,True,True,True
RES003059,True,True,False,True,False,True,False,True,True,True,False,False,False
RES003060,True,True,False,True,False,True,False,False,False,True,True,True,True
RES003061,True,False,True,True,True,False,True,False,True,True,True,True,True
RES003062,True,True,True,False,True,False,True,True,False,False,False,True,False
RES003063,True,False,True,False,False,True,False,True,False,True,False,False,True
RES003064,False,False,False,False,True,True,True,False,True,True,False,False,True
RES003065,True,False,False,True,False,True,True,True,True,True,False,True,True
RES003066,False,False,True,True,True,True,True,False,True,True,True,True,True
RES003067,True,False,True,True,True,False,False,True,True,True,False,True,False
RES003068,False,True,False,False,False,True,True,False,True,True,True,False,True
RES003069,True,False,True,False,False,True,True,True,True,True,True,False,True
RES003070,True,True,False,False,True,False,True,False,False,False,True,False,False
RES003071,False,False,True,True,False,True,True,True,False,False,False,False,True
RES003072,False,True,True,False,True,False,False,True,True,False,False,False,False
RES003073,True,False,False,True,True,False,True,False,True,True,False,True,False
RES003074,True,True,True,True,True,False,False,True,False,True,False,False,True
RES003075,False,True,True,False,True,True,False,False,True,False,False,False,True
RES003076,True,True,True,True,False,False,False,False,False,True,False,False,False
RES003077,False,True,True,True,True,True,True,True,False,False,True,False,False
RES003078,False,True,False,False,False,False,True,False,True,False,False,False,True
RES003079,True,True,True,True,True,False,False,True,True,True,False,False,True
RES003080,True,False,True,True,True,False,False,True,False,True,False,True,False
RES003081,False,False,False,True,True,True,True,True,False,False,False,False,False
RES003082,False,True,False,False,False,True,True,True,True,True,False,False,True
RES003083,True,False,False,True,False,True,True,True,True,True,False,True,False
RES003084,False,False,False,False,False,False,True,True,True,True,True,False,True
RES003085,True,False,False,False,True,False,True,True,True,True,True,False,False
RES003086,True,False,False,True,False,False,True,True,False,True,False,True,True
RES003087,True,True,False,False,False,True,False,False,False,False,False,False,True
RES003088,False,True,False,True,False,True,True,False,False,False,True,True,True
RES003089,False,False,True,False,False,False,False,False,True,True,False,False,False
RES003090,True,True,True,False,True,True,True,True,True,True,True,False,False
RES003091,True,False,False,False,True,True,True,False,False,True,False,True,False
RES003092,False,False,True,False,True,True,True,True,False,False,False,False,True
RES003093,True,False,True,False,True,True,False,False,False,True,True,False,True
RES003094,False,True,False,True,False,False,False,True,False,True,False,True,False
RES003095,False,True,True,True,False,False,True,False,False,False,True,False,False
RES003096,True,False,False,False,False,True,False,False,True,False,False,True,False
RES003097,True,False,False,True,False,False,True,True,True,True,False,False,False
RES003098,False,False,False,False,False,False,True,False,True,True,False,True,False
RES003099,True,True,False,False,True,False,True,True,True,True,True,True,False
RES003100,True,False,True,False,False,False,False,False,False,True,False,False,False
RES003101,True,False,True,False,True,False,True,False,False,False,False,False,True
RES003102,True,True,False,False,False,False,False,True,True,True,True,True,False
RES003103,False,False,False,False,False,False,False,False,True,True,True,True,True
RES003104,False,False,False,True,False,True,False,True,False,False,False,True,True
RES003105,True,True,False,True,True,False,True,True,True,True,False,False,True
RES003106,False,True,False,True,True,False,True,True,False,False,True,True,False
RES003107,False,False,False,True,False,True,True,False,True,False,False,True,True
RES003108,True,True,False,True,False,True,True,True,True,False,False,False,False
RES003109,True,False,False,False,True,False,True,True,False,True,True,True,False
RES003110,False,True,False,True,True,False,False,True,True,True,False,True,True
RES003111,True,False,False,True,False,False,False,False,False,False,False,False,True
RES003112,False,True,True,True,False,True,False,False,True,False,True,False,False
RES003113,True,False,False,False,True,False,False,True,True,False,False,False,False
RES003114,False,True,True,True,False,True,True,True,False,False,False,False,False
RES003115,False,False,False,True,True,True,True,True,True,False,True,True,True
RES003116,False,False,True,False,True,False,True,True,False,True,False,True,False
RES003117,True,True,True,True,True,False,False,True,False,True,True,False,True
RES003118,True,True,True,False,True,False,False,True,False,False,True,False,False
RES003119,False,True,True,True,False,False,False,True,True,True,True,True,True
RES003120,True,True,True,True,True,True,False,True,False,True,False,True,False
RES003121,True,False,True,False,False,False,False,True,False,True,False,True,True
RES003122,False,False,True,True,True,True,False,False,True,False,True,True,False
RES003123,False,True,True,False,True,False,False,False,True,True,True,True,True
RES003124,True,False,True,False,False,True,True,True,False,False,False,True,False
RES003125,True,True,False,True,False,True,True,True,True,False,False,True,False
RES003126,False,False,True,True,True,True,True,False,False,True,False,True,False
RES003127,False,True,False,False,True,False,False,False,True,True,True,False,True
RES003128,False,False,False,False,True,True,True,False,False,False,False,True,False
RES003129,False,True,True,False,False,False,False,False,False,False,True,False,False
RES003130,True,False,False,True,False,False,True,False,False,False,True,True,False
RES003131,True,False,True,False,True,True,True,True,False,True,True,True,False
RES003132,False,False,False,False,False,False,True,False,False,True,True,True,True
RES003133,False,False,True,True,True,True,False,False,True,True,False,True,False
RES003134,False,True,True,True,True,False,False,False,True,True,False,True,False
RES003135,True,False,True,False,True,True,True,True,False,True,False,False,False
RES003136,False,False,True,True,True,True,False,False,True,False,True,True,True
RES003137,False,False,False,True,True,True,True,False,False,True,True,True,False
RES003138,False,True,True,False,False,True,True,False,True,True,True,True,True
RES003139,False,False,False,True,True,True,False,True,False,False,False,True,False
RES003140,False,True,False,False,False,False,True,False,False,False,True,True,False
RES003141,False,True,True,True,True,False,True,True,False,True,False,True,True
RES003142,False,True,False,False,True,False,False,False,True,False,False,True,False
RES003143,True,True,True,False,False,True,False,True,False,True,True,True,False
RES003144,False,False,True,False,True,True,False,True,True,True,True,True,True
RES003145,False,False,True,True,True,True,False,True,True,False,True,False,False
RES003146,True,False,True,True,False,True,False,False,False,False,True,True,False
RES003147,False,True,False,True,False,True,False,True,True,False,True,False,True
RES003148,True,False,False,False,False,False,True,True,True,False,True,True,False
RES003149,False,True,True,False,True,False,False,True,False,True,False,True,False
RES003150,False,True,True,False,True,True,False,False,True,True,True,False,True
RES003151,True,True,True,True,True,False,False,False,False,False,False,True,True
RES003152,True,True,True,False,True,True,True,True,False,True,True,False,False
RES003153,False,False,True,False,False,False,True,False,True,False,False,True,True
RES003154,False,True,False,False,True,False,True,True,False,True,False,False,False
RES003155,True,True,True,False,True,False,False,False,False,False,True,True,True
RES003156,False,False,False,False,False,True,True,False,False,True,True,False,True
RES003157,True,True,True,False,True,True,True,False,False,True,False,True,False
RES003158,False,False,True,False,True,True,True,False,True,False,False,False,False
RES003159,False,False,True,False,True,True,True,False,False,True,True,True,True
RES003160,False,True,True,True,True,False,True,False,True,True,True,False,True
RES003161,True,True,True,True,True,True,True,True,True,False,True,False,False
RES003162,True,False,False,False,True,False,False,False,True,False,False,False,True
RES003163,True,True,False,False,True,True,True,True,False,True,False,False,True
RES003164,False,False,True,False,False,False,True,False,True,True,False,True,False
RES003165,False,True,False,True,True,False,False,True,True,True,True,True,False
RES003166,False,False,True,False,True,True,True,True,False,True,True,True,True
RES003167,True,True,False,True,False,False,False,True,False,True,False,False,True
RES003168,False,True,False,True,True,True,True,False,True,True,False,True,False
RES003169,False,True,True,True,True,False,True,False,True,False,False,False,True
RES003170,False,True,False,False,False,False,False,True,False,True,True,False,False
RES003171,False,False,False,False,True,True,True,False,True,True,False,True,True
RES003172,False,False,True,True,False,False,False,True,False,False,True,True,True
RES003173,False,True,True,False,False,False,False,True,True,False,False,True,True
RES003174,False,True,False,False,True,True,True,True,True,True,True,False,False
RES003175,True,True,False,True,False,False,False,False,False,False,True,False,True
RES003176,True,False,True,True,True,False,True,True,False,True,False,False,False
RES003177,False,True,True,True,False,False,True,False,True,False,True,False,True
RES003178,False,True,True,True,True,False,False,True,False,True,False,False,False
RES003179,True,True,False,False,True,True,False,False,False,True,False,False,True
RES003180,True,False,False,True,True,True,True,False,False,True,False,True,True
RES003181,True,True,True,True,True,True,True,True,False,True,True,False,True
RES003182,True,True,False,True,True,False,False,False,False,False,False,False,False
RES003183,True,True,False,False,False,False,False,True,False,False,False,False,False
RES003184,True,True,True,False,False,True,False,False,False,False,False,True,False
RES003185,False,True,True,True,True,True,False,False,False,True,False,False,False
RES003186,True,False,True,False,False,True,True,False,False,True,True,True,True
RES003187,True,False,True,True,True,True,True,True,False,False,True,True,True
RES003188,False,False,False,True,False,True,True,False,False,False,True,False,False
RES003189,True,True,False,False,False,False,True,False,False,False,False,False,False
RES003190,True,True,False,True,True,True,False,False,False,False,False,True,True
RES003191,True,True,True,False,True,False,False,True,False,False,True,True,True
RES003192,True,False,False,True,False,False,True,True,False,True,False,False,False
RES003193,False,False,True,False,False,False,False,True,True,True,False,False,False
RES003194,False,False,True,False,True,False,True,True,False,False,True,False,True
RES003195,False,True,False,True,False,False,True,True,False,False,True,True,False
RES003196,True,False,False,True,True,True,True,True,False,False,False,False,False
RES003197,False,True,True,True,True,False,False,True,True,True,True,False,True
RES003198,False,True,True,False,False,True,True,False,False,False,False,False,False
RES003199,True,True,False,True,True,True,True,True,True,False,True,False,True
RES003200,True,True,True,False,True,True,False,False,True,False,True,False,False
RES003201,True,False,False,True,True,True,False,False,False,False,True,False,True
RES003202,False,True,True,False,True,False,True,True,True,True,False,True,False
RES003203,False,False,True,True,True,False,False,False,False,False,True,False,True
RES003204,True,True,True,True,True,True,True,True,True,True,False,True,True
RES003205,False,True,False,False,False,True,False,True,False,False,False,True,True
RES003206,True,True,True,True,True,False,False,True,True,True,False,True,True
RES003207,True,False,True,False,False,True,True,True,False,False,True,False,True
RES003208,False,False,True,True,True,True,True,False,False,False,False,True,True
RES003209,True,True,True,True,True,False,False,False,True,True,True,True,True
RES003210,True,True,True,False,True,False,True,True,False,False,False,False,False
RES003211,False,False,False,True,False,False,False,False,True,False,True,True,False
RES003212,True,True,True,False,False,False,True,True,True,True,True,False,False
RES003213,False,False,True,False,False,False,False,False,False,True,False,True,True
RES003214,False,True,False,False,True,False,False,False,False,True,False,False,False
RES003215,False,True,True,True,True,False,False,True,False,False,True,False,True
RES003216,True,True,True,False,False,True,False,False,False,True,False,False,False
RES003217,False,True,True,False,True,True,True,True,False,True,True,False,False
RES003218,True,False,True,True,False,True,True,True,True,True,False,False,True
RES003219,True,True,False,False,True,True,False,True,True,False,False,True,True
RES003220,True,True,True,False,True,True,False,False,True,False,False,False,False
RES003221,False,False,True,True,True,False,False,True,False,False,True,True,True
RES003222,False,False,True,True,True,False,True,False,False,True,True,True,True
RES003223,True,True,False,True,False,True,False,False,True,False,True,False,True
RES003224,False,False,True,True,True,True,True,False,True,False,False,False,True
RES003225,True,True,True,True,False,True,False,True,True,True,True,False,False
RES003226,True,False,False,False,False,True,False,False,False,False,False,True,False
RES003227,False,False,True,False,True,False,False,False,False,True,False,False,False
RES003228,True,False,True,False,True,True,False,True,True,True,True,True,True
RES003229,False,False,False,False,False,True,True,False,True,True,False,True,True
RES003230,True,False,True,True,True,True,True,False,True,False,True,True,True
RES003231,True,False,False,True,True,True,True,False,True,False,True,False,True
RES003232,False,False,False,False,False,False,True,True,True,True,False,True,True
RES003233,False,False,True,True,True,False,False,True,True,True,True,False,True
RES003234,True,True,False,False,True,False,False,False,True,True,True,True,False
RES003235,False,True,True,False,True,True,False,False,False,True,True,True,False
RES003236,False,False,True,True,False,False,False,True,True,True,False,False,False
RES003237,False,True,False,False,True,False,True,False,False,False,True,False,True
RES003238,True,False,True,False,True,False,False,False,False,False,False,True,True
RES003239,False,True,True,True,False,False,True,True,True,False,False,True,True
RES003240,True,False,False,True,True,True,False,True,False,False,True,True,False
RES003241,False,False,True,True,False,False,True,False,True,False,True,True,True
RES003242,True,False,False,False,False,False,True,False,True,False,True,False,True
RES003243,False,False,False,True,False,False,False,True,False,True,False,False,True
RES003244,False,True,False,True,False,True,True,False,True,False,False,True,True
RES003245,True,True,True,True,True,False,True,False,True,False,False,False,False
RES003246,False,False,False,True,False,True,True,False,True,True,True,False,True
RES003247,True,True,True,True,True,True,True,True,True,True,True,False,False
RES003248,True,False,False,True,False,True,False,False,True,True,True,True,False
RES003249,True,True,False,False,True,False,True,True,True,True,False,False,True
RES003250,False,False,True,False,True,True,True,False,True,True,True,True,False
RES003251,False,False,True,True,True,False,False,True,True,False,False,False,False
RES003252,True,False,False,False,True,False,True,False,False,True,True,False,True
RES003253,True,False,True,False,True,True,True,True,False,True,False,True,True
RES003254,True,False,True,False,False,True,True,True,True,False,False,False,False
RES003255,True,False,True,False,True,False,True,False,False,False,True,True,True
RES003256,True,False,False,True,True,True,True,True,False,False,True,False,True
RES003257,True,True,False,True,False,False,True,False,True,True,False,False,False
RES003258,True,True,False,False,False,True,False,True,True,False,True,False,True
RES003259,False,True,True,False,False,False,False,True,True,True,False,False,False
RES003260,True,True,False,True,True,False,False,True,True,False,False,True,False
RES003261,False,True,True,False,False,False,False,False,True,False,True,False,False
RES003262,False,False,False,False,False,False,True,True,True,False,True,True,True
RES003263,True,True,False,False,True,False,False,False,False,True,True,True,False
RES003264,False,True,False,False,False,True,False,True,True,False,True,True,True
RES003265,False,True,True,False,True,False,True,True,True,False,False,True,False
RES003266,False,False,False,False,True,False,True,True,True,True,True,True,True
RES003267,True,True,False,True,False,False,True,False,True,True,False,False,False
RES003268,True,False,True,False,True,True,False,True,True,False,False,True,True
RES003269,False,True,False,True,False,True,False,True,False,False,False,True,True
RES003270,False,False,True,False,False,True,False,True,True,False,True,False,False
RES003271,False,True,True,True,False,False,True,False,False,False,False,False,False
RES003272,False,False,False,False,True,False,True,False,True,False,False,True,False
RES003273,True,True,False,False,False,False,True,False,False,True,True,True,False
RES003274,False,True,False,False,True,True,True,False,False,True,False,True,True
RES003275,False,True,True,True,True,False,False,False,False,True,False,False,False
RES003276,True,True,False,True,False,True,True,False,False,False,False,True,False
RES003277,True,False,False,False,False,False,True,False,False,False,False,False,False
RES003278,False,False,False,True,False,True,False,False,False,False,False,True,False
RES003279,False,True,False,True,False,True,False,True,False,False,True,False,False
RES003280,True,True,False,False,True,False,True,True,False,True,True,True,True
RES003281,False,False,True,False,True,True,True,False,True,True,False,False,False
RES003282,False,False,True,False,True,True,True,True,True,False,False,False,False
RES003283,True,True,False,False,False,False,False,False,False,False,True,True,True
RES003284,False,False,True,False,False,True,False,False,False,False,True,False,False
RES003285,False,False,True,False,False,False,False,False,True,False,True,True,False
RES003286,True,False,False,True,True,True,False,False,False,True,False,False,True
RES003287,True,False,True,False,False,False,False,True,True,False,False,False,False
RES003288,True,False,True,False,False,True,True,True,False,False,True,True,False
RES003289,False,True,False,True,False,False,False,True,False,False,False,False,True
RES003290,False,False,True,False,True,True,True,False,True,True,False,False,False
RES003291,False,True,True,False,True,False,False,False,False,True,True,False,False
RES003292,False,False,True,True,False,True,False,False,False,False,True,True,True
RES003293,True,True,False,True,False,False,False,False,True,False,True,True,False
RES003294,True,False,False,False,False,False,False,False,True,True,True,True,True
RES003295,False,True,False,False,False,False,True,False,False,False,False,True,True
RES003296,False,True,True,False,True,False,False,False,False,False,False,True,False
RES003297,True,True,False,True,False,True,True,True,True,False,True,True,True
RES003298,False,True,True,False,False,True,False,True,True,False,False,False,False
RES003299,True,False,True,True,True,True,True,True,True,True,True,False,True
RES003300,False,False,True,False,True,False,True,True,False,False,False,False,False
RES003301,True,False,True,False,False,False,True,True,True,True,True,False,True
RES003302,False,True,False,False,False,False,False,False,True,True,True,False,True
RES003303,False,True,True,False,False,True,False,True,True,False,True,False,False
RES003304,False,False,True,True,False,False,False,True,False,False,False,True,False
RES003305,True,False,False,True,True,False,True,True,True,True,True,True,False
RES003306,True,False,True,False,True,False,True,True,False,True,True,False,False
RES003307,True,False,True,True,True,True,False,True,False,True,True,True,True
RES003308,False,True,False,True,False,True,False,False,True,True,False,True,True
RES003309,False,True,False,False,False,True,True,True,True,False,True,False,True
RES003310,False,True,False,True,False,False,False,True,False,False,False,False,True
RES003311,True,True,False,False,True,False,True,True,False,False,False,False,False
RES003312,False,True,False,False,False,False,True,False,True,True,True,False,True
RES003313,True,True,False,True,False,True,False,False,False,False,True,True,True
RES003314,True,True,False,False,False,False,False,True,False,True,False,True,True
RES003315,False,False,False,False,True,False,False,False,False,True,False,False,True
RES003316,False,False,False,False,True,True,False,True,False,False,True,False,False
RES003317,True,True,True,False,False,True,True,True,False,True,False,True,False
RES003318,False,True,True,True,False,True,False,True,True,False,True,True,False
RES003319,True,True,False,True,False,True,False,False,True,False,True,True,True
RES003320,False,True,False,True,False,True,True,False,True,True,True,True,True
RES003321,False,True,False,True,False,False,True,False,True,False,True,True,True
RES003322,True,True,False,True,True,False,True,True,True,False,True,False,True
RES003323,True,True,True,False,False,False,True,True,False,True,True,False,True
RES003324,True,False,False,True,False,False,False,False,False,False,True,False,False
RES003325,True,True,True,False,False,True,True,False,False,False,True,False,True
RES003326,True,True,False,False,True,False,False,False,False,False,True,True,False
RES003327,True,False,False,True,False,True,True,True,False,True,True,True,True
RES003328,True,False,False,True,False,True,False,True,False,False,False,True,True
RES003329,False,False,True,True,True,True,False,True,True,False,False,False,False
RES003330,False,True,True,False,False,False,False,True,True,True,False,True,False
RES003331,True,True,True,True,True,True,False,True,True,False,True,False,False
RES003332,True,True,False,True,True,False,False,False,False,False,True,True,False
RES003333,False,True,False,True,False,True,True,True,False,True,True,True,False
RES003334,False,False,False,False,True,True,True,False,True,True,False,False,False
RES003335,True,False,True,False,True,False,True,True,True,True,True,True,False
RES003336,False,True,False,False,False,False,True,False,False,True,True,True,True
RES003337,False,False,True,False,True,True,False,False,True,False,False,True,True
RES003338,False,False,True,False,True,False,True,True,True,True,True,True,False
RES003339,True,True,True,True,True,False,False,False,True,False,True,False,True
RES003340,False,False,True,False,True,False,False,False,False,False,True,True,True
RES003341,True,True,True,False,False,True,True,True,False,True,False,False,False
RES003342,True,True,True,True,True,True,True,False,False,False,True,False,False
RES003343,True,False,False,False,True,True,False,True,False,True,False,True,True
RES003344,True,True,True,False,True,False,False,True,False,True,False,False,False
RES003345,False,True,False,True,False,False,True,False,True,True,True,True,False
RES003346,True,False,True,False,False,False,True,True,False,False,False,False,True
RES003347,False,True,False,False,False,False,True,True,False,False,True,False,True
RES003348,False,False,True,False,False,False,False,True,False,False,False,False,False
RES003349,True,True,True,False,True,True,True,True,True,True,False,False,False
RES003350,True,False,False,True,True,True,False,True,True,True,True,False,True
RES003351,False,False,False,False,False,True,False,True,False,True,True,False,False
RES003352,False,False,False,True,False,True,True,False,False,False,True,True,False
RES003353,True,False,True,False,False,False,True,True,False,True,True,True,True
RES003354,True,False,False,True,False,False,True,True,True,True,True,False,False
RES003355,True,False,False,False,False,False,False,True,True,True,False,True,True
RES003356,False,False,False,False,False,False,True,True,False,True,False,False,False
RES003357,True,False,False,False,True,True,False,True,True,False,True,True,True
RES003358,True,False,True,True,False,True,False,True,False,True,False,False,False
RES003359,True,True,True,False,False,True,False,False,False,False,False,True,False
RES003360,False,True,True,False,False,False,True,False,False,False,False,True,False
RES003361,False,True,True,True,True,True,True,False,False,False,True,True,False
RES003362,True,False,True,True,False,True,True,True,False,True,True,True,True
RES003363,True,True,True,False,False,True,False,True,False,False,False,True,True
RES003364,True,True,True,False,True,True,False,True,False,True,True,False,False
RES003365,False,True,True,True,False,True,True,False,True,True,False,False,True
RES003366,True,False,True,True,True,True,True,False,False,False,False,True,False
RES003367,False,True,True,True,False,True,False,True,True,True,False,True,False
RES003368,True,True,False,True,True,True,True,True,False,True,False,True,False
RES003369,True,False,True,False,True,True,False,False,False,True,False,False,True
RES003370,False,False,False,False,True,True,True,True,True,False,True,True,True
RES003371,True,True,True,True,True,True,False,False,True,False,True,True,False
RES003372,False,False,True,True,True,False,False,False,False,False,False,False,True
RES003373,False,True,False,True,True,False,True,False,True,True,True,True,True
RES003374,True,False,False,False,False,True,True,False,True,True,False,True,False
RES003375,True,True,False,True,True,False,False,True,True,True,False,False,True
RES003376,True,False,True,False,True,False,False,False,False,True,False,False,True
RES003377,False,False,True,False,False,True,True,True,True,False,True,True,True
RES003378,False,False,True,True,True,True,True,True,True,True,False,False,False
RES003379,False,False,True,True,True,False,True,True,True,True,True,True,False
RES003380,True,True,True,False,False,True,True,False,True,False,True,False,False
RES003381,True,False,True,False,True,False,False,False,True,False,False,False,True
RES003382,True,True,False,False,False,False,True,True,True,True,True,True,False
RES003383,True,False,True,True,False,True,False,False,True,False,True,False,True
RES003384,True,True,False,False,True,True,False,True,True,True,False,True,True
RES003385,False,False,True,False,False,False,True,False,False,False,False,False,True
RES003386,True,False,True,True,True,True,False,True,True,True,False,False,True
RES003387,False,False,True,True,False,False,True,True,False,True,False,True,False
RES003388,False,False,False,False,False,False,False,True,False,False,True,False,True
RES003389,False,True,True,False,True,True,False,True,False,False,True,True,True
RES003390,True,False,True,True,True,False,True,False,True,False,False,False,True
RES003391,True,False,True,True,False,True,False,True,True,True,False,True,False
RES003392,True,False,False,True,True,False,False,False,True,False,True,True,True
RES003393,False,False,True,False,False,False,True,True,False,True,True,True,False
RES003394,True,True,True,False,False,False,True,False,False,True,True,True,False
RES003395,True,False,False,True,True,False,True,True,False,False,False,True,True
RES003396,False,False,False,False,True,True,True,True,False,False,True,True,True
RES003397,False,True,True,True,True,False,True,False,False,True,False,False,False
RES003398,False,False,True,True,True,False,False,False,False,True,True,False,True
RES003399,False,False,False,False,False,False,True,False,True,False,False,True,False
RES003400,False,False,True,False,False,True,False,True,False,False,True,False,False
RES003401,False,True,False,True,True,False,False,False,False,False,False,True,False
RES003402,True,True,False,False,True,False,True,False,False,True,True,True,False
RES003403,False,True,True,True,False,True,False,False,True,True,False,False,False
RES003404,True,False,False,True,False,True,False,True,True,True,False,True,True
RES003405,False,True,True,True,False,False,True,False,False,False,True,True,False
RES003406,True,True,False,True,False,False,True,True,True,True,True,True,True
RES003407,True,True,False,True,False,True,False,False,True,False,True,False,True
RES003408,False,False,False,False,True,False,False,False,False,True,True,True,True
RES003409,False,False,True,False,False,True,True,True,False,True,False,True,False
RES003410,True,False,False,True,True,True,True,False,True,False,False,False,False
RES003411,True,False,False,True,False,True,True,False,False,True,False,True,True
RES003412,True,True,False,True,True,False,True,True,True,True,True,True,True
RES003413,True,False,False,True,True,False,False,True,True,True,False,True,False
RES003414,True,False,True,False,False,True,False,True,True,False,False,False,True
RES003415,True,True,False,False,True,True,False,True,False,True,True,False,True
RES003416,True,True,False,False,False,False,False,True,True,False,True,True,False
RES003417,False,False,True,False,True,False,False,False,True,True,False,True,True
RES003418,False,False,True,True,False,True,False,True,True,True,True,True,False
RES003419,False,True,True,False,True,True,True,True,True,True,False,False,False
RES003420,True,False,False,True,True,False,False,False,False,True,True,True,False
RES003421,False,True,False,True,True,False,True,True,False,False,False,False,True
RES003422,True,True,False,True,False,True,True,True,False,True,True,True,True
RES003423,False,True,True,True,False,False,True,False,False,True,False,False,False
RES003424,True,False,False,False,True,False,True,False,False,False,True,True,True
RES003425,False,True,True,True,True,False,True,False,True,True,False,True,False
RES003426,True,True,False,True,False,True,False,False,True,True,False,False,False
RES003427,False,False,False,True,False,True,False,True,True,False,True,False,True
RES003428,False,True,False,False,False,True,True,True,False,True,True,True,False
RES003429,False,False,False,False,False,True,False,False,True,False,False,True,True
RES003430,True,True,True,True,True,True,False,True,True,True,True,True,True
RES003431,False,True,False,False,True,True,True,True,False,True,True,False,True
RES003432,False,True,False,False,False,False,False,False,False,True,True,True,True
RES003433,False,False,False,False,True,True,False,False,True,False,True,True,False
RES003434,True,False,False,False,False,False,True,False,False,True,False,False,True
RES003435,True,False,True,False,False,False,True,False,False,True,True,True,False
RES003436,True,False,True,True,False,True,False,True,False,False,False,True,True
RES003437,False,True,False,False,True,False,True,False,False,False,True,True,False
RES003438,False,True,False,False,False,True,False,True,True,True,False,False,False
RES003439,True,True,True,False,False,False,True,True,False,True,False,True,True
RES003440,True,True,False,True,True,False,False,False,False,False,False,False,False
RES003441,False,False,True,False,True,True,False,False,True,False,False,True,False
RES003442,False,False,False,True,False,True,True,False,False,False,True,False,True
RES003443,True,False,False,False,True,True,True,True,False,True,True,True,True
RES003444,False,False,False,True,False,True,True,True,True,False,False,True,False
RES003445,True,False,False,False,True,False,False,True,False,True,False,False,True
RES003446,False,False,False,True,False,False,True,True,False,True,False,False,False
RES003447,False,True,False,False,True,False,True,False,True,False,True,True,False
RES003448,False,False,False,False,False,True,False,False,True,True,False,True,False
RES003449,True,True,True,True,False,False,True,True,False,False,False,True,False
RES003450,True,True,False,True,False,False,False,True,False,False,True,False,False
RES003451,False,False,False,True,True,True,True,True,True,False,True,False,True
RES003452,True,False,True,False,False,False,True,False,True,False,True,False,False
RES003453,False,False,True,False,True,False,True,False,True,True,True,False,False
RES003454,False,False,False,True,False,False,True,False,True,False,False,False,False
RES003455,True,False,True,False,True,True,False,False,False,False,True,False,True
RES003456,False,False,False,False,False,False,False,False,True,False,False,True,False
RES003457,True,True,True,False,False,True,False,False,True,True,False,False,False
RES003458,True,True,False,False,False,False,False,False,True,True,True,False,False
RES003459,False,True,False,False,False,True,True,True,True,False,False,False,True
RES003460,True,False,False,True,True,False,True,False,False,True,True,False,False
RES003461,True,True,False,True,True,True,True,True,False,True,False,True,False
RES003462,False,True,False,True,False,True,False,False,False,False,False,True,False
RES003463,True,False,False,True,True,False,False,False,True,True,True,False,False
RES003464,True,True,False,True,False,True,True,True,False,True,False,False,True
RES003465,False,False,True,False,False,True,True,False,True,False,True,False,True
RES003466,True,False,False,True,False,True,True,False,False,False,True,True,False
RES003467,False,True,True,False,True,True,True,False,False,True,False,False,True
RES003468,False,False,True,False,False,True,True,False,False,True,True,False,False
RES003469,False,False,True,False,True,True,False,False,False,True,True,True,False
RES003470,True,True,False,True,True,True,True,False,False,True,False,True,True
RES003471,True,True,True,False,False,False,False,False,False,False,True,True,False
RES003472,True,False,False,False,True,False,True,True,True,False,True,True,True
RES003473,True,True,True,False,False,True,False,False,False,False,False,True,False
RES003474,True,True,False,True,False,True,True,False,True,False,True,True,True
RES003475,False,True,False,True,True,True,True,False,True,False,False,True,False
RES003476,True,True,False,True,True,True,True,True,False,False,True,False,True
RES003477,False,True,True,False,True,True,False,True,False,False,True,False,False
RES003478,True,False,True,True,False,False,False,False,True,False,True,True,True
RES003479,False,True,True,True,False,True,True,False,False,False,True,False,False
RES003480,False,True,False,True,True,False,False,False,False,False,False,True,False
RES003481,True,False,False,True,False,False,True,True,False,True,False,False,True
RES003482,True,True,True,False,True,False,False,False,False,True,True,False,False
RES003483,False,True,True,False,True,True,True,False,False,True,True,True,True
RES003484,True,True,False,False,False,True,True,False,True,False,False,True,True
RES003485,False,True,True,True,False,True,True,False,False,False,True,False,True
RES003486,False,True,False,False,True,True,True,False,True,True,True,True,False
RES003487,False,True,False,False,False,False,True,True,True,True,True,False,False
RES003488,False,True,True,False,False,False,True,False,False,True,False,False,True
RES003489,True,False,True,True,True,False,True,True,False,False,True,False,True
RES003490,True,False,False,True,False,False,False,True,True,True,True,False,True
RES003491,False,True,True,False,True,True,False,True,True,True,False,True,True
RES003492,False,False,False,True,False,True,False,True,True,False,True,False,False
RES003493,True,True,False,False,False,True,False,False,False,True,True,True,True
RES003494,False,False,True,True,True,False,False,True,True,False,False,False,True
RES003495,True,True,False,True,False,True,True,True,False,False,True,False,False
RES003496,True,True,True,False,True,False,False,False,True,True,True,False,False
RES003497,False,True,True,True,False,False,False,True,False,True,True,True,False
RES003498,False,False,False,True,True,False,False,True,True,False,False,False,False
RES003499,False,False,True,True,False,True,True,False,True,False,False,False,False
RES003500,False,False,True,False,False,True,True,True,True,False,True,False,False
RES003501,False,False,False,True,True,True,True,False,True,False,False,False,False
RES003502,False,False,False,True,False,False,True,False,True,False,False,True,True
RES003503,False,True,True,False,True,True,False,False,False,True,True,True,False
RES003504,True,False,True,False,True,False,True,True,True,False,True,False,False
RES003505,True,False,True,False,False,False,True,True,False,True,False,True,True
RES003506,True,False,True,True,True,False,True,True,False,False,True,False,True
RES003507,True,True,False,False,True,True,True,True,True,False,True,True,False
RES003508,False,True,True,True,False,True,False,False,False,True,True,False,False
RES003509,False,False,True,True,True,False,False,False,True,False,False,False,True
RES003510,True,False,False,False,False,False,False,True,True,True,False,False,False
RES003511,False,False,False,False,True,False,False,True,False,True,True,True,True
RES003512,True,True,False,False,True,True,True,False,False,True,True,False,True
RES003513,False,True,True,False,True,False,True,True,False,True,True,False,True
RES003514,True,True,False,True,False,True,False,True,True,False,False,False,True
RES003515,False,False,False,False,False,False,False,True,True,True,False,True,False
RES003516,True,False,True,True,True,False,True,False,False,True,False,True,True
RES003517,True,False,False,True,False,True,False,True,True,False,False,True,False
RES003518,True,True,False,True,True,True,True,False,False,True,False,True,True
RES003519,True,True,False,False,False,False,True,True,False,True,False,True,True
RES003520,True,True,True,False,False,True,False,True,True,True,True,True,False
RES003521,False,False,True,False,False,False,False,False,False,False,False,True,False
RES003522,True,True,True,False,False,False,True,False,False,True,True,False,False
RES003523,True,False,True,True,True,True,False,True,False,False,False,True,False
RES003524,True,False,False,False,False,True,False,True,False,True,False,True,False
RES003525,True,True,False,True,True,False,True,False,False,True,True,True,False
RES003526,True,True,True,False,True,True,False,False,False,True,True,True,False
RES003527,False,True,True,True,False,False,False,True,True,False,False,False,True
RES003528,True,True,False,False,True,False,False,False,True,True,True,False,True
RES003529,False,True,True,False,True,True,True,False,True,False,True,False,False
RES003530,True,True,False,False,True,True,True,False,False,False,False,False,True
RES003531,False,False,True,False,False,False,True,True,False,True,False,False,True
RES003532,False,False,True,False,False,True,True,False,True,True,True,True,False
RES003533,True,False,True,True,False,True,True,False,False,True,True,True,True
RES003534,True,False,True,True,False,False,False,False,False,True,False,True,True
RES003535,False,True,False,False,True,False,False,False,False,False,False,False,True
RES003536,True,True,False,True,True,False,False,True,False,True,True,False,False
RES003537,False,True,True,False,False,True,True,False,False,True,False,True,False
RES003538,True,False,False,False,False,True,True,False,True,True,False,True,True
RES003539,True,True,False,True,False,False,True,False,True,False,True,False,True
RES003540,False,True,False,False,False,True,True,False,False,True,False,True,False
RES003541,False,False,False,False,True,True,False,True,False,True,True,True,True
RES003542,False,False,True,False,True,True,True,False,True,True,False,True,True
RES003543,True,True,True,False,True,True,True,True,True,False,False,False,False
RES003544,False,True,False,False,False,True,True,False,False,True,True,True,True
RES003545,True,True,False,False,False,True,False,False,False,True,False,False,True
RES003546,False,False,True,False,False,True,False,True,False,False,True,True,False
RES003547,True,False,True,True,True,True,False,True,False,False,False,True,True
RES003548,True,False,False,False,True,False,True,False,False,False,True,False,False
RES003549,True,False,True,True,True,False,False,True,False,True,False,True,False
RES003550,True,False,False,True,False,True,False,False,True,True,True,True,True
RES003551,False,True,False,False,True,True,True,False,False,False,False,False,False
RES003552,False,True,True,False,True,False,True,False,True,False,False,True,False
RES003553,True,True,False,False,True,True,False,False,False,True,True,True,False
RES003554,True,False,False,True,False,True,False,False,True,False,False,True,True
RES003555,True,True,True,False,False,False,False,False,True,True,False,False,True
RES003556,False,True,False,False,True,False,False,True,True,False,True,True,True
RES003557,False,True,False,False,False,False,True,True,False,True,False,False,False
RES003558,False,False,False,True,True,True,False,True,True,False,True,True,False
RES003559,False,True,True,True,False,False,False,False,False,True,True,False,False
RES003560,False,False,False,False,True,False,False,True,False,True,False,True,True
RES003561,True,True,True,True,False,False,False,True,True,True,False,True,False
RES003562,False,True,True,False,False,True,False,True,True,True,True,True,True
RES003563,True,True,True,True,False,True,False,False,False,True,False,True,True
RES003564,True,True,True,False,False,False,False,False,True,True,False,True,True
RES003565,False,False,True,True,True,True,True,True,False,True,False,True,True
RES003566,False,True,False,True,False,True,False,False,False,True,True,False,False
RES003567,False,False,False,True,True,True,True,True,True,False,True,False,False
RES003568,False,False,True,False,True,False,True,False,True,False,False,True,True
RES003569,False,False,False,True,False,True,False,False,True,False,True,False,False
RES003570,False,False,False,True,True,False,False,True,False,False,False,False,False
RES003571,True,True,True,False,True,True,False,False,False,False,True,False,True
RES003572,True,False,False,False,True,False,False,True,True,True,True,True,True
RES003573,False,False,True,True,False,False,False,False,True,True,True,False,False
RES003574,False,True,True,False,False,True,True,False,False,True,True,False,False
RES003575,True,True,True,False,True,True,False,True,False,True,True,True,True
RES003576,True,False,False,True,False,True,True,True,True,False,False,True,False
RES003577,True,False,False,False,True,False,True,False,False,False,False,False,True
RES003578,True,False,True,True,True,False,True,True,False,False,True,False,True
RES003579,True,True,True,False,False,False,False,True,True,False,False,True,False
RES003580,True,True,True,False,False,False,False,True,True,False,False,False,False
RES003581,False,True,False,False,False,False,True,True,False,True,True,False,False
RES003582,True,False,False,False,True,False,False,True,False,False,True,False,True
RES003583,False,False,False,False,False,False,False,True,False,False,False,True,False
RES003584,True,False,True,False,False,False,False,False,True,False,True,True,True
RES003585,False,True,True,True,False,False,True,False,True,False,False,False,True
RES003586,True,False,True,True,True,False,True,True,False,False,True,False,True
RES003587,True,True,True,True,True,False,False,True,False,False,False,False,True
RES003588,False,True,True,False,True,True,False,False,True,False,False,True,False
RES003589,True,False,False,False,False,True,True,True,False,True,False,False,True
RES003590,True,True,True,True,True,False,True,False,False,False,True,False,False
RES003591,False,False,True,True,False,False,False,True,False,True,True,False,False
RES003592,True,True,False,True,True,True,True,False,True,False,False,True,False
RES003593,True,True,False,True,True,True,False,True,False,False,False,False,False
RES003594,True,False,True,False,True,True,False,False,False,True,False,False,False
RES003595,True,True,True,False,True,True,False,True,True,True,True,True,True
RES003596,True,False,False,False,True,False,False,True,True,False,True,True,False
RES003597,False,True,False,False,True,False,True,False,True,True,False,False,False
RES003598,False,True,True,True,True,False,True,True,True,False,True,False,True
RES003599,True,True,False,True,True,True,False,False,False,False,True,True,False
RES003600,False,True,True,True,False,True,True,False,False,True,False,True,True
RES003601,False,False,True,True,True,False,True,True,True,True,True,False,False
RES003602,False,True,False,False,True,False,False,True,False,True,True,False,False
RES003603,True,False,True,False,False,True,False,True,False,False,False,True,False
RES003604,True,False,True,True,True,False,True,True,False,False,False,True,True
RES003605,False,False,False,False,True,True,True,False,True,True,False,False,False
RES003606,True,True,True,False,False,True,True,True,False,False,True,False,True
RES003607,False,True,True,False,False,False,True,False,False,True,False,True,True
RES003608,True,False,False,False,True,False,False,True,True,False,True,False,False
RES003609,False,False,False,False,False,True,False,True,False,False,True,False,True
RES003610,False,True,True,True,True,True,True,True,True,True,True,False,False
RES003611,False,True,False,True,False,False,False,True,False,True,True,False,True
RES003612,False,False,False,True,True,True,False,False,True,True,True,True,True
RES003613,False,True,True,True,True,True,False,True,True,True,False,True,True
RES003614,False,False,True,True,True,True,False,False,True,False,True,True,True
RES003615,False,True,True,False,True,True,True,False,False,True,True,True,True
RES003616,False,False,True,False,True,False,False,True,True,False,True,False,False
RES003617,True,False,False,True,False,False,False,False,True,False,False,False,True
RES003618,True,False,True,True,False,True,True,True,True,False,False,True,True
RES003619,False,False,False,True,True,False,True,True,False,True,True,False,False
RES003620,False,False,False,True,False,False,False,False,False,True,False,False,False
RES003621,False,True,True,True,True,False,False,False,False,False,True,False,True
RES003622,True,False,True,False,False,False,False,False,True,True,True,False,False
RES003623,False,True,True,True,True,True,False,True,False,False,False,False,False
RES003624,True,False,False,False,True,True,False,False,False,True,False,True,False
RES003625,True,False,True,True,False,True,False,False,True,True,True,False,False
RES003626,True,False,True,True,False,True,False,False,True,True,True,True,True
RES003627,True,True,True,True,True,False,True,True,False,False,True,True,False
RES003628,False,True,False,True,False,True,True,False,False,True,True,True,False
RES003629,False,True,True,False,True,False,True,True,True,True,True,True,True
RES003630,True,True,True,True,True,False,True,False,False,False,True,False,False
RES003631,False,False,False,True,True,True,True,False,False,False,True,False,False
RES003632,False,False,True,False,True,True,True,True,False,True,False,True,True
RES003633,True,True,False,True,True,False,True,True,False,True,False,True,True
RES003634,False,True,False,True,True,True,False,True,True,True,True,True,False
RES003635,False,False,True,True,False,False,True,False,True,True,False,True,False
RES003636,False,True,True,True,False,False,False,True,False,True,False,False,True
RES003637,True,True,True,True,True,True,True,True,True,False,True,True,False
RES003638,True,True,False,False,True,True,True,False,False,False,True,True,False
RES003639,True,True,False,True,False,True,True,True,True,False,False,True,False
RES003640,False,True,True,True,False,False,False,True,False,True,False,False,True
RES003641,False,False,False,True,True,False,True,False,False,True,True,False,False
RES003642,True,False,True,False,True,False,False,True,False,True,False,True,False
RES003643,False,True,False,False,True,False,True,True,True,False,False,False,True
RES003644,False,False,False,True,True,False,True,True,True,False,True,False,True
RES003645,False,False,True,False,True,False,True,False,False,True,True,False,False
RES003646,False,False,True,True,True,True,False,False,False,True,False,True,False
RES003647,False,False,True,False,False,False,False,True,False,False,True,True,True
RES003648,False,True,False,False,True,False,True,False,False,True,False,False,False
RES003649,True,True,False,True,True,False,True,False,True,True,True,False,True
RES003650,True,False,False,True,True,True,True,True,True,True,False,True,True
RES003651,True,True,True,False,False,True,False,False,True,False,True,True,True
RES003652,False,False,True,True,True,False,False,False,False,False,True,False,True
RES003653,False,False,True,False,False,False,False,False,False,True,True,False,True
RES003654,False,False,False,False,False,True,True,True,True,False,True,True,True
RES003655,True,False,False,False,True,True,True,True,False,True,True,True,True
RES003656,True,False,False,True,True,False,False,True,False,False,True,True,True
RES003657,False,True,False,False,True,True,False,True,True,False,False,True,True
RES003658,True,True,False,False,False,False,True,True,False,True,True,True,True
RES003659,True,True,True,True,True,False,True,False,False,True,False,False,False
RES003660,False,True,False,False,True,True,True,True,True,True,False,False,True
RES003661,True,True,False,False,False,False,True,False,True,False,True,True,True
RES003662,False,False,True,False,True,False,True,False,True,True,False,True,False
RES003663,False,True,False,True,False,False,False,True,False,False,True,False,True
RES003664,True,True,True,True,True,False,True,True,False,True,True,True,True
RES003665,False,True,False,True,False,False,False,False,True,False,False,False,True
RES003666,True,True,True,False,False,False,True,True,False,True,True,True,False
RES003667,False,False,False,False,False,True,True,True,True,False,True,True,True
RES003668,False,True,True,False,True,False,True,False,False,True,False,True,True
RES003669,True,True,False,False,True,False,True,False,True,False,False,False,True
RES003670,False,False,False,False,False,True,True,True,False,False,True,False,True
RES003671,True,False,True,False,True,True,False,True,True,False,True,True,False
RES003672,True,True,True,False,True,True,False,False,False,True,True,True,False
RES003673,False,False,True,False,False,True,True,False,True,False,False,False,True
RES003674,False,False,False,False,False,True,True,True,True,True,False,True,False
RES003675,False,False,True,True,False,True,True,False,True,True,False,False,False
RES003676,True,True,False,True,True,False,False,True,False,True,False,True,False
RES003677,True,False,True,False,True,True,False,True,False,False,False,True,True
RES003678,True,True,False,False,True,True,False,False,True,False,False,True,True
RES003679,False,False,True,False,False,False,True,False,True,False,False,True,True
RES003680,True,True,False,True,True,False,True,True,False,False,True,False,False
RES003681,True,True,False,True,True,False,True,False,True,False,True,True,False
RES003682,False,False,False,True,True,False,True,False,False,True,True,True,False
RES003683,True,False,False,False,False,False,True,True,True,False,True,True,True
RES003684,True,False,True,True,False,False,True,False,True,False,False,True,False
RES003685,False,False,True,True,True,True,False,False,False,True,True,True,False
RES003686,False,False,True,False,False,False,True,False,True,True,True,True,True
RES003687,False,True,True,False,False,True,True,False,False,False,True,True,False
RES003688,True,False,True,True,True,False,False,True,False,False,True,True,False
RES003689,False,False,False,True,True,False,False,True,True,False,True,False,True
RES003690,False,False,True,False,True,True,False,True,True,False,True,True,False
RES003691,True,False,False,True,False,True,True,True,False,False,False,False,True
RES003692,False,False,True,False,True,False,False,False,True,True,True,True,True
RES003693,True,True,False,True,True,False,True,False,False,False,True,False,False
RES003694,True,False,True,False,False,False,True,False,True,True,False,True,False
RES003695,True,False,True,False,True,False,False,True,False,False,True,True,True
RES003696,False,False,False,False,True,False,True,False,True,False,True,False,False
RES003697,True,True,False,False,False,True,True,False,True,True,False,True,True
RES003698,True,True,False,True,False,True,False,False,False,False,False,False,True
RES003699,True,True,True,True,False,False,True,False,True,True,True,False,True
RES003700,False,True,True,False,True,False,False,True,True,True,False,True,True
RES003701,True,True,False,True,True,False,False,False,True,False,True,False,True
RES003702,True,False,True,True,True,True,True,True,False,True,True,True,False
RES003703,False,False,True,True,False,False,False,False,False,True,False,True,False
RES003704,True,True,False,True,False,False,True,False,True,True,False,False,True
RES003705,True,False,True,True,True,False,False,True,True,True,False,False,True
RES003706,True,False,False,False,False,True,True,False,False,True,True,True,True
RES003707,True,False,False,True,False,True,False,False,False,True,False,True,False
RES003708,True,False,False,False,False,False,True,True,True,True,True,True,False
RES003709,False,True,True,True,False,False,True,False,False,False,False,False,False
RES003710,False,False,False,True,False,True,True,False,True,False,True,True,False
RES003711,True,False,True,False,True,False,False,True,True,True,False,False,False
RES003712,True,True,False,True,False,False,False,True,False,False,False,False,False
RES003713,True,True,True,False,False,True,True,True,False,True,False,True,True
RES003714,False,True,True,False,True,True,False,False,False,True,False,True,True
RES003715,True,True,False,False,True,False,True,True,False,False,True,False,False
RES003716,False,False,False,True,True,True,True,True,True,False,False,True,True
RES003717,True,True,False,False,False,True,True,True,False,False,True,True,True
RES003718,True,False,False,True,True,True,True,True,False,True,False,True,False
RES003719,False,True,True,True,False,True,False,True,False,True,False,False,False
RES003720,True,False,False,True,True,False,True,False,False,True,False,False,True
RES003721,True,False,True,False,False,True,True,False,True,False,True,True,False
RES003722,True,False,False,True,False,True,True,True,False,True,True,True,False
RES003723,False,False,False,True,True,False,True,True,True,True,False,True,True
RES003724,True,False,True,True,True,False,True,False,False,False,True,False,True
RES003725,False,False,False,True,True,False,False,False,True,True,True,False,True
RES003726,True,False,False,True,True,False,True,False,False,True,False,False,True
RES003727,False,True,True,True,False,True,False,True,False,True,True,True,False
RES003728,True,False,True,False,False,True,False,False,True,True,False,False,False
RES003729,False,True,False,False,True,True,False,True,True,False,False,True,False
RES003730,False,True,False,False,False,True,True,False,True,False,True,True,True
RES003731,False,True,False,True,True,True,True,True,False,True,True,True,False
RES003732,True,True,True,False,True,False,False,True,True,True,True,False,True
RES003733,False,True,True,True,False,False,True,False,False,True,True,True,False
RES003734,True,False,False,False,False,False,True,True,True,True,False,False,True
RES003735,False,False,False,True,True,False,False,False,True,True,True,True,True
RES003736,True,False,True,False,False,True,False,False,True,True,False,True,False
RES003737,True,False,False,True,False,True,True,True,False,False,True,True,True
RES003738,True,True,True,True,True,False,False,True,True,True,True,True,True
RES003739,True,False,False,False,False,False,True,True,False,True,True,False,False
RES003740,True,True,False,True,False,True,False,False,False,False,True,False,True
RES003741,True,False,False,True,False,True,True,False,False,True,True,True,True
RES003742,False,True,True,False,False,False,False,False,True,True,True,True,True
RES003743,False,False,False,False,True,False,True,True,False,True,False,True,False
RES003744,True,False,False,True,False,False,False,False,False,False,False,True,False
RES003745,True,True,False,True,True,True,True,True,False,False,True,False,False
RES003746,False,False,False,False,False,False,True,False,False,False,True,True,False
RES003747,False,False,False,True,True,False,True,False,False,False,True,True,True
RES003748,False,False,True,False,False,True,False,True,True,True,True,False,False
RES003749,True,True,False,False,True,False,True,False,True,False,False,True,False
RES003750,False,False,True,False,True,True,True,True,False,False,False,True,True
RES003751,False,False,True,False,False,True,True,False,True,False,True,True,False
RES003752,False,True,False,True,False,False,False,True,False,False,True,True,False
RES003753,True,True,False,True,False,False,False,True,True,False,True,False,False
RES003754,True,False,True,False,True,True,False,True,True,False,True,False,False
RES003755,False,False,True,True,False,False,True,False,True,True,False,False,False
RES003756,False,False,True,True,True,True,False,False,False,True,True,True,False
RES003757,False,True,False,False,False,False,True,True,False,True,True,False,True
RES003758,False,False,False,False,True,True,True,False,False,True,True,True,False
RES003759,False,True,False,True,True,True,False,True,True,False,False,False,True
RES003760,True,True,False,False,False,True,False,False,False,True,True,False,True
RES003761,True,True,True,False,True,False,True,True,True,False,False,False,False
RES003762,False,False,True,False,True,True,True,True,False,False,False,True,False
RES003763,False,False,True,True,True,False,True,True,False,True,True,True,True
RES003764,False,True,True,False,True,True,False,True,False,True,False,True,True
RES003765,True,True,False,False,True,False,False,True,False,False,False,False,False
RES003766,True,True,True,True,False,False,True,True,True,False,True,False,True
RES003767,False,True,True,False,False,False,False,True,True,False,False,False,False
RES003768,True,True,True,True,True,False,True,True,True,True,False,False,True
RES003769,False,False,False,True,True,True,True,True,True,False,False,True,False
RES003770,True,False,False,True,True,False,False,True,True,True,True,True,False
RES003771,False,True,True,False,True,False,False,True,False,False,False,False,False
RES003772,False,True,False,False,True,True,False,False,False,True,False,True,True
RES003773,False,False,True,False,False,True,True,False,True,False,False,False,False
RES003774,True,True,True,False,True,True,False,False,False,False,True,True,False
RES003775,False,True,True,True,False,False,False,False,False,True,False,False,True
RES003776,True,True,False,True,True,True,False,True,True,True,False,False,True
RES003777,False,False,False,False,False,False,True,True,True,False,True,True,True
RES003778,False,False,False,False,True,False,False,True,True,False,True,True,True
RES003779,True,True,False,True,True,True,True,True,True,False,True,True,False
RES003780,False,False,False,True,False,False,False,True,False,False,True,True,True
RES003781,True,True,True,False,True,True,False,True,True,True,False,False,True
RES003782,False,False,False,False,True,False,True,False,True,False,False,False,True
RES003783,False,False,False,True,False,False,True,True,False,False,False,True,False
RES003784,False,True,True,True,False,True,False,True,False,True,True,False,True
RES003785,False,False,False,False,False,False,False,False,False,True,False,True,True
RES003786,False,False,True,False,False,False,True,True,False,False,False,True,True
RES003787,True,False,True,False,True,False,False,False,False,False,False,False,True
RES003788,True,False,True,False,False,True,True,True,False,False,True,True,True
RES003789,True,True,True,False,True,False,True,False,False,True,False,False,False
RES003790,True,False,True,True,False,True,True,True,True,True,True,False,False
RES003791,False,False,False,True,False,False,True,True,False,False,False,True,False
RES003792,True,True,True,True,True,True,False,True,True,True,True,False,False
RES003793,False,False,False,False,True,False,True,False,True,False,True,True,False
RES003794,True,True,False,False,True,True,False,False,True,False,True,True,True
RES003795,False,False,True,False,True,False,False,True,True,False,False,True,True
RES003796,False,False,True,False,False,True,True,False,False,False,True,False,False
RES003797,False,True,True,True,False,True,True,True,True,False,True,True,False
RES003798,False,False,False,False,True,False,False,True,False,True,False,False,False
RES003799,True,False,False,True,True,True,False,True,True,True,True,True,True
RES003800,False,False,False,False,True,True,False,False,True,True,True,True,False
RES003801,False,False,False,False,False,True,False,False,True,True,True,False,True
RES003802,False,False,False,False,False,True,False,False,True,True,False,True,True
RES003803,False,True,True,False,False,False,True,True,False,True,False,False,True
RES003804,True,False,False,False,False,True,True,True,False,False,False,False,True
RES003805,False,False,True,False,False,True,True,True,True,True,True,False,False
RES003806,True,True,False,True,False,False,False,True,False,True,False,True,False
RES003807,True,False,False,True,True,False,True,False,False,False,False,False,True
RES003808,False,False,True,False,True,True,False,True,True,False,False,True,True
RES003809,False,False,False,True,False,True,False,False,False,False,True,True,False
RES003810,True,True,True,True,True,False,False,True,False,False,True,False,True
RES003811,False,True,True,True,True,False,True,False,False,True,True,True,False
RES003812,True,False,True,True,True,False,False,False,True,True,False,True,True
RES003813,True,False,True,True,False,False,True,True,True,False,True,True,True
RES003814,False,False,True,True,True,True,True,True,True,False,True,False,True
RES003815,False,True,False,False,True,False,False,True,False,False,True,True,True
RES003816,False,False,True,False,False,False,True,True,False,False,False,True,True
RES003817,False,True,True,False,False,False,True,True,False,False,False,True,False
RES003818,False,False,True,True,False,False,True,False,False,True,True,False,False
RES003819,True,False,True,True,True,True,True,False,False,True,True,True,False
RES003820,False,False,False,True,True,False,False,False,False,True,False,True,True
RES003821,False,False,False,True,False,False,False,False,True,False,False,True,True
RES003822,True,False,True,False,False,True,False,True,False,False,True,True,False
RES003823,True,False,False,False,True,True,True,True,False,False,False,True,True
RES003824,False,False,False,True,True,False,False,True,False,True,True,False,False
RES003825,False,False,False,False,False,True,True,False,True,True,False,False,False
RES003826,False,True,True,True,True,False,False,True,True,False,True,False,True
RES003827,True,False,False,False,True,True,True,False,False,True,False,False,True
RES003828,True,False,False,True,True,True,False,True,True,False,True,True,False
RES003829,True,True,True,False,True,True,True,False,True,True,True,True,False
RES003830,False,True,False,False,True,True,False,True,False,True,True,True,True
RES003831,False,True,False,False,False,False,False,False,True,True,False,True,True
RES003832,False,True,True,True,False,True,True,True,True,True,True,False,True
RES003833,False,True,False,True,False,True,True,False,True,True,True,True,False
RES003834,False,False,False,True,True,False,False,False,True,False,True,False,False
RES003835,False,False,False,True,True,True,True,False,False,True,True,True,False
RES003836,False,False,False,True,True,True,False,True,False,True,True,True,True
RES003837,False,True,False,False,True,True,True,False,True,True,False,False,True
RES003838,False,True,False,False,False,False,False,True,False,True,False,True,True
RES003839,True,True,False,False,True,False,True,True,True,True,True,False,False
RES003840,True,True,True,False,True,True,True,True,False,False,True,True,False
RES003841,False,False,True,False,True,True,False,False,True,False,True,False,False
RES003842,False,False,True,False,False,False,False,True,False,True,False,True,True
RES003843,True,True,True,False,False,False,True,False,True,True,False,True,True
RES003844,True,True,True,False,False,True,True,False,True,True,True,False,False
RES003845,True,False,False,False,True,False,True,False,True,True,False,True,True
RES003846,False,True,True,True,False,True,False,True,False,False,False,True,True
RES003847,False,False,False,True,True,False,True,True,True,False,True,True,False
RES003848,False,False,False,False,False,False,True,False,True,True,True,True,True
RES003849,False,True,False,False,False,True,False,False,False,True,False,True,True
RES003850,True,False,False,False,True,True,False,True,False,True,True,False,False
RES003851,False,False,False,False,False,False,False,False,False,True,True,True,True
RES003852,True,True,False,False,True,False,False,False,False,True,False,False,True
RES003853,True,True,False,False,True,True,False,False,True,False,False,True,False
RES003854,False,True,True,False,False,False,False,True,True,False,True,False,True
RES003855,False,False,False,False,False,True,True,False,False,True,True,False,True
RES003856,True,True,False,False,True,False,True,False,True,True,False,True,True
RES003857,False,False,True,False,True,True,False,True,False,True,True,False,False
RES003858,False,False,True,True,False,True,True,False,False,False,False,True,True
RES003859,True,False,False,True,False,False,False,True,False,True,False,True,False
RES003860,True,True,True,True,False,False,True,True,True,True,True,True,False
RES003861,True,False,False,True,True,True,True,True,True,False,True,True,True
RES003862,False,False,True,True,False,False,False,True,True,False,False,False,True
RES003863,False,False,False,False,True,True,True,True,False,False,True,True,False
RES003864,False,False,False,False,True,True,False,False,False,False,False,False,True
RES003865,False,False,False,False,True,True,False,True,False,False,True,True,True
RES003866,True,True,True,True,False,True,True,False,True,False,False,True,False
RES003867,True,False,False,False,True,False,False,False,True,True,True,False,True
RES003868,True,False,True,False,False,False,True,False,False,False,False,False,True
RES003869,True,True,True,True,True,False,False,False,True,False,True,False,True
RES003870,True,False,False,True,True,False,False,False,True,False,False,True,True
RES003871,True,True,True,True,False,False,False,False,True,False,True,True,False
RES003872,True,False,True,True,True,True,False,False,False,True,True,True,False
RES003873,False,False,False,False,False,True,True,False,False,False,True,False,False
RES003874,True,False,False,False,False,True,True,True,False,False,True,True,True
RES003875,True,False,False,True,True,False,True,False,True,False,True,False,True
RES003876,False,True,False,True,False,True,True,True,True,False,True,True,False
RES003877,True,False,True,False,False,True,True,False,True,False,True,True,True
RES003878,False,True,False,True,False,True,True,False,False,False,True,False,True
RES003879,False,False,False,False,True,True,False,True,True,False,False,True,False
RES003880,False,False,True,True,False,True,True,True,False,False,True,False,True
RES003881,True,True,True,False,False,False,False,False,True,False,False,True,False
RES003882,True,False,True,True,True,False,False,False,False,True,False,True,True
RES003883,False,True,True,True,True,True,True,True,False,False,False,True,False
RES003884,False,True,False,True,True,False,False,True,False,False,True,True,False
RES003885,False,True,True,True,True,False,False,True,False,True,False,False,False
RES003886,True,True,True,False,True,False,True,False,False,False,False,True,True
RES003887,False,True,True,True,False,True,True,False,False,False,False,True,False
RES003888,True,False,True,False,False,True,True,True,True,True,False,True,True
RES003889,True,True,True,True,False,True,False,True,True,True,False,False,True
RES003890,False,False,False,False,False,False,True,True,False,False,False,False,False
RES003891,False,True,False,False,True,False,True,True,True,True,True,False,True
RES003892,True,False,True,True,True,False,True,True,True,False,True,True,True
RES003893,False,False,True,False,False,False,False,True,True,True,True,True,True
RES003894,True,True,True,False,False,False,True,False,False,False,True,True,False
RES003895,False,True,True,False,False,False,False,False,False,False,True,True,False
RES003896,False,False,True,False,True,False,False,True,True,True,True,False,False
RES003897,False,False,False,False,True,False,True,True,False,True,True,True,False
RES003898,False,True,True,True,True,True,False,True,True,True,True,False,False
RES003899,False,True,True,False,True,False,False,False,False,False,False,True,True
RES003900,True,True,False,True,True,True,False,False,True,True,True,True,False
RES003901,False,False,True,False,True,True,True,False,False,True,True,False,True
RES003902,True,True,False,False,True,False,False,False,False,True,False,False,False
RES003903,True,False,False,False,False,False,True,False,False,False,False,True,False
RES003904,True,True,True,False,False,False,False,False,True,True,False,False,False
RES003905,True,False,False,True,True,False,True,True,False,True,False,False,True
RES003906,True,True,True,False,False,False,False,True,True,False,False,False,False
RES003907,True,False,False,False,True,True,False,True,True,False,False,True,True
RES003908,True,True,True,True,True,True,True,True,True,True,True,True,True
RES003909,True,True,False,True,True,False,True,False,False,True,False,True,True
RES003910,True,False,True,False,False,True,True,True,False,True,True,True,True
RES003911,False,True,True,True,False,False,True,False,False,False,False,False,False
RES003912,True,True,False,False,True,True,False,False,True,True,True,True,True
RES003913,False,True,False,False,True,False,False,True,True,True,True,True,True
RES003914,True,False,False,True,False,True,False,True,True,False,True,False,False
RES003915,True,False,True,True,False,False,True,True,True,False,True,True,False
RES003916,False,False,False,True,True,False,False,True,False,False,True,False,False
RES003917,False,True,False,False,False,False,True,False,True,True,True,False,False
RES003918,True,True,True,True,False,True,True,True,False,False,True,False,True
RES003919,False,True,True,True,True,True,False,True,False,False,False,False,True
RES003920,False,True,False,False,False,True,False,True,False,True,True,True,True
RES003921,True,False,False,True,True,True,False,False,False,False,True,False,False
RES003922,False,True,False,True,False,False,False,False,False,False,True,True,True
RES003923,False,False,False,False,True,True,False,False,False,True,False,False,False
RES003924,False,False,False,False,True,True,False,True,False,False,False,False,True
RES003925,False,True,True,True,True,True,False,False,True,False,False,True,False
RES003926,True,False,False,True,False,False,False,False,True,True,False,True,False
RES003927,True,True,False,False,False,True,False,True,True,False,True,True,True
RES003928,True,True,True,False,False,False,True,True,True,False,False,False,True
RES003929,False,False,True,False,True,True,True,True,True,False,True,False,False
RES003930,False,False,False,False,False,True,False,False,False,False,True,True,False
RES003931,True,True,True,False,False,True,False,False,False,True,False,True,True
RES003932,False,True,False,True,True,True,True,False,True,False,True,False,False
RES003933,True,False,True,True,False,False,False,False,False,True,False,False,True
RES003934,True,False,True,False,False,False,True,True,False,False,False,False,False
RES003935,True,False,False,True,True,False,False,False,False,True,False,True,True
RES003936,True,False,False,True,True,True,True,True,False,True,False,False,False
RES003937,True,True,True,False,True,True,True,False,True,False,False,False,True
RES003938,False,False,True,True,True,True,True,True,False,False,True,False,True
RES003939,True,False,False,False,False,False,False,True,False,True,False,False,False
RES003940,False,False,False,True,True,True,False,False,True,True,False,False,True
RES003941,True,True,False,True,False,False,True,False,True,False,True,False,False
RES003942,True,True,False,False,False,False,False,False,True,False,False,False,True
RES003943,False,False,True,False,True,False,False,False,False,True,False,False,False
RES003944,True,True,False,True,False,False,True,True,False,False,True,True,True
RES003945,True,True,False,False,True,True,False,False,False,True,False,False,True
RES003946,True,False,False,False,True,False,False,True,True,False,False,False,False
RES003947,False,True,True,True,True,False,False,True,True,True,False,True,True
RES003948,True,True,True,False,True,False,False,True,False,True,False,False,True
RES003949,False,True,True,True,True,True,True,False,False,False,True,True,True
RES003950,True,False,False,True,True,False,False,True,False,True,True,False,False
RES003951,False,True,False,True,True,True,False,False,False,True,True,True,False
RES003952,False,True,False,True,False,True,False,False,False,False,True,False,True
RES003953,False,True,False,True,True,False,False,True,False,False,True,True,True
RES003954,True,True,True,True,True,False,False,True,False,True,True,True,False
RES003955,True,True,True,False,True,False,False,True,False,False,False,False,True
RES003956,True,True,True,False,False,True,True,True,False,True,True,True,False
RES003957,True,False,False,True,False,False,True,True,True,True,False,True,False
RES003958,False,True,True,False,True,False,True,True,True,True,True,True,True
RES003959,True,False,True,True,False,True,True,False,False,False,False,False,False
RES003960,False,False,True,False,True,False,True,False,True,True,True,False,True
RES003961,False,True,False,True,True,True,True,False,True,True,True,True,False
RES003962,True,True,False,False,True,True,True,True,True,True,True,False,False
RES003963,True,True,False,False,False,False,False,True,True,True,False,False,True
RES003964,True,True,True,False,False,True,False,False,True,False,True,True,False
RES003965,False,False,True,True,False,False,True,False,True,True,False,True,False
RES003966,False,True,True,False,False,True,True,True,True,False,False,False,False
RES003967,True,True,False,True,True,True,False,True,True,False,False,True,True
RES003968,True,True,True,True,True,False,False,False,False,True,True,True,False
RES003969,True,False,True,True,False,True,False,False,True,False,False,True,True
RES003970,False,True,True,False,True,False,True,False,True,True,False,False,True
RES003971,False,True,False,False,False,True,False,False,False,True,True,True,True
RES003972,True,True,True,True,True,True,False,False,True,False,True,False,False
RES003973,False,True,False,False,False,True,False,True,False,True,True,True,True
RES003974,True,False,False,True,True,False,False,False,True,True,False,False,False
RES003975,False,False,False,True,False,True,True,True,False,False,True,False,False
RES003976,False,True,False,True,False,True,True,True,True,False,False,True,False
RES003977,True,False,True,False,True,True,True,True,True,True,True,False,True
RES003978,False,False,True,False,True,True,True,True,False,True,True,False,True
RES003979,False,False,True,True,False,False,False,True,True,False,True,True,False
RES003980,False,True,False,True,True,True,False,False,False,False,True,True,False
RES003981,True,True,False,True,False,True,False,False,True,False,False,True,True
RES003982,True,False,False,True,True,False,False,True,True,True,True,False,False
RES003983,True,False,False,False,True,True,True,True,False,False,True,False,True
RES003984,False,False,True,True,True,False,False,True,True,True,False,True,True
RES003985,True,True,True,False,False,True,True,True,True,False,False,False,True
RES003986,True,False,False,False,True,True,True,True,False,True,True,False,True
RES003987,False,True,True,False,False,True,True,False,False,False,True,False,False
RES003988,False,True,False,False,False,True,False,False,True,False,True,True,False
RES003989,True,True,True,False,True,True,False,True,True,True,False,False,True
RES003990,True,True,False,False,True,True,True,True,True,True,False,True,True
RES003991,True,True,False,True,True,False,True,True,True,True,True,True,False
RES003992,False,True,False,False,True,True,False,False,True,False,True,True,True
RES003993,False,False,True,False,False,True,False,True,True,True,True,True,True
RES003994,False,False,False,False,True,True,True,True,False,True,True,False,False
RES003995,True,True,True,True,True,False,False,False,False,False,False,True,True
RES003996,False,True,False,False,True,True,False,True,False,False,True,True,True
RES003997,True,False,False,True,False,False,False,False,False,False,False,True,True
RES003998,False,False,False,True,False,True,False,True,False,True,True,True,True
RES003999,False,False,True,True,True,False,False,True,False,False,True,True,True
RES004000,False,False,True,True,False,False,True,True,True,False,False,False,False
RES004001,False,False,True,True,False,True,False,False,False,True,True,True,True
RES004002,False,False,True,True,True,False,False,True,False,True,False,True,False
RES004003,True,False,True,True,True,True,True,True,True,True,False,False,True
RES004004,True,True,False,False,False,True,True,False,False,True,True,False,True
RES004005,False,False,True,True,True,False,False,True,False,True,True,False,True
RES004006,True,False,False,True,True,True,True,True,False,False,True,True,False
RES004007,False,False,True,False,False,False,False,True,False,False,False,True,False
RES004008,True,True,False,False,True,False,False,True,False,False,True,True,True
RES004009,True,False,True,True,True,False,False,True,True,True,False,True,False
RES004010,False,True,True,True,False,True,False,True,True,False,True,False,True
RES004011,True,False,True,False,False,False,False,True,True,False,False,True,False
RES004012,True,False,True,True,True,True,False,True,True,True,False,True,True
RES004013,False,False,False,True,False,False,True,True,True,False,True,True,True
RES004014,True,False,True,False,False,True,True,False,False,True,True,True,True
RES004015,False,False,False,True,False,False,True,True,False,False,False,True,True
RES004016,True,False,True,True,True,False,False,True,True,True,False,True,False
RES004017,False,True,False,True,True,True,True,True,False,True,True,False,True
RES004018,True,True,False,False,True,False,False,True,True,True,True,False,False
RES004019,True,False,True,False,False,False,False,True,True,True,True,True,False
RES004020,False,True,True,False,True,True,True,False,False,False,True,True,True
RES004021,True,False,True,False,True,True,False,True,False,True,True,True,False
RES004022,False,False,False,False,False,True,True,False,False,False,False,True,True
RES004023,True,True,False,False,True,True,True,False,False,True,True,True,True
RES004024,False,False,True,True,False,True,True,False,False,True,False,False,False
RES004025,False,True,True,True,False,True,False,True,False,True,False,False,True
RES004026,True,False,False,False,False,False,True,True,False,False,True,True,False
RES004027,False,False,True,False,True,True,False,False,True,True,False,True,False
RES004028,False,True,True,True,False,True,True,True,False,True,False,True,False
RES004029,True,True,True,True,False,False,False,False,True,True,False,True,True
RES004030,False,True,True,True,False,False,False,False,True,True,False,True,False
RES004031,False,True,False,True,False,True,False,False,True,False,False,False,True
RES004032,False,False,False,True,True,True,False,False,True,True,False,False,True
RES004033,True,True,False,True,False,False,True,False,False,False,True,True,True
RES004034,False,False,False,False,False,True,False,False,True,False,True,True,False
RES004035,True,False,False,False,True,True,True,False,True,False,False,False,True
RES004036,True,False,False,False,True,True,True,True,False,False,True,False,False
RES004037,True,True,True,False,False,True,True,False,True,False,True,True,False
RES004038,False,False,False,False,False,True,False,True,False,False,True,False,True
RES004039,False,True,False,True,True,False,True,True,True,True,True,False,False
RES004040,False,False,False,True,False,False,False,False,False,True,False,False,False
RES004041,True,False,False,False,False,False,True,False,False,True,False,True,False
RES004042,True,False,False,True,False,False,False,False,True,False,False,True,True
RES004043,False,False,False,False,True,True,False,True,True,True,True,False,True
RES004044,True,True,False,False,True,True,False,False,True,True,True,False,True
RES004045,True,False,True,True,False,False,True,False,False,False,False,False,True
RES004046,True,False,False,False,True,True,False,True,False,False,False,False,True
RES004047,False,True,True,False,False,True,True,False,False,True,False,True,False
RES004048,True,True,False,True,False,True,True,False,True,False,True,False,True
RES004049,True,True,False,False,True,True,False,True,False,True,True,True,True
RES004050,False,False,True,False,True,True,True,False,True,True,False,False,False
RES004051,True,True,True,True,True,False,False,True,False,True,True,False,True
RES004052,True,True,True,False,False,False,False,True,True,False,True,True,True
RES004053,True,False,True,False,True,False,False,True,False,True,False,True,False
RES004054,False,True,False,False,True,False,False,False,True,True,False,True,False
RES004055,True,True,False,False,False,True,True,False,False,False,True,False,False
RES004056,True,True,False,False,False,True,False,True,False,False,True,True,False
RES004057,True,True,False,True,True,True,True,False,True,True,True,False,True
RES004058,False,True,False,False,True,True,True,False,True,True,False,True,False
RES004059,True,False,False,True,False,False,True,True,False,False,True,False,False
RES004060,False,False,False,False,True,True,False,False,True,True,True,True,True
RES004061,True,True,False,False,False,True,True,True,False,False,True,True,True
RES004062,True,True,True,False,False,False,True,True,False,False,False,True,True
RES004063,False,False,False,True,True,False,False,True,False,False,True,False,True
RES004064,False,True,True,True,False,False,False,False,False,True,True,False,False
RES004065,True,True,True,True,True,False,True,True,True,True,False,False,True
RES004066,True,False,True,True,False,True,False,False,False,True,False,True,True
RES004067,True,False,False,True,False,True,True,False,False,True,True,True,True
RES004068,True,False,False,True,True,True,True,False,False,False,True,False,False
RES004069,True,False,True,True,True,True,True,True,True,False,False,True,True
RES004070,False,False,False,False,False,False,False,False,True,False,True,False,False
RES004071,False,True,True,False,True,False,True,False,False,False,True,True,True
RES004072,True,False,True,True,False,False,True,True,False,True,True,False,False
RES004073,False,False,True,True,True,True,True,True,True,True,True,True,True
RES004074,False,True,False,False,True,True,True,False,True,False,False,False,False
RES004075,True,False,False,False,True,False,False,True,False,False,True,True,True
RES004076,True,False,False,True,False,True,True,True,True,False,True,True,True
RES004077,True,False,False,False,True,True,False,False,False,True,True,False,True
RES004078,True,True,True,True,False,True,True,True,False,False,True,True,False
RES004079,False,False,True,True,False,False,True,True,True,True,False,False,True
RES004080,True,True,False,True,False,False,True,False,True,True,False,True,True
RES004081,True,True,True,False,True,False,False,False,False,False,True,True,False
RES004082,True,False,False,True,True,False,True,False,True,False,False,True,True
RES004083,False,False,False,True,False,True,False,False,False,True,True,False,True
RES004084,False,False,False,True,False,True,True,True,True,False,False,True,True
RES004085,False,False,True,True,True,True,False,False,False,False,True,True,True
RES004086,False,False,False,False,True,True,True,True,True,False,True,False,False
RES004087,True,True,True,True,False,True,True,False,False,True,True,False,False
RES004088,False,True,True,False,True,True,True,False,True,True,True,False,True
RES004089,False,False,False,False,False,True,False,True,False,True,False,True,True
RES004090,False,True,False,False,False,True,False,True,True,False,False,True,False
RES004091,True,True,True,True,True,True,True,False,True,False,False,False,True
RES004092,True,True,True,True,False,False,True,False,False,False,True,True,False
RES004093,True,True,True,False,True,False,True,True,True,True,True,True,True
RES004094,True,True,True,True,True,True,True,False,True,True,False,True,False
RES004095,True,False,True,False,True,False,False,True,True,False,False,False,False
RES004096,True,False,False,False,True,False,True,True,False,False,False,False,False
RES004097,True,False,False,True,False,False,False,False,False,True,True,True,True
RES004098,True,True,False,True,False,True,True,False,True,True,False,False,False
RES004099,False,True,True,False,True,True,False,True,True,False,True,False,False
RES004100,True,True,False,True,True,True,True,False,False,False,False,True,False
RES004101,True,False,True,False,True,True,False,False,False,True,False,True,True
RES004102,False,False,False,True,False,True,True,True,False,False,False,False,False
RES004103,True,True,False,False,False,False,True,True,True,True,False,False,True
RES004104,False,False,False,True,False,False,False,True,False,False,False,True,False
RES004105,True,True,False,False,False,True,False,False,False,True,True,False,True
RES004106,False,True,True,True,False,False,True,True,False,False,False,True,False
RES004107,False,True,True,True,True,True,True,False,False,True,True,True,False
RES004108,False,False,False,False,True,False,False,True,True,True,True,True,False
RES004109,False,False,True,True,False,True,True,False,True,False,True,False,False
RES004110,True,False,True,True,False,True,False,False,False,True,True,False,False
RES004111,False,True,True,False,True,True,True,False,True,True,False,False,True
RES004112,False,False,False,True,True,False,False,False,False,False,False,False,False
RES004113,True,False,True,True,True,True,True,True,False,True,True,True,True
RES004114,False,True,True,True,False,True,True,True,True,True,False,False,False
RES004115,True,True,True,True,True,False,True,False,True,True,True,False,False
RES004116,False,False,True,False,False,False,False,False,True,True,True,True,False
RES004117,True,True,False,True,False,False,False,True,False,True,True,True,False
RES004118,False,True,True,True,False,False,False,True,False,True,True,True,False
RES004119,False,False,True,True,False,False,False,False,False,False,True,False,True
RES004120,True,True,True,True,False,True,True,True,True,True,False,False,True
RES004121,False,False,False,True,True,True,True,False,True,True,True,True,False
RES004122,True,False,False,False,False,False,False,False,True,True,True,True,False
RES004123,True,True,False,True,False,True,False,True,False,True,False,False,False
RES004124,True,True,True,False,True,True,False,True,False,False,False,False,False
RES004125,True,False,True,True,True,True,True,True,True,False,False,False,True
RES004126,False,False,False,True,False,False,True,False,False,True,True,True,True
RES004127,True,False,True,True,True,True,False,True,False,False,False,False,False
RES004128,True,True,True,False,True,False,True,False,False,True,True,True,True
RES004129,True,True,True,False,False,True,False,True,False,False,False,True,False
RES004130,True,False,False,True,True,True,False,True,True,True,False,False,True
RES004131,False,True,True,True,True,False,False,True,False,True,False,False,False
RES004132,False,True,False,True,False,True,True,False,False,True,True,True,True
RES004133,True,True,False,True,False,True,True,False,True,False,False,True,True
RES004134,True,True,True,False,False,True,True,True,False,False,False,False,False
RES004135,False,False,False,False,False,True,False,False,False,False,False,True,True
RES004136,True,True,False,True,False,True,True,True,True,False,True,True,True
RES004137,True,True,True,False,True,True,False,False,False,True,True,True,True
RES004138,False,True,True,True,False,False,False,False,True,False,True,False,False
RES004139,True,False,False,True,True,True,True,False,True,False,True,False,True
RES004140,False,True,False,True,False,True,False,True,True,False,False,True,True
RES004141,True,True,True,False,True,False,False,True,False,False,True,False,True
RES004142,True,True,False,False,True,False,False,True,True,True,True,True,True
RES004143,False,False,False,True,True,True,False,False,False,True,False,True,True
RES004144,False,False,False,True,False,True,True,True,True,True,False,False,True
RES004145,True,True,False,False,True,False,False,True,True,True,True,False,False
RES004146,False,True,True,True,True,True,True,True,True,True,True,False,False
RES004147,False,True,True,False,False,True,True,False,False,True,False,True,False
RES004148,True,True,True,True,False,False,False,True,False,False,True,False,False
RES004149,False,True,True,True,True,False,False,True,True,False,True,True,True
RES004150,False,False,False,False,False,True,True,True,False,False,True,True,True
RES004151,True,True,False,True,True,True,True,True,False,True,False,True,False
RES004152,True,True,True,True,True,False,False,True,False,False,True,False,True
RES004153,False,True,True,True,False,True,False,True,False,True,False,False,False
RES004154,False,False,True,True,True,True,False,False,False,True,False,False,False
RES004155,False,False,True,True,False,False,False,True,True,False,False,True,False
RES004156,False,False,True,True,False,False,False,False,False,True,True,True,False
RES004157,False,False,False,True,False,True,False,False,True,False,True,False,False
RES004158,False,True,False,True,False,True,False,False,False,False,True,True,True
RES004159,True,False,True,True,False,True,True,False,True,True,True,True,True
RES004160,False,False,True,False,False,True,False,True,True,False,False,True,False
RES004161,False,True,False,False,True,False,True,True,False,True,False,True,False
RES004162,True,True,True,False,False,False,False,True,False,False,True,False,False
RES004163,False,True,False,False,False,True,True,True,True,True,True,False,True
RES004164,True,True,True,False,False,True,True,True,False,False,False,True,True
RES004165,False,True,True,False,False,True,True,True,True,False,True,False,False
RES004166,False,False,False,False,False,False,False,False,True,True,True,True,False
RES004167,False,False,False,False,False,False,True,False,True,False,False,False,True
RES004168,False,True,False,True,True,True,False,True,True,True,True,False,False
RES004169,False,False,True,False,True,True,True,True,True,True,False,False,False
RES004170,True,False,True,False,False,False,False,True,False,False,True,True,False
RES004171,False,True,True,True,False,False,True,True,True,True,False,False,True
RES004172,True,True,True,False,True,True,False,False,False,False,True,False,False
RES004173,False,True,True,False,True,False,True,True,False,False,False,True,True
RES004174,False,False,False,True,False,False,False,False,True,False,True,False,False
RES004175,False,False,True,False,False,False,True,False,True,True,False,False,False
RES004176,False,True,False,False,False,True,False,False,False,True,False,True,True
RES004177,False,False,False,True,False,True,False,False,False,False,True,False,False
RES004178,False,False,True,True,False,False,False,True,False,False,False,False,False
RES004179,True,False,False,True,True,False,False,True,True,False,False,False,True
RES004180,False,False,False,True,True,True,False,True,False,True,False,False,True
RES004181,False,False,False,True,True,False,True,False,False,True,False,True,False
RES004182,True,True,False,True,False,True,True,True,False,False,True,True,True
RES004183,True,True,True,False,False,True,False,True,True,True,True,False,True
RES004184,False,False,True,True,True,False,True,True,True,True,True,True,True
RES004185,False,False,True,True,False,False,False,False,True,True,False,False,True
RES004186,True,True,True,False,True,True,True,True,True,False,True,True,False
RES004187,False,True,False,False,False,False,False,False,False,True,True,False,True
RES004188,True,False,True,False,True,True,True,False,False,True,True,False,False
RES004189,False,False,True,False,False,False,False,False,True,True,False,True,True
RES004190,False,False,True,True,False,True,True,False,True,False,False,False,False
RES004191,False,True,False,False,True,True,False,False,True,True,False,True,False
RES004192,True,False,True,True,True,True,False,False,True,False,False,True,False
RES004193,False,True,True,False,True,True,True,False,False,True,True,False,False
RES004194,False,True,True,False,False,False,True,True,True,True,False,True,False
RES004195,True,True,False,True,True,False,False,False,False,True,True,True,True
RES004196,False,True,False,False,True,False,True,True,True,False,False,False,False
RES004197,True,True,True,True,True,False,True,True,False,False,True,True,False
RES004198,True,True,True,True,True,True,True,False,False,True,False,False,True
RES004199,True,True,False,False,False,False,False,True,True,False,False,True,True
RES004200,False,True,True,False,False,True,True,True,True,False,False,False,False
RES004201,False,False,True,False,True,True,False,False,False,True,True,False,False
RES004202,False,True,False,False,True,False,True,False,False,False,False,True,True
RES004203,True,False,True,False,False,False,True,True,True,False,True,False,True
RES004204,False,True,True,True,True,True,True,False,False,True,False,False,True
RES004205,True,True,True,False,False,True,False,False,True,True,False,False,True
RES004206,True,False,False,True,False,True,True,True,True,False,True,False,True
RES004207,True,True,True,False,True,True,False,True,True,False,True,False,False
RES004208,True,True,True,False,True,True,False,False,False,False,True,False,False
RES004209,False,True,False,True,False,False,True,True,False,True,False,True,True
RES004210,False,False,False,True,False,False,True,False,True,True,False,True,False
RES004211,True,False,False,False,True,True,False,False,True,True,False,True,True
RES004212,False,False,False,False,True,False,False,False,True,True,True,False,False
RES004213,True,False,True,False,True,False,False,False,False,False,False,False,True
RES004214,False,True,False,False,True,False,True,False,True,False,True,False,False
RES004215,False,True,False,False,True,False,True,False,True,False,False,False,True
RES004216,True,False,False,False,False,True,False,False,False,False,True,False,False
RES004217,True,False,False,True,True,True,False,False,False,False,True,False,False
RES004218,False,False,False,True,True,True,False,False,True,True,True,True,True
RES004219,True,False,False,True,False,True,False,False,True,False,False,False,False
RES004220,False,False,False,False,True,True,True,True,True,True,True,True,True
RES004221,True,False,True,True,True,False,False,True,False,False,False,True,False
RES004222,False,True,False,False,True,False,True,True,True,False,True,True,False
RES004223,True,True,True,True,True,False,False,False,True,False,True,False,False
RES004224,True,True,True,True,True,True,True,False,False,True,True,False,False
RES004225,False,False,False,True,True,False,True,True,False,False,True,True,True
RES004226,True,True,False,False,False,False,False,False,False,False,False,False,False
RES004227,True,True,True,False,False,True,True,True,True,True,True,True,True
RES004228,True,True,False,True,False,True,True,False,False,False,True,False,False
RES004229,False,True,True,True,True,True,True,False,True,False,True,False,True
RES004230,True,True,False,True,True,False,True,True,False,False,True,True,True
RES004231,False,False,False,False,False,False,True,True,True,True,False,False,False
RES004232,False,True,True,False,True,False,True,True,True,True,False,True,True
RES004233,False,True,True,False,False,False,True,False,False,True,True,True,True
RES004234,True,False,True,False,False,True,False,True,True,False,False,True,True
RES004235,True,True,False,False,True,False,True,True,False,False,True,False,True
RES004236,True,True,False,False,False,True,True,False,False,False,True,True,True
RES004237,False,False,False,False,True,False,False,False,False,False,False,False,True
RES004238,False,True,True,False,False,False,True,False,True,False,False,False,False
RES004239,True,False,False,False,True,False,False,True,True,True,True,False,True
RES004240,True,False,True,True,False,False,True,True,True,False,True,False,False
RES004241,True,True,False,True,True,True,False,True,False,True,False,False,True
RES004242,False,True,False,True,True,False,False,True,False,False,False,True,False
RES004243,False,True,True,False,False,False,True,True,True,False,False,False,True
RES004244,False,True,False,False,False,False,False,True,True,False,False,True,False
RES004245,True,False,True,False,False,True,True,True,True,True,True,False,True
RES004246,False,False,True,True,False,False,True,False,True,True,False,True,True
RES004247,False,True,True,True,True,False,True,True,False,False,False,False,True
RES004248,False,False,True,False,True,True,False,False,False,True,False,False,True
RES004249,True,False,True,False,True,True,True,False,False,False,False,False,True
RES004250,False,False,True,False,False,False,False,True,False,True,True,False,True
RES004251,True,True,False,False,True,False,False,False,False,False,True,False,True
RES004252,True,True,True,False,True,False,False,False,True,True,False,True,False
RES004253,True,True,False,False,False,False,True,False,False,True,True,False,True
RES004254,True,True,False,False,True,False,False,True,False,False,True,True,True
RES004255,True,True,True,False,False,False,True,False,True,True,True,True,True
RES004256,False,True,True,False,False,True,True,False,False,False,False,True,False
RES004257,False,True,False,False,False,True,True,True,True,False,False,False,True
RES004258,True,True,False,True,False,False,True,True,True,False,True,True,True
RES004259,False,False,True,True,True,False,True,False,True,False,False,True,False
RES004260,False,True,True,True,False,False,True,True,False,False,True,True,False
RES004261,True,False,True,False,True,False,False,False,False,True,True,True,True
RES004262,False,True,False,True,True,True,True,True,True,False,True,False,False
RES004263,True,False,True,False,True,False,False,False,True,False,False,True,False
RES004264,False,False,False,False,False,False,True,False,False,False,True,True,True
RES004265,True,False,True,False,False,False,True,True,False,True,True,False,True
RES004266,False,False,True,False,False,False,False,True,True,True,False,False,True
RES004267,False,False,True,False,False,False,False,True,False,False,False,False,True
RES004268,True,False,False,False,False,True,True,False,False,True,False,True,False
RES004269,True,True,False,False,True,True,False,True,False,False,False,True,False
RES004270,False,False,False,True,False,True,False,False,False,False,True,True,False
RES004271,False,False,False,True,False,True,True,False,True,True,True,False,True
RES004272,True,False,True,True,True,False,False,False,True,True,False,True,False
RES004273,True,False,False,False,True,False,False,False,False,False,True,True,False
RES004274,True,True,True,False,False,False,False,True,False,False,True,True,True
RES004275,False,True,False,False,True,True,True,True,True,False,True,False,False
RES004276,True,True,False,True,True,True,False,True,True,False,False,False,False
RES004277,True,False,False,False,False,False,False,False,True,False,False,True,True
RES004278,False,False,True,False,False,True,True,True,False,False,True,False,False
RES004279,False,False,True,False,False,False,False,False,False,False,False,True,False
RES004280,False,True,False,False,False,False,True,True,True,True,True,False,False
RES004281,True,True,False,False,False,True,False,True,True,False,False,True,False
RES004282,True,True,False,False,True,True,True,True,True,False,False,False,False
RES004283,False,True,True,False,True,True,True,False,False,False,False,False,True
RES004284,True,True,True,True,True,True,True,True,True,False,True,True,False
RES004285,False,False,False,False,True,True,False,True,True,True,True,False,True
RES004286,False,True,True,False,False,True,True,False,False,True,False,True,True
RES004287,False,False,False,False,True,True,False,True,False,False,True,True,True
RES004288,False,True,False,True,False,True,True,False,True,True,True,False,False
RES004289,False,False,True,True,False,False,False,True,True,False,False,True,False
RES004290,False,False,False,False,False,True,True,False,True,True,False,True,True
RES004291,True,True,False,False,False,False,True,True,False,False,False,False,False
RES004292,True,False,False,False,False,False,True,False,True,False,True,False,True
RES004293,False,False,False,True,True,True,True,False,True,True,False,False,True
RES004294,True,False,True,False,True,True,True,False,True,False,False,False,True
RES004295,True,False,False,True,False,True,True,False,True,True,True,True,True
RES004296,False,False,True,False,True,False,False,True,True,True,False,False,True
RES004297,False,False,False,True,False,True,True,False,False,False,True,True,False
RES004298,False,True,True,True,True,True,False,True,False,False,True,False,False
RES004299,True,False,False,False,False,True,False,True,True,False,False,False,False
RES004300,False,False,False,True,True,False,True,False,False,True,False,True,True
RES004301,False,False,True,False,True,False,False,True,True,False,False,False,False
RES004302,True,False,False,True,True,True,True,True,False,False,True,False,False
RES004303,True,True,False,False,True,True,True,False,True,False,False,False,False
RES004304,False,False,True,False,True,False,False,False,False,False,False,False,True
RES004305,True,True,False,True,False,True,True,False,False,False,False,True,False
RES004306,True,False,True,False,True,False,False,True,True,True,False,True,True
RES004307,True,False,False,False,True,True,True,False,False,False,False,True,False
RES004308,True,True,False,True,True,False,True,True,False,False,True,True,False
RES004309,True,True,True,True,False,False,False,True,True,True,True,False,True
RES004310,True,True,True,True,False,True,True,False,False,False,True,True,True
RES004311,True,False,True,False,True,True,True,False,False,True,True,True,True
RES004312,True,True,True,False,False,False,False,True,True,True,False,False,False
RES004313,True,False,True,True,True,True,False,True,False,False,False,False,True
RES004314,False,False,True,False,True,True,True,False,False,False,True,True,False
RES004315,False,True,True,False,False,True,False,True,True,True,True,False,False
RES004316,True,False,True,True,False,False,True,True,False,False,False,False,True
RES004317,True,True,True,True,True,True,True,False,True,False,True,True,True
RES004318,False,False,True,True,True,False,True,True,True,True,False,False,False
RES004319,True,True,False,False,True,True,False,False,True,False,True,True,True
RES004320,True,True,True,True,False,True,True,True,True,False,False,False,True
RES004321,True,False,True,True,False,False,False,False,True,False,False,False,True
RES004322,False,False,True,False,False,False,False,True,True,True,True,False,False
RES004323,False,True,True,False,False,True,True,False,True,False,True,False,False
RES004324,True,False,False,True,False,True,True,False,True,True,False,True,True
RES004325,True,True,False,False,False,False,False,False,True,True,True,True,False
RES004326,False,True,True,False,True,True,False,True,False,False,False,True,False
RES004327,True,False,False,True,False,False,True,True,False,True,False,True,True
RES004328,True,True,True,True,True,True,False,True,False,False,False,False,False
RES004329,True,True,False,False,True,False,False,False,False,False,False,True,False
RES004330,True,False,True,True,False,True,False,False,True,True,False,False,False
RES004331,True,False,True,False,False,True,False,False,False,False,True,False,True
RES004332,True,False,False,True,False,False,False,True,False,True,False,True,True
RES004333,False,False,False,False,False,False,False,False,False,True,False,True,True
RES004334,True,True,True,False,False,True,True,False,False,False,True,True,False
RES004335,True,False,True,False,True,False,True,False,False,True,True,False,True
RES004336,False,False,False,False,True,True,False,True,False,False,False,False,True
RES004337,True,True,True,False,False,True,False,False,True,False,False,True,True
RES004338,False,True,False,True,True,True,False,False,False,False,False,True,True
RES004339,True,False,True,False,False,False,True,True,False,False,False,False,True
RES004340,False,True,False,False,False,True,False,False,False,True,True,False,True
RES004341,False,True,False,True,True,True,True,False,True,False,True,True,False
RES004342,False,False,True,True,False,False,True,True,True,True,True,True,True
RES004343,True,True,False,True,False,False,True,True,True,False,True,True,False
RES004344,False,True,False,False,False,False,False,False,False,False,True,False,False
RES004345,False,False,True,True,False,False,False,True,True,False,False,False,False
RES004346,True,True,True,True,True,False,True,False,True,False,False,True,False
RES004347,True,False,False,False,False,True,True,False,True,True,False,False,True
RES004348,False,True,False,True,True,True,True,False,False,True,True,True,False
RES004349,True,False,False,False,True,True,True,False,True,True,True,False,False
RES004350,True,False,False,False,True,False,True,False,False,True,False,False,False
RES004351,True,True,True,False,True,False,False,True,True,False,True,False,False
RES004352,False,True,False,False,True,True,True,False,True,False,True,False,True
RES004353,True,True,False,False,False,False,False,False,True,True,False,True,True
RES004354,False,False,True,True,False,False,False,False,False,True,True,False,False
RES004355,False,False,True,False,True,False,True,False,False,True,True,True,True
RES004356,True,True,True,False,True,True,False,False,True,True,True,False,False
RES004357,True,False,False,True,True,True,False,True,True,False,False,False,False
RES004358,False,True,False,False,False,True,True,True,True,False,True,True,False
RES004359,False,False,True,True,False,True,False,True,True,True,False,False,False
RES004360,False,True,False,True,False,False,True,True,True,False,False,False,True
RES004361,True,False,True,False,False,True,False,True,False,True,True,True,True
RES004362,False,True,False,True,False,True,False,False,False,False,True,True,False
RES004363,False,True,False,False,False,False,False,True,False,True,False,False,False
RES004364,False,True,True,True,False,True,False,True,False,True,True,False,True
RES004365,True,True,False,False,True,True,False,False,False,False,False,False,True
RES004366,True,False,True,True,False,True,False,False,False,True,False,False,False
RES004367,True,False,False,True,False,True,False,False,False,True,True,False,False
RES004368,False,True,True,False,False,False,True,False,True,True,True,False,False
RES004369,True,True,False,False,False,False,False,False,True,False,True,True,True
RES004370,True,False,False,False,False,True,True,False,True,False,False,False,False
RES004371,True,False,True,True,False,False,False,True,True,True,False,True,True
RES004372,False,True,False,True,False,True,False,True,True,False,False,True,False
RES004373,False,False,True,False,False,False,False,False,False,False,False,True,True
RES004374,True,True,True,False,False,False,False,False,True,True,True,False,True
RES004375,False,True,False,True,True,True,True,True,True,False,False,False,False
RES004376,True,False,True,True,True,False,True,False,False,True,False,False,False
RES004377,True,False,True,False,True,True,False,True,True,False,False,True,False
RES004378,False,False,False,False,False,True,True,True,False,True,True,False,True
RES004379,False,True,False,True,False,False,True,True,True,True,True,False,True
RES004380,True,True,True,True,True,False,True,True,True,True,False,False,False
RES004381,False,True,True,True,True,False,True,True,True,False,False,True,True
RES004382,False,False,False,True,False,True,False,True,False,True,False,True,True
RES004383,True,False,True,False,True,False,False,True,False,True,True,True,False
RES004384,True,True,True,False,True,True,True,True,True,True,True,True,True
RES004385,False,True,True,False,True,False,True,False,False,True,True,False,True
RES004386,True,False,True,False,False,False,False,False,True,True,False,False,False
RES004387,False,True,True,False,True,True,False,True,False,True,False,False,False
RES004388,True,False,True,False,False,True,True,True,False,True,True,True,False
RES004389,True,False,False,False,False,True,True,False,True,True,True,True,True
RES004390,True,True,True,True,False,False,False,False,False,False,False,False,False
RES004391,False,True,True,False,False,True,True,False,True,True,True,False,False
RES004392,True,True,False,False,True,True,False,True,False,False,True,True,False
RES004393,False,False,False,True,True,True,False,True,False,False,True,False,False
RES004394,False,False,False,True,False,True,False,False,False,True,True,True,True
RES004395,False,False,True,True,True,False,False,False,True,False,False,True,False
RES004396,False,True,False,False,False,False,True,True,True,True,True,False,True
RES004397,True,True,False,True,True,False,True,False,True,False,True,False,False
RES004398,False,False,False,False,True,True,True,False,True,True,True,True,False
RES004399,False,True,False,False,False,True,True,False,True,False,False,False,False
RES004400,True,True,False,False,False,False,False,True,False,True,False,True,False
RES004401,True,False,False,True,True,False,True,True,True,False,True,True,True
RES004402,False,False,False,False,False,True,True,False,False,False,True,True,True
RES004403,True,False,True,False,False,True,True,True,True,False,False,False,False
RES004404,False,False,True,True,False,False,True,True,True,True,False,False,True
RES004405,False,False,True,False,True,True,False,False,True,False,True,True,True
RES004406,True,True,True,False,True,True,False,True,True,False,False,False,True
RES004407,False,True,False,False,False,True,False,True,False,False,False,False,False
RES004408,False,True,True,True,True,False,False,True,True,True,False,False,True
RES004409,False,False,False,True,True,True,False,False,True,False,True,True,False
RES004410,True,True,False,True,True,False,True,False,False,True,False,False,True
RES004411,False,False,True,False,False,True,True,True,False,True,False,False,False
RES004412,True,False,False,True,False,True,True,True,True,False,True,False,False
RES004413,False,True,False,True,True,True,False,False,True,True,True,True,False
RES004414,True,False,True,False,True,True,False,True,True,False,True,False,True
RES004415,False,True,True,True,False,False,False,True,True,True,False,True,True
RES004416,False,False,True,True,False,False,False,True,True,False,True,True,True
RES004417,True,False,False,True,True,True,True,True,False,False,True,True,True
RES004418,True,False,False,True,True,True,True,True,False,True,True,False,True
RES004419,False,False,False,True,True,False,False,True,True,True,False,False,True
RES004420,False,False,False,True,True,False,False,False,True,True,True,True,False
RES004421,True,True,False,False,True,False,True,True,False,True,False,True,False
RES004422,False,True,True,False,True,False,False,False,True,True,True,False,False
RES004423,False,False,False,True,False,False,True,False,True,False,True,False,True
RES004424,True,True,False,False,False,True,False,False,True,False,True,True,False
RES004425,False,True,False,False,False,True,True,True,False,False,False,False,True
RES004426,True,False,True,True,False,False,False,False,False,False,True,True,True
RES004427,False,True,True,False,False,False,True,True,False,False,False,False,False
RES004428,True,True,True,False,False,True,False,True,False,True,False,False,False
RES004429,True,True,False,True,False,False,True,False,False,True,False,True,False
RES004430,True,True,True,True,False,False,True,False,False,False,True,True,False
RES004431,True,True,True,True,False,True,True,True,True,False,False,False,True
RES004432,True,True,False,False,True,False,True,True,False,False,True,False,False
RES004433,False,True,False,False,True,False,False,True,False,False,False,True,True
RES004434,True,True,False,True,True,True,True,False,True,False,False,True,True
RES004435,True,True,False,True,False,True,True,False,False,False,True,False,False
RES004436,True,True,True,True,True,False,True,True,True,True,True,True,True
RES004437,False,True,True,True,False,True,True,False,True,False,False,False,True
RES004438,True,False,False,False,True,True,True,True,False,False,False,False,False
RES004439,True,False,True,False,False,True,True,True,False,True,False,True,True
RES004440,True,False,False,False,True,True,False,True,False,False,True,True,False
RES004441,False,True,False,False,True,True,False,True,False,True,True,True,False
RES004442,True,False,True,True,False,True,True,False,False,False,True,False,False
RES004443,True,True,True,True,False,False,False,True,True,False,True,True,True
RES004444,False,True,False,True,False,True,False,False,False,True,False,False,False
RES004445,False,True,True,False,False,True,False,True,True,False,False,False,True
RES004446,False,False,True,False,True,True,False,False,True,True,False,True,False
RES004447,False,False,True,False,False,True,True,True,False,False,True,False,False
RES004448,False,False,True,False,True,False,False,False,True,True,True,True,False
RES004449,False,True,True,True,False,False,False,False,True,True,True,False,False
RES004450,True,True,False,False,False,False,True,False,True,False,True,True,True
RES004451,False,False,False,True,True,False,True,False,False,True,True,False,True
RES004452,True,True,False,False,False,False,True,True,False,True,False,True,True
RES004453,False,False,False,False,True,False,True,True,False,True,True,True,True
RES004454,False,False,False,True,True,False,False,True,False,True,True,False,False
RES004455,True,True,False,False,False,True,True,False,True,True,False,True,False
RES004456,True,True,False,True,False,False,True,True,False,False,True,True,True
RES004457,False,True,False,False,True,False,True,False,True,False,False,True,False
RES004458,False,True,False,True,True,True,False,False,False,False,True,True,False
RES004459,True,False,True,True,False,True,True,False,True,True,False,True,True
RES004460,False,False,False,True,False,False,True,True,True,False,False,True,True
RES004461,False,True,False,False,False,False,True,True,True,True,True,True,False
RES004462,True,False,True,True,False,False,True,True,True,False,True,False,False
RES004463,True,True,True,False,False,True,True,False,False,False,False,False,False
RES004464,True,False,False,True,False,False,True,False,True,True,True,True,False
RES004465,False,True,True,True,True,False,False,False,False,False,False,False,False
RES004466,True,True,True,False,True,False,False,False,False,False,False,False,False
RES004467,True,False,True,True,True,False,False,True,False,False,True,False,True
RES004468,True,False,False,True,True,True,False,False,False,True,True,False,False
RES004469,False,True,False,False,False,True,True,False,True,False,True,False,False
RES004470,True,False,False,False,True,False,False,True,False,False,False,False,False
RES004471,False,True,True,False,True,True,False,False,False,False,False,True,False
RES004472,False,False,True,True,True,True,False,False,True,False,False,True,True
RES004473,False,True,True,False,False,False,False,True,True,True,False,True,True
RES004474,True,False,True,True,True,False,False,True,True,False,True,False,False
RES004475,False,True,False,True,True,False,False,True,True,True,True,True,False
RES004476,False,False,True,True,False,True,True,True,False,False,True,True,True
RES004477,False,False,False,False,True,False,False,True,True,True,True,True,True
RES004478,False,False,False,True,False,False,False,False,False,False,True,False,False
RES004479,False,False,True,False,False,False,True,False,False,False,True,False,False
RES004480,False,False,True,True,True,True,True,False,False,False,False,True,True
RES004481,False,True,True,True,True,False,True,False,True,True,False,True,False
RES004482,True,False,False,False,True,True,False,False,True,False,True,False,True
RES004483,True,True,False,True,False,True,True,False,False,False,False,False,True
RES004484,True,True,False,False,True,True,False,True,True,True,False,False,True
RES004485,False,False,True,False,True,False,False,False,False,True,False,False,True
RES004486,False,True,False,False,False,False,True,True,False,False,True,True,True
RES004487,True,True,True,False,True,True,True,False,False,False,False,False,False
RES004488,True,False,True,True,True,True,False,True,True,False,True,True,False
RES004489,True,False,False,False,False,True,False,True,True,False,False,True,True
RES004490,True,False,True,True,False,False,False,True,False,False,False,True,True
RES004491,False,False,False,True,True,True,True,False,True,False,False,True,False
RES004492,False,True,False,False,True,True,False,True,True,True,False,False,False
RES004493,True,False,True,True,True,False,True,True,False,False,True,False,False
RES004494,False,True,True,True,True,True,False,True,True,False,False,True,False
RES004495,False,True,False,False,True,True,True,True,False,False,True,True,False
RES004496,True,False,True,True,False,False,False,True,False,True,True,False,False
RES004497,False,True,False,False,True,True,True,False,False,False,True,True,True
RES004498,True,False,False,True,False,True,False,False,False,True,False,True,False
RES004499,False,False,False,False,True,False,False,False,True,True,False,False,False
RES004500,False,True,False,False,True,False,True,False,True,False,False,False,False
RES004501,True,False,True,False,True,True,False,True,False,False,False,False,True
RES004502,True,True,False,True,False,True,False,True,False,False,True,False,True
RES004503,True,False,True,True,False,True,False,True,True,False,False,True,True
RES004504,True,False,False,False,True,False,True,True,False,False,True,True,False
RES004505,False,False,False,True,False,True,False,True,False,False,True,False,True
RES004506,False,False,False,False,False,True,True,True,False,False,False,False,True
RES004507,True,False,False,True,True,False,False,False,True,False,True,True,True
RES004508,False,False,False,True,False,False,True,False,False,False,False,False,False
RES004509,True,False,True,True,True,True,False,False,True,False,True,True,False
RES004510,True,True,False,True,False,False,True,True,False,False,True,False,False
RES004511,True,False,True,True,True,False,True,False,False,True,False,False,False
RES004512,True,True,True,True,False,False,False,True,True,True,False,True,True
RES004513,False,False,True,False,False,True,True,True,True,False,True,False,True
RES004514,True,False,False,False,False,True,False,False,True,False,True,True,False
RES004515,True,True,True,False,False,False,True,True,True,False,True,False,True
RES004516,True,False,True,True,False,True,False,False,True,True,False,True,False
RES004517,True,False,False,True,True,False,True,False,False,False,False,False,True
RES004518,False,True,True,False,True,True,False,False,False,True,False,True,True
RES004519,True,True,False,True,True,False,True,False,True,True,True,False,False
RES004520,False,False,False,False,False,True,False,False,True,True,True,True,False
RES004521,True,True,False,True,False,False,False,False,False,True,True,False,True
RES004522,False,True,False,True,True,True,True,False,True,True,True,True,True
RES004523,False,True,False,False,False,False,True,False,False,True,False,True,False
RES004524,False,False,True,False,False,False,False,True,False,True,True,False,False
RES004525,True,True,True,True,True,True,False,True,False,True,True,True,True
RES004526,False,False,False,False,True,False,False,False,False,True,False,False,False
RES004527,False,False,True,False,False,False,True,False,True,True,False,False,False
RES004528,False,True,False,True,False,False,True,False,True,True,False,False,True
RES004529,False,False,True,True,True,True,False,False,True,True,False,False,False
RES004530,True,False,True,False,False,True,False,False,False,False,False,True,False
RES004531,True,False,True,True,False,True,False,False,True,False,True,False,False
RES004532,True,True,False,True,False,False,False,False,True,True,False,False,True
RES004533,False,False,False,True,True,False,True,True,False,False,False,False,True
RES004534,True,False,False,False,True,False,False,True,True,True,False,False,False
RES004535,False,True,True,False,True,True,False,True,True,True,False,True,True
RES004536,True,True,False,True,False,False,False,True,False,True,True,False,True
RES004537,True,False,True,False,False,False,False,True,True,True,True,True,False
RES004538,True,False,True,True,True,False,True,True,True,True,True,False,True
RES004539,False,False,True,False,True,False,False,True,True,True,True,True,True
RES004540,True,False,True,False,False,False,True,False,True,True,True,False,False
RES004541,True,False,True,False,False,False,False,True,False,True,True,True,True
RES004542,False,False,False,False,True,False,True,False,True,False,False,False,False
RES004543,False,True,False,True,False,False,False,False,True,False,True,True,True
RES004544,False,False,False,True,True,False,True,False,False,True,False,False,True
RES004545,False,False,True,True,False,False,True,True,True,True,True,False,False
RES004546,False,False,True,True,True,False,True,True,False,True,True,False,True
RES004547,True,False,True,True,False,False,True,False,False,True,True,False,True
RES004548,False,True,True,True,True,False,False,True,False,True,False,False,False
RES004549,True,False,False,False,True,False,True,False,True,True,False,False,True
RES004550,True,False,True,False,False,False,True,False,True,False,False,True,False
RES004551,True,False,False,False,True,True,True,False,False,True,True,False,False
RES004552,False,True,False,False,True,False,False,True,True,True,False,True,False
RES004553,True,True,True,True,False,False,False,False,True,False,False,True,True
RES004554,False,True,True,False,False,False,False,False,True,False,True,False,False
RES004555,False,False,False,True,True,False,True,True,False,False,True,False,False
RES004556,True,True,False,False,True,False,False,False,False,False,True,False,False
RES004557,False,False,False,True,True,False,False,False,False,False,False,True,True
RES004558,False,True,False,True,False,True,True,True,True,False,True,False,False
RES004559,True,False,False,True,True,False,True,True,False,True,True,True,True
RES004560,False,True,False,True,True,True,False,True,False,False,True,True,True
RES004561,True,True,False,True,False,False,False,False,False,False,False,False,True
RES004562,True,True,False,True,True,True,False,False,False,False,False,False,True
RES004563,True,False,False,True,True,False,False,False,False,False,False,False,False
RES004564,False,False,True,False,True,True,False,False,False,True,False,True,False
RES004565,False,True,True,False,False,True,False,True,True,False,False,True,True
RES004566,True,True,True,True,False,False,True,True,True,True,True,False,False
RES004567,False,True,True,False,True,True,False,False,True,True,True,False,False
RES004568,False,True,True,False,False,False,False,False,False,True,False,False,False
RES004569,True,False,False,True,False,False,True,False,True,True,False,True,True
RES004570,False,False,False,True,False,False,True,False,True,False,True,True,False
RES004571,True,True,True,False,False,False,False,False,True,False,True,True,True
RES004572,True,False,True,False,True,False,False,True,True,False,True,True,False
RES004573,True,True,False,True,True,False,True,False,False,False,False,False,True
RES004574,False,True,False,False,True,True,True,False,False,True,True,True,False
RES004575,True,False,True,False,True,True,False,False,False,False,False,False,True
RES004576,False,True,True,False,False,False,True,False,False,True,False,True,True
RES004577,False,False,True,False,True,True,False,True,True,False,False,False,False
RES004578,True,False,False,False,True,True,True,False,True,False,True,True,False
RES004579,False,True,False,True,False,False,False,True,False,False,False,False,True
RES004580,True,False,True,True,False,False,False,False,False,True,True,True,False
RES004581,False,True,True,False,True,True,True,True,False,True,False,False,True
RES004582,True,True,True,False,False,True,True,True,True,True,True,False,True
RES004583,False,True,False,True,False,True,False,True,True,False,True,False,True
RES004584,True,False,True,False,True,True,False,True,False,False,True,True,False
RES004585,False,False,False,True,False,True,True,True,True,False,False,False,True
RES004586,True,True,True,False,False,True,False,False,False,False,False,True,False
RES004587,False,False,True,False,False,True,False,True,True,False,True,True,False
RES004588,False,True,False,False,True,False,True,False,False,True,True,False,True
RES004589,True,True,True,True,False,True,False,True,False,True,False,False,True
RES004590,False,False,False,True,False,False,False,False,True,False,True,False,True
RES004591,False,True,False,False,False,False,True,False,False,False,True,False,False
RES004592,True,False,True,True,True,True,True,True,True,False,True,True,True
RES004593,False,True,True,False,True,True,False,False,True,True,False,False,False
RES004594,False,True,True,False,True,False,False,False,True,True,True,False,True
RES004595,True,True,False,True,True,True,True,True,False,True,True,False,True
RES004596,False,True,True,False,True,True,False,False,True,False,False,True,False
RES004597,False,True,True,True,False,True,True,True,True,False,False,True,True
RES004598,True,False,True,True,False,False,False,False,True,False,True,False,False
RES004599,True,True,True,False,False,False,True,False,True,True,True,False,True
RES004600,False,True,False,True,False,False,False,False,False,False,False,True,False
RES004601,False,False,True,False,True,False,False,True,True,False,True,True,True
RES004602,False,True,False,False,True,True,True,True,True,True,False,False,True
RES004603,True,False,True,True,False,True,True,True,False,False,False,False,False
RES004604,False,True,True,True,True,False,False,False,False,True,False,False,True
RES004605,True,False,True,False,False,True,False,True,True,False,False,True,False
RES004606,False,True,False,True,True,False,False,True,True,False,False,False,False
RES004607,True,False,False,True,True,True,True,True,False,True,True,True,True
RES004608,False,False,False,True,True,False,False,False,False,True,True,True,False
RES004609,True,False,True,True,True,True,False,True,False,False,False,False,False
RES004610,False,True,True,True,False,True,True,False,False,True,True,True,False
RES004611,False,True,True,False,False,True,True,False,True,False,False,True,True
RES004612,True,False,True,True,True,True,False,True,False,False,False,False,False
RES004613,True,False,True,True,False,True,True,False,False,True,True,True,False
RES004614,True,False,True,False,False,True,True,True,False,True,True,False,False
RES004615,False,True,False,True,True,False,True,True,False,False,False,True,True
RES004616,True,False,False,True,True,True,True,False,False,False,False,True,False
RES004617,False,True,True,False,True,False,True,True,True,False,True,True,True
RES004618,True,True,True,True,False,False,False,False,True,True,False,True,True
RES004619,True,False,True,True,False,False,True,True,True,True,False,False,False
RES004620,True,False,True,False,False,False,False,True,False,False,True,True,True
RES004621,True,False,False,True,False,False,True,True,False,True,True,False,False
RES004622,False,True,True,False,True,True,True,False,True,True,False,False,False
RES004623,False,False,False,True,False,False,False,True,False,True,True,True,True
RES004624,True,True,True,False,False,True,False,True,False,False,True,False,True
RES004625,False,False,False,True,True,False,False,True,False,True,True,False,True
RES004626,True,True,True,False,True,False,True,True,False,True,True,True,True
RES004627,True,False,False,True,False,False,False,True,True,False,False,True,True
RES004628,True,False,False,True,True,True,True,False,False,False,True,True,False
RES004629,False,True,True,False,True,True,False,False,True,False,True,True,False
RES004630,True,True,False,True,False,False,False,False,True,False,False,False,False
RES004631,True,True,False,False,True,True,False,True,False,False,True,True,True
RES004632,False,True,False,True,False,False,False,True,False,False,True,True,True
RES004633,True,False,True,False,True,True,False,True,True,False,False,False,False
RES004634,False,True,True,False,False,False,True,False,True,False,False,True,True
RES004635,False,False,True,False,True,True,True,True,False,False,True,True,False
RES004636,True,False,True,False,False,False,True,True,True,True,False,True,False
RES004637,False,True,False,False,False,False,True,False,True,False,False,True,True
RES004638,True,True,False,False,False,True,False,True,False,False,False,False,False
RES004639,False,True,False,True,False,True,True,False,True,True,False,True,True
RES004640,True,False,False,False,True,True,False,False,True,False,True,False,False
RES004641,False,True,True,False,True,True,False,False,True,True,False,True,True
RES004642,False,False,True,False,True,True,False,True,False,False,False,True,True
RES004643,False,True,True,True,True,False,True,True,True,True,True,True,True
RES004644,False,False,True,True,False,True,True,False,False,False,False,True,False
RES004645,False,False,False,True,False,False,True,True,True,True,True,False,True
RES004646,False,False,False,True,False,False,True,False,True,True,False,True,False
RES004647,False,False,False,True,True,True,False,True,False,True,False,True,True
RES004648,True,False,False,True,True,True,False,True,False,False,True,False,True
RES004649,False,True,True,True,False,False,False,False,False,True,False,False,True
RES004650,False,False,True,True,True,False,False,False,False,True,True,False,True
RES004651,False,False,False,False,False,False,False,True,True,False,False,True,True
RES004652,True,False,True,False,True,False,False,True,False,False,False,True,True
RES004653,False,False,True,True,False,False,True,True,False,False,False,False,False
RES004654,False,True,True,True,False,False,False,False,False,True,False,False,False
RES004655,True,False,False,False,False,False,True,False,True,False,False,False,False
RES004656,True,True,False,True,False,True,False,True,False,True,False,True,False
RES004657,True,True,True,False,False,False,False,True,False,True,True,False,False
RES004658,True,False,True,True,True,False,True,True,True,False,False,True,True
RES004659,True,False,True,False,True,True,True,False,True,True,True,False,True
RES004660,False,True,False,True,False,True,False,True,False,False,True,True,True
RES004661,True,True,True,False,True,False,False,False,True,True,False,True,False
RES004662,True,False,False,True,True,True,False,True,False,False,True,True,False
RES004663,False,True,False,False,False,True,False,True,False,False,False,False,True
RES004664,True,True,False,True,True,False,False,False,False,True,True,True,False
RES004665,True,False,True,False,False,True,False,True,False,True,True,False,False
RES004666,True,False,True,True,True,True,True,True,True,True,False,False,True
RES004667,True,True,False,True,True,False,False,False,True,True,True,True,False
RES004668,True,True,False,False,False,False,False,True,True,True,True,False,True
RES004669,True,False,True,True,True,False,False,True,False,True,True,True,False
RES004670,True,False,False,True,True,False,False,True,False,False,False,False,True
RES004671,False,False,True,False,True,True,True,False,True,True,False,False,False
RES004672,False,False,True,True,False,True,True,False,False,True,True,False,False
RES004673,False,True,True,False,True,False,True,False,False,True,False,True,False
RES004674,False,True,True,True,False,False,True,False,False,False,False,True,True
RES004675,False,False,True,False,True,False,True,True,False,False,False,False,True
RES004676,False,False,False,False,False,True,False,True,True,True,False,False,True
RES004677,False,True,False,False,True,True,False,False,True,True,False,False,False
RES004678,True,True,True,False,True,False,True,True,False,False,True,False,True
RES004679,False,False,False,True,False,True,True,False,False,False,True,True,True
RES004680,False,True,False,False,False,True,False,False,True,True,False,False,False
RES004681,True,False,True,False,False,True,False,True,False,True,True,True,True
RES004682,False,True,True,False,True,True,False,True,False,True,True,True,False
RES004683,False,True,True,False,False,True,True,False,True,True,False,False,False
RES004684,True,False,True,True,False,True,False,True,False,True,True,False,True
RES004685,True,True,False,True,True,True,True,True,False,False,True,True,False
RES004686,True,False,True,True,False,False,False,True,True,True,False,False,False
RES004687,False,False,False,True,False,False,False,False,False,True,False,False,False
RES004688,True,False,True,False,False,True,True,False,True,True,False,True,True
RES004689,True,False,False,False,False,False,True,False,True,True,True,True,False
RES004690,True,True,False,False,False,False,False,True,True,True,False,True,False
RES004691,False,True,True,True,False,False,False,False,True,True,False,False,False
RES004692,False,True,True,False,False,True,True,True,False,False,False,True,False
RES004693,True,False,False,False,False,False,False,True,False,False,True,False,True
RES004694,False,False,True,True,False,False,True,True,True,True,True,True,False
RES004695,False,False,True,True,True,True,True,True,False,True,True,False,False
RES004696,False,False,False,False,True,False,True,True,False,False,True,False,True
RES004697,True,False,True,False,False,False,True,False,True,False,False,True,False
RES004698,False,True,False,True,False,True,True,True,False,False,True,False,True
RES004699,False,True,False,False,False,False,True,False,False,False,True,False,True
RES004700,True,True,True,True,False,True,False,True,True,True,True,False,True
RES004701,True,True,True,True,False,True,True,True,True,True,False,False,True
RES004702,True,False,True,False,True,True,False,True,False,True,False,False,True
RES004703,True,False,False,False,False,False,True,False,False,True,False,True,False
RES004704,True,False,True,True,False,True,False,False,True,True,False,True,False
RES004705,False,True,False,True,False,True,True,False,True,True,False,True,False
RES004706,False,False,False,False,True,True,False,True,False,True,True,True,True
RES004707,False,False,False,True,True,False,True,True,False,False,True,True,False
RES004708,True,False,True,False,False,False,False,False,True,False,False,True,False
RES004709,False,False,True,False,False,False,True,True,False,False,True,False,True
RES004710,True,True,False,True,False,False,True,True,False,False,False,False,True
RES004711,False,True,True,True,True,True,True,True,True,False,True,True,False
RES004712,True,False,False,False,False,True,False,False,False,False,False,True,False
RES004713,True,False,True,False,True,False,True,False,False,False,False,True,False
RES004714,False,True,True,False,False,True,False,True,True,True,False,True,True
RES004715,False,False,True,True,True,True,False,False,False,False,False,False,False
RES004716,True,True,False,False,True,False,False,True,True,False,False,True,False
RES004717,True,True,True,True,False,True,False,True,True,True,False,False,False
RES004718,True,False,True,False,True,True,True,True,False,True,True,True,True
RES004719,True,False,False,True,True,True,True,False,False,False,True,True,False
RES004720,True,True,False,False,True,True,True,True,True,True,True,True,False
RES004721,True,True,False,True,True,False,True,True,False,False,True,True,False
RES004722,True,False,True,False,False,False,False,False,True,False,False,True,False
RES004723,True,True,False,False,True,False,False,True,False,False,False,False,False
RES004724,False,False,False,True,True,True,True,False,False,True,False,True,True
RES004725,False,True,False,True,True,True,True,False,True,False,False,True,True
RES004726,True,False,False,True,False,False,False,True,False,True,True,False,True
RES004727,False,False,True,True,True,False,False,False,True,False,True,False,True
RES004728,True,False,False,False,True,False,True,True,False,False,True,True,True
RES004729,False,False,True,False,True,False,False,False,True,False,True,True,True
RES004730,True,False,True,False,False,False,False,True,True,False,False,True,False
RES004731,True,False,False,False,True,True,False,True,True,True,True,True,False
RES004732,False,False,True,False,True,False,False,False,False,False,True,True,True
RES004733,True,False,False,False,False,True,True,False,False,False,True,False,True
RES004734,False,False,False,True,False,False,True,True,False,True,True,False,False
RES004735,True,False,False,False,False,False,True,True,False,True,True,True,True
RES004736,False,False,True,False,True,True,False,False,False,True,False,False,False
RES004737,False,False,False,False,True,False,True,False,True,True,True,False,True
RES004738,False,False,True,False,True,True,True,False,False,True,False,True,True
RES004739,False,True,True,True,True,False,True,True,True,True,False,True,True
RES004740,False,False,True,True,False,True,False,True,False,True,True,True,False
RES004741,True,True,False,True,False,False,True,False,False,True,True,False,True
RES004742,False,False,False,True,False,False,True,True,True,False,True,False,False
RES004743,True,False,False,False,False,True,True,True,True,False,False,True,False
RES004744,False,True,False,False,False,True,False,True,False,False,False,False,True
RES004745,False,True,True,False,False,False,False,False,True,False,True,False,False
RES004746,True,True,True,True,True,False,True,False,True,True,False,False,False
RES004747,True,True,True,False,True,False,True,False,False,False,False,True,False
RES004748,False,False,False,False,False,False,True,True,True,False,False,True,False
RES004749,True,True,False,False,True,True,True,False,True,True,True,True,False
RES004750,True,False,False,True,True,False,True,False,True,False,True,True,True
RES004751,False,False,True,True,True,False,False,True,False,False,True,True,False
RES004752,True,False,True,False,False,True,False,False,True,False,True,False,False
RES004753,False,False,False,False,False,True,False,False,False,True,False,True,True
RES004754,False,True,True,True,False,True,False,False,True,True,False,False,True
RES004755,False,False,True,False,True,False,False,True,False,False,True,True,True
RES004756,False,True,True,False,True,False,True,False,False,False,False,False,True
RES004757,False,False,True,False,False,False,False,False,False,True,True,False,False
RES004758,False,True,True,True,True,False,False,False,False,False,True,False,False
RES004759,True,False,False,True,True,False,True,True,True,False,False,True,True
RES004760,True,False,True,False,True,False,True,True,False,True,False,False,False
RES004761,True,False,True,True,True,False,False,True,True,True,False,False,False
RES004762,True,False,False,True,False,True,False,True,True,False,False,False,False
RES004763,True,True,True,False,False,True,True,False,False,False,False,False,True
RES004764,False,True,True,True,True,False,True,True,True,True,True,False,False
RES004765,True,False,False,False,False,True,False,False,False,True,True,True,True
RES004766,True,True,True,False,False,True,False,True,False,True,False,False,False
RES004767,False,False,True,False,True,True,True,True,True,False,True,False,True
RES004768,True,True,False,True,True,False,True,True,False,False,False,False,True
RES004769,False,False,False,False,False,False,False,False,True,True,True,False,True
RES004770,True,True,True,False,False,False,True,True,False,True,True,True,False
RES004771,False,False,False,False,True,True,False,False,False,False,True,True,True
RES004772,True,False,True,False,True,False,True,False,False,False,True,False,True
RES004773,True,True,True,True,True,True,True,True,False,False,False,False,True
RES004774,False,True,False,False,False,False,True,False,True,False,True,True,False
RES004775,False,True,True,True,False,True,False,False,False,False,False,True,False
RES004776,True,True,True,False,False,True,True,False,False,False,False,True,True
RES004777,True,True,False,False,False,False,True,False,False,False,True,False,True
RES004778,True,False,False,True,False,False,True,False,False,True,True,True,True
RES004779,True,False,True,True,False,True,False,True,True,True,False,False,False
RES004780,True,False,False,False,False,True,False,False,False,True,True,True,True
RES004781,True,False,False,True,True,True,True,False,True,True,False,False,False
RES004782,False,False,False,False,False,False,False,True,False,False,False,False,True
RES004783,True,False,False,False,False,True,True,True,True,False,True,True,True
RES004784,True,False,True,True,False,True,False,False,True,True,False,False,False
RES004785,False,False,False,False,False,False,False,False,False,False,False,False,False
RES004786,False,True,True,True,True,False,False,False,False,False,False,False,True
RES004787,False,True,False,False,False,True,True,False,False,True,False,False,True
RES004788,True,True,True,True,False,False,True,False,True,True,False,False,False
RES004789,False,True,False,True,True,False,False,False,True,False,False,True,False
RES004790,True,False,False,True,False,True,True,True,False,False,True,True,False
RES004791,True,True,True,True,False,False,False,True,False,True,False,True,True
RES004792,True,True,False,False,True,True,True,False,True,False,False,True,True
RES004793,True,False,True,False,False,False,False,False,True,True,False,True,False
RES004794,True,True,False,True,False,True,True,True,False,True,True,False,False
RES004795,False,True,False,True,True,False,True,False,False,False,False,True,True
RES004796,True,True,False,True,False,False,False,False,True,False,True,False,True
RES004797,True,True,False,True,False,False,True,False,False,False,False,True,True
RES004798,True,False,True,False,True,True,False,True,False,False,False,True,False
RES004799,True,False,True,False,False,False,True,True,False,True,False,False,False
RES004800,True,True,True,True,True,False,True,True,False,True,True,False,True
RES004801,True,True,True,False,True,True,True,True,False,True,True,True,False
RES004802,True,False,False,False,True,False,False,False,False,True,False,False,False
RES004803,True,False,True,False,True,True,False,False,False,False,True,True,False
RES004804,True,True,True,False,False,True,False,False,True,False,True,True,True
RES004805,True,False,False,True,False,True,True,False,True,True,True,False,False
RES004806,True,True,True,False,False,True,False,True,True,True,False,True,True
RES004807,True,False,True,True,True,False,False,False,True,False,True,False,False
RES004808,True,True,False,True,False,True,False,True,True,True,False,True,True
RES004809,True,False,False,False,True,False,False,True,True,True,True,True,False
RES004810,True,False,True,True,False,False,True,True,True,True,True,True,False
RES004811,False,True,False,True,True,False,True,True,False,False,True,False,True
RES004812,False,False,False,True,False,False,False,True,True,True,False,False,True
RES004813,False,False,False,False,False,True,True,False,True,False,True,False,True
RES004814,True,False,False,False,False,False,True,True,True,True,False,True,False
RES004815,True,True,True,True,False,True,True,False,True,True,True,False,True
RES004816,False,True,False,True,False,False,False,False,True,True,False,True,False
RES004817,False,True,False,True,False,True,True,True,True,False,False,False,True
RES004818,True,False,False,False,False,False,False,True,False,False,True,True,True
RES004819,True,True,True,True,False,False,True,True,True,False,True,False,False
RES004820,False,False,True,True,True,False,True,True,True,False,False,True,False
RES004821,False,True,False,True,False,True,False,True,False,False,False,True,True
RES004822,True,True,False,False,False,True,True,True,True,True,False,True,False
RES004823,True,True,True,False,True,False,False,False,True,True,False,True,True
RES004824,False,True,False,False,False,False,False,False,True,True,True,False,False
RES004825,False,True,False,False,False,False,False,True,False,True,False,True,False
RES004826,False,False,False,False,False,False,False,True,False,True,True,False,False
RES004827,False,True,True,False,False,False,False,False,False,False,False,False,False
RES004828,True,True,True,True,True,True,True,False,False,True,True,True,True
RES004829,True,True,True,True,False,False,True,False,False,False,True,False,True
RES004830,True,True,True,True,False,False,False,False,False,False,False,False,False
RES004831,False,True,True,False,False,True,False,True,False,False,True,False,False
RES004832,True,False,False,True,False,True,False,True,True,False,True,True,True
RES004833,False,False,True,True,False,True,True,True,False,False,True,True,True
RES004834,True,True,False,False,True,True,False,False,False,True,False,False,True
RES004835,False,False,True,False,True,True,False,False,True,True,False,True,False
RES004836,True,True,False,False,False,False,True,False,True,False,True,True,False
RES004837,True,True,False,True,False,False,False,False,False,True,True,True,True
RES004838,True,False,True,False,False,False,True,False,True,True,False,True,False
RES004839,True,False,False,True,True,True,False,False,True,True,False,True,False
RES004840,True,True,False,True,True,True,True,True,True,True,False,True,True
RES004841,False,False,True,True,False,True,True,True,False,False,False,False,True
RES004842,True,False,False,False,True,True,False,True,True,False,True,False,False
RES004843,False,True,True,False,True,False,False,True,True,False,False,False,True
RES004844,False,False,False,False,True,True,True,False,False,False,False,False,False
RES004845,False,False,True,False,True,True,False,True,False,True,True,False,False
RES004846,True,False,False,False,False,False,False,False,False,True,False,True,True
RES004847,True,True,False,False,False,False,True,False,False,True,True,True,True
RES004848,True,False,True,False,False,False,True,True,False,False,True,False,False
RES004849,False,True,False,False,True,False,True,False,False,True,False,True,True
RES004850,True,False,False,False,True,False,False,True,True,False,True,False,True
RES004851,False,False,True,True,True,True,True,False,True,True,True,False,False
RES004852,True,True,False,True,False,True,True,False,True,False,True,False,False
RES004853,False,False,False,False,True,True,False,False,True,True,True,True,False
RES004854,False,False,False,True,False,False,False,False,True,False,True,True,False
RES004855,False,False,False,True,False,False,True,True,True,False,True,False,True
RES004856,True,True,False,True,True,True,False,False,True,False,False,True,True
RES004857,True,True,False,False,True,False,True,False,True,True,False,False,True
RES004858,True,True,False,True,False,False,False,False,False,False,True,True,False
RES004859,True,True,True,False,False,False,False,True,False,False,False,True,False
RES004860,True,False,False,False,False,True,True,True,False,True,False,True,False
RES004861,False,True,False,False,True,True,False,False,True,True,False,False,False
RES004862,False,False,False,True,True,False,False,True,False,False,True,False,True
RES004863,False,True,True,False,False,True,False,True,True,False,False,True,False
RES004864,False,True,True,False,True,False,False,True,False,True,False,True,False
RES004865,False,False,False,False,False,False,True,False,True,True,True,False,True
RES004866,False,False,False,False,True,False,True,True,True,False,True,True,True
RES004867,True,False,True,True,False,True,False,False,False,False,False,True,True
RES004868,False,True,True,True,True,False,True,False,True,False,False,True,True
RES004869,True,True,False,True,False,False,False,False,False,True,False,True,True
RES004870,True,False,True,True,False,True,False,False,False,True,False,False,True
RES004871,False,True,False,False,False,True,True,False,False,False,False,False,True
RES004872,False,True,False,False,True,True,True,True,False,True,True,True,True
RES004873,False,True,True,False,True,True,True,True,True,False,False,False,False
RES004874,False,False,False,False,False,True,True,True,True,False,True,True,False
RES004875,True,False,True,False,False,True,True,True,False,False,False,False,True
RES004876,False,False,True,False,False,True,True,False,True,True,False,False,False
RES004877,True,False,False,False,False,True,False,False,True,True,True,True,False
RES004878,True,True,False,True,False,False,False,True,True,False,True,False,True
RES004879,True,False,True,False,True,False,True,False,False,False,True,True,True
RES004880,False,True,False,True,False,False,True,True,False,True,True,True,True
RES004881,True,True,True,False,False,True,True,True,True,True,True,True,False
RES004882,False,False,False,False,False,True,False,True,False,False,True,False,False
RES004883,True,True,False,True,True,False,False,False,False,False,False,True,False
RES004884,True,True,False,False,False,False,True,False,False,False,True,True,False
RES004885,True,True,True,False,False,True,True,True,True,False,True,True,True
RES004886,False,False,True,False,False,True,True,True,False,False,False,False,False
RES004887,False,False,True,True,True,False,True,True,True,True,False,True,True
RES004888,False,False,True,False,False,True,False,False,True,False,True,False,False
RES004889,True,False,False,True,False,False,False,True,True,False,True,False,True
RES004890,False,False,True,False,True,False,False,True,False,False,False,False,True
RES004891,True,True,False,False,True,True,True,True,True,True,True,True,False
RES004892,False,True,True,False,True,True,True,True,False,False,False,False,True
RES004893,True,True,False,True,False,False,False,True,False,False,False,True,True
RES004894,True,False,False,True,True,False,True,True,False,True,False,True,False
RES004895,False,True,False,True,True,True,True,True,False,False,True,False,False
RES004896,False,False,False,False,False,False,False,False,False,True,False,False,False
RES004897,False,True,True,True,True,False,False,True,True,True,False,True,False
RES004898,False,False,False,False,False,True,True,True,True,True,True,True,True
RES004899,True,True,False,True,False,False,False,False,False,True,False,False,True
RES004900,True,False,False,False,True,False,False,True,False,True,False,True,False
RES004901,False,False,True,False,True,True,True,False,True,True,True,True,True
RES004902,False,True,True,True,False,False,False,False,True,False,False,True,False
RES004903,True,True,False,True,True,False,True,False,False,False,True,True,True
RES004904,False,True,False,False,False,False,True,True,True,True,True,True,True
RES004905,True,True,True,False,True,False,True,False,True,False,True,False,True
RES004906,False,False,True,True,True,False,False,False,False,False,False,False,False
RES004907,False,False,False,False,True,False,True,True,False,False,False,False,False
RES004908,False,False,False,False,False,True,False,False,True,False,False,True,True
RES004909,False,False,True,False,True,False,False,False,False,True,True,False,False
RES004910,False,True,True,True,True,True,False,False,False,True,True,False,True
RES004911,True,True,True,True,True,True,True,True,True,True,False,False,True
RES004912,False,True,False,False,True,False,False,True,False,True,True,False,True
RES004913,True,True,True,False,False,True,True,True,False,True,True,False,False
RES004914,False,False,True,True,True,False,True,False,False,False,True,False,False
RES004915,False,False,False,True,True,False,False,False,False,False,True,True,True
RES004916,False,True,False,False,True,False,False,False,False,False,True,False,True
RES004917,False,True,False,True,False,True,False,True,False,True,True,True,True
RES004918,False,False,True,False,False,True,False,True,True,False,True,True,False
RES004919,False,False,True,True,False,True,True,True,False,True,False,False,True
RES004920,True,False,False,False,False,True,False,False,False,True,False,True,False
RES004921,False,False,False,False,True,False,True,True,True,False,False,False,False
RES004922,True,False,True,True,True,False,False,True,True,True,True,True,True
RES004923,True,False,True,True,False,False,True,False,True,False,True,False,True
RES004924,False,False,True,False,False,True,False,False,True,False,False,True,False
RES004925,False,True,True,True,True,False,True,False,True,True,False,False,False
RES004926,True,True,True,False,True,False,False,True,False,False,True,False,False
RES004927,False,False,False,True,False,False,True,False,False,False,True,False,True
RES004928,False,False,True,True,False,True,True,False,True,False,False,True,False
RES004929,False,False,False,True,False,False,False,True,False,True,False,False,True
RES004930,False,False,True,False,True,True,False,False,True,False,True,True,True
RES004931,True,False,False,False,False,False,False,True,True,False,False,True,True
RES004932,True,True,True,True,False,False,False,False,True,False,False,False,True
RES004933,True,True,True,False,False,False,False,True,True,True,True,True,True
RES004934,False,True,True,False,False,False,True,False,True,False,False,False,True
RES004935,False,False,False,False,True,False,False,True,False,False,True,True,True
RES004936,False,False,False,False,True,True,True,False,False,True,True,False,True
RES004937,False,True,False,False,False,True,True,False,False,True,False,False,True
RES004938,True,True,False,False,False,False,False,True,False,False,True,False,False
RES004939,False,False,False,True,False,True,False,False,False,True,True,True,True
RES004940,False,False,True,True,False,True,True,True,True,True,False,False,False
RES004941,True,False,True,True,True,True,False,True,True,False,False,False,False
RES004942,True,False,True,False,True,False,True,False,True,False,False,False,True
RES004943,True,True,False,False,False,True,True,True,True,True,True,True,True
RES004944,False,True,True,False,False,False,False,False,True,False,False,True,False
RES004945,True,False,False,True,True,False,False,False,False,False,False,True,True
RES004946,True,True,False,False,False,True,False,False,False,True,False,True,False
RES004947,True,False,False,False,False,True,False,False,False,False,False,True,False
RES004948,True,False,False,True,True,False,False,True,False,True,True,True,False
RES004949,False,True,True,False,False,False,False,True,True,True,False,False,True
RES004950,True,True,True,True,False,False,False,True,False,False,True,False,True
RES004951,True,False,False,False,False,True,False,False,True,True,False,False,True
RES004952,False,False,True,False,False,True,True,True,True,True,False,False,False
RES004953,True,False,True,True,True,True,False,True,True,False,False,True,True
RES004954,True,True,False,True,False,True,False,True,True,True,False,True,True
RES004955,False,False,False,True,True,False,False,False,False,False,True,False,False
RES004956,True,True,True,True,False,False,True,True,True,True,False,False,True
RES004957,True,True,False,True,False,True,True,True,False,False,False,False,False
RES004958,True,True,False,True,True,False,True,True,True,False,True,True,False
RES004959,True,False,True,True,False,True,False,False,False,False,False,False,False
RES004960,False,False,True,True,False,True,False,True,True,False,True,False,True
RES004961,False,True,True,False,False,True,False,True,True,False,False,True,True
RES004962,True,True,False,True,True,True,True,True,True,False,True,False,True
RES004963,False,False,True,True,True,True,True,False,True,False,True,True,True
RES004964,True,False,True,False,True,False,False,False,True,True,True,True,False
RES004965,False,True,True,False,True,False,False,False,True,False,True,True,False
RES004966,False,False,True,True,False,True,False,True,True,True,True,False,True
RES004967,False,False,False,True,False,True,True,True,False,False,False,True,False
RES004968,False,False,False,False,True,True,False,False,True,True,False,True,False
RES004969,True,False,False,True,False,True,False,False,False,False,False,True,False
RES004970,True,False,False,False,True,False,False,True,False,False,True,False,False
RES004971,False,True,False,True,True,True,False,False,False,False,False,True,False
RES004972,False,True,True,True,False,False,False,True,True,False,True,True,True
RES004973,True,False,True,True,True,False,True,True,True,True,False,True,False
RES004974,False,True,True,False,False,True,True,True,True,True,True,False,False
RES004975,True,True,True,False,False,False,False,True,False,True,False,True,False
RES004976,False,False,False,False,False,True,False,True,False,True,False,False,True
RES004977,False,False,False,True,True,False,True,True,False,True,False,True,False
RES004978,False,False,True,False,False,True,False,False,True,False,True,False,False
RES004979,False,True,True,True,False,False,False,True,False,True,True,True,True
RES004980,True,False,True,True,False,True,False,False,False,False,True,True,True
RES004981,False,False,True,False,False,True,False,True,True,False,False,True,True
RES004982,True,True,False,False,True,False,False,False,False,False,True,True,True
RES004983,False,False,False,False,False,True,True,True,True,False,False,True,True
RES004984,True,False,False,True,False,True,True,False,True,False,False,True,False
RES004985,False,False,False,True,False,True,True,False,True,True,False,True,False
RES004986,True,True,True,True,False,False,False,False,True,False,True,False,True
RES004987,True,True,False,True,True,False,True,False,False,False,False,True,False
RES004988,False,True,True,False,False,True,True,True,False,True,False,True,False
RES004989,True,True,False,True,True,True,True,True,False,True,False,False,True
RES004990,False,False,False,False,True,False,False,False,False,True,False,True,False
RES004991,False,True,False,True,True,False,True,False,False,False,False,False,False
RES004992,True,False,False,True,False,True,False,False,True,False,False,False,True
RES004993,True,False,True,False,True,True,False,True,True,False,True,False,True
RES004994,False,True,False,True,False,True,True,False,True,True,False,True,False
RES004995,True,True,True,True,True,False,False,True,False,True,True,True,False
RES004996,False,True,False,True,True,False,True,False,False,False,False,True,False
RES004997,True,True,True,False,False,True,False,True,True,True,True,True,True
RES004998,True,True,True,True,True,False,False,True,True,False,True,True,False
RES004999,False,False,True,False,False,False,False,False,True,True,False,False,False
