Restaurant_ID,Restaurant_name,Chain_local,Cuisine,Latitude,Longitude,City,Country,Opening_year,Delivery_available,Takeaway,Dine_in,Reservations,Price_level,Average_rating,Review_count,Business_status
RES000000,Thai Chain 0,Chain,Thai,21.088989,-18.27787,New York,USA,1988,True,False,False,False,1,2.9,2797,Operational
RES000001,Los Angeles Italian Place 1,Local,Italian,23.751067,-77.557706,Los Angeles,USA,1995,True,False,True,False,3,4.9,4003,Operational
RES000002,Italian Chain 2,Chain,Italian,-15.358159,-29.960047,Manchester,United Kingdom,1952,False,False,True,True,3,3.1,1790,Operational
RES000003,London Chinese Place 3,Local,Chinese,74.936488,-120.822638,London,United Kingdom,1961,False,True,True,False,4,3.5,2646,Operational
RES000004,Chinese Chain 4,Chain,Chinese,0.051366,7.625973,Osaka,Japan,2012,True,True,True,False,1,2.6,3843,Operational
RES000005,Osaka French Place 5,Local,French,72.49656,172.851715,Osaka,Japan,1990,True,True,False,True,2,4.3,227,Operational
RES000006,Sao Paulo Brazilian Place 6,Local,Brazilian,40.445061,60.883749,Sao Paulo,Brazil,2023,True,True,False,True,4,2.8,1494,Operational
RES000007,American Chain 7,Chain,American,-1.386193,-59.968194,New York,USA,2016,True,False,False,True,2,3.0,4986,Operational
RES000008,Osaka Mediterranean Place 8,Local,Mediterranean,-69.986664,43.23136,Osaka,Japan,1957,True,False,False,False,1,2.3,4804,Operational
RES000009,Sao Paulo American Place 9,Local,American,72.664066,-102.051267,Sao Paulo,Brazil,1994,True,False,False,True,2,3.6,1308,Operational
RES000010,New York Mexican Place 10,Local,Mexican,47.651833,-159.986456,New York,USA,1955,False,True,False,False,1,4.4,3515,Operational
RES000011,Osaka Japanese Place 11,Local,Japanese,-50.432663,54.882225,Osaka,Japan,2001,True,False,True,True,1,4.6,2510,Operational
RES000012,Mexican Chain 12,Chain,Mexican,-7.983916,166.02172,Delhi,India,1967,False,True,False,True,3,4.1,3699,Operational
RES000013,Italian Chain 13,Chain,Italian,-42.562566,100.414024,Los Angeles,USA,1993,True,False,False,True,4,4.6,2458,Operational
RES000014,Sao Paulo Italian Place 14,Local,Italian,72.756401,100.15703,Sao Paulo,Brazil,2005,False,False,True,True,2,2.5,2577,Operational
RES000015,Los Angeles Chinese Place 15,Local,Chinese,-6.768773,-60.106615,Los Angeles,USA,1950,False,True,False,False,2,4.5,3508,Operational
RES000016,Pizza Chain 16,Chain,Pizza,55.716595,103.576415,Rio de Janeiro,Brazil,2020,True,False,False,False,3,2.2,1789,Operational
RES000017,London Japanese Place 17,Local,Japanese,-7.261116,50.226226,London,United Kingdom,2013,True,False,False,True,4,4.8,891,Operational
RES000018,Manchester Pizza Place 18,Local,Pizza,-39.169714,68.985411,Manchester,United Kingdom,2007,True,True,False,True,2,5.0,3782,Operational
RES000019,Rio de Janeiro Mediterranean Place 19,Local,Mediterranean,73.173845,-2.805527,Rio de Janeiro,Brazil,1951,True,True,True,False,1,2.7,2151,Operational
RES000020,Burger Chain 20,Chain,Burger,89.228332,11.734299,Rio de Janeiro,Brazil,2023,True,False,False,True,1,3.4,511,Operational
RES000021,Chinese Chain 21,Chain,Chinese,-12.671637,-123.163857,London,United Kingdom,1950,True,False,False,True,4,4.5,1812,Operational
RES000022,Tokyo Burger Place 22,Local,Burger,-59.249298,46.950364,Tokyo,Japan,1962,False,False,True,False,4,3.5,1168,Operational
RES000023,Delhi Mediterranean Place 23,Local,Mediterranean,70.184968,-163.987881,Delhi,India,2012,False,True,True,True,1,3.6,3326,Operational
RES000024,Mumbai Chinese Place 24,Local,Chinese,67.448729,-20.20856,Mumbai,India,2007,False,False,True,True,2,2.4,4477,Operational
RES000025,Mexican Chain 25,Chain,Mexican,38.540015,-36.149351,Osaka,Japan,1980,True,True,True,False,2,3.4,1257,Operational
RES000026,Burger Chain 26,Chain,Burger,-41.769467,-77.311211,Los Angeles,USA,2000,True,False,False,False,4,4.9,4459,Operational
RES000027,Los Angeles Mexican Place 27,Local,Mexican,26.572574,-121.222318,Los Angeles,USA,2005,True,True,True,True,2,4.9,873,Operational
RES000028,American Chain 28,Chain,American,72.655715,-72.936624,Manchester,United Kingdom,2004,True,False,False,False,3,4.2,1794,Operational
RES000029,Osaka Italian Place 29,Local,Italian,-41.037565,-153.804078,Osaka,Japan,2000,True,True,True,True,3,2.1,2694,Operational
RES000030,Delhi Brazilian Place 30,Local,Brazilian,2.789143,9.075067,Delhi,India,1960,True,True,False,False,2,3.0,3241,Operational
RES000031,Delhi Burger Place 31,Local,Burger,-87.86337,-100.461958,Delhi,India,1991,False,False,True,False,2,4.6,3706,Operational
RES000032,Japanese Chain 32,Chain,Japanese,68.017251,-135.740968,Tokyo,Japan,2015,True,False,True,False,3,4.6,3404,Operational
RES000033,Sao Paulo Brazilian Place 33,Local,Brazilian,-63.710917,-162.204457,Sao Paulo,Brazil,2002,True,False,False,False,2,2.6,4639,Operational
RES000034,Sao Paulo French Place 34,Local,French,57.908244,-50.71909,Sao Paulo,Brazil,1992,True,True,True,True,4,2.4,4427,Operational
RES000035,London Japanese Place 35,Local,Japanese,-78.587184,76.641422,London,United Kingdom,2017,False,True,False,False,4,3.7,4382,Operational
RES000036,Rio de Janeiro French Place 36,Local,French,-13.975236,162.348224,Rio de Janeiro,Brazil,1988,True,True,False,False,4,2.3,4829,Operational
RES000037,Italian Chain 37,Chain,Italian,64.175027,-174.784093,Rio de Janeiro,Brazil,1974,True,False,False,False,4,2.2,3983,Operational
RES000038,London Thai Place 38,Local,Thai,29.468294,-37.989395,London,United Kingdom,1961,False,True,False,False,2,2.1,861,Operational
RES000039,French Chain 39,Chain,French,-30.786774,-175.885342,Sao Paulo,Brazil,1991,False,True,False,True,1,2.5,1728,Operational
RES000040,Mumbai Thai Place 40,Local,Thai,-47.105137,63.125573,Mumbai,India,1997,False,True,False,True,1,3.9,3480,Operational
RES000041,Manchester French Place 41,Local,French,20.086165,-162.576135,Manchester,United Kingdom,1982,True,True,False,True,1,3.5,3919,Operational
RES000042,Delhi American Place 42,Local,American,-21.90693,-173.535476,Delhi,India,1965,True,False,True,True,2,3.5,3891,Operational
RES000043,Mumbai Thai Place 43,Local,Thai,54.619859,-158.187111,Mumbai,India,1960,True,False,False,False,4,5.0,428,Operational
RES000044,Brazilian Chain 44,Chain,Brazilian,-51.050984,149.155581,New York,USA,2002,True,True,False,False,4,4.3,108,Operational
RES000045,Manchester American Place 45,Local,American,-69.582118,-127.036167,Manchester,United Kingdom,2004,True,False,True,True,4,3.8,3714,Closed Temporarily
RES000046,New York Japanese Place 46,Local,Japanese,40.191584,160.246385,New York,USA,2000,True,True,True,False,2,3.9,4639,Operational
RES000047,New York Burger Place 47,Local,Burger,-58.579879,77.856411,New York,USA,1985,True,False,False,True,4,3.9,214,Operational
RES000048,Mumbai Pizza Place 48,Local,Pizza,70.507769,-116.169831,Mumbai,India,2018,True,True,False,True,1,3.4,221,Operational
RES000049,Manchester Mexican Place 49,Local,Mexican,4.778616,152.150588,Manchester,United Kingdom,2000,True,False,False,True,2,4.5,3652,Operational
RES000050,Tokyo Japanese Place 50,Local,Japanese,11.744267,-174.119012,Tokyo,Japan,2011,True,True,False,True,4,4.8,3395,Operational
RES000051,Tokyo Italian Place 51,Local,Italian,66.863704,144.487787,Tokyo,Japan,1959,False,False,True,True,2,3.1,3544,Operational
RES000052,Los Angeles French Place 52,Local,French,20.228047,46.384744,Los Angeles,USA,2013,True,False,False,False,3,3.0,1936,Operational
RES000053,Mediterranean Chain 53,Chain,Mediterranean,-5.010094,177.255666,Osaka,Japan,1969,True,False,False,False,4,4.4,1215,Operational
RES000054,Osaka French Place 54,Local,French,-60.430337,148.072093,Osaka,Japan,1971,True,True,True,True,3,4.0,1098,Operational
RES000055,Delhi Burger Place 55,Local,Burger,47.076771,-141.086005,Delhi,India,1982,True,True,True,False,2,2.7,1841,Operational
RES000056,Los Angeles Mediterranean Place 56,Local,Mediterranean,-64.662384,20.675515,Los Angeles,USA,1984,True,False,False,False,3,2.9,1970,Operational
RES000057,Tokyo Indian Place 57,Local,Indian,-26.185224,138.479371,Tokyo,Japan,1965,False,True,True,True,3,4.2,1200,Operational
RES000058,Indian Chain 58,Chain,Indian,-73.392921,5.111433,Osaka,Japan,1997,True,False,False,True,1,3.7,124,Operational
RES000059,Rio de Janeiro Italian Place 59,Local,Italian,60.57465,61.101391,Rio de Janeiro,Brazil,1950,True,False,False,True,2,4.6,4548,Operational
RES000060,Osaka Mediterranean Place 60,Local,Mediterranean,-16.261997,-153.408534,Osaka,Japan,1968,True,False,False,True,2,4.7,4276,Operational
RES000061,Manchester American Place 61,Local,American,89.144291,-119.615056,Manchester,United Kingdom,2002,True,False,False,False,1,4.9,2263,Operational
RES000062,Mumbai Italian Place 62,Local,Italian,-81.616657,63.59683,Mumbai,India,1951,True,True,False,False,3,3.8,2150,Operational
RES000063,Rio de Janeiro Indian Place 63,Local,Indian,14.82394,-64.416572,Rio de Janeiro,Brazil,1952,False,False,True,False,4,3.2,1949,Operational
RES000064,Rio de Janeiro Japanese Place 64,Local,Japanese,86.662811,3.884244,Rio de Janeiro,Brazil,1978,True,True,False,True,4,3.7,4966,Operational
RES000065,Los Angeles Italian Place 65,Local,Italian,25.536966,-179.063826,Los Angeles,USA,2023,True,False,False,True,4,5.0,232,Operational
RES000066,London Mexican Place 66,Local,Mexican,-27.111643,-177.049064,London,United Kingdom,1965,False,True,False,False,3,3.6,2270,Operational
RES000067,Tokyo Thai Place 67,Local,Thai,18.558286,141.242308,Tokyo,Japan,1986,True,False,False,True,4,2.9,3187,Operational
RES000068,Osaka French Place 68,Local,French,15.277758,-29.802721,Osaka,Japan,1992,True,True,True,False,1,3.9,4152,Operational
RES000069,Italian Chain 69,Chain,Italian,22.325188,164.038198,New York,USA,1988,True,False,False,True,4,3.0,3682,Closed Temporarily
RES000070,Thai Chain 70,Chain,Thai,83.118435,93.996191,New York,USA,2000,False,True,True,False,3,3.2,4183,Operational
RES000071,Rio de Janeiro Chinese Place 71,Local,Chinese,-86.753007,23.374352,Rio de Janeiro,Brazil,2023,True,False,True,False,1,4.3,4876,Operational
RES000072,New York Brazilian Place 72,Local,Brazilian,-37.575515,172.344423,New York,USA,2021,False,False,True,False,1,4.1,2487,Operational
RES000073,Sao Paulo Mediterranean Place 73,Local,Mediterranean,24.09671,-50.884428,Sao Paulo,Brazil,2018,True,False,True,False,3,3.1,3867,Operational
RES000074,Tokyo Japanese Place 74,Local,Japanese,-0.019536,113.437859,Tokyo,Japan,1955,True,True,True,False,1,3.8,505,Operational
RES000075,Chinese Chain 75,Chain,Chinese,-81.008803,122.118162,Tokyo,Japan,1958,False,False,True,True,3,4.9,4685,Operational
RES000076,Osaka Brazilian Place 76,Local,Brazilian,79.355086,93.335164,Osaka,Japan,2006,True,True,False,True,3,4.3,1642,Operational
RES000077,Tokyo Burger Place 77,Local,Burger,-34.854568,104.377703,Tokyo,Japan,1960,False,False,True,False,2,2.9,884,Operational
RES000078,Mexican Chain 78,Chain,Mexican,-4.319207,28.776702,New York,USA,1962,True,True,True,True,3,3.4,1325,Operational
RES000079,Rio de Janeiro Japanese Place 79,Local,Japanese,-76.93337,96.093899,Rio de Janeiro,Brazil,1982,False,True,False,False,2,2.2,1294,Operational
RES000080,New York Burger Place 80,Local,Burger,-0.042976,-8.028944,New York,USA,1998,True,True,True,True,4,3.6,2672,Operational
RES000081,Rio de Janeiro Indian Place 81,Local,Indian,13.89968,-112.812795,Rio de Janeiro,Brazil,1978,True,False,True,False,4,3.3,1653,Operational
RES000082,Indian Chain 82,Chain,Indian,26.601895,35.45595,Sao Paulo,Brazil,1959,True,False,False,False,1,3.7,2342,Operational
RES000083,New York Thai Place 83,Local,Thai,72.967967,9.147763,New York,USA,1991,True,False,True,False,4,3.5,4688,Operational
RES000084,Tokyo Indian Place 84,Local,Indian,73.647249,61.433431,Tokyo,Japan,1999,True,False,False,False,4,4.7,1827,Operational
RES000085,New York Burger Place 85,Local,Burger,37.395218,32.171771,New York,USA,1962,False,True,False,False,4,3.7,3084,Operational
RES000086,London Japanese Place 86,Local,Japanese,84.768403,107.321612,London,United Kingdom,1979,False,False,True,True,4,2.3,1704,Operational
RES000087,Manchester Brazilian Place 87,Local,Brazilian,53.469885,-167.373865,Manchester,United Kingdom,1999,False,True,True,False,4,4.0,2732,Operational
RES000088,Osaka Brazilian Place 88,Local,Brazilian,0.199305,-179.679833,Osaka,Japan,2002,False,True,False,True,4,3.5,1322,Operational
RES000089,London Burger Place 89,Local,Burger,30.882104,121.3909,London,United Kingdom,2016,True,False,False,False,4,2.4,1101,Closed Temporarily
RES000090,French Chain 90,Chain,French,75.851708,8.251652,Los Angeles,USA,2009,True,True,False,True,1,3.5,4125,Operational
RES000091,Manchester French Place 91,Local,French,5.99871,-174.005254,Manchester,United Kingdom,2022,True,True,False,True,1,2.6,3927,Operational
RES000092,New York American Place 92,Local,American,56.814153,-44.609562,New York,USA,1979,False,True,False,False,3,4.3,126,Operational
RES000093,Tokyo American Place 93,Local,American,84.95519,-37.567416,Tokyo,Japan,1998,True,False,False,True,1,3.0,2309,Operational
RES000094,Rio de Janeiro Japanese Place 94,Local,Japanese,88.660063,88.414393,Rio de Janeiro,Brazil,1981,True,False,False,False,4,4.7,4817,Operational
RES000095,Los Angeles Mexican Place 95,Local,Mexican,75.99639,-23.967363,Los Angeles,USA,2013,False,False,True,False,3,4.8,1664,Operational
RES000096,Los Angeles Indian Place 96,Local,Indian,-82.883133,-159.050588,Los Angeles,USA,1997,True,False,False,False,4,2.5,1150,Operational
RES000097,Delhi Thai Place 97,Local,Thai,87.501285,-59.70508,Delhi,India,1954,False,True,False,False,3,3.7,1261,Operational
RES000098,Indian Chain 98,Chain,Indian,-48.921251,42.562564,Los Angeles,USA,1974,True,False,True,False,1,2.8,4958,Operational
RES000099,Indian Chain 99,Chain,Indian,-84.237857,150.267469,Delhi,India,1961,True,False,False,False,1,2.1,1586,Operational
RES000100,Delhi Thai Place 100,Local,Thai,45.152234,21.11514,Delhi,India,2000,True,False,True,False,3,4.7,796,Operational
RES000101,Italian Chain 101,Chain,Italian,-21.700236,120.925021,Los Angeles,USA,2011,True,False,False,False,2,4.5,3851,Operational
RES000102,Delhi Chinese Place 102,Local,Chinese,66.086229,71.150714,Delhi,India,1989,True,True,True,False,3,3.8,458,Operational
RES000103,Indian Chain 103,Chain,Indian,-25.801024,97.65138,Manchester,United Kingdom,2019,True,False,False,True,1,3.3,1044,Operational
RES000104,Mexican Chain 104,Chain,Mexican,-80.665982,41.408388,Los Angeles,USA,1973,False,True,False,False,3,3.4,4773,Operational
RES000105,Japanese Chain 105,Chain,Japanese,5.265795,63.476241,Osaka,Japan,2008,True,True,False,False,4,2.9,4135,Operational
RES000106,Indian Chain 106,Chain,Indian,-51.92501,29.076712,Rio de Janeiro,Brazil,2005,True,True,False,False,1,2.8,4882,Operational
RES000107,Rio de Janeiro Thai Place 107,Local,Thai,38.287232,26.569617,Rio de Janeiro,Brazil,1975,True,False,False,False,3,3.7,2117,Closed Temporarily
RES000108,Tokyo American Place 108,Local,American,55.553713,32.511131,Tokyo,Japan,2020,False,False,True,True,3,3.8,3417,Operational
RES000109,Sao Paulo Japanese Place 109,Local,Japanese,58.960836,23.339541,Sao Paulo,Brazil,2011,False,False,True,False,3,3.1,3626,Operational
RES000110,Chinese Chain 110,Chain,Chinese,-18.19122,179.495059,London,United Kingdom,1991,False,True,True,True,2,3.9,2574,Operational
RES000111,Mexican Chain 111,Chain,Mexican,23.151747,-5.712231,Manchester,United Kingdom,1998,True,True,False,False,1,2.6,3309,Operational
RES000112,New York Thai Place 112,Local,Thai,-17.376771,42.514303,New York,USA,1979,True,True,False,True,4,2.6,3991,Operational
RES000113,Delhi Indian Place 113,Local,Indian,-54.108831,83.655606,Delhi,India,1952,False,True,False,True,1,2.2,3751,Operational
RES000114,Los Angeles American Place 114,Local,American,-18.552234,-1.153908,Los Angeles,USA,1964,True,False,True,True,3,2.3,3568,Closed Temporarily
RES000115,French Chain 115,Chain,French,36.723549,-132.525526,New York,USA,1991,True,True,True,True,1,3.7,2888,Operational
RES000116,Chinese Chain 116,Chain,Chinese,87.24862,118.143039,London,United Kingdom,1982,False,True,True,True,1,2.8,2470,Operational
RES000117,Los Angeles Indian Place 117,Local,Indian,-28.979683,22.222074,Los Angeles,USA,2017,False,True,True,False,1,3.8,3863,Closed Temporarily
RES000118,Thai Chain 118,Chain,Thai,27.049201,82.07873,London,United Kingdom,2001,True,True,False,True,1,3.4,4045,Operational
RES000119,London Italian Place 119,Local,Italian,81.191301,-96.879934,London,United Kingdom,1961,False,False,True,True,1,3.2,4746,Operational
RES000120,Mexican Chain 120,Chain,Mexican,26.844265,78.116504,Tokyo,Japan,1991,False,False,True,False,3,3.0,3010,Operational
RES000121,Delhi Pizza Place 121,Local,Pizza,59.583992,-130.054653,Delhi,India,1964,False,True,True,True,4,4.3,1412,Operational
RES000122,New York Burger Place 122,Local,Burger,9.646641,-172.153355,New York,USA,1961,True,False,False,False,1,3.5,1739,Operational
RES000123,Mumbai Thai Place 123,Local,Thai,53.68767,160.549484,Mumbai,India,2010,True,False,False,True,4,3.7,2554,Closed Temporarily
RES000124,Chinese Chain 124,Chain,Chinese,75.839197,86.314131,Manchester,United Kingdom,1981,True,True,True,False,4,3.1,3733,Operational
RES000125,Tokyo American Place 125,Local,American,-67.900415,-109.024038,Tokyo,Japan,2002,True,True,True,True,3,4.7,1624,Operational
RES000126,Japanese Chain 126,Chain,Japanese,-61.295681,80.540064,Delhi,India,2016,True,False,False,False,1,2.6,4023,Operational
RES000127,Rio de Janeiro Indian Place 127,Local,Indian,77.445833,0.409227,Rio de Janeiro,Brazil,2006,True,True,False,False,2,4.0,2585,Operational
RES000128,Chinese Chain 128,Chain,Chinese,-58.055266,109.928722,Mumbai,India,1952,False,True,True,False,3,3.4,2289,Operational
RES000129,Osaka Pizza Place 129,Local,Pizza,-4.588398,-152.835404,Osaka,Japan,1992,True,True,False,True,3,4.9,3059,Operational
RES000130,Osaka Pizza Place 130,Local,Pizza,15.83721,-109.052135,Osaka,Japan,2010,True,False,True,False,3,2.4,2540,Operational
RES000131,Japanese Chain 131,Chain,Japanese,-21.273758,167.119356,Tokyo,Japan,1952,False,False,True,True,2,4.0,693,Operational
RES000132,Tokyo French Place 132,Local,French,64.086487,-94.432384,Tokyo,Japan,1996,True,True,True,True,1,2.4,4665,Operational
RES000133,Rio de Janeiro Japanese Place 133,Local,Japanese,-66.895191,-55.113044,Rio de Janeiro,Brazil,1989,True,False,True,False,2,2.7,1561,Operational
RES000134,Brazilian Chain 134,Chain,Brazilian,-11.336986,-135.73819,Osaka,Japan,2022,False,False,True,False,3,3.7,1910,Operational
RES000135,Sao Paulo Mexican Place 135,Local,Mexican,-8.431144,-16.553452,Sao Paulo,Brazil,1991,True,False,False,True,2,4.7,2063,Closed Temporarily
RES000136,Sao Paulo American Place 136,Local,American,-44.308402,54.300015,Sao Paulo,Brazil,1961,True,False,False,True,2,3.8,4966,Operational
RES000137,Osaka Thai Place 137,Local,Thai,83.287742,-44.219595,Osaka,Japan,1967,True,False,False,True,2,2.6,3987,Operational
RES000138,Japanese Chain 138,Chain,Japanese,4.341578,-152.95484,Mumbai,India,1986,True,True,True,False,2,2.6,4378,Operational
RES000139,Sao Paulo Pizza Place 139,Local,Pizza,60.539673,-166.101058,Sao Paulo,Brazil,1994,True,False,False,False,3,4.4,4210,Operational
RES000140,Mediterranean Chain 140,Chain,Mediterranean,2.093933,154.172624,Osaka,Japan,2004,True,False,True,False,4,2.9,2625,Operational
RES000141,Chinese Chain 141,Chain,Chinese,42.892159,-175.500179,Rio de Janeiro,Brazil,1964,True,True,False,False,2,4.4,4831,Operational
RES000142,Japanese Chain 142,Chain,Japanese,78.437883,135.94705,Rio de Janeiro,Brazil,2023,True,True,True,False,1,4.7,4853,Operational
RES000143,Brazilian Chain 143,Chain,Brazilian,44.710109,142.425097,Tokyo,Japan,1975,True,False,False,True,1,3.1,1229,Operational
RES000144,Rio de Janeiro Brazilian Place 144,Local,Brazilian,48.552293,35.440668,Rio de Janeiro,Brazil,1978,False,False,True,True,4,3.6,2403,Operational
RES000145,London Italian Place 145,Local,Italian,24.103681,-124.265952,London,United Kingdom,1974,False,True,False,False,4,4.5,3457,Operational
RES000146,Tokyo Japanese Place 146,Local,Japanese,-43.374054,42.941839,Tokyo,Japan,1997,False,True,True,True,3,4.3,1312,Operational
RES000147,Mediterranean Chain 147,Chain,Mediterranean,-21.874052,62.268558,London,United Kingdom,1980,False,True,True,False,3,2.1,708,Operational
RES000148,Italian Chain 148,Chain,Italian,64.340794,-103.695664,Sao Paulo,Brazil,1957,True,False,False,False,4,2.9,2873,Operational
RES000149,Osaka Mediterranean Place 149,Local,Mediterranean,1.179393,93.735751,Osaka,Japan,2015,True,True,True,False,2,4.0,1897,Operational
RES000150,Mumbai French Place 150,Local,French,5.576687,161.943074,Mumbai,India,1987,False,True,False,False,1,4.5,694,Operational
RES000151,Tokyo Pizza Place 151,Local,Pizza,-33.810528,133.97898,Tokyo,Japan,1971,False,False,True,False,1,2.2,3666,Operational
RES000152,Rio de Janeiro American Place 152,Local,American,84.390877,177.337371,Rio de Janeiro,Brazil,1969,True,False,False,True,2,2.8,170,Operational
RES000153,Rio de Janeiro Mexican Place 153,Local,Mexican,58.77461,101.139806,Rio de Janeiro,Brazil,1963,True,False,False,True,4,3.2,2856,Operational
RES000154,Osaka Japanese Place 154,Local,Japanese,-86.050604,104.96735,Osaka,Japan,1997,True,True,False,True,2,4.9,2621,Operational
RES000155,Tokyo Burger Place 155,Local,Burger,39.063071,-86.576526,Tokyo,Japan,2021,True,True,False,True,4,4.5,2169,Operational
RES000156,Italian Chain 156,Chain,Italian,-88.748494,54.08302,Mumbai,India,2022,True,True,True,False,2,3.1,1927,Operational
RES000157,Mediterranean Chain 157,Chain,Mediterranean,-89.612915,11.379534,Rio de Janeiro,Brazil,1998,False,True,False,True,3,2.7,2464,Operational
RES000158,Tokyo American Place 158,Local,American,4.344507,-15.168892,Tokyo,Japan,1986,False,True,True,True,3,4.9,1892,Operational
RES000159,Tokyo Pizza Place 159,Local,Pizza,31.205108,-145.776895,Tokyo,Japan,2007,True,True,False,True,2,2.2,3388,Operational
RES000160,Mumbai Mexican Place 160,Local,Mexican,60.154156,58.482547,Mumbai,India,2008,False,True,False,True,2,3.2,2505,Operational
RES000161,New York Mediterranean Place 161,Local,Mediterranean,8.057211,142.449193,New York,USA,2007,False,False,True,True,1,4.1,3233,Operational
RES000162,New York American Place 162,Local,American,-26.035196,-7.438833,New York,USA,1979,True,False,True,True,2,2.1,1016,Operational
RES000163,Japanese Chain 163,Chain,Japanese,-76.426202,-174.212742,Tokyo,Japan,1957,True,True,True,True,2,2.4,3861,Operational
RES000164,Chinese Chain 164,Chain,Chinese,-86.107447,112.710519,Manchester,United Kingdom,2019,True,False,False,True,4,2.8,3583,Operational
RES000165,Italian Chain 165,Chain,Italian,35.383583,126.147408,Rio de Janeiro,Brazil,1998,False,True,False,True,2,3.4,4183,Operational
RES000166,Pizza Chain 166,Chain,Pizza,86.810468,-169.383214,Osaka,Japan,1978,True,True,True,True,3,5.0,3681,Operational
RES000167,Manchester Indian Place 167,Local,Indian,-42.047548,54.628666,Manchester,United Kingdom,2019,True,True,False,True,4,3.5,3778,Operational
RES000168,Rio de Janeiro Brazilian Place 168,Local,Brazilian,68.63164,1.8558,Rio de Janeiro,Brazil,1974,True,True,False,False,2,4.3,4244,Operational
RES000169,Indian Chain 169,Chain,Indian,30.562157,44.760936,Delhi,India,2015,True,True,True,False,2,3.9,4475,Closed Temporarily
RES000170,Tokyo Mediterranean Place 170,Local,Mediterranean,88.249492,124.942517,Tokyo,Japan,1950,False,True,True,True,4,3.4,4437,Operational
RES000171,Tokyo Pizza Place 171,Local,Pizza,61.994755,41.782254,Tokyo,Japan,1992,True,False,False,False,4,2.1,1518,Operational
RES000172,Burger Chain 172,Chain,Burger,78.935952,69.821749,Sao Paulo,Brazil,2020,True,False,True,True,2,4.0,2386,Operational
RES000173,Chinese Chain 173,Chain,Chinese,87.568965,-71.855934,Osaka,Japan,1998,True,True,True,True,2,4.2,777,Operational
RES000174,Manchester Italian Place 174,Local,Italian,49.063701,136.380518,Manchester,United Kingdom,2019,True,False,True,True,1,2.6,1922,Operational
RES000175,Chinese Chain 175,Chain,Chinese,66.136509,-42.189042,Rio de Janeiro,Brazil,1989,True,True,False,True,1,2.8,4705,Operational
RES000176,Osaka Mediterranean Place 176,Local,Mediterranean,-42.484952,34.315964,Osaka,Japan,2016,True,True,False,False,3,3.2,2113,Operational
RES000177,Los Angeles Pizza Place 177,Local,Pizza,-7.447045,-95.238956,Los Angeles,USA,1956,True,False,True,False,1,5.0,4991,Operational
RES000178,Los Angeles Italian Place 178,Local,Italian,-40.354496,-95.386196,Los Angeles,USA,1985,False,True,False,True,1,2.0,4956,Operational
RES000179,Tokyo Pizza Place 179,Local,Pizza,13.961127,-110.723818,Tokyo,Japan,2019,False,True,False,True,2,2.6,161,Operational
RES000180,Sao Paulo Italian Place 180,Local,Italian,-87.325571,-158.092995,Sao Paulo,Brazil,1969,False,True,True,False,1,4.8,3056,Operational
RES000181,Rio de Janeiro Indian Place 181,Local,Indian,34.38717,94.211205,Rio de Janeiro,Brazil,2008,True,True,False,False,1,4.7,4893,Operational
RES000182,Rio de Janeiro Brazilian Place 182,Local,Brazilian,-1.235659,-21.390144,Rio de Janeiro,Brazil,1953,False,False,True,False,1,3.6,3379,Operational
RES000183,Manchester Pizza Place 183,Local,Pizza,41.210554,133.211462,Manchester,United Kingdom,1971,True,False,False,True,2,4.6,4726,Operational
RES000184,Mumbai Chinese Place 184,Local,Chinese,63.559412,-104.582134,Mumbai,India,1984,False,True,False,False,1,3.2,2861,Operational
RES000185,New York American Place 185,Local,American,-60.608671,-60.538405,New York,USA,1972,False,True,False,False,1,4.2,2465,Operational
RES000186,Delhi Chinese Place 186,Local,Chinese,-46.263665,29.301843,Delhi,India,1964,True,True,True,False,1,4.6,3353,Operational
RES000187,Tokyo Chinese Place 187,Local,Chinese,-36.456776,54.351175,Tokyo,Japan,1964,True,False,True,False,1,2.4,4607,Operational
RES000188,Rio de Janeiro Mexican Place 188,Local,Mexican,-9.059086,-106.823542,Rio de Janeiro,Brazil,1979,True,False,False,False,4,4.7,11,Operational
RES000189,Delhi Brazilian Place 189,Local,Brazilian,-60.596746,73.158327,Delhi,India,1989,True,True,False,True,3,2.8,805,Operational
RES000190,New York Indian Place 190,Local,Indian,46.846655,-171.33694,New York,USA,1951,True,False,True,True,4,4.0,3657,Operational
RES000191,Osaka Pizza Place 191,Local,Pizza,30.609471,1.454935,Osaka,Japan,1973,False,True,True,False,3,4.8,4396,Operational
RES000192,Mumbai Mexican Place 192,Local,Mexican,89.247735,148.65882,Mumbai,India,2004,False,True,True,False,4,3.0,1883,Operational
RES000193,Manchester American Place 193,Local,American,-61.372371,21.518454,Manchester,United Kingdom,1973,True,True,False,True,3,2.8,2059,Operational
RES000194,Rio de Janeiro Chinese Place 194,Local,Chinese,81.933739,25.812853,Rio de Janeiro,Brazil,1974,True,True,True,False,2,3.9,4108,Operational
RES000195,Los Angeles Indian Place 195,Local,Indian,21.231382,121.254116,Los Angeles,USA,1967,True,False,True,False,3,4.4,2746,Operational
RES000196,Osaka Mexican Place 196,Local,Mexican,-7.396817,-9.602308,Osaka,Japan,1975,False,True,True,True,3,3.7,1818,Operational
RES000197,Osaka Pizza Place 197,Local,Pizza,66.86231,70.817557,Osaka,Japan,2009,False,True,True,True,4,3.1,1840,Operational
RES000198,Delhi Pizza Place 198,Local,Pizza,-31.212601,-165.802971,Delhi,India,2023,False,True,True,True,3,2.5,113,Closed Temporarily
RES000199,Mediterranean Chain 199,Chain,Mediterranean,-33.598828,-115.556998,New York,USA,1988,False,False,True,False,2,3.6,2429,Operational
RES000200,Rio de Janeiro Thai Place 200,Local,Thai,69.694319,-19.16667,Rio de Janeiro,Brazil,1979,True,False,True,True,2,3.4,3012,Operational
RES000201,Thai Chain 201,Chain,Thai,-70.428342,22.41265,Tokyo,Japan,1991,True,True,True,True,2,4.9,3522,Operational
RES000202,Japanese Chain 202,Chain,Japanese,68.03393,-123.332868,Rio de Janeiro,Brazil,2014,True,False,False,False,1,3.2,1431,Operational
RES000203,Japanese Chain 203,Chain,Japanese,-63.030815,-121.193632,Delhi,India,1979,True,False,False,False,2,4.0,1938,Operational
RES000204,Delhi American Place 204,Local,American,-51.053891,48.6967,Delhi,India,2016,True,False,False,False,2,4.7,2267,Operational
RES000205,Tokyo French Place 205,Local,French,-13.500958,-146.949974,Tokyo,Japan,2000,True,False,False,False,1,3.8,1371,Operational
RES000206,Osaka Indian Place 206,Local,Indian,-21.953705,75.048718,Osaka,Japan,1957,True,False,False,False,1,3.7,2434,Operational
RES000207,London French Place 207,Local,French,25.114756,19.282928,London,United Kingdom,1953,True,False,False,True,3,3.0,2802,Operational
RES000208,London Pizza Place 208,Local,Pizza,84.742849,-96.963786,London,United Kingdom,1992,True,False,True,True,4,3.0,2919,Operational
RES000209,Mumbai American Place 209,Local,American,-14.196947,96.210208,Mumbai,India,1953,False,True,False,True,2,5.0,3525,Operational
RES000210,Italian Chain 210,Chain,Italian,-84.979425,160.019116,Los Angeles,USA,1965,True,True,False,False,1,3.3,920,Operational
RES000211,Mumbai Pizza Place 211,Local,Pizza,7.520723,-34.663689,Mumbai,India,2017,True,False,True,True,2,4.6,2780,Operational
RES000212,Mumbai Mexican Place 212,Local,Mexican,-56.125053,-111.111121,Mumbai,India,2016,False,False,True,True,4,2.9,4492,Operational
RES000213,London Thai Place 213,Local,Thai,87.58907,87.030523,London,United Kingdom,1974,False,True,False,True,3,3.5,4339,Operational
RES000214,Japanese Chain 214,Chain,Japanese,-76.622612,-32.232053,New York,USA,2013,True,False,False,True,4,4.2,4025,Operational
RES000215,Tokyo French Place 215,Local,French,37.86671,22.953095,Tokyo,Japan,1982,False,True,True,False,1,3.0,3887,Operational
RES000216,Rio de Janeiro Thai Place 216,Local,Thai,84.147034,-5.659325,Rio de Janeiro,Brazil,2000,True,True,True,False,1,2.6,4902,Operational
RES000217,Sao Paulo French Place 217,Local,French,49.547406,-145.250435,Sao Paulo,Brazil,1962,True,False,False,True,2,4.4,3721,Operational
RES000218,Indian Chain 218,Chain,Indian,-6.11395,-23.353092,Tokyo,Japan,1963,True,False,False,True,3,3.6,227,Operational
RES000219,American Chain 219,Chain,American,73.484356,-118.675398,Mumbai,India,2002,False,False,True,False,3,4.1,3547,Operational
RES000220,Mumbai Italian Place 220,Local,Italian,37.580874,-110.702501,Mumbai,India,1987,False,True,False,True,1,4.5,2410,Operational
RES000221,Osaka Chinese Place 221,Local,Chinese,-83.03778,-85.853774,Osaka,Japan,1974,True,False,False,False,3,2.9,3619,Operational
RES000222,London Brazilian Place 222,Local,Brazilian,14.049798,-86.476232,London,United Kingdom,1968,True,False,True,True,4,4.7,305,Operational
RES000223,Indian Chain 223,Chain,Indian,-41.018926,44.190718,Osaka,Japan,1955,True,True,True,False,4,2.1,546,Operational
RES000224,Los Angeles Indian Place 224,Local,Indian,76.361545,-165.607803,Los Angeles,USA,2001,True,False,False,False,3,3.5,920,Operational
RES000225,Osaka Japanese Place 225,Local,Japanese,-12.850589,3.835326,Osaka,Japan,1957,True,True,True,False,3,2.8,4573,Operational
RES000226,Delhi Burger Place 226,Local,Burger,48.116387,-157.983018,Delhi,India,2017,True,True,False,True,1,3.8,277,Operational
RES000227,Sao Paulo Brazilian Place 227,Local,Brazilian,-54.354684,49.972452,Sao Paulo,Brazil,1956,True,False,False,True,4,2.3,1703,Operational
RES000228,Indian Chain 228,Chain,Indian,-22.094119,-48.602014,Los Angeles,USA,2021,True,False,False,False,4,2.1,3781,Operational
RES000229,Osaka Japanese Place 229,Local,Japanese,40.204546,13.637292,Osaka,Japan,1996,False,True,False,True,3,2.3,2030,Operational
RES000230,Manchester Thai Place 230,Local,Thai,-62.288898,-179.400161,Manchester,United Kingdom,1971,True,False,True,True,3,2.6,2581,Operational
RES000231,Japanese Chain 231,Chain,Japanese,-60.883771,4.829015,New York,USA,1968,True,False,False,True,2,2.0,853,Operational
RES000232,Osaka American Place 232,Local,American,-14.000939,-0.76824,Osaka,Japan,1963,False,True,False,True,2,4.8,621,Operational
RES000233,Manchester Italian Place 233,Local,Italian,-25.114572,154.205701,Manchester,United Kingdom,1998,False,True,False,False,4,2.6,2882,Operational
RES000234,Sao Paulo Indian Place 234,Local,Indian,72.368118,14.12693,Sao Paulo,Brazil,1993,False,True,False,True,2,5.0,3070,Operational
RES000235,Manchester Japanese Place 235,Local,Japanese,-51.486017,-31.50165,Manchester,United Kingdom,1998,True,False,True,False,3,3.1,4332,Operational
RES000236,Burger Chain 236,Chain,Burger,-21.433333,-70.697588,Delhi,India,2018,False,True,False,False,3,4.9,1581,Operational
RES000237,Tokyo French Place 237,Local,French,9.568212,-159.185706,Tokyo,Japan,2003,False,True,False,True,1,4.1,3530,Operational
RES000238,Brazilian Chain 238,Chain,Brazilian,74.658142,-96.0814,London,United Kingdom,1969,True,False,True,True,3,2.0,4961,Operational
RES000239,American Chain 239,Chain,American,-23.103507,164.682525,Sao Paulo,Brazil,1993,False,False,True,False,1,2.2,4012,Operational
RES000240,Thai Chain 240,Chain,Thai,37.920515,53.547255,Los Angeles,USA,1950,False,True,False,True,2,2.1,3980,Operational
RES000241,Delhi Brazilian Place 241,Local,Brazilian,-51.262424,76.677209,Delhi,India,1952,False,True,False,True,3,3.6,1561,Operational
RES000242,Mexican Chain 242,Chain,Mexican,-79.453647,-94.826454,Osaka,Japan,1995,True,True,False,False,2,2.2,3069,Operational
RES000243,Manchester Burger Place 243,Local,Burger,72.502483,173.450734,Manchester,United Kingdom,1997,True,False,False,True,1,2.7,1887,Operational
RES000244,Mumbai Mediterranean Place 244,Local,Mediterranean,-8.469973,4.326304,Mumbai,India,1977,True,False,False,True,1,4.2,4912,Operational
RES000245,Osaka Brazilian Place 245,Local,Brazilian,27.411531,-53.838265,Osaka,Japan,1981,False,True,True,True,1,4.4,2455,Operational
RES000246,Japanese Chain 246,Chain,Japanese,85.001104,87.068128,Los Angeles,USA,1997,True,True,True,True,2,2.6,2623,Operational
RES000247,French Chain 247,Chain,French,-21.58178,-19.51538,Mumbai,India,1960,True,False,False,True,2,2.4,2940,Operational
RES000248,Osaka Indian Place 248,Local,Indian,23.94303,80.443888,Osaka,Japan,1952,False,True,True,True,1,3.8,2247,Operational
RES000249,Rio de Janeiro Burger Place 249,Local,Burger,61.894602,144.166648,Rio de Janeiro,Brazil,2013,True,True,True,False,4,2.3,56,Operational
RES000250,French Chain 250,Chain,French,-82.195227,-169.794921,Osaka,Japan,1985,True,True,False,False,2,4.7,4832,Operational
RES000251,Brazilian Chain 251,Chain,Brazilian,57.089605,-41.762568,Los Angeles,USA,1973,True,False,False,True,3,2.0,108,Operational
RES000252,Sao Paulo Japanese Place 252,Local,Japanese,-40.910866,179.502755,Sao Paulo,Brazil,2005,True,False,True,True,2,3.4,2510,Operational
RES000253,Indian Chain 253,Chain,Indian,-55.510309,-91.669965,Rio de Janeiro,Brazil,1983,True,False,False,False,1,3.5,4072,Operational
RES000254,Mediterranean Chain 254,Chain,Mediterranean,-9.584815,34.417049,Los Angeles,USA,1975,True,False,False,False,2,4.8,4864,Operational
RES000255,Mumbai Italian Place 255,Local,Italian,-67.482411,-48.639051,Mumbai,India,1991,True,False,False,False,1,4.0,1802,Operational
RES000256,London American Place 256,Local,American,-83.953279,25.416904,London,United Kingdom,2006,True,True,True,True,1,2.0,3354,Operational
RES000257,Sao Paulo Thai Place 257,Local,Thai,0.580139,-55.520693,Sao Paulo,Brazil,1979,True,False,False,True,4,4.2,4985,Operational
RES000258,Osaka French Place 258,Local,French,-19.44208,-178.258647,Osaka,Japan,1951,False,True,False,False,4,3.8,3348,Operational
RES000259,French Chain 259,Chain,French,-44.776316,104.418156,Delhi,India,1988,False,False,True,False,4,2.7,3904,Operational
RES000260,Sao Paulo Burger Place 260,Local,Burger,28.418813,-82.798782,Sao Paulo,Brazil,2015,True,False,False,True,1,5.0,2843,Operational
RES000261,Pizza Chain 261,Chain,Pizza,-16.442706,77.743157,Los Angeles,USA,1956,False,False,True,False,2,3.3,190,Operational
RES000262,Italian Chain 262,Chain,Italian,-20.174211,107.504934,Delhi,India,2005,True,True,True,False,4,2.9,3380,Operational
RES000263,Indian Chain 263,Chain,Indian,87.895168,-122.962934,Mumbai,India,1991,True,True,True,False,2,3.9,2175,Operational
RES000264,Osaka Japanese Place 264,Local,Japanese,49.02177,179.315933,Osaka,Japan,2004,True,True,False,True,3,3.8,3769,Operational
RES000265,French Chain 265,Chain,French,37.067441,-129.102369,Osaka,Japan,2002,True,True,True,False,3,4.1,4441,Operational
RES000266,New York American Place 266,Local,American,-37.238755,3.099738,New York,USA,1979,False,False,True,True,1,4.3,4842,Operational
RES000267,Manchester Indian Place 267,Local,Indian,0.872105,174.885849,Manchester,United Kingdom,1963,True,False,False,False,1,2.2,2678,Operational
RES000268,Delhi French Place 268,Local,French,-5.512789,68.113589,Delhi,India,1998,True,False,False,True,2,4.4,1295,Operational
RES000269,Delhi American Place 269,Local,American,-48.491254,177.155592,Delhi,India,2020,True,False,True,True,1,2.1,3788,Operational
RES000270,Chinese Chain 270,Chain,Chinese,23.056687,-46.518986,Osaka,Japan,1977,False,True,False,False,3,3.5,2416,Operational
RES000271,Manchester Brazilian Place 271,Local,Brazilian,23.244101,-114.288,Manchester,United Kingdom,1984,False,True,True,True,1,2.8,3659,Operational
RES000272,Delhi American Place 272,Local,American,47.007225,7.144037,Delhi,India,1963,True,False,True,True,4,4.8,1198,Operational
RES000273,Rio de Janeiro Chinese Place 273,Local,Chinese,-0.511289,-67.711563,Rio de Janeiro,Brazil,2013,False,True,False,True,4,4.8,2459,Operational
RES000274,Sao Paulo Thai Place 274,Local,Thai,30.572958,10.789561,Sao Paulo,Brazil,1987,False,True,True,False,1,2.7,2177,Operational
RES000275,Thai Chain 275,Chain,Thai,-77.849407,69.235409,Sao Paulo,Brazil,1983,True,False,False,True,1,2.8,1052,Operational
RES000276,Los Angeles Indian Place 276,Local,Indian,14.429642,-116.846322,Los Angeles,USA,2010,False,True,True,True,1,4.9,4915,Operational
RES000277,Tokyo Brazilian Place 277,Local,Brazilian,-52.83381,160.613081,Tokyo,Japan,1962,False,True,False,False,3,4.3,4924,Operational
RES000278,Rio de Janeiro Mediterranean Place 278,Local,Mediterranean,55.613309,-64.670863,Rio de Janeiro,Brazil,1984,False,True,True,True,4,2.3,746,Operational
RES000279,Los Angeles Chinese Place 279,Local,Chinese,1.12924,-72.766739,Los Angeles,USA,1956,True,False,True,True,4,3.6,4142,Operational
RES000280,Osaka Thai Place 280,Local,Thai,-56.766454,-9.078818,Osaka,Japan,1987,True,False,False,False,2,2.6,4738,Operational
RES000281,Italian Chain 281,Chain,Italian,-59.252914,-145.551153,Delhi,India,1998,False,True,False,True,4,3.7,1235,Operational
RES000282,Osaka Chinese Place 282,Local,Chinese,72.570419,-12.961028,Osaka,Japan,1973,True,True,True,True,1,3.3,1316,Operational
RES000283,Rio de Janeiro Thai Place 283,Local,Thai,-24.21953,145.409574,Rio de Janeiro,Brazil,1952,False,True,True,False,1,3.6,4315,Operational
RES000284,Mediterranean Chain 284,Chain,Mediterranean,46.004762,-86.510729,Los Angeles,USA,1998,True,True,False,False,4,4.5,2263,Operational
RES000285,Delhi American Place 285,Local,American,11.04501,-13.863757,Delhi,India,1980,False,True,False,False,2,4.8,2664,Operational
RES000286,Rio de Janeiro French Place 286,Local,French,87.101082,11.277082,Rio de Janeiro,Brazil,1965,True,False,False,False,1,2.2,106,Operational
RES000287,Japanese Chain 287,Chain,Japanese,-67.452832,-177.830415,Los Angeles,USA,1977,True,False,False,True,2,3.8,1034,Operational
RES000288,Mediterranean Chain 288,Chain,Mediterranean,22.531235,173.841455,New York,USA,2002,True,False,False,True,3,2.7,3329,Operational
RES000289,Japanese Chain 289,Chain,Japanese,77.663286,-137.293489,Los Angeles,USA,2003,True,False,False,False,4,2.6,3305,Operational
RES000290,Mediterranean Chain 290,Chain,Mediterranean,-39.923771,-112.412121,Los Angeles,USA,1970,False,True,True,False,3,2.3,1713,Operational
RES000291,Pizza Chain 291,Chain,Pizza,-59.160956,-144.085034,New York,USA,1975,True,False,False,False,1,2.6,4265,Operational
RES000292,Osaka American Place 292,Local,American,69.714019,30.146941,Osaka,Japan,2014,True,True,True,False,1,4.7,2955,Operational
RES000293,New York Japanese Place 293,Local,Japanese,81.418357,33.914971,New York,USA,1968,True,False,False,False,4,5.0,4617,Operational
RES000294,London Japanese Place 294,Local,Japanese,5.740929,-9.968628,London,United Kingdom,1985,True,False,False,False,3,4.3,2367,Operational
RES000295,New York Chinese Place 295,Local,Chinese,-81.995905,-87.925041,New York,USA,1964,True,False,False,False,3,4.5,4028,Operational
RES000296,Osaka Pizza Place 296,Local,Pizza,-37.783995,8.501723,Osaka,Japan,1984,False,False,True,False,1,4.6,1203,Operational
RES000297,Mumbai Brazilian Place 297,Local,Brazilian,49.313337,142.336214,Mumbai,India,1967,True,False,False,False,3,3.6,662,Operational
RES000298,Pizza Chain 298,Chain,Pizza,37.904296,66.665097,Delhi,India,1983,True,False,True,True,3,2.1,645,Operational
RES000299,Manchester French Place 299,Local,French,17.957709,-122.586152,Manchester,United Kingdom,1961,False,True,False,True,3,3.0,729,Operational
RES000300,New York Indian Place 300,Local,Indian,-46.18096,-9.289789,New York,USA,1992,True,True,True,True,4,4.4,2961,Operational
RES000301,Italian Chain 301,Chain,Italian,27.684038,-62.558635,Osaka,Japan,1998,True,True,True,False,2,2.7,3518,Operational
RES000302,Rio de Janeiro French Place 302,Local,French,-77.581799,-29.27749,Rio de Janeiro,Brazil,1957,True,True,False,False,3,2.9,2797,Operational
RES000303,Manchester Pizza Place 303,Local,Pizza,-86.997012,-12.650748,Manchester,United Kingdom,1970,True,True,True,True,2,2.3,369,Operational
RES000304,London Burger Place 304,Local,Burger,52.664396,24.110399,London,United Kingdom,2005,True,False,True,False,4,4.6,4345,Operational
RES000305,Burger Chain 305,Chain,Burger,27.400153,42.938519,Sao Paulo,Brazil,1999,True,True,True,True,4,3.3,909,Operational
RES000306,Mumbai Mexican Place 306,Local,Mexican,-49.292863,-82.626465,Mumbai,India,1979,True,True,True,False,4,2.8,4187,Operational
RES000307,Manchester Brazilian Place 307,Local,Brazilian,-7.958733,-173.386365,Manchester,United Kingdom,1955,True,False,False,True,1,2.4,2998,Operational
RES000308,Mexican Chain 308,Chain,Mexican,71.815723,82.987932,Manchester,United Kingdom,1960,True,True,False,False,1,3.0,4568,Operational
RES000309,New York Indian Place 309,Local,Indian,-35.32542,-54.113481,New York,USA,1990,False,False,True,True,4,3.7,2023,Operational
RES000310,Delhi Mexican Place 310,Local,Mexican,-89.693952,85.605917,Delhi,India,2021,True,True,True,False,4,3.3,2341,Operational
RES000311,Mediterranean Chain 311,Chain,Mediterranean,-0.673069,12.822604,Delhi,India,1961,False,True,False,False,1,3.4,1171,Operational
RES000312,Rio de Janeiro Thai Place 312,Local,Thai,-76.153524,112.33211,Rio de Janeiro,Brazil,1984,True,True,False,False,4,3.6,2830,Operational
RES000313,Los Angeles Pizza Place 313,Local,Pizza,64.450135,158.064638,Los Angeles,USA,2001,False,False,True,False,2,2.5,3678,Operational
RES000314,Brazilian Chain 314,Chain,Brazilian,-85.876678,-169.141192,Delhi,India,2017,True,False,False,False,2,4.7,1063,Operational
RES000315,Delhi Japanese Place 315,Local,Japanese,68.583772,-102.288278,Delhi,India,1966,True,False,True,False,2,2.8,2498,Operational
RES000316,Mumbai Pizza Place 316,Local,Pizza,-63.746769,-72.157073,Mumbai,India,1957,True,False,False,False,1,2.3,4015,Operational
RES000317,Thai Chain 317,Chain,Thai,13.916771,-25.927166,Osaka,Japan,1992,False,True,True,True,3,2.7,1853,Operational
RES000318,Thai Chain 318,Chain,Thai,27.153573,-31.473441,Mumbai,India,1958,False,False,True,False,2,3.3,1549,Operational
RES000319,Osaka Indian Place 319,Local,Indian,-47.138924,-12.253112,Osaka,Japan,1979,False,True,False,False,3,4.7,2276,Operational
RES000320,Rio de Janeiro American Place 320,Local,American,-5.777809,26.264115,Rio de Janeiro,Brazil,1952,True,False,False,False,1,3.0,232,Operational
RES000321,Osaka Mexican Place 321,Local,Mexican,-3.564094,103.784073,Osaka,Japan,1962,True,False,False,False,3,2.8,2069,Operational
RES000322,Delhi American Place 322,Local,American,-13.055925,107.544373,Delhi,India,2012,False,True,True,True,3,2.9,1999,Operational
RES000323,London Brazilian Place 323,Local,Brazilian,3.476687,28.080978,London,United Kingdom,1992,False,True,False,True,2,4.8,2579,Operational
RES000324,Tokyo American Place 324,Local,American,53.270846,-170.885168,Tokyo,Japan,1961,True,True,False,True,4,3.0,3388,Operational
RES000325,Manchester Mediterranean Place 325,Local,Mediterranean,30.701961,-143.833205,Manchester,United Kingdom,1966,True,False,False,False,4,4.6,1675,Operational
RES000326,Chinese Chain 326,Chain,Chinese,5.167295,77.982304,Delhi,India,1982,True,False,False,True,3,4.8,251,Operational
RES000327,Japanese Chain 327,Chain,Japanese,67.484673,152.235953,London,United Kingdom,1960,True,True,False,True,4,2.4,1713,Operational
RES000328,Los Angeles Indian Place 328,Local,Indian,-4.123663,-59.574851,Los Angeles,USA,1952,False,True,False,True,3,2.7,3307,Operational
RES000329,Italian Chain 329,Chain,Italian,-0.174267,167.421511,London,United Kingdom,2019,True,False,True,False,3,4.2,1317,Operational
RES000330,Delhi Japanese Place 330,Local,Japanese,28.400052,-54.192411,Delhi,India,1989,False,False,True,True,4,3.4,855,Operational
RES000331,Mumbai Mediterranean Place 331,Local,Mediterranean,-8.125383,75.547709,Mumbai,India,1991,False,False,True,True,2,2.7,1456,Closed Temporarily
RES000332,New York Burger Place 332,Local,Burger,-49.230132,129.718012,New York,USA,1967,False,True,True,True,1,3.5,4336,Operational
RES000333,Rio de Janeiro Mediterranean Place 333,Local,Mediterranean,18.030772,86.912207,Rio de Janeiro,Brazil,1990,False,True,True,True,2,2.1,3106,Operational
RES000334,Osaka American Place 334,Local,American,53.344516,-47.753668,Osaka,Japan,2021,True,False,True,True,1,3.5,4949,Operational
RES000335,Thai Chain 335,Chain,Thai,-6.769155,-40.678722,Tokyo,Japan,1996,False,True,False,False,1,5.0,4500,Operational
RES000336,Thai Chain 336,Chain,Thai,-22.126642,-99.23507,New York,USA,1966,False,True,False,False,4,4.1,170,Operational
RES000337,Sao Paulo Pizza Place 337,Local,Pizza,-62.147259,-106.958503,Sao Paulo,Brazil,1998,False,False,True,True,3,2.7,4637,Operational
RES000338,American Chain 338,Chain,American,-37.684251,91.986118,Osaka,Japan,1967,False,True,False,True,3,2.3,4252,Operational
RES000339,Indian Chain 339,Chain,Indian,33.486317,-161.560602,Delhi,India,1989,True,True,True,True,4,2.5,356,Operational
RES000340,Tokyo Indian Place 340,Local,Indian,-56.589969,156.073004,Tokyo,Japan,2017,True,True,True,True,3,2.9,4470,Operational
RES000341,Mumbai Japanese Place 341,Local,Japanese,-57.912184,-133.485698,Mumbai,India,1964,True,True,True,False,3,4.6,3203,Operational
RES000342,London Chinese Place 342,Local,Chinese,-38.518954,-8.008373,London,United Kingdom,1965,False,True,True,False,3,2.9,4628,Operational
RES000343,Osaka Mexican Place 343,Local,Mexican,24.714606,124.832652,Osaka,Japan,1962,True,False,False,True,3,4.7,871,Operational
RES000344,Pizza Chain 344,Chain,Pizza,24.258469,122.136696,Sao Paulo,Brazil,2006,True,False,False,False,1,3.8,40,Operational
RES000345,Mediterranean Chain 345,Chain,Mediterranean,45.128098,-171.779138,Rio de Janeiro,Brazil,2007,True,True,False,True,1,3.2,4654,Operational
RES000346,Brazilian Chain 346,Chain,Brazilian,8.536073,30.126782,Manchester,United Kingdom,1962,True,False,False,True,2,3.4,433,Operational
RES000347,Mumbai French Place 347,Local,French,-21.049539,-172.273197,Mumbai,India,1953,False,True,True,True,1,4.3,3550,Operational
RES000348,French Chain 348,Chain,French,63.576195,-22.806914,Tokyo,Japan,1982,True,True,True,False,2,4.4,4428,Operational
RES000349,Los Angeles Pizza Place 349,Local,Pizza,28.09257,159.460457,Los Angeles,USA,1962,False,False,True,False,3,3.9,3623,Operational
RES000350,Rio de Janeiro Indian Place 350,Local,Indian,31.37697,166.868939,Rio de Janeiro,Brazil,2009,False,False,True,False,4,4.4,264,Operational
RES000351,Rio de Janeiro Brazilian Place 351,Local,Brazilian,61.606139,151.608753,Rio de Janeiro,Brazil,1995,True,False,False,False,3,2.3,1857,Operational
RES000352,Sao Paulo Thai Place 352,Local,Thai,66.082851,-144.455203,Sao Paulo,Brazil,1955,False,False,True,True,2,4.8,3959,Operational
RES000353,Mexican Chain 353,Chain,Mexican,-2.20041,-25.180733,Manchester,United Kingdom,1982,True,False,False,False,3,3.0,1916,Operational
RES000354,Rio de Janeiro French Place 354,Local,French,59.648486,96.303317,Rio de Janeiro,Brazil,1974,True,False,True,False,2,4.9,920,Operational
RES000355,Manchester Pizza Place 355,Local,Pizza,-23.673277,-157.389279,Manchester,United Kingdom,2019,True,True,False,False,4,4.2,674,Operational
RES000356,Sao Paulo Mediterranean Place 356,Local,Mediterranean,-86.162566,-179.979525,Sao Paulo,Brazil,1983,True,False,False,True,2,2.8,338,Operational
RES000357,London Burger Place 357,Local,Burger,-49.049766,-110.719772,London,United Kingdom,1952,True,True,False,False,1,5.0,4524,Operational
RES000358,London Pizza Place 358,Local,Pizza,28.913115,138.864068,London,United Kingdom,1994,True,False,False,False,2,3.6,4035,Operational
RES000359,Indian Chain 359,Chain,Indian,-88.413106,-50.065825,Los Angeles,USA,1983,True,True,False,True,3,4.7,2358,Operational
RES000360,Mexican Chain 360,Chain,Mexican,8.855236,171.624475,New York,USA,2005,False,True,True,False,1,2.2,4383,Operational
RES000361,Thai Chain 361,Chain,Thai,65.900157,-102.497248,Tokyo,Japan,2021,False,False,True,False,1,4.3,3655,Operational
RES000362,Sao Paulo Indian Place 362,Local,Indian,21.1524,2.753773,Sao Paulo,Brazil,1998,True,False,False,True,3,3.1,1467,Operational
RES000363,Tokyo Italian Place 363,Local,Italian,-81.712111,125.029429,Tokyo,Japan,1970,True,True,False,False,3,3.0,4370,Operational
RES000364,Los Angeles Italian Place 364,Local,Italian,-14.443621,68.65665,Los Angeles,USA,2000,False,False,True,False,3,2.5,1951,Operational
RES000365,Los Angeles Indian Place 365,Local,Indian,59.075703,-82.608324,Los Angeles,USA,1995,False,True,True,False,4,2.1,1052,Operational
RES000366,Sao Paulo Mexican Place 366,Local,Mexican,-47.60468,36.052858,Sao Paulo,Brazil,2011,False,True,False,True,1,2.0,4403,Operational
RES000367,Burger Chain 367,Chain,Burger,16.656505,-32.499664,London,United Kingdom,1953,False,False,True,True,2,2.6,2348,Operational
RES000368,Brazilian Chain 368,Chain,Brazilian,30.656964,155.914522,Osaka,Japan,1998,True,False,False,False,4,3.9,148,Operational
RES000369,London Indian Place 369,Local,Indian,6.411413,124.933246,London,United Kingdom,1963,True,True,False,True,2,4.4,3438,Operational
RES000370,Rio de Janeiro Italian Place 370,Local,Italian,86.563001,116.258461,Rio de Janeiro,Brazil,1996,False,False,True,True,2,4.5,1363,Operational
RES000371,Mumbai Japanese Place 371,Local,Japanese,85.339061,-11.426735,Mumbai,India,1973,True,True,True,True,2,4.0,3889,Operational
RES000372,Manchester Indian Place 372,Local,Indian,13.672549,42.864811,Manchester,United Kingdom,1951,True,False,False,True,3,4.8,3024,Operational
RES000373,Los Angeles Indian Place 373,Local,Indian,20.221168,-53.491394,Los Angeles,USA,2013,True,False,False,False,3,2.8,2094,Operational
RES000374,Sao Paulo Pizza Place 374,Local,Pizza,37.010623,-14.521842,Sao Paulo,Brazil,1954,True,False,False,True,1,3.8,3378,Operational
RES000375,Chinese Chain 375,Chain,Chinese,-75.919992,99.702004,Manchester,United Kingdom,2011,True,False,True,True,3,3.8,4613,Operational
RES000376,New York Pizza Place 376,Local,Pizza,-72.016139,79.725744,New York,USA,1958,True,False,True,True,1,2.4,1254,Operational
RES000377,Delhi Japanese Place 377,Local,Japanese,56.261279,-49.355628,Delhi,India,1962,True,True,True,False,1,4.6,4036,Operational
RES000378,London French Place 378,Local,French,6.090578,-105.655443,London,United Kingdom,1960,True,True,False,False,2,3.7,696,Operational
RES000379,Manchester Mexican Place 379,Local,Mexican,40.526508,-108.459069,Manchester,United Kingdom,2002,True,False,True,True,3,4.7,4641,Closed Temporarily
RES000380,London Japanese Place 380,Local,Japanese,-55.212276,-83.107167,London,United Kingdom,1990,False,True,True,False,2,4.2,2989,Operational
RES000381,American Chain 381,Chain,American,-21.447989,-20.785732,Los Angeles,USA,1986,True,True,False,True,1,3.8,2802,Operational
RES000382,French Chain 382,Chain,French,78.173656,-164.769734,London,United Kingdom,1991,True,False,False,True,1,2.5,2664,Operational
RES000383,Sao Paulo Burger Place 383,Local,Burger,-69.70669,69.348598,Sao Paulo,Brazil,2007,False,True,False,True,1,3.9,2896,Operational
RES000384,Rio de Janeiro Pizza Place 384,Local,Pizza,-88.319439,-83.501193,Rio de Janeiro,Brazil,2013,True,True,False,True,4,4.4,4258,Operational
RES000385,Delhi Japanese Place 385,Local,Japanese,-67.810884,86.142064,Delhi,India,1989,True,False,False,False,4,3.6,4179,Operational
RES000386,French Chain 386,Chain,French,66.061913,-160.601661,London,United Kingdom,1986,False,True,False,False,2,3.4,864,Operational
RES000387,Los Angeles Burger Place 387,Local,Burger,44.044728,137.723436,Los Angeles,USA,2011,False,True,False,True,2,3.5,3786,Operational
RES000388,Los Angeles Italian Place 388,Local,Italian,-21.908388,-154.474535,Los Angeles,USA,2020,True,False,False,True,2,3.2,3777,Operational
RES000389,Tokyo American Place 389,Local,American,-56.104334,-134.409236,Tokyo,Japan,1967,True,True,False,False,3,3.7,3508,Operational
RES000390,Chinese Chain 390,Chain,Chinese,-3.523668,8.558463,Los Angeles,USA,2001,True,True,False,False,1,2.4,1092,Operational
RES000391,Delhi Brazilian Place 391,Local,Brazilian,40.281615,141.290332,Delhi,India,1990,True,False,True,True,2,4.9,3837,Operational
RES000392,Rio de Janeiro Indian Place 392,Local,Indian,-57.928985,-177.227696,Rio de Janeiro,Brazil,1998,True,False,False,False,1,4.8,1365,Operational
RES000393,Pizza Chain 393,Chain,Pizza,32.010959,-32.530583,Los Angeles,USA,2003,True,True,True,True,1,2.4,4006,Operational
RES000394,Mediterranean Chain 394,Chain,Mediterranean,-73.14361,87.038209,Tokyo,Japan,1960,True,False,False,False,3,3.3,1226,Operational
RES000395,Delhi Mexican Place 395,Local,Mexican,5.403198,-30.157582,Delhi,India,2012,True,False,True,False,2,3.8,3539,Operational
RES000396,Pizza Chain 396,Chain,Pizza,-11.244334,-61.218917,New York,USA,1992,True,False,False,False,4,2.1,4678,Operational
RES000397,New York Mediterranean Place 397,Local,Mediterranean,68.135817,-132.874833,New York,USA,1993,True,True,False,False,3,4.2,1646,Operational
RES000398,Delhi American Place 398,Local,American,-21.290815,165.004841,Delhi,India,1954,True,False,True,True,3,2.5,1505,Operational
RES000399,Mumbai Japanese Place 399,Local,Japanese,-33.980794,9.407834,Mumbai,India,1994,True,True,True,False,2,2.4,4956,Operational
RES000400,New York American Place 400,Local,American,63.939438,-106.633894,New York,USA,2011,True,False,True,True,2,4.9,279,Operational
RES000401,London French Place 401,Local,French,-84.134921,-60.704808,London,United Kingdom,1978,False,False,True,True,1,4.9,1921,Operational
RES000402,Burger Chain 402,Chain,Burger,53.072839,-98.603312,Osaka,Japan,1952,True,True,False,False,4,3.8,4230,Operational
RES000403,American Chain 403,Chain,American,-75.051489,-57.342902,Mumbai,India,1971,True,False,False,True,3,4.6,4610,Operational
RES000404,London Pizza Place 404,Local,Pizza,-51.736382,-144.730099,London,United Kingdom,2021,True,True,False,True,4,4.5,3164,Operational
RES000405,Indian Chain 405,Chain,Indian,-73.158866,-23.486449,Delhi,India,2004,True,False,False,True,4,2.7,168,Operational
RES000406,French Chain 406,Chain,French,57.160016,144.444499,Tokyo,Japan,1987,True,True,True,False,4,3.4,2068,Operational
RES000407,Los Angeles French Place 407,Local,French,64.738389,65.503152,Los Angeles,USA,1973,False,False,True,False,3,4.4,3019,Operational
RES000408,New York Thai Place 408,Local,Thai,76.053945,-54.485624,New York,USA,2000,True,True,True,False,1,2.8,4856,Operational
RES000409,New York Mediterranean Place 409,Local,Mediterranean,75.107131,144.892724,New York,USA,1972,False,True,False,False,1,4.9,998,Operational
RES000410,Brazilian Chain 410,Chain,Brazilian,22.230551,127.766588,Osaka,Japan,1959,True,True,True,False,1,2.0,2440,Operational
RES000411,Delhi Pizza Place 411,Local,Pizza,-74.121403,4.599346,Delhi,India,1955,False,True,False,False,2,4.2,932,Operational
RES000412,Mexican Chain 412,Chain,Mexican,46.306754,41.201807,Rio de Janeiro,Brazil,2006,False,False,True,False,2,3.1,1824,Operational
RES000413,Manchester Mexican Place 413,Local,Mexican,-79.545338,-29.534015,Manchester,United Kingdom,2014,False,False,True,True,3,3.7,2515,Operational
RES000414,Sao Paulo Thai Place 414,Local,Thai,-8.402493,-114.308122,Sao Paulo,Brazil,2020,False,True,True,True,3,3.5,70,Operational
RES000415,Thai Chain 415,Chain,Thai,-15.15571,176.135928,Rio de Janeiro,Brazil,2003,True,False,False,True,1,2.9,1134,Operational
RES000416,Osaka Mexican Place 416,Local,Mexican,20.635834,51.39111,Osaka,Japan,1984,True,False,False,False,2,2.1,3286,Operational
RES000417,Sao Paulo Pizza Place 417,Local,Pizza,34.760443,-139.004676,Sao Paulo,Brazil,2020,True,True,False,True,2,3.6,3669,Operational
RES000418,Pizza Chain 418,Chain,Pizza,86.180679,145.09775,New York,USA,2002,True,True,False,True,4,3.7,3947,Operational
RES000419,Delhi French Place 419,Local,French,34.534593,120.283258,Delhi,India,1982,False,True,True,True,2,2.8,1148,Operational
RES000420,French Chain 420,Chain,French,-81.716588,-77.090331,Sao Paulo,Brazil,1974,True,False,True,False,1,4.6,56,Operational
RES000421,New York French Place 421,Local,French,-17.481496,126.986197,New York,USA,2000,True,True,True,False,4,4.6,3214,Operational
RES000422,Burger Chain 422,Chain,Burger,22.084332,-140.218215,New York,USA,1981,False,False,True,False,2,3.7,2169,Operational
RES000423,Tokyo Thai Place 423,Local,Thai,-24.612199,86.977728,Tokyo,Japan,1953,True,True,False,True,1,3.7,1660,Operational
RES000424,Japanese Chain 424,Chain,Japanese,-86.722124,-16.578985,Rio de Janeiro,Brazil,1983,True,True,True,True,3,2.2,383,Operational
RES000425,Delhi American Place 425,Local,American,-0.435396,-5.927352,Delhi,India,1952,True,False,False,False,2,3.6,33,Operational
RES000426,London Indian Place 426,Local,Indian,-19.197405,-120.012355,London,United Kingdom,2007,True,False,False,False,3,2.9,2560,Operational
RES000427,Osaka Mexican Place 427,Local,Mexican,66.247627,-113.683961,Osaka,Japan,2008,False,True,False,False,3,3.1,3518,Operational
RES000428,New York Pizza Place 428,Local,Pizza,-15.930039,70.625883,New York,USA,1958,False,False,True,True,1,2.7,2378,Operational
RES000429,French Chain 429,Chain,French,66.502193,117.084133,Tokyo,Japan,1995,False,False,True,True,3,4.7,499,Operational
RES000430,Tokyo Mexican Place 430,Local,Mexican,-37.354981,-81.175536,Tokyo,Japan,1983,True,False,False,True,1,2.5,3697,Operational
RES000431,London American Place 431,Local,American,62.230508,-47.238309,London,United Kingdom,1977,True,False,True,True,1,4.3,4440,Operational
RES000432,Pizza Chain 432,Chain,Pizza,54.311308,-142.481201,New York,USA,1950,True,True,True,True,1,3.6,512,Operational
RES000433,London Chinese Place 433,Local,Chinese,-30.57743,40.629088,London,United Kingdom,1951,True,False,False,True,4,4.1,4717,Operational
RES000434,London Japanese Place 434,Local,Japanese,11.400512,-12.747839,London,United Kingdom,1965,True,False,False,False,2,4.0,2336,Closed Temporarily
RES000435,Delhi Burger Place 435,Local,Burger,-50.556645,-124.564236,Delhi,India,1987,True,False,True,False,3,3.1,3351,Operational
RES000436,Thai Chain 436,Chain,Thai,54.551217,-8.533829,Tokyo,Japan,2013,False,False,True,True,1,4.2,3824,Operational
RES000437,Osaka Mexican Place 437,Local,Mexican,-65.620361,48.599747,Osaka,Japan,2015,True,False,True,False,4,2.4,2577,Operational
RES000438,Tokyo Chinese Place 438,Local,Chinese,-43.365605,-174.445644,Tokyo,Japan,2020,True,False,False,True,2,2.2,4473,Operational
RES000439,Tokyo Brazilian Place 439,Local,Brazilian,69.125916,49.570501,Tokyo,Japan,1992,True,True,True,True,1,3.4,2077,Closed Temporarily
RES000440,Mumbai Thai Place 440,Local,Thai,-84.958384,-17.280428,Mumbai,India,1976,True,False,False,True,1,2.7,3854,Operational
RES000441,Mexican Chain 441,Chain,Mexican,73.765075,-135.153093,Sao Paulo,Brazil,1954,True,False,False,True,4,3.9,3645,Operational
RES000442,Rio de Janeiro American Place 442,Local,American,-76.835874,-168.063172,Rio de Janeiro,Brazil,1968,False,True,False,False,3,3.4,184,Operational
RES000443,Tokyo American Place 443,Local,American,-52.543128,60.515795,Tokyo,Japan,1991,False,True,True,True,1,4.8,2779,Operational
RES000444,Chinese Chain 444,Chain,Chinese,32.592184,50.576369,Los Angeles,USA,2020,True,False,False,True,2,2.3,1198,Operational
RES000445,Osaka American Place 445,Local,American,-5.12695,-48.882871,Osaka,Japan,1984,True,True,True,True,3,3.9,1636,Operational
RES000446,Delhi Mexican Place 446,Local,Mexican,41.280898,-2.812685,Delhi,India,2013,False,True,True,False,4,4.7,1727,Operational
RES000447,Brazilian Chain 447,Chain,Brazilian,22.149743,-163.747585,Tokyo,Japan,2010,False,False,True,False,3,3.6,3624,Operational
RES000448,Japanese Chain 448,Chain,Japanese,22.539603,19.61848,Tokyo,Japan,1953,True,False,False,False,2,4.9,336,Operational
RES000449,American Chain 449,Chain,American,83.721197,85.640542,Osaka,Japan,1968,True,True,True,True,3,2.5,2130,Operational
RES000450,Los Angeles French Place 450,Local,French,-36.33003,-109.674754,Los Angeles,USA,2010,True,False,False,False,4,2.7,2245,Operational
RES000451,Mumbai Chinese Place 451,Local,Chinese,30.377606,131.187286,Mumbai,India,2014,True,True,True,True,3,4.5,4357,Operational
RES000452,French Chain 452,Chain,French,-39.479794,-140.722043,Tokyo,Japan,2012,True,False,False,True,2,3.1,3461,Operational
RES000453,Rio de Janeiro Thai Place 453,Local,Thai,63.204345,115.52208,Rio de Janeiro,Brazil,1981,False,False,True,True,3,2.9,4144,Operational
RES000454,Los Angeles Pizza Place 454,Local,Pizza,-54.782315,-160.901233,Los Angeles,USA,1953,True,False,False,False,1,4.9,4612,Operational
RES000455,Delhi American Place 455,Local,American,-29.729039,-122.990913,Delhi,India,1961,False,True,True,True,3,4.8,3948,Operational
RES000456,Sao Paulo Brazilian Place 456,Local,Brazilian,40.725414,2.79498,Sao Paulo,Brazil,1953,True,False,False,True,4,2.1,4468,Operational
RES000457,Mumbai Japanese Place 457,Local,Japanese,33.577611,-2.823493,Mumbai,India,2011,True,False,True,False,3,3.0,2983,Operational
RES000458,Thai Chain 458,Chain,Thai,-6.468191,-158.046969,Rio de Janeiro,Brazil,1964,True,False,True,True,3,3.2,4907,Operational
RES000459,Los Angeles Mexican Place 459,Local,Mexican,-60.765838,79.042639,Los Angeles,USA,1987,False,False,True,True,1,2.1,3707,Closed Temporarily
RES000460,Los Angeles American Place 460,Local,American,21.3688,-4.479981,Los Angeles,USA,1962,False,True,True,False,4,2.2,318,Operational
RES000461,Manchester Italian Place 461,Local,Italian,-77.441844,143.209012,Manchester,United Kingdom,1991,True,True,True,False,4,2.2,4361,Operational
RES000462,Los Angeles American Place 462,Local,American,55.21081,154.330801,Los Angeles,USA,1996,True,True,True,False,4,3.3,1506,Operational
RES000463,New York Indian Place 463,Local,Indian,80.562774,-3.851678,New York,USA,1995,True,True,True,False,4,2.8,2708,Operational
RES000464,Rio de Janeiro Chinese Place 464,Local,Chinese,-1.145015,64.068157,Rio de Janeiro,Brazil,2012,True,False,True,True,1,3.5,4254,Operational
RES000465,Osaka Thai Place 465,Local,Thai,81.637513,76.118175,Osaka,Japan,1975,True,True,False,True,4,4.7,556,Operational
RES000466,Sao Paulo Chinese Place 466,Local,Chinese,13.334686,175.47161,Sao Paulo,Brazil,1970,False,False,True,False,3,2.8,3749,Operational
RES000467,Manchester French Place 467,Local,French,-10.795539,-92.583422,Manchester,United Kingdom,1966,False,True,False,True,2,3.5,1728,Operational
RES000468,London American Place 468,Local,American,41.968166,-81.675292,London,United Kingdom,1979,False,True,True,True,1,4.3,507,Operational
RES000469,New York Thai Place 469,Local,Thai,5.423412,-75.877758,New York,USA,2002,True,True,False,True,3,3.4,2682,Operational
RES000470,Mumbai Chinese Place 470,Local,Chinese,-45.634685,118.612188,Mumbai,India,1971,False,True,False,False,2,4.6,3580,Operational
RES000471,Manchester Italian Place 471,Local,Italian,-13.371126,-152.436724,Manchester,United Kingdom,1998,True,False,False,False,1,3.8,2517,Operational
RES000472,Osaka French Place 472,Local,French,-29.613413,162.825572,Osaka,Japan,2022,True,True,True,False,2,4.5,2107,Operational
RES000473,Manchester Japanese Place 473,Local,Japanese,-10.075976,-48.431325,Manchester,United Kingdom,1994,False,True,False,True,1,3.6,260,Operational
RES000474,London Italian Place 474,Local,Italian,80.089861,-10.08259,London,United Kingdom,1977,False,True,True,True,1,4.9,3277,Operational
RES000475,Manchester Burger Place 475,Local,Burger,29.38246,-12.215429,Manchester,United Kingdom,1984,True,True,False,True,1,3.3,4446,Operational
RES000476,Brazilian Chain 476,Chain,Brazilian,6.745117,177.378881,Rio de Janeiro,Brazil,2009,True,False,False,True,1,4.7,2367,Operational
RES000477,Rio de Janeiro French Place 477,Local,French,-62.921673,-14.459731,Rio de Janeiro,Brazil,1986,True,False,False,False,2,4.8,4690,Operational
RES000478,Thai Chain 478,Chain,Thai,82.338163,-24.65277,Delhi,India,1997,True,False,False,False,4,4.0,4867,Operational
RES000479,New York Thai Place 479,Local,Thai,25.713579,-157.159192,New York,USA,2019,True,True,False,True,1,3.5,583,Operational
RES000480,Rio de Janeiro Chinese Place 480,Local,Chinese,87.341913,24.335916,Rio de Janeiro,Brazil,1983,True,False,False,False,2,3.9,1070,Operational
RES000481,Brazilian Chain 481,Chain,Brazilian,65.432988,176.108782,Osaka,Japan,2013,True,True,False,True,3,3.0,2182,Operational
RES000482,New York American Place 482,Local,American,49.149022,68.726211,New York,USA,2010,True,False,False,False,3,2.5,3820,Operational
RES000483,Sao Paulo French Place 483,Local,French,-72.242721,-138.293025,Sao Paulo,Brazil,2022,False,True,False,False,2,2.5,2687,Operational
RES000484,Manchester Indian Place 484,Local,Indian,17.597982,-132.562002,Manchester,United Kingdom,1990,True,True,False,False,2,3.0,2744,Operational
RES000485,Los Angeles Thai Place 485,Local,Thai,16.721912,-69.291764,Los Angeles,USA,2001,True,False,True,False,1,3.6,3584,Operational
RES000486,Mumbai Brazilian Place 486,Local,Brazilian,6.993101,-131.991239,Mumbai,India,2012,False,True,True,True,3,4.5,588,Operational
RES000487,Burger Chain 487,Chain,Burger,-39.019074,-17.895027,London,United Kingdom,1959,True,False,True,True,3,3.6,350,Operational
RES000488,Tokyo Pizza Place 488,Local,Pizza,15.979775,109.472207,Tokyo,Japan,1954,False,True,True,False,2,3.9,1413,Operational
RES000489,Japanese Chain 489,Chain,Japanese,-47.481939,79.341773,Los Angeles,USA,1960,False,False,True,True,2,2.6,3256,Operational
RES000490,Mumbai Mediterranean Place 490,Local,Mediterranean,33.972219,136.989016,Mumbai,India,1972,True,True,False,False,4,3.1,4123,Operational
RES000491,Tokyo Chinese Place 491,Local,Chinese,-87.5855,57.586851,Tokyo,Japan,2013,True,False,True,False,2,3.2,3929,Operational
RES000492,London Burger Place 492,Local,Burger,-73.607689,29.321994,London,United Kingdom,1958,True,False,False,True,2,4.9,347,Operational
RES000493,Osaka Italian Place 493,Local,Italian,34.584344,-138.223143,Osaka,Japan,2012,True,True,True,True,1,2.7,659,Operational
RES000494,Thai Chain 494,Chain,Thai,-37.744316,-17.475213,Mumbai,India,1984,True,False,False,False,1,4.0,3360,Operational
RES000495,London Italian Place 495,Local,Italian,14.458417,-42.904551,London,United Kingdom,1986,False,False,True,False,2,2.9,3889,Operational
RES000496,Italian Chain 496,Chain,Italian,-18.367919,144.265409,New York,USA,2009,True,False,False,True,1,2.6,4971,Operational
RES000497,Delhi Brazilian Place 497,Local,Brazilian,-36.810514,-17.349114,Delhi,India,1960,False,False,True,True,3,2.3,380,Operational
RES000498,London Pizza Place 498,Local,Pizza,-83.959021,-104.655598,London,United Kingdom,2022,True,False,True,False,3,4.9,2763,Operational
RES000499,Burger Chain 499,Chain,Burger,18.337989,59.769533,Tokyo,Japan,1989,False,False,True,True,2,3.1,104,Closed Temporarily
RES000500,Los Angeles Italian Place 500,Local,Italian,-15.566353,-48.760544,Los Angeles,USA,2015,True,False,False,True,1,2.0,2225,Operational
RES000501,Manchester Japanese Place 501,Local,Japanese,-16.672551,50.884294,Manchester,United Kingdom,1994,False,True,False,True,1,2.7,1446,Operational
RES000502,Sao Paulo Thai Place 502,Local,Thai,-64.415861,-143.705044,Sao Paulo,Brazil,2014,False,True,False,True,1,4.8,4935,Operational
RES000503,French Chain 503,Chain,French,56.850768,128.072976,Los Angeles,USA,1969,True,False,False,True,3,3.3,1920,Operational
RES000504,Japanese Chain 504,Chain,Japanese,38.55993,158.800459,Manchester,United Kingdom,1972,False,True,True,False,3,3.3,3695,Operational
RES000505,Los Angeles Mexican Place 505,Local,Mexican,-26.914417,176.908679,Los Angeles,USA,1977,False,False,True,True,1,4.7,1882,Operational
RES000506,Sao Paulo Pizza Place 506,Local,Pizza,68.883488,4.992617,Sao Paulo,Brazil,1970,True,False,False,True,2,2.7,3472,Operational
RES000507,Sao Paulo Mexican Place 507,Local,Mexican,-20.969719,14.510736,Sao Paulo,Brazil,1961,False,False,True,True,2,3.7,1774,Operational
RES000508,New York Indian Place 508,Local,Indian,32.522898,11.52942,New York,USA,1989,True,False,False,False,2,3.2,1976,Operational
RES000509,Pizza Chain 509,Chain,Pizza,72.990541,111.479008,Tokyo,Japan,1965,True,True,True,True,3,2.4,4141,Operational
RES000510,Mumbai Indian Place 510,Local,Indian,-51.769783,-18.592942,Mumbai,India,1985,True,True,False,False,1,4.3,2407,Operational
RES000511,London Burger Place 511,Local,Burger,36.384456,-156.432764,London,United Kingdom,1998,True,False,True,False,1,4.7,3853,Operational
RES000512,Japanese Chain 512,Chain,Japanese,44.515001,-131.613454,Manchester,United Kingdom,1979,False,True,False,False,2,4.2,4332,Operational
RES000513,Los Angeles Indian Place 513,Local,Indian,-20.416327,121.375014,Los Angeles,USA,1954,True,True,True,False,4,5.0,2158,Operational
RES000514,Rio de Janeiro Pizza Place 514,Local,Pizza,-3.418716,96.4998,Rio de Janeiro,Brazil,1984,True,False,False,False,4,3.6,2477,Operational
RES000515,Japanese Chain 515,Chain,Japanese,-36.379951,117.343006,New York,USA,1978,True,False,False,True,2,4.6,1327,Operational
RES000516,New York Mexican Place 516,Local,Mexican,53.003527,-8.434519,New York,USA,2021,True,True,True,True,4,3.5,3891,Operational
RES000517,Mexican Chain 517,Chain,Mexican,-46.647558,33.555006,Delhi,India,1983,True,False,True,True,4,2.9,860,Operational
RES000518,London Chinese Place 518,Local,Chinese,47.026988,143.332553,London,United Kingdom,1984,False,True,True,True,2,2.3,2535,Closed Temporarily
RES000519,New York Burger Place 519,Local,Burger,40.198446,-39.000893,New York,USA,1963,False,False,True,True,3,3.9,4436,Operational
RES000520,Rio de Janeiro Pizza Place 520,Local,Pizza,-77.818655,113.552129,Rio de Janeiro,Brazil,2008,True,False,False,False,2,4.3,4177,Operational
RES000521,Manchester Chinese Place 521,Local,Chinese,19.297942,112.684095,Manchester,United Kingdom,2014,True,True,False,True,3,2.9,32,Operational
RES000522,New York French Place 522,Local,French,-68.180664,-108.229984,New York,USA,1986,True,False,False,False,4,4.2,3730,Operational
RES000523,Manchester Mexican Place 523,Local,Mexican,-36.885061,134.890287,Manchester,United Kingdom,2023,False,True,True,False,3,4.2,2726,Operational
RES000524,Delhi Mediterranean Place 524,Local,Mediterranean,15.372714,-70.829099,Delhi,India,2005,True,False,False,False,3,4.0,1995,Operational
RES000525,American Chain 525,Chain,American,-48.360671,-27.393613,Tokyo,Japan,1992,True,False,True,False,1,4.3,3727,Operational
RES000526,Manchester American Place 526,Local,American,-1.368869,-60.606889,Manchester,United Kingdom,1976,True,False,True,True,4,4.5,369,Operational
RES000527,London American Place 527,Local,American,-72.972849,30.718497,London,United Kingdom,1979,False,True,False,True,3,2.7,719,Operational
RES000528,Rio de Janeiro Chinese Place 528,Local,Chinese,-69.252669,-61.64343,Rio de Janeiro,Brazil,2000,True,False,False,True,1,2.7,3017,Operational
RES000529,Indian Chain 529,Chain,Indian,-46.846677,150.07216,London,United Kingdom,2016,False,True,True,True,4,3.0,1112,Operational
RES000530,Sao Paulo American Place 530,Local,American,68.580898,-94.360803,Sao Paulo,Brazil,1952,False,True,False,False,3,3.8,3134,Operational
RES000531,Los Angeles Mediterranean Place 531,Local,Mediterranean,-1.932497,110.653895,Los Angeles,USA,1987,True,False,False,False,4,2.9,4205,Closed Temporarily
RES000532,Sao Paulo French Place 532,Local,French,56.457624,-7.208554,Sao Paulo,Brazil,1974,False,False,True,False,3,2.6,4782,Operational
RES000533,Brazilian Chain 533,Chain,Brazilian,42.969034,-15.082895,Sao Paulo,Brazil,1979,True,False,False,True,4,2.2,953,Closed Temporarily
RES000534,Los Angeles Indian Place 534,Local,Indian,-28.439944,-126.464939,Los Angeles,USA,1954,False,True,True,False,3,3.9,79,Operational
RES000535,Sao Paulo American Place 535,Local,American,22.469461,-173.486581,Sao Paulo,Brazil,1958,True,True,True,False,3,5.0,1709,Operational
RES000536,Italian Chain 536,Chain,Italian,-20.809769,-30.320046,Los Angeles,USA,1996,True,False,True,False,3,2.3,924,Operational
RES000537,Rio de Janeiro Mediterranean Place 537,Local,Mediterranean,56.80983,165.727958,Rio de Janeiro,Brazil,1956,True,False,False,False,3,2.6,4254,Operational
RES000538,Indian Chain 538,Chain,Indian,42.2082,-166.91088,Mumbai,India,1956,True,False,True,False,1,3.8,2901,Operational
RES000539,Mediterranean Chain 539,Chain,Mediterranean,-3.026717,-39.499974,New York,USA,1976,True,False,False,False,2,4.8,1655,Operational
RES000540,Rio de Janeiro Mexican Place 540,Local,Mexican,-51.153663,-11.874246,Rio de Janeiro,Brazil,1989,True,True,True,False,2,3.1,4022,Operational
RES000541,New York Indian Place 541,Local,Indian,24.964362,173.760808,New York,USA,1979,False,True,False,False,4,4.8,616,Operational
RES000542,Thai Chain 542,Chain,Thai,-14.87392,-77.93917,Sao Paulo,Brazil,1962,True,False,False,True,1,3.4,1577,Operational
RES000543,Mumbai Indian Place 543,Local,Indian,-15.32547,176.093086,Mumbai,India,1965,False,False,True,False,2,2.3,1,Operational
RES000544,Los Angeles Mediterranean Place 544,Local,Mediterranean,-16.244,144.691678,Los Angeles,USA,1985,True,True,True,False,2,2.8,1304,Operational
RES000545,Osaka Mexican Place 545,Local,Mexican,-48.136163,-30.271921,Osaka,Japan,2015,False,True,True,False,4,2.5,3455,Operational
RES000546,Manchester French Place 546,Local,French,34.756351,70.715918,Manchester,United Kingdom,1995,True,True,False,True,4,4.2,102,Operational
RES000547,Osaka Brazilian Place 547,Local,Brazilian,-75.448239,29.742655,Osaka,Japan,1951,True,False,True,False,2,2.8,1006,Operational
RES000548,Thai Chain 548,Chain,Thai,-45.908356,29.72159,London,United Kingdom,2001,True,True,True,True,3,4.8,3767,Operational
RES000549,Japanese Chain 549,Chain,Japanese,-66.909883,-40.547015,New York,USA,1965,True,False,True,True,1,4.1,395,Operational
RES000550,Tokyo French Place 550,Local,French,33.06908,84.902961,Tokyo,Japan,2023,True,False,False,True,4,5.0,3537,Operational
RES000551,Sao Paulo Pizza Place 551,Local,Pizza,2.572596,155.436084,Sao Paulo,Brazil,2010,True,False,False,False,1,2.7,1116,Operational
RES000552,Chinese Chain 552,Chain,Chinese,50.695845,9.890109,London,United Kingdom,1975,True,False,False,False,4,2.8,571,Operational
RES000553,London Italian Place 553,Local,Italian,80.115844,-110.347894,London,United Kingdom,1974,False,True,True,True,3,2.3,630,Operational
RES000554,Sao Paulo American Place 554,Local,American,-89.101003,-156.945652,Sao Paulo,Brazil,2011,False,True,True,False,3,3.0,2351,Operational
RES000555,Sao Paulo Italian Place 555,Local,Italian,-84.720497,11.884976,Sao Paulo,Brazil,1951,True,False,False,True,2,2.7,1999,Operational
RES000556,Mumbai Japanese Place 556,Local,Japanese,17.924495,-172.403069,Mumbai,India,1955,False,True,True,True,4,2.6,2009,Operational
RES000557,Delhi French Place 557,Local,French,60.037132,-10.355161,Delhi,India,2010,True,True,True,False,4,4.4,2376,Closed Temporarily
RES000558,Osaka Brazilian Place 558,Local,Brazilian,31.318357,166.024219,Osaka,Japan,2009,True,True,False,True,4,2.9,3424,Operational
RES000559,Osaka Brazilian Place 559,Local,Brazilian,47.796913,18.963763,Osaka,Japan,1988,True,False,False,True,3,3.9,2126,Operational
RES000560,Osaka Mediterranean Place 560,Local,Mediterranean,-43.405512,95.151526,Osaka,Japan,1953,True,False,True,True,3,3.0,2506,Operational
RES000561,Manchester Mediterranean Place 561,Local,Mediterranean,-87.716571,-74.883013,Manchester,United Kingdom,1977,True,False,False,True,3,2.9,4559,Operational
RES000562,Los Angeles Chinese Place 562,Local,Chinese,-31.23534,93.367304,Los Angeles,USA,1967,True,False,False,True,2,3.1,4862,Operational
RES000563,Manchester Burger Place 563,Local,Burger,12.290074,77.046786,Manchester,United Kingdom,2006,False,True,False,True,4,4.7,3384,Operational
RES000564,New York Chinese Place 564,Local,Chinese,36.703076,-127.661832,New York,USA,1975,True,False,False,True,3,2.7,2050,Operational
RES000565,New York Mexican Place 565,Local,Mexican,43.251418,38.205945,New York,USA,2012,True,True,True,False,1,3.4,3626,Operational
RES000566,Los Angeles American Place 566,Local,American,-55.091084,-15.698835,Los Angeles,USA,1950,False,True,False,True,1,3.4,1389,Operational
RES000567,Rio de Janeiro French Place 567,Local,French,53.501338,72.058141,Rio de Janeiro,Brazil,1954,False,True,False,True,2,2.8,2356,Operational
RES000568,Mumbai Brazilian Place 568,Local,Brazilian,-65.405965,-143.5417,Mumbai,India,2018,True,False,False,False,4,4.8,3533,Operational
RES000569,Osaka Indian Place 569,Local,Indian,-85.845131,87.946191,Osaka,Japan,2001,True,False,False,True,2,3.1,4036,Operational
RES000570,Delhi Japanese Place 570,Local,Japanese,-33.243048,146.828487,Delhi,India,2008,True,False,False,True,2,2.9,1301,Operational
RES000571,Osaka Burger Place 571,Local,Burger,-77.679509,-43.871247,Osaka,Japan,1961,True,False,False,False,4,3.0,1004,Operational
RES000572,Sao Paulo Indian Place 572,Local,Indian,3.97782,-52.066024,Sao Paulo,Brazil,2001,False,False,True,False,3,3.8,4681,Operational
RES000573,Mumbai Mexican Place 573,Local,Mexican,63.065867,-26.798857,Mumbai,India,1956,True,True,True,False,2,4.6,309,Operational
RES000574,Delhi Mexican Place 574,Local,Mexican,77.513368,12.783145,Delhi,India,1976,False,False,True,False,3,2.9,3300,Operational
RES000575,American Chain 575,Chain,American,-44.404751,-161.583013,Delhi,India,2019,True,False,False,True,1,2.8,3467,Operational
RES000576,Rio de Janeiro American Place 576,Local,American,76.147847,92.596657,Rio de Janeiro,Brazil,1951,False,True,False,True,1,4.0,3594,Operational
RES000577,Tokyo Brazilian Place 577,Local,Brazilian,-71.355433,-176.336324,Tokyo,Japan,1975,True,True,True,False,1,4.4,2905,Operational
RES000578,New York Mediterranean Place 578,Local,Mediterranean,-87.683772,168.755804,New York,USA,1994,False,False,True,True,2,4.9,3758,Operational
RES000579,Delhi Mexican Place 579,Local,Mexican,-71.338019,179.3792,Delhi,India,1957,False,True,True,False,1,2.4,321,Operational
RES000580,Mexican Chain 580,Chain,Mexican,19.846659,53.11992,Tokyo,Japan,1999,False,True,False,False,3,4.5,4840,Operational
RES000581,American Chain 581,Chain,American,-63.036663,-3.64728,New York,USA,2019,True,False,False,False,1,3.2,1209,Operational
RES000582,Tokyo Brazilian Place 582,Local,Brazilian,89.4637,43.513092,Tokyo,Japan,1985,True,False,False,False,1,4.0,826,Operational
RES000583,Delhi French Place 583,Local,French,-21.329525,-40.872943,Delhi,India,2023,True,True,False,True,2,2.8,1656,Operational
RES000584,Rio de Janeiro Pizza Place 584,Local,Pizza,-34.965001,98.623782,Rio de Janeiro,Brazil,1955,True,False,False,True,2,3.1,3003,Closed Temporarily
RES000585,Brazilian Chain 585,Chain,Brazilian,-33.504738,-113.239976,Osaka,Japan,1993,True,False,True,False,3,4.7,871,Operational
RES000586,American Chain 586,Chain,American,13.724035,148.385238,London,United Kingdom,1997,True,False,True,True,3,2.8,4524,Operational
RES000587,Osaka Indian Place 587,Local,Indian,-78.522828,18.836824,Osaka,Japan,2005,True,False,False,True,2,4.6,1007,Operational
RES000588,Osaka Japanese Place 588,Local,Japanese,24.921858,-173.170866,Osaka,Japan,1967,True,False,False,True,4,2.9,4513,Operational
RES000589,Rio de Janeiro Pizza Place 589,Local,Pizza,-30.531752,-158.140588,Rio de Janeiro,Brazil,2016,True,False,False,False,4,5.0,2602,Operational
RES000590,London American Place 590,Local,American,84.27883,-115.318253,London,United Kingdom,1960,False,False,True,True,2,3.9,2071,Operational
RES000591,London American Place 591,Local,American,-33.902146,-79.513633,London,United Kingdom,1964,False,False,True,False,2,2.7,2673,Operational
RES000592,Sao Paulo American Place 592,Local,American,-54.635052,-27.149331,Sao Paulo,Brazil,1995,True,True,False,False,3,4.7,4310,Operational
RES000593,Thai Chain 593,Chain,Thai,-2.260987,-26.830554,Manchester,United Kingdom,2014,False,True,True,False,2,2.2,327,Operational
RES000594,Mexican Chain 594,Chain,Mexican,17.579914,29.287714,Tokyo,Japan,1970,True,True,True,False,4,2.9,3578,Operational
RES000595,London Mexican Place 595,Local,Mexican,8.076241,46.266833,London,United Kingdom,1961,False,True,False,False,1,5.0,101,Operational
RES000596,Delhi Mexican Place 596,Local,Mexican,31.593263,73.22356,Delhi,India,2022,True,True,True,False,1,3.6,1713,Operational
RES000597,London Italian Place 597,Local,Italian,84.334869,92.430057,London,United Kingdom,1986,True,False,True,True,2,2.0,3130,Operational
RES000598,Mumbai Indian Place 598,Local,Indian,-89.771637,138.408851,Mumbai,India,2023,False,True,False,True,3,4.2,4988,Operational
RES000599,Rio de Janeiro American Place 599,Local,American,71.327876,119.120046,Rio de Janeiro,Brazil,2006,False,True,False,True,4,3.0,3440,Operational
RES000600,New York American Place 600,Local,American,-16.40237,-44.325285,New York,USA,2014,True,True,True,False,3,3.9,429,Operational
RES000601,London Pizza Place 601,Local,Pizza,-66.478571,-23.017443,London,United Kingdom,1958,False,True,True,False,3,4.6,442,Operational
RES000602,Thai Chain 602,Chain,Thai,73.898773,176.357568,London,United Kingdom,1951,True,True,False,True,4,2.4,4840,Operational
RES000603,Manchester Japanese Place 603,Local,Japanese,-74.217711,-178.83275,Manchester,United Kingdom,1991,True,False,True,True,1,4.4,934,Operational
RES000604,Mumbai Burger Place 604,Local,Burger,-64.930134,-86.386135,Mumbai,India,1958,True,True,False,True,3,3.6,4976,Operational
RES000605,Chinese Chain 605,Chain,Chinese,43.46702,-32.254461,New York,USA,2006,True,True,True,True,2,3.8,871,Operational
RES000606,London Chinese Place 606,Local,Chinese,71.088411,-71.062453,London,United Kingdom,2002,False,True,True,False,4,2.7,3462,Operational
RES000607,Sao Paulo Thai Place 607,Local,Thai,-50.581435,154.741368,Sao Paulo,Brazil,1998,True,True,True,False,1,3.2,4764,Closed Temporarily
RES000608,Tokyo Brazilian Place 608,Local,Brazilian,-30.719436,-108.175689,Tokyo,Japan,1962,False,True,False,False,2,2.3,979,Operational
RES000609,Brazilian Chain 609,Chain,Brazilian,53.523977,21.307968,Sao Paulo,Brazil,1978,True,True,True,False,3,2.8,4843,Operational
RES000610,Rio de Janeiro Indian Place 610,Local,Indian,-15.312489,23.666148,Rio de Janeiro,Brazil,1955,False,True,True,True,4,4.5,1890,Operational
RES000611,Mediterranean Chain 611,Chain,Mediterranean,13.761234,3.899732,Rio de Janeiro,Brazil,1999,False,True,True,True,1,3.1,3088,Operational
RES000612,Sao Paulo Mexican Place 612,Local,Mexican,7.283386,-2.345663,Sao Paulo,Brazil,1962,True,True,False,True,3,3.2,2002,Operational
RES000613,Mumbai Mediterranean Place 613,Local,Mediterranean,28.955853,0.060045,Mumbai,India,1986,False,True,True,True,4,4.5,2223,Operational
RES000614,Delhi Brazilian Place 614,Local,Brazilian,-58.481986,175.645398,Delhi,India,1953,True,False,False,True,3,3.4,2489,Operational
RES000615,Manchester Brazilian Place 615,Local,Brazilian,-63.323805,-124.926214,Manchester,United Kingdom,1957,False,True,True,False,1,4.9,1974,Operational
RES000616,Los Angeles French Place 616,Local,French,64.308655,131.365452,Los Angeles,USA,1981,False,True,False,True,3,3.5,573,Operational
RES000617,Tokyo Italian Place 617,Local,Italian,-89.032922,25.030585,Tokyo,Japan,1955,True,True,True,True,4,2.1,4290,Operational
RES000618,London Thai Place 618,Local,Thai,64.552147,1.378198,London,United Kingdom,1970,True,True,True,True,4,3.4,2616,Operational
RES000619,Rio de Janeiro Brazilian Place 619,Local,Brazilian,23.022829,-167.125684,Rio de Janeiro,Brazil,1978,True,True,True,True,4,4.4,3175,Operational
RES000620,Italian Chain 620,Chain,Italian,26.999718,-112.051279,Manchester,United Kingdom,2019,True,True,True,False,4,2.1,1572,Operational
RES000621,Osaka Thai Place 621,Local,Thai,15.911422,-114.531685,Osaka,Japan,2020,True,False,True,False,3,4.2,4365,Operational
RES000622,Thai Chain 622,Chain,Thai,4.841087,-167.579961,Rio de Janeiro,Brazil,1960,True,True,False,True,2,2.0,2495,Operational
RES000623,Sao Paulo Italian Place 623,Local,Italian,87.02938,-127.089421,Sao Paulo,Brazil,1969,False,False,True,True,3,4.0,858,Operational
RES000624,Burger Chain 624,Chain,Burger,-77.69143,65.706018,Rio de Janeiro,Brazil,1966,True,True,False,True,4,2.8,181,Operational
RES000625,Delhi Burger Place 625,Local,Burger,-83.783529,64.297264,Delhi,India,1961,True,False,False,False,2,2.7,3405,Operational
RES000626,Tokyo Japanese Place 626,Local,Japanese,-88.857286,-71.921851,Tokyo,Japan,2020,False,True,False,False,4,3.9,4769,Operational
RES000627,Pizza Chain 627,Chain,Pizza,27.778981,177.282476,Mumbai,India,1999,False,True,True,False,3,3.0,3935,Operational
RES000628,Manchester Brazilian Place 628,Local,Brazilian,-45.462382,150.466212,Manchester,United Kingdom,1976,False,False,True,False,2,4.0,4099,Operational
RES000629,Delhi Japanese Place 629,Local,Japanese,84.216212,-126.594972,Delhi,India,1968,True,False,True,False,2,3.8,207,Operational
RES000630,Mediterranean Chain 630,Chain,Mediterranean,24.613928,-103.513415,Tokyo,Japan,2008,False,True,False,False,1,4.9,2450,Operational
RES000631,Mexican Chain 631,Chain,Mexican,2.334313,22.018029,Los Angeles,USA,1984,True,True,False,False,2,4.5,354,Operational
RES000632,Indian Chain 632,Chain,Indian,7.567919,-140.481548,Rio de Janeiro,Brazil,1961,True,False,True,True,3,3.6,2348,Operational
RES000633,Rio de Janeiro Indian Place 633,Local,Indian,-79.7267,-68.961054,Rio de Janeiro,Brazil,1955,False,True,False,False,4,4.2,1267,Operational
RES000634,Osaka Indian Place 634,Local,Indian,-53.914614,-155.903319,Osaka,Japan,1980,True,True,True,False,4,3.7,144,Operational
RES000635,Brazilian Chain 635,Chain,Brazilian,13.414062,-114.684763,Delhi,India,1959,True,False,False,True,1,3.3,2585,Operational
RES000636,Pizza Chain 636,Chain,Pizza,-59.627624,-134.000353,Mumbai,India,1952,True,False,False,False,1,4.3,4169,Operational
RES000637,Chinese Chain 637,Chain,Chinese,72.805724,104.954767,Delhi,India,1967,False,True,True,False,2,2.5,2510,Operational
RES000638,Mediterranean Chain 638,Chain,Mediterranean,-52.715222,164.432418,Los Angeles,USA,2006,False,False,True,True,2,2.4,4533,Operational
RES000639,New York Japanese Place 639,Local,Japanese,49.011824,-60.901532,New York,USA,1964,True,False,False,True,1,3.8,2720,Operational
RES000640,Manchester Brazilian Place 640,Local,Brazilian,-34.119959,-90.422076,Manchester,United Kingdom,2010,False,True,True,False,4,4.7,1780,Operational
RES000641,Mexican Chain 641,Chain,Mexican,9.536364,14.722625,Los Angeles,USA,1988,True,False,False,True,3,3.6,3374,Operational
RES000642,London Brazilian Place 642,Local,Brazilian,41.182508,-83.128917,London,United Kingdom,2005,True,True,True,True,1,2.2,2692,Operational
RES000643,Brazilian Chain 643,Chain,Brazilian,-1.76291,36.914144,Osaka,Japan,1962,True,True,True,False,1,4.1,1825,Operational
RES000644,Manchester American Place 644,Local,American,-61.020861,-93.614183,Manchester,United Kingdom,2005,True,True,True,False,4,4.7,3545,Operational
RES000645,Los Angeles Pizza Place 645,Local,Pizza,-85.92845,-5.051074,Los Angeles,USA,1981,True,False,True,False,2,4.8,4108,Operational
RES000646,Osaka French Place 646,Local,French,-75.643704,15.823462,Osaka,Japan,1981,False,True,False,True,1,2.1,4310,Operational
RES000647,Manchester French Place 647,Local,French,47.045224,-110.064625,Manchester,United Kingdom,2014,True,False,False,True,1,4.0,1949,Operational
RES000648,Italian Chain 648,Chain,Italian,9.756585,-103.538868,Rio de Janeiro,Brazil,1953,True,False,False,False,1,2.4,4453,Operational
RES000649,Mexican Chain 649,Chain,Mexican,18.121411,-58.445416,Los Angeles,USA,2023,False,False,True,False,4,4.5,3221,Operational
RES000650,London Thai Place 650,Local,Thai,66.473425,86.070845,London,United Kingdom,1966,True,True,True,True,1,4.7,2776,Operational
RES000651,Rio de Janeiro Chinese Place 651,Local,Chinese,19.948625,149.606366,Rio de Janeiro,Brazil,1998,True,False,True,True,4,4.0,2282,Operational
RES000652,Mumbai Mexican Place 652,Local,Mexican,6.426265,-21.612826,Mumbai,India,1986,True,False,False,True,2,2.9,4246,Operational
RES000653,Italian Chain 653,Chain,Italian,-1.473705,46.650186,Sao Paulo,Brazil,2019,False,True,False,True,2,3.2,4913,Operational
RES000654,Japanese Chain 654,Chain,Japanese,-89.889789,-78.497767,Tokyo,Japan,2010,False,False,True,True,3,2.5,683,Operational
RES000655,Delhi Indian Place 655,Local,Indian,-48.387864,162.368347,Delhi,India,1993,True,False,False,True,4,3.6,3637,Operational
RES000656,Los Angeles American Place 656,Local,American,30.759916,-4.112304,Los Angeles,USA,1950,True,True,True,False,1,3.5,2313,Operational
RES000657,Rio de Janeiro Mexican Place 657,Local,Mexican,11.187741,-94.137638,Rio de Janeiro,Brazil,1974,True,True,True,True,2,3.8,3554,Operational
RES000658,New York Burger Place 658,Local,Burger,-46.934666,-138.005919,New York,USA,2001,True,True,False,False,1,3.2,2071,Operational
RES000659,London Brazilian Place 659,Local,Brazilian,10.324535,107.755779,London,United Kingdom,1977,False,True,True,True,1,4.6,239,Operational
RES000660,Thai Chain 660,Chain,Thai,16.121162,110.037362,New York,USA,2006,True,False,True,False,3,4.7,1087,Operational
RES000661,Burger Chain 661,Chain,Burger,70.719279,-127.929541,Mumbai,India,1958,False,True,False,False,1,3.7,2573,Operational
RES000662,Tokyo French Place 662,Local,French,-88.862496,57.97375,Tokyo,Japan,2009,False,True,True,False,2,4.5,144,Operational
RES000663,Rio de Janeiro American Place 663,Local,American,71.882165,86.352923,Rio de Janeiro,Brazil,1976,True,True,True,True,2,2.4,4693,Operational
RES000664,Mumbai Brazilian Place 664,Local,Brazilian,82.043954,45.030383,Mumbai,India,1971,False,True,False,True,3,2.8,3035,Operational
RES000665,London French Place 665,Local,French,36.250811,2.697077,London,United Kingdom,1997,False,False,True,True,1,2.9,1929,Operational
RES000666,Mumbai Burger Place 666,Local,Burger,20.927316,-54.497795,Mumbai,India,2019,True,False,True,True,1,4.3,2628,Operational
RES000667,Rio de Janeiro Pizza Place 667,Local,Pizza,63.009182,97.05811,Rio de Janeiro,Brazil,1979,True,False,True,False,3,2.1,883,Operational
RES000668,London Japanese Place 668,Local,Japanese,6.371084,-66.511397,London,United Kingdom,1951,True,False,False,True,2,3.4,2005,Operational
RES000669,Osaka Pizza Place 669,Local,Pizza,80.3975,25.471965,Osaka,Japan,2000,False,False,True,False,3,3.9,183,Operational
RES000670,Los Angeles Thai Place 670,Local,Thai,-1.226014,116.988648,Los Angeles,USA,1961,False,False,True,True,1,4.4,4419,Operational
RES000671,Los Angeles Japanese Place 671,Local,Japanese,32.674635,153.844471,Los Angeles,USA,1995,False,True,True,True,1,2.3,2299,Operational
RES000672,Italian Chain 672,Chain,Italian,26.372973,135.592296,Los Angeles,USA,1966,True,False,False,False,4,4.0,1398,Operational
RES000673,Chinese Chain 673,Chain,Chinese,-33.765361,78.576237,Rio de Janeiro,Brazil,2004,True,False,False,False,4,2.5,1193,Operational
RES000674,Tokyo Thai Place 674,Local,Thai,-17.739841,176.965401,Tokyo,Japan,1951,True,False,False,True,4,2.3,1405,Operational
RES000675,Los Angeles Japanese Place 675,Local,Japanese,-63.226652,6.040495,Los Angeles,USA,1959,True,False,False,False,3,4.8,3965,Operational
RES000676,French Chain 676,Chain,French,-54.738241,91.340572,Los Angeles,USA,1963,True,False,True,False,4,2.3,517,Operational
RES000677,Burger Chain 677,Chain,Burger,43.090751,38.032951,Mumbai,India,2021,True,False,False,False,4,2.6,3988,Operational
RES000678,Mediterranean Chain 678,Chain,Mediterranean,-65.930906,87.298002,Mumbai,India,1993,True,False,False,False,2,4.9,1390,Operational
RES000679,Delhi French Place 679,Local,French,74.363363,-123.20707,Delhi,India,1953,True,True,True,False,2,4.9,2651,Operational
RES000680,Tokyo Thai Place 680,Local,Thai,38.422378,4.89385,Tokyo,Japan,1987,True,False,True,False,4,4.5,4998,Operational
RES000681,New York Mexican Place 681,Local,Mexican,-7.990627,49.851947,New York,USA,1958,False,True,False,False,2,4.2,3909,Operational
RES000682,Osaka Mexican Place 682,Local,Mexican,42.969429,75.89813,Osaka,Japan,1958,True,False,False,True,2,3.2,2971,Operational
RES000683,Brazilian Chain 683,Chain,Brazilian,5.640257,41.622484,London,United Kingdom,2015,True,False,True,False,4,2.1,3562,Operational
RES000684,Manchester French Place 684,Local,French,-25.054047,110.320847,Manchester,United Kingdom,1965,True,False,False,True,2,3.7,903,Operational
RES000685,Osaka Japanese Place 685,Local,Japanese,-65.502752,136.917425,Osaka,Japan,1952,True,True,True,True,2,3.7,4680,Operational
RES000686,Manchester Mexican Place 686,Local,Mexican,72.942678,-136.661974,Manchester,United Kingdom,2005,True,True,True,False,1,4.2,3331,Operational
RES000687,Mumbai Burger Place 687,Local,Burger,-0.182174,62.052876,Mumbai,India,2005,True,False,False,False,3,2.4,3038,Operational
RES000688,Rio de Janeiro French Place 688,Local,French,10.118788,38.418534,Rio de Janeiro,Brazil,2015,False,True,True,False,2,3.5,2432,Operational
RES000689,Sao Paulo French Place 689,Local,French,26.135526,13.994017,Sao Paulo,Brazil,1984,False,True,True,True,3,2.0,3916,Operational
RES000690,Osaka Chinese Place 690,Local,Chinese,78.750273,-3.451128,Osaka,Japan,1956,False,True,False,False,2,3.1,303,Operational
RES000691,Los Angeles Mediterranean Place 691,Local,Mediterranean,59.340317,177.865976,Los Angeles,USA,1988,True,False,True,False,4,3.0,3645,Operational
RES000692,Sao Paulo French Place 692,Local,French,29.413937,62.442367,Sao Paulo,Brazil,1996,False,True,True,True,3,4.8,982,Operational
RES000693,London Pizza Place 693,Local,Pizza,37.160723,-1.720979,London,United Kingdom,1956,False,True,True,True,1,2.1,3267,Operational
RES000694,American Chain 694,Chain,American,-15.26254,-112.765481,Manchester,United Kingdom,1952,True,True,False,False,1,3.5,111,Operational
RES000695,Osaka Pizza Place 695,Local,Pizza,-31.959889,-134.413203,Osaka,Japan,1981,False,False,True,False,1,4.0,1609,Operational
RES000696,Mumbai Mexican Place 696,Local,Mexican,-42.509108,6.395083,Mumbai,India,1975,True,False,True,True,4,2.5,198,Operational
RES000697,Tokyo Chinese Place 697,Local,Chinese,64.806694,-12.364986,Tokyo,Japan,1993,False,True,True,True,3,3.0,738,Operational
RES000698,Osaka French Place 698,Local,French,-38.101175,80.180228,Osaka,Japan,1986,True,False,False,True,2,4.1,3515,Operational
RES000699,Tokyo American Place 699,Local,American,-43.493802,17.510426,Tokyo,Japan,2015,True,False,False,False,2,2.0,1692,Operational
RES000700,Mumbai American Place 700,Local,American,4.613447,70.754213,Mumbai,India,2008,True,False,True,True,4,3.0,140,Operational
RES000701,Los Angeles Pizza Place 701,Local,Pizza,36.320844,94.954764,Los Angeles,USA,1963,True,False,False,False,2,3.2,400,Operational
RES000702,London Thai Place 702,Local,Thai,-85.385696,134.400758,London,United Kingdom,2016,False,False,True,True,1,3.8,1179,Operational
RES000703,Mumbai Italian Place 703,Local,Italian,-28.178361,113.148863,Mumbai,India,1967,False,True,False,True,4,3.2,1092,Operational
RES000704,French Chain 704,Chain,French,-29.548628,-61.921688,Tokyo,Japan,2020,False,False,True,True,4,4.6,3398,Operational
RES000705,Osaka Japanese Place 705,Local,Japanese,52.222448,-86.962399,Osaka,Japan,1981,False,True,True,False,1,2.5,3940,Operational
RES000706,American Chain 706,Chain,American,-15.041744,-152.200693,Tokyo,Japan,2013,True,False,False,False,3,4.8,2321,Operational
RES000707,Indian Chain 707,Chain,Indian,51.100127,-28.573718,London,United Kingdom,1963,True,True,False,False,1,2.8,540,Operational
RES000708,London Italian Place 708,Local,Italian,-5.541517,-1.600068,London,United Kingdom,1952,True,False,True,False,1,5.0,3139,Operational
RES000709,Manchester Thai Place 709,Local,Thai,1.590403,68.489859,Manchester,United Kingdom,1961,False,True,True,False,2,2.2,2669,Operational
RES000710,New York Pizza Place 710,Local,Pizza,40.469416,15.797718,New York,USA,1955,True,True,True,False,4,4.4,3547,Operational
RES000711,Delhi Indian Place 711,Local,Indian,-75.107364,-110.280444,Delhi,India,1963,True,True,False,False,3,2.0,2290,Operational
RES000712,Tokyo Mediterranean Place 712,Local,Mediterranean,49.653815,158.63246,Tokyo,Japan,1986,True,False,True,False,1,3.2,1565,Operational
RES000713,Mediterranean Chain 713,Chain,Mediterranean,26.595714,-82.233904,Manchester,United Kingdom,1993,True,False,True,True,3,3.9,2657,Operational
RES000714,Mumbai Italian Place 714,Local,Italian,-50.476144,-8.487044,Mumbai,India,2019,True,False,True,False,2,2.6,1085,Operational
RES000715,New York American Place 715,Local,American,7.676019,-129.231769,New York,USA,1974,True,False,False,False,3,4.0,4492,Operational
RES000716,Manchester Pizza Place 716,Local,Pizza,-15.815852,-109.942218,Manchester,United Kingdom,1989,True,False,False,True,1,4.7,141,Operational
RES000717,New York Japanese Place 717,Local,Japanese,-2.389584,-177.646115,New York,USA,2022,False,True,True,False,4,4.9,3801,Operational
RES000718,Tokyo Pizza Place 718,Local,Pizza,-61.404088,-114.715599,Tokyo,Japan,1959,True,True,False,False,1,4.1,1847,Operational
RES000719,New York Thai Place 719,Local,Thai,1.974912,61.656932,New York,USA,1963,False,True,False,True,4,3.2,156,Operational
RES000720,New York Thai Place 720,Local,Thai,24.874144,30.478423,New York,USA,1975,False,False,True,False,2,2.8,3658,Closed Temporarily
RES000721,Sao Paulo Mediterranean Place 721,Local,Mediterranean,-72.550315,174.335211,Sao Paulo,Brazil,1999,False,True,False,True,1,4.7,3848,Operational
RES000722,Sao Paulo Italian Place 722,Local,Italian,-29.437183,-22.785265,Sao Paulo,Brazil,1965,True,False,False,True,4,2.5,1975,Operational
RES000723,London Burger Place 723,Local,Burger,-29.171591,-91.81733,London,United Kingdom,1979,True,True,True,True,1,4.0,1161,Operational
RES000724,Sao Paulo Pizza Place 724,Local,Pizza,-3.985151,-88.925474,Sao Paulo,Brazil,2002,True,False,True,True,1,4.6,1465,Operational
RES000725,Manchester Mediterranean Place 725,Local,Mediterranean,-32.063697,-72.676599,Manchester,United Kingdom,1982,True,False,True,True,2,2.3,3932,Operational
RES000726,Pizza Chain 726,Chain,Pizza,30.064526,27.195217,Los Angeles,USA,1988,True,True,False,True,3,3.0,2239,Operational
RES000727,Los Angeles Burger Place 727,Local,Burger,-82.250161,175.976699,Los Angeles,USA,1954,False,False,True,True,4,2.3,4899,Operational
RES000728,Delhi Indian Place 728,Local,Indian,-5.681219,127.42248,Delhi,India,1978,False,True,False,False,3,2.3,1708,Closed Temporarily
RES000729,Rio de Janeiro Italian Place 729,Local,Italian,21.516839,87.765539,Rio de Janeiro,Brazil,2016,True,True,False,True,2,3.0,4595,Operational
RES000730,Sao Paulo Italian Place 730,Local,Italian,10.209839,-115.367054,Sao Paulo,Brazil,1989,False,False,True,True,1,2.7,1331,Operational
RES000731,Osaka Burger Place 731,Local,Burger,-30.198234,-73.963028,Osaka,Japan,2005,True,True,True,False,2,3.2,4514,Operational
RES000732,Mexican Chain 732,Chain,Mexican,-55.452173,-84.313608,Manchester,United Kingdom,2022,False,True,False,True,2,3.8,3035,Operational
RES000733,Rio de Janeiro Mediterranean Place 733,Local,Mediterranean,-57.566475,-60.039454,Rio de Janeiro,Brazil,1959,True,True,False,False,3,4.4,2463,Operational
RES000734,Los Angeles French Place 734,Local,French,-50.847533,78.433322,Los Angeles,USA,1971,False,False,True,False,1,2.0,976,Operational
RES000735,Tokyo Burger Place 735,Local,Burger,68.645491,-104.521516,Tokyo,Japan,1979,False,True,False,True,2,4.4,2350,Operational
RES000736,New York Burger Place 736,Local,Burger,-67.074795,120.955303,New York,USA,2017,True,True,True,False,4,4.1,2826,Operational
RES000737,New York Thai Place 737,Local,Thai,46.626585,-48.378876,New York,USA,1953,True,False,True,True,1,2.9,3801,Operational
RES000738,Manchester Thai Place 738,Local,Thai,-61.984212,-178.283513,Manchester,United Kingdom,1979,True,True,False,True,3,4.6,4529,Operational
RES000739,Tokyo Mediterranean Place 739,Local,Mediterranean,43.963056,-30.612475,Tokyo,Japan,2004,True,False,False,False,4,3.9,1119,Operational
RES000740,Rio de Janeiro Burger Place 740,Local,Burger,65.897238,168.42905,Rio de Janeiro,Brazil,1961,True,False,False,True,1,3.8,4745,Operational
RES000741,Rio de Janeiro French Place 741,Local,French,-20.821769,-11.432653,Rio de Janeiro,Brazil,2003,False,False,True,False,3,3.5,35,Operational
RES000742,Rio de Janeiro Indian Place 742,Local,Indian,58.506102,78.74698,Rio de Janeiro,Brazil,1951,True,True,True,False,4,2.5,31,Operational
RES000743,New York Mexican Place 743,Local,Mexican,1.953289,163.32013,New York,USA,1950,True,True,False,False,4,2.0,404,Operational
RES000744,Delhi Japanese Place 744,Local,Japanese,-10.716067,0.62707,Delhi,India,2016,False,False,True,False,4,4.6,336,Operational
RES000745,Italian Chain 745,Chain,Italian,7.457557,114.031587,Osaka,Japan,1974,True,False,True,False,1,4.7,2377,Operational
RES000746,Mediterranean Chain 746,Chain,Mediterranean,-17.336909,-129.409432,Tokyo,Japan,1955,True,False,False,False,2,2.8,4485,Operational
RES000747,Tokyo Chinese Place 747,Local,Chinese,21.192891,94.11621,Tokyo,Japan,1990,False,True,True,False,2,2.8,3316,Operational
RES000748,Chinese Chain 748,Chain,Chinese,14.247121,-56.839033,Los Angeles,USA,1986,True,False,False,True,3,4.4,1804,Operational
RES000749,Pizza Chain 749,Chain,Pizza,-62.402977,133.084831,Mumbai,India,1960,True,True,True,True,4,4.0,3532,Closed Temporarily
RES000750,Los Angeles Chinese Place 750,Local,Chinese,40.918604,170.64762,Los Angeles,USA,2017,False,True,False,False,2,2.8,860,Operational
RES000751,Chinese Chain 751,Chain,Chinese,-53.731838,-174.789588,New York,USA,1995,False,True,False,False,3,3.2,3834,Operational
RES000752,American Chain 752,Chain,American,-51.301473,-120.05914,Osaka,Japan,2000,True,True,True,True,3,3.0,2853,Operational
RES000753,London Indian Place 753,Local,Indian,-12.666128,23.767934,London,United Kingdom,1968,True,True,True,False,1,3.0,3852,Operational
RES000754,Mumbai Pizza Place 754,Local,Pizza,1.192002,165.322709,Mumbai,India,1995,False,True,False,True,3,3.9,1743,Operational
RES000755,Indian Chain 755,Chain,Indian,-70.79736,138.699091,Los Angeles,USA,2017,True,True,True,False,3,3.4,1787,Operational
RES000756,Osaka American Place 756,Local,American,-21.838366,26.004239,Osaka,Japan,1984,False,False,True,False,3,4.2,1057,Operational
RES000757,French Chain 757,Chain,French,-86.950757,-118.597714,Osaka,Japan,1986,False,True,True,False,3,2.6,1794,Closed Temporarily
RES000758,Mexican Chain 758,Chain,Mexican,-23.683181,-75.051684,Delhi,India,2002,True,False,True,False,2,4.7,334,Operational
RES000759,New York Mexican Place 759,Local,Mexican,-78.657488,56.123637,New York,USA,1954,False,True,False,False,3,2.0,2372,Operational
RES000760,Brazilian Chain 760,Chain,Brazilian,-60.546178,-93.01766,Mumbai,India,1980,False,True,True,True,4,4.9,4699,Operational
RES000761,Osaka Mexican Place 761,Local,Mexican,44.706673,-146.977351,Osaka,Japan,2010,True,False,False,True,1,4.5,2402,Operational
RES000762,Manchester Thai Place 762,Local,Thai,42.218397,-114.394899,Manchester,United Kingdom,1973,True,True,True,False,3,3.6,3800,Operational
RES000763,Rio de Janeiro Pizza Place 763,Local,Pizza,35.636392,179.764961,Rio de Janeiro,Brazil,1999,False,True,True,True,4,2.1,2539,Operational
RES000764,Mumbai Pizza Place 764,Local,Pizza,-9.01575,0.609469,Mumbai,India,1995,False,True,False,True,2,3.7,1639,Operational
RES000765,Japanese Chain 765,Chain,Japanese,13.447712,-14.817429,Los Angeles,USA,1968,False,True,True,False,3,3.4,1922,Operational
RES000766,Burger Chain 766,Chain,Burger,36.021774,-116.975258,Manchester,United Kingdom,2012,True,False,True,False,2,2.2,3957,Operational
RES000767,Mumbai Indian Place 767,Local,Indian,0.485671,-121.746914,Mumbai,India,1960,True,False,True,False,1,3.6,1443,Operational
RES000768,Los Angeles Pizza Place 768,Local,Pizza,-84.799417,-83.658118,Los Angeles,USA,1970,True,True,True,True,3,3.3,2522,Operational
RES000769,Los Angeles Chinese Place 769,Local,Chinese,-38.743688,-22.142524,Los Angeles,USA,1993,True,True,True,True,2,3.1,3154,Operational
RES000770,Osaka American Place 770,Local,American,5.623465,-172.872425,Osaka,Japan,1951,True,True,True,True,3,3.2,1001,Operational
RES000771,Thai Chain 771,Chain,Thai,10.245698,-66.293971,Sao Paulo,Brazil,1958,True,True,True,False,3,4.7,2014,Operational
RES000772,Los Angeles Pizza Place 772,Local,Pizza,4.500382,15.708069,Los Angeles,USA,1968,False,False,True,True,2,4.1,1431,Operational
RES000773,Manchester American Place 773,Local,American,47.260411,119.772914,Manchester,United Kingdom,2005,True,False,False,True,1,4.7,3580,Operational
RES000774,Tokyo Italian Place 774,Local,Italian,-26.352824,-178.64207,Tokyo,Japan,2010,True,True,False,False,2,4.1,2874,Operational
RES000775,London Chinese Place 775,Local,Chinese,-49.974192,101.641041,London,United Kingdom,1964,False,True,True,True,1,4.5,2619,Operational
RES000776,Mumbai Japanese Place 776,Local,Japanese,-63.841862,-30.772257,Mumbai,India,1987,True,True,False,True,1,3.3,4303,Operational
RES000777,London Mediterranean Place 777,Local,Mediterranean,50.842052,-108.802745,London,United Kingdom,2004,True,True,True,False,1,2.8,3850,Operational
RES000778,Los Angeles Chinese Place 778,Local,Chinese,3.610773,3.384387,Los Angeles,USA,2023,False,False,True,True,1,4.5,3496,Operational
RES000779,Mumbai Thai Place 779,Local,Thai,30.349868,-45.408772,Mumbai,India,1987,True,True,True,True,2,4.1,3445,Operational
RES000780,Mumbai Mediterranean Place 780,Local,Mediterranean,-7.658881,-170.109337,Mumbai,India,1956,True,False,False,False,2,2.8,4409,Closed Temporarily
RES000781,Osaka Pizza Place 781,Local,Pizza,-42.212712,-125.423217,Osaka,Japan,2011,True,False,False,False,3,4.4,3718,Operational
RES000782,Delhi American Place 782,Local,American,65.952527,-7.287652,Delhi,India,1965,True,True,True,False,1,4.1,3403,Closed Temporarily
RES000783,London Burger Place 783,Local,Burger,-22.118408,-24.878783,London,United Kingdom,1951,False,False,True,False,2,2.6,2552,Operational
RES000784,Manchester Thai Place 784,Local,Thai,-84.422155,63.277018,Manchester,United Kingdom,1979,True,False,False,True,1,2.5,2319,Operational
RES000785,Brazilian Chain 785,Chain,Brazilian,54.281855,14.698102,London,United Kingdom,2017,True,True,True,False,4,4.8,981,Operational
RES000786,Delhi American Place 786,Local,American,-34.305459,-30.274635,Delhi,India,2005,True,False,False,False,3,2.4,1181,Operational
RES000787,Los Angeles Chinese Place 787,Local,Chinese,21.112067,156.559856,Los Angeles,USA,1953,True,True,True,True,2,4.9,289,Operational
RES000788,Thai Chain 788,Chain,Thai,-56.996212,-19.38202,Los Angeles,USA,2010,True,False,False,True,4,2.7,776,Operational
RES000789,London Mediterranean Place 789,Local,Mediterranean,-51.283308,-157.851306,London,United Kingdom,1978,False,True,True,True,4,4.5,1858,Operational
RES000790,London Indian Place 790,Local,Indian,-3.696047,118.388471,London,United Kingdom,1962,True,False,False,False,1,3.7,1309,Operational
RES000791,French Chain 791,Chain,French,-14.428558,151.315622,New York,USA,2000,False,True,True,False,3,2.2,449,Operational
RES000792,Rio de Janeiro Mediterranean Place 792,Local,Mediterranean,-58.071632,148.974381,Rio de Janeiro,Brazil,2015,False,True,True,True,2,5.0,4384,Operational
RES000793,Japanese Chain 793,Chain,Japanese,63.59158,79.380719,Manchester,United Kingdom,2005,False,True,True,True,3,3.5,3318,Operational
RES000794,New York Pizza Place 794,Local,Pizza,39.29097,163.468084,New York,USA,2008,False,True,False,True,2,2.2,1402,Operational
RES000795,Italian Chain 795,Chain,Italian,30.37671,104.887318,Mumbai,India,1950,True,False,False,False,3,3.4,1719,Operational
RES000796,Los Angeles Indian Place 796,Local,Indian,9.375415,-172.703403,Los Angeles,USA,1952,True,False,False,False,4,2.6,515,Operational
RES000797,Japanese Chain 797,Chain,Japanese,12.807838,-18.348008,Rio de Janeiro,Brazil,2000,False,True,True,True,2,3.6,4283,Operational
RES000798,New York Pizza Place 798,Local,Pizza,-58.614522,-40.410427,New York,USA,1965,True,True,True,False,2,4.1,3880,Operational
RES000799,Manchester Thai Place 799,Local,Thai,-87.699043,119.363982,Manchester,United Kingdom,1974,True,True,True,True,2,4.6,3701,Operational
RES000800,Tokyo Mexican Place 800,Local,Mexican,-5.815306,141.739035,Tokyo,Japan,2001,False,True,True,True,3,4.4,2144,Operational
RES000801,Rio de Janeiro Burger Place 801,Local,Burger,22.785951,-140.292515,Rio de Janeiro,Brazil,1951,True,True,True,False,1,3.6,2525,Operational
RES000802,Delhi Indian Place 802,Local,Indian,18.651824,-159.061284,Delhi,India,1979,False,True,False,False,2,4.7,2434,Operational
RES000803,London Brazilian Place 803,Local,Brazilian,50.084944,53.313869,London,United Kingdom,1968,True,False,False,True,1,3.4,2846,Operational
RES000804,American Chain 804,Chain,American,65.154661,34.743926,Manchester,United Kingdom,1965,True,True,True,False,3,3.6,1084,Operational
RES000805,Chinese Chain 805,Chain,Chinese,-54.701066,-105.532818,Manchester,United Kingdom,2011,True,True,True,True,3,3.3,3329,Operational
RES000806,Mumbai Indian Place 806,Local,Indian,-68.17511,-10.376359,Mumbai,India,1965,False,True,False,True,1,2.0,743,Operational
RES000807,Mediterranean Chain 807,Chain,Mediterranean,15.002807,-103.604729,Delhi,India,2001,True,False,False,False,2,2.4,1888,Operational
RES000808,Japanese Chain 808,Chain,Japanese,23.260588,-97.701829,Los Angeles,USA,1960,False,True,False,True,2,2.9,4722,Operational
RES000809,New York Brazilian Place 809,Local,Brazilian,19.994573,21.223597,New York,USA,2000,True,False,False,False,4,3.7,2643,Operational
RES000810,London Italian Place 810,Local,Italian,-49.334621,158.771907,London,United Kingdom,1981,True,False,False,False,3,2.3,1796,Operational
RES000811,Burger Chain 811,Chain,Burger,-0.744905,-68.900196,Sao Paulo,Brazil,2000,True,True,True,False,1,4.8,4703,Operational
RES000812,Delhi Chinese Place 812,Local,Chinese,9.971839,9.705975,Delhi,India,1971,False,True,False,True,4,4.3,4936,Operational
RES000813,Thai Chain 813,Chain,Thai,53.162026,103.509,Rio de Janeiro,Brazil,1983,False,True,False,True,4,4.2,304,Operational
RES000814,Sao Paulo Mexican Place 814,Local,Mexican,-12.498816,-122.02766,Sao Paulo,Brazil,1952,True,True,True,True,3,2.9,3130,Operational
RES000815,Delhi Chinese Place 815,Local,Chinese,43.528462,-79.475083,Delhi,India,1964,False,True,False,False,4,4.0,4351,Operational
RES000816,Los Angeles Mediterranean Place 816,Local,Mediterranean,72.036332,-175.136418,Los Angeles,USA,2004,True,False,False,False,1,2.6,3639,Closed Temporarily
RES000817,Sao Paulo Italian Place 817,Local,Italian,79.363293,-107.456135,Sao Paulo,Brazil,1966,True,False,False,True,4,4.9,2253,Operational
RES000818,American Chain 818,Chain,American,-15.496626,-11.471907,Delhi,India,2001,True,True,True,False,4,2.6,2670,Operational
RES000819,Italian Chain 819,Chain,Italian,52.523938,83.376671,London,United Kingdom,1976,False,True,True,True,2,3.1,3181,Operational
RES000820,Delhi French Place 820,Local,French,27.913913,-7.597224,Delhi,India,1982,True,False,False,False,4,2.2,4518,Operational
RES000821,Manchester Mediterranean Place 821,Local,Mediterranean,-16.884417,-89.752654,Manchester,United Kingdom,1974,False,False,True,True,1,3.9,1815,Operational
RES000822,Mexican Chain 822,Chain,Mexican,83.652764,102.12397,New York,USA,1998,False,True,False,True,2,4.2,787,Operational
RES000823,New York Chinese Place 823,Local,Chinese,4.517864,-25.673925,New York,USA,1988,True,False,False,True,4,4.8,4686,Operational
RES000824,Thai Chain 824,Chain,Thai,82.173456,167.34103,Osaka,Japan,2004,True,False,False,False,3,4.4,4790,Operational
RES000825,Sao Paulo Japanese Place 825,Local,Japanese,-36.0002,164.586735,Sao Paulo,Brazil,1953,False,False,True,False,2,3.9,3940,Operational
RES000826,Los Angeles Pizza Place 826,Local,Pizza,37.740049,-147.88872,Los Angeles,USA,1967,False,False,True,False,3,3.2,2958,Operational
RES000827,Tokyo Pizza Place 827,Local,Pizza,-72.696331,-88.518735,Tokyo,Japan,1976,True,True,False,False,1,4.0,862,Closed Temporarily
RES000828,Indian Chain 828,Chain,Indian,82.645863,-34.803904,Manchester,United Kingdom,1975,True,False,True,True,3,4.1,3818,Operational
RES000829,London Thai Place 829,Local,Thai,-84.714498,-36.895295,London,United Kingdom,1955,True,False,False,False,3,2.0,575,Operational
RES000830,Los Angeles Burger Place 830,Local,Burger,-77.946427,-17.471258,Los Angeles,USA,2005,True,False,False,True,2,4.9,3777,Operational
RES000831,Indian Chain 831,Chain,Indian,21.728107,-40.592368,Mumbai,India,1999,True,False,False,True,3,4.0,897,Operational
RES000832,Mumbai Indian Place 832,Local,Indian,-87.742943,-145.41168,Mumbai,India,2017,False,False,True,True,3,4.4,1766,Operational
RES000833,Japanese Chain 833,Chain,Japanese,17.905625,161.32445,Osaka,Japan,2005,True,True,False,False,2,2.2,1056,Operational
RES000834,Sao Paulo Burger Place 834,Local,Burger,-29.391123,172.001915,Sao Paulo,Brazil,2016,False,True,True,True,2,2.8,4018,Operational
RES000835,Italian Chain 835,Chain,Italian,-67.781025,128.100553,Mumbai,India,2021,True,False,False,True,4,2.2,4950,Operational
RES000836,Italian Chain 836,Chain,Italian,67.181432,-127.812845,New York,USA,1988,False,True,True,True,1,3.0,4248,Closed Temporarily
RES000837,American Chain 837,Chain,American,3.626221,80.265137,Mumbai,India,2011,False,True,True,False,1,3.7,2395,Operational
RES000838,Los Angeles Mexican Place 838,Local,Mexican,-17.225563,-116.90125,Los Angeles,USA,2007,True,False,False,False,2,3.1,4979,Operational
RES000839,Brazilian Chain 839,Chain,Brazilian,67.423332,-161.647553,Manchester,United Kingdom,1959,True,False,False,True,2,3.7,2549,Operational
RES000840,Tokyo Italian Place 840,Local,Italian,-77.588358,87.156778,Tokyo,Japan,1980,False,True,False,True,1,4.2,254,Operational
RES000841,Tokyo Thai Place 841,Local,Thai,26.303996,-125.798928,Tokyo,Japan,1988,False,True,True,True,3,2.6,2990,Operational
RES000842,New York Japanese Place 842,Local,Japanese,-48.333233,-68.977091,New York,USA,1956,True,False,True,True,2,3.1,2321,Operational
RES000843,Japanese Chain 843,Chain,Japanese,-7.347504,96.434137,New York,USA,1981,False,True,False,True,4,3.0,3397,Operational
RES000844,Rio de Janeiro Mediterranean Place 844,Local,Mediterranean,54.573419,-143.980709,Rio de Janeiro,Brazil,1998,False,True,True,False,2,3.7,4569,Operational
RES000845,Osaka Mexican Place 845,Local,Mexican,21.04901,55.899134,Osaka,Japan,2015,False,True,False,False,4,4.7,1572,Operational
RES000846,Los Angeles Brazilian Place 846,Local,Brazilian,2.517167,158.036087,Los Angeles,USA,1997,False,True,True,True,1,3.3,2855,Operational
RES000847,Delhi Mexican Place 847,Local,Mexican,-88.316631,98.439398,Delhi,India,1962,True,False,False,False,4,3.0,2936,Operational
RES000848,Osaka Mexican Place 848,Local,Mexican,-37.471221,28.242231,Osaka,Japan,1972,True,True,True,True,1,4.7,1505,Operational
RES000849,Mumbai French Place 849,Local,French,55.538515,70.905851,Mumbai,India,1951,False,False,True,False,4,3.4,559,Operational
RES000850,London Chinese Place 850,Local,Chinese,43.126649,-30.998671,London,United Kingdom,1978,False,False,True,False,2,3.0,4249,Closed Temporarily
RES000851,Sao Paulo Brazilian Place 851,Local,Brazilian,-36.513613,-154.083746,Sao Paulo,Brazil,2011,True,False,True,True,3,3.8,1853,Operational
RES000852,Rio de Janeiro Mediterranean Place 852,Local,Mediterranean,51.128987,-145.36117,Rio de Janeiro,Brazil,1975,True,False,False,True,2,2.4,4209,Operational
RES000853,Tokyo Indian Place 853,Local,Indian,-24.617352,174.366102,Tokyo,Japan,1996,True,False,False,True,4,4.4,1103,Operational
RES000854,Indian Chain 854,Chain,Indian,-48.219412,-103.560225,Rio de Janeiro,Brazil,1971,True,True,False,False,3,2.1,716,Operational
RES000855,Mexican Chain 855,Chain,Mexican,-32.661323,-106.6011,Tokyo,Japan,1977,False,False,True,False,1,4.8,1715,Operational
RES000856,Sao Paulo French Place 856,Local,French,52.683146,-40.050576,Sao Paulo,Brazil,1954,True,True,False,True,1,4.8,1950,Operational
RES000857,Pizza Chain 857,Chain,Pizza,-12.53221,159.865126,Delhi,India,1975,True,True,False,True,4,2.0,1304,Operational
RES000858,New York Burger Place 858,Local,Burger,-63.476235,18.231067,New York,USA,1950,True,False,False,False,1,3.5,3141,Operational
RES000859,Mumbai Italian Place 859,Local,Italian,-14.086797,123.002391,Mumbai,India,1982,True,False,True,False,3,2.8,3387,Operational
RES000860,Mumbai Pizza Place 860,Local,Pizza,-70.257041,109.922711,Mumbai,India,2011,True,False,False,True,3,2.8,2769,Operational
RES000861,Osaka Brazilian Place 861,Local,Brazilian,-62.790587,-141.691692,Osaka,Japan,1987,True,True,True,True,4,2.5,4454,Operational
RES000862,Delhi Japanese Place 862,Local,Japanese,60.862393,-173.306699,Delhi,India,1998,False,False,True,False,1,2.6,339,Operational
RES000863,Mumbai Indian Place 863,Local,Indian,27.413635,-24.265881,Mumbai,India,1981,True,False,True,True,1,4.3,1050,Operational
RES000864,Mumbai Brazilian Place 864,Local,Brazilian,43.787473,43.423202,Mumbai,India,2001,False,True,False,False,3,3.4,520,Operational
RES000865,American Chain 865,Chain,American,-61.563714,-31.121012,Los Angeles,USA,2009,True,False,True,False,4,4.6,3,Operational
RES000866,Mediterranean Chain 866,Chain,Mediterranean,-18.766665,-31.743116,Sao Paulo,Brazil,1962,True,False,False,True,4,2.3,3099,Operational
RES000867,Sao Paulo Pizza Place 867,Local,Pizza,-62.796902,99.527526,Sao Paulo,Brazil,1993,False,True,True,False,4,4.4,3670,Operational
RES000868,New York Pizza Place 868,Local,Pizza,-20.725821,148.060082,New York,USA,1951,True,True,True,True,1,2.3,2846,Closed Temporarily
RES000869,Brazilian Chain 869,Chain,Brazilian,38.375326,-121.019973,Los Angeles,USA,1960,False,False,True,False,1,5.0,4920,Operational
RES000870,Los Angeles French Place 870,Local,French,-17.244416,121.065974,Los Angeles,USA,2015,True,False,False,False,4,2.0,4971,Operational
RES000871,Rio de Janeiro Italian Place 871,Local,Italian,-16.496689,52.039722,Rio de Janeiro,Brazil,1990,False,False,True,True,2,2.5,2056,Operational
RES000872,New York Mediterranean Place 872,Local,Mediterranean,29.248522,-45.489197,New York,USA,1991,True,True,True,False,1,4.5,1350,Operational
RES000873,Osaka French Place 873,Local,French,-85.421578,-161.158281,Osaka,Japan,1979,True,False,False,False,4,2.3,871,Operational
RES000874,Brazilian Chain 874,Chain,Brazilian,-5.38225,57.019012,Mumbai,India,2019,True,False,False,True,1,4.2,985,Operational
RES000875,Brazilian Chain 875,Chain,Brazilian,-28.221294,23.810101,Rio de Janeiro,Brazil,1967,True,False,True,True,1,3.8,955,Operational
RES000876,Delhi American Place 876,Local,American,68.330271,-57.063585,Delhi,India,1989,False,True,True,False,1,4.7,2084,Operational
RES000877,Tokyo Pizza Place 877,Local,Pizza,40.592068,86.981271,Tokyo,Japan,1990,True,False,True,False,4,3.6,2453,Operational
RES000878,Delhi American Place 878,Local,American,11.044943,-82.336609,Delhi,India,1991,True,True,False,True,1,4.6,4432,Operational
RES000879,Indian Chain 879,Chain,Indian,38.948571,161.450316,Osaka,Japan,2010,False,False,True,True,2,3.5,2128,Operational
RES000880,Manchester Burger Place 880,Local,Burger,87.264216,-150.275873,Manchester,United Kingdom,1959,True,False,True,True,2,5.0,4710,Operational
RES000881,Brazilian Chain 881,Chain,Brazilian,18.14758,125.579664,Mumbai,India,2012,True,False,False,False,4,2.4,3115,Operational
RES000882,Sao Paulo Italian Place 882,Local,Italian,25.217597,-148.865869,Sao Paulo,Brazil,1952,True,True,True,False,3,3.7,1171,Operational
RES000883,Delhi French Place 883,Local,French,-61.073382,44.842321,Delhi,India,2002,True,False,False,True,3,3.0,1757,Operational
RES000884,American Chain 884,Chain,American,25.518394,179.410239,New York,USA,1963,True,True,True,False,3,3.7,814,Operational
RES000885,Sao Paulo Pizza Place 885,Local,Pizza,19.24946,141.795537,Sao Paulo,Brazil,1955,True,False,True,False,1,2.1,3047,Operational
RES000886,London Thai Place 886,Local,Thai,88.661621,-121.24894,London,United Kingdom,2012,True,False,False,True,3,2.9,3314,Operational
RES000887,Indian Chain 887,Chain,Indian,7.940162,105.372846,Delhi,India,1993,True,False,False,False,3,4.7,3014,Operational
RES000888,Italian Chain 888,Chain,Italian,34.262384,-120.911382,New York,USA,2017,False,True,True,True,4,2.3,4283,Operational
RES000889,American Chain 889,Chain,American,-86.103536,-22.693871,Mumbai,India,1983,False,True,True,True,1,3.5,3889,Operational
RES000890,Sao Paulo Mediterranean Place 890,Local,Mediterranean,24.880973,13.852861,Sao Paulo,Brazil,1964,True,True,True,False,1,2.8,930,Closed Temporarily
RES000891,Mumbai Thai Place 891,Local,Thai,-50.263643,-11.958629,Mumbai,India,1951,True,False,False,True,3,2.6,1843,Operational
RES000892,Tokyo Mediterranean Place 892,Local,Mediterranean,70.776545,55.354005,Tokyo,Japan,1985,True,False,False,True,1,3.6,446,Operational
RES000893,Sao Paulo Pizza Place 893,Local,Pizza,-42.609299,78.563608,Sao Paulo,Brazil,1952,False,False,True,False,1,2.3,4491,Closed Temporarily
RES000894,Los Angeles Mexican Place 894,Local,Mexican,-3.372674,-123.953338,Los Angeles,USA,1972,False,False,True,False,1,5.0,3503,Closed Temporarily
RES000895,Delhi Brazilian Place 895,Local,Brazilian,38.307769,-3.897014,Delhi,India,1952,False,True,False,False,1,4.0,1843,Operational
RES000896,Pizza Chain 896,Chain,Pizza,-6.958904,-165.362976,Mumbai,India,1964,True,True,False,False,4,2.2,2013,Closed Temporarily
RES000897,Manchester Mediterranean Place 897,Local,Mediterranean,81.043317,-166.039294,Manchester,United Kingdom,1981,True,False,True,False,3,2.0,4773,Operational
RES000898,French Chain 898,Chain,French,71.975,-111.892807,Los Angeles,USA,1950,True,False,False,True,2,2.5,82,Operational
RES000899,Tokyo Mediterranean Place 899,Local,Mediterranean,87.500536,12.971632,Tokyo,Japan,1989,False,False,True,True,1,2.7,1848,Operational
RES000900,New York Indian Place 900,Local,Indian,-54.7544,36.087472,New York,USA,1955,True,False,True,True,3,4.6,1507,Operational
RES000901,Manchester Thai Place 901,Local,Thai,68.194557,-5.890106,Manchester,United Kingdom,1965,False,True,True,False,3,4.7,3540,Operational
RES000902,New York Thai Place 902,Local,Thai,-53.514442,120.113605,New York,USA,1973,True,False,True,True,2,3.2,1907,Operational
RES000903,Mediterranean Chain 903,Chain,Mediterranean,-58.626775,166.534793,Delhi,India,2021,True,False,False,True,2,2.9,4273,Operational
RES000904,Tokyo Brazilian Place 904,Local,Brazilian,-4.464593,141.952741,Tokyo,Japan,1963,True,False,True,False,1,3.6,3105,Operational
RES000905,London Italian Place 905,Local,Italian,-79.463675,-32.479719,London,United Kingdom,2014,True,False,False,False,4,3.6,1281,Operational
RES000906,Rio de Janeiro American Place 906,Local,American,-57.355605,15.291945,Rio de Janeiro,Brazil,1995,False,True,False,False,3,4.8,2581,Closed Temporarily
RES000907,Sao Paulo Indian Place 907,Local,Indian,52.464511,-55.45974,Sao Paulo,Brazil,1982,True,True,False,False,1,2.7,3603,Operational
RES000908,Sao Paulo Pizza Place 908,Local,Pizza,82.233656,151.420639,Sao Paulo,Brazil,1958,False,True,False,True,2,3.3,995,Operational
RES000909,Mexican Chain 909,Chain,Mexican,-67.489413,17.042461,Rio de Janeiro,Brazil,1993,True,True,True,True,1,3.3,2133,Operational
RES000910,French Chain 910,Chain,French,-12.86674,26.599275,New York,USA,1954,True,False,True,True,1,4.0,2341,Operational
RES000911,Osaka French Place 911,Local,French,48.525972,-90.84953,Osaka,Japan,1998,True,False,False,True,4,2.0,1215,Operational
RES000912,Osaka Indian Place 912,Local,Indian,38.196818,59.143917,Osaka,Japan,1983,True,True,True,False,1,4.9,924,Closed Temporarily
RES000913,Mexican Chain 913,Chain,Mexican,14.295364,85.370109,Tokyo,Japan,2004,True,False,True,False,1,3.3,3728,Operational
RES000914,Tokyo Japanese Place 914,Local,Japanese,63.875462,151.516287,Tokyo,Japan,1960,True,True,True,True,1,2.5,4952,Operational
RES000915,Burger Chain 915,Chain,Burger,29.428215,-139.918707,New York,USA,2011,True,False,False,False,3,4.8,137,Operational
RES000916,Pizza Chain 916,Chain,Pizza,-57.628667,37.680228,Osaka,Japan,1991,True,True,False,True,3,3.0,4247,Closed Temporarily
RES000917,Delhi Brazilian Place 917,Local,Brazilian,78.922835,-88.537168,Delhi,India,1980,False,True,True,True,4,4.5,1065,Operational
RES000918,Sao Paulo Indian Place 918,Local,Indian,0.834353,-86.574576,Sao Paulo,Brazil,2014,False,True,False,False,4,2.7,2665,Operational
RES000919,Japanese Chain 919,Chain,Japanese,63.987317,-145.23358,Los Angeles,USA,1967,False,True,False,True,2,2.7,1368,Closed Temporarily
RES000920,Pizza Chain 920,Chain,Pizza,54.191902,149.933349,Delhi,India,2008,False,True,True,False,4,2.3,1846,Operational
RES000921,Sao Paulo Pizza Place 921,Local,Pizza,46.401199,-122.705123,Sao Paulo,Brazil,2009,False,True,False,True,3,4.1,2314,Operational
RES000922,Chinese Chain 922,Chain,Chinese,68.653793,36.12579,Tokyo,Japan,1953,False,False,True,False,1,4.5,2851,Operational
RES000923,Los Angeles Chinese Place 923,Local,Chinese,17.138551,-27.575704,Los Angeles,USA,1955,True,False,True,True,2,3.6,4434,Operational
RES000924,Manchester Mexican Place 924,Local,Mexican,71.776373,135.686291,Manchester,United Kingdom,2018,True,False,True,True,1,2.5,4750,Operational
RES000925,Brazilian Chain 925,Chain,Brazilian,-39.905264,-100.882374,Osaka,Japan,1963,False,True,True,False,3,3.6,2088,Operational
RES000926,Burger Chain 926,Chain,Burger,-66.988068,-24.836764,London,United Kingdom,1960,True,True,False,False,4,4.3,898,Operational
RES000927,American Chain 927,Chain,American,31.608968,-42.906175,Sao Paulo,Brazil,1991,True,False,False,True,4,3.6,4947,Operational
RES000928,Mumbai Thai Place 928,Local,Thai,-21.409205,99.616458,Mumbai,India,2017,False,True,False,False,4,3.7,1181,Operational
RES000929,Japanese Chain 929,Chain,Japanese,-35.980613,-45.913483,Mumbai,India,1957,True,False,False,False,1,4.5,3760,Operational
RES000930,American Chain 930,Chain,American,51.150787,-139.656863,Tokyo,Japan,1965,True,True,False,True,4,2.8,1143,Operational
RES000931,Mediterranean Chain 931,Chain,Mediterranean,-7.584377,131.174171,Sao Paulo,Brazil,1989,False,False,True,True,1,3.7,1235,Operational
RES000932,Delhi Chinese Place 932,Local,Chinese,6.92154,-84.594682,Delhi,India,1964,False,True,False,False,3,4.1,2568,Operational
RES000933,Manchester Burger Place 933,Local,Burger,-69.233897,-45.444701,Manchester,United Kingdom,1980,False,False,True,True,1,2.3,371,Operational
RES000934,Los Angeles Brazilian Place 934,Local,Brazilian,-53.450086,122.009766,Los Angeles,USA,1965,False,True,False,True,2,3.6,2553,Operational
RES000935,Pizza Chain 935,Chain,Pizza,30.713767,-142.205378,London,United Kingdom,2011,False,True,False,False,1,3.7,460,Operational
RES000936,New York Mediterranean Place 936,Local,Mediterranean,29.226175,-47.347515,New York,USA,1980,True,False,False,True,3,2.9,2020,Operational
RES000937,Japanese Chain 937,Chain,Japanese,9.27776,-171.565798,New York,USA,1995,True,False,True,False,4,2.1,4874,Operational
RES000938,Manchester Burger Place 938,Local,Burger,-79.488935,125.092791,Manchester,United Kingdom,1954,True,False,False,False,2,4.0,2031,Operational
RES000939,Manchester Chinese Place 939,Local,Chinese,42.287882,143.431525,Manchester,United Kingdom,1986,False,True,True,True,3,4.9,591,Operational
RES000940,Thai Chain 940,Chain,Thai,78.143168,-87.262281,Sao Paulo,Brazil,1977,False,True,True,False,4,2.2,2885,Operational
RES000941,Osaka Thai Place 941,Local,Thai,29.037272,-18.550133,Osaka,Japan,2013,False,False,True,True,2,3.4,3877,Operational
RES000942,Osaka Mexican Place 942,Local,Mexican,0.071169,78.443608,Osaka,Japan,1968,True,False,False,False,2,2.8,1291,Operational
RES000943,Rio de Janeiro Mediterranean Place 943,Local,Mediterranean,-47.715985,-114.505205,Rio de Janeiro,Brazil,2018,False,True,False,False,1,3.4,3063,Operational
RES000944,Sao Paulo Burger Place 944,Local,Burger,72.673563,-176.235759,Sao Paulo,Brazil,2003,True,False,True,False,2,3.9,3131,Operational
RES000945,French Chain 945,Chain,French,21.766076,146.825236,Mumbai,India,1997,True,False,True,True,4,4.5,1848,Operational
RES000946,Mediterranean Chain 946,Chain,Mediterranean,83.040994,-29.553796,Manchester,United Kingdom,2021,True,False,False,True,4,4.6,3999,Operational
RES000947,Los Angeles Brazilian Place 947,Local,Brazilian,86.097594,178.231493,Los Angeles,USA,1951,False,True,False,True,3,2.8,1750,Operational
RES000948,New York Burger Place 948,Local,Burger,-52.084463,-82.539632,New York,USA,2022,False,True,False,True,4,2.2,2715,Operational
RES000949,French Chain 949,Chain,French,10.00506,-69.086257,London,United Kingdom,2008,False,True,False,False,1,3.2,1024,Operational
RES000950,London Pizza Place 950,Local,Pizza,2.002422,-142.136382,London,United Kingdom,1952,True,True,True,True,4,3.9,2263,Operational
RES000951,Thai Chain 951,Chain,Thai,1.289668,91.375871,Rio de Janeiro,Brazil,2002,True,False,True,False,2,4.7,2616,Closed Temporarily
RES000952,Manchester Mediterranean Place 952,Local,Mediterranean,46.350251,113.045682,Manchester,United Kingdom,1968,False,True,True,False,3,3.4,3766,Operational
RES000953,Thai Chain 953,Chain,Thai,-59.980896,15.334742,Rio de Janeiro,Brazil,1981,False,True,False,True,4,2.7,2192,Operational
RES000954,Delhi Brazilian Place 954,Local,Brazilian,20.570817,150.224212,Delhi,India,1985,False,True,True,True,2,3.4,3034,Operational
RES000955,New York Burger Place 955,Local,Burger,-26.287152,-16.04315,New York,USA,2007,True,False,True,False,4,2.1,4957,Operational
RES000956,Sao Paulo American Place 956,Local,American,66.03951,171.181723,Sao Paulo,Brazil,2021,True,True,False,False,1,2.7,992,Operational
RES000957,New York Mediterranean Place 957,Local,Mediterranean,74.482472,-137.207974,New York,USA,2015,False,True,False,False,1,3.2,1022,Operational
RES000958,New York Chinese Place 958,Local,Chinese,-55.805002,67.018277,New York,USA,1989,True,False,False,True,3,4.1,630,Operational
RES000959,Brazilian Chain 959,Chain,Brazilian,10.423492,-83.268996,Delhi,India,1994,False,True,False,False,1,4.3,4893,Closed Temporarily
RES000960,Osaka Chinese Place 960,Local,Chinese,28.243854,-29.842029,Osaka,Japan,2016,True,False,False,False,3,4.8,839,Operational
RES000961,Los Angeles Indian Place 961,Local,Indian,-28.481758,33.331883,Los Angeles,USA,2012,False,True,False,False,4,3.8,4788,Operational
RES000962,Manchester Chinese Place 962,Local,Chinese,-63.239499,-78.103011,Manchester,United Kingdom,2014,True,True,False,True,1,3.5,2250,Operational
RES000963,Manchester Brazilian Place 963,Local,Brazilian,11.073111,-56.897184,Manchester,United Kingdom,1999,True,True,True,False,4,2.9,737,Operational
RES000964,Italian Chain 964,Chain,Italian,75.620231,-44.998902,Osaka,Japan,2021,True,True,False,True,4,3.4,1329,Operational
RES000965,Rio de Janeiro Thai Place 965,Local,Thai,17.898017,-96.424406,Rio de Janeiro,Brazil,2022,True,False,False,True,2,2.3,3448,Closed Temporarily
RES000966,New York Mexican Place 966,Local,Mexican,-40.170458,77.006774,New York,USA,1989,True,False,False,False,3,2.3,4364,Operational
RES000967,Japanese Chain 967,Chain,Japanese,-63.555492,-62.301561,Los Angeles,USA,1999,True,False,True,True,1,4.5,1365,Operational
RES000968,Indian Chain 968,Chain,Indian,-10.510338,-104.280906,London,United Kingdom,2014,True,False,False,True,2,4.0,4878,Operational
RES000969,Pizza Chain 969,Chain,Pizza,-35.79484,-32.877138,London,United Kingdom,1988,True,True,True,False,1,3.3,2784,Operational
RES000970,Los Angeles Mediterranean Place 970,Local,Mediterranean,73.834272,50.594064,Los Angeles,USA,2018,True,False,False,True,2,3.6,1671,Operational
RES000971,Tokyo Mediterranean Place 971,Local,Mediterranean,17.973005,-109.654071,Tokyo,Japan,2023,False,True,True,True,2,4.1,3113,Operational
RES000972,Indian Chain 972,Chain,Indian,13.620429,-154.543853,New York,USA,2007,False,False,True,True,2,3.3,4158,Operational
RES000973,Los Angeles Mediterranean Place 973,Local,Mediterranean,38.432318,43.241262,Los Angeles,USA,1978,False,False,True,False,1,2.2,241,Closed Temporarily
RES000974,Delhi Mediterranean Place 974,Local,Mediterranean,0.971346,-103.94102,Delhi,India,2010,True,True,True,False,4,2.8,2051,Operational
RES000975,Delhi Mexican Place 975,Local,Mexican,-39.463072,-44.732978,Delhi,India,1980,True,False,False,False,1,2.1,1658,Operational
RES000976,Chinese Chain 976,Chain,Chinese,77.677644,24.826728,Sao Paulo,Brazil,1976,True,False,False,True,2,2.9,1446,Operational
RES000977,Delhi French Place 977,Local,French,-24.918385,-90.45605,Delhi,India,2014,True,True,True,True,1,4.4,2876,Operational
RES000978,Osaka Japanese Place 978,Local,Japanese,52.423613,144.438978,Osaka,Japan,2000,True,False,True,False,1,4.5,1653,Operational
RES000979,New York Burger Place 979,Local,Burger,-52.724445,-137.142586,New York,USA,2020,True,False,True,True,4,3.6,4899,Closed Temporarily
RES000980,Mexican Chain 980,Chain,Mexican,9.586958,-106.378798,Rio de Janeiro,Brazil,1953,False,True,True,False,2,4.8,3626,Operational
RES000981,Osaka French Place 981,Local,French,-55.873609,-117.810692,Osaka,Japan,1984,True,False,False,False,2,2.0,4338,Operational
RES000982,Delhi Mediterranean Place 982,Local,Mediterranean,-28.325628,-70.986838,Delhi,India,1958,False,True,True,False,4,2.4,3762,Operational
RES000983,Osaka Japanese Place 983,Local,Japanese,-45.416585,-173.274568,Osaka,Japan,2012,False,True,False,True,4,3.9,1107,Operational
RES000984,Los Angeles Japanese Place 984,Local,Japanese,64.986927,100.744692,Los Angeles,USA,2010,True,False,True,False,3,3.7,3725,Operational
RES000985,Brazilian Chain 985,Chain,Brazilian,9.666749,-15.341133,Sao Paulo,Brazil,1987,False,True,False,True,1,2.7,1658,Operational
RES000986,Tokyo Thai Place 986,Local,Thai,-43.330992,91.729167,Tokyo,Japan,1992,True,False,True,False,1,4.5,775,Operational
RES000987,Sao Paulo Japanese Place 987,Local,Japanese,17.798097,117.789966,Sao Paulo,Brazil,1988,True,True,True,False,2,3.0,2959,Operational
RES000988,Sao Paulo Burger Place 988,Local,Burger,55.551128,-120.200914,Sao Paulo,Brazil,1964,True,True,False,False,2,3.2,3904,Operational
RES000989,Osaka Burger Place 989,Local,Burger,-52.229816,-44.0686,Osaka,Japan,1983,False,False,True,True,3,3.6,2007,Operational
RES000990,Osaka Italian Place 990,Local,Italian,37.301026,107.510001,Osaka,Japan,1956,True,False,True,True,1,2.0,3759,Operational
RES000991,Manchester Mediterranean Place 991,Local,Mediterranean,-19.74953,-77.673069,Manchester,United Kingdom,2015,False,False,True,False,1,3.2,4936,Operational
RES000992,Pizza Chain 992,Chain,Pizza,-38.964764,178.354596,Delhi,India,1980,True,False,True,True,4,4.7,2395,Operational
RES000993,Mexican Chain 993,Chain,Mexican,-80.455877,149.800532,Mumbai,India,1988,True,True,True,False,4,2.9,1072,Operational
RES000994,Tokyo Indian Place 994,Local,Indian,-14.416363,-15.550734,Tokyo,Japan,1986,False,False,True,True,4,4.7,4928,Operational
RES000995,Brazilian Chain 995,Chain,Brazilian,82.81874,126.123864,Osaka,Japan,1950,False,False,True,False,2,3.0,910,Operational
RES000996,Thai Chain 996,Chain,Thai,-56.181067,114.21314,Mumbai,India,1993,True,True,False,True,2,3.5,1295,Operational
RES000997,Sao Paulo Indian Place 997,Local,Indian,27.028995,169.493339,Sao Paulo,Brazil,1996,False,False,True,True,3,2.8,2016,Operational
RES000998,London Brazilian Place 998,Local,Brazilian,38.404806,83.554015,London,United Kingdom,1959,False,False,True,False,3,4.0,4068,Operational
RES000999,New York Brazilian Place 999,Local,Brazilian,38.674868,-158.145539,New York,USA,1955,True,False,False,False,4,4.5,665,Operational
RES001000,Rio de Janeiro Brazilian Place 1000,Local,Brazilian,9.707858,168.90309,Rio de Janeiro,Brazil,2017,False,True,True,True,2,3.6,4386,Operational
RES001001,Brazilian Chain 1001,Chain,Brazilian,-65.288367,-7.266868,Mumbai,India,1974,False,True,False,True,1,3.7,1834,Closed Temporarily
RES001002,Delhi Japanese Place 1002,Local,Japanese,8.75499,148.24828,Delhi,India,1981,True,True,False,True,2,3.6,963,Operational
RES001003,Los Angeles American Place 1003,Local,American,85.096034,91.533103,Los Angeles,USA,1962,False,True,True,True,3,3.7,2627,Operational
RES001004,Thai Chain 1004,Chain,Thai,-28.814856,-31.014477,London,United Kingdom,1965,True,False,False,True,3,4.6,234,Operational
RES001005,Osaka American Place 1005,Local,American,-18.168205,60.517849,Osaka,Japan,1958,True,True,True,True,4,3.8,667,Operational
RES001006,Pizza Chain 1006,Chain,Pizza,-74.092012,-136.993168,Osaka,Japan,2023,True,False,False,True,2,2.2,2583,Operational
RES001007,Mumbai Japanese Place 1007,Local,Japanese,-70.474099,28.594899,Mumbai,India,1991,True,False,True,True,3,3.1,2465,Operational
RES001008,Sao Paulo Burger Place 1008,Local,Burger,-79.467447,-48.146491,Sao Paulo,Brazil,1959,True,False,False,False,2,3.7,3759,Operational
RES001009,Delhi Mexican Place 1009,Local,Mexican,-18.108973,42.380694,Delhi,India,1977,True,True,False,True,4,3.3,1298,Operational
RES001010,French Chain 1010,Chain,French,4.304761,108.455076,Mumbai,India,1990,True,False,False,False,1,4.4,1732,Operational
RES001011,Manchester Brazilian Place 1011,Local,Brazilian,-25.606984,57.248106,Manchester,United Kingdom,2022,True,True,True,False,3,3.9,4898,Operational
RES001012,Indian Chain 1012,Chain,Indian,-57.436666,43.649515,London,United Kingdom,2004,True,True,True,False,1,3.4,2615,Operational
RES001013,Brazilian Chain 1013,Chain,Brazilian,71.668484,-171.50773,Manchester,United Kingdom,1999,True,True,False,False,4,2.8,878,Operational
RES001014,Japanese Chain 1014,Chain,Japanese,-1.489021,-112.249986,Mumbai,India,1951,False,True,True,False,4,3.9,3165,Operational
RES001015,Manchester Brazilian Place 1015,Local,Brazilian,84.423606,132.389332,Manchester,United Kingdom,2001,True,True,False,True,2,4.1,1548,Operational
RES001016,Rio de Janeiro Chinese Place 1016,Local,Chinese,36.317454,-16.596986,Rio de Janeiro,Brazil,1955,True,False,True,False,2,4.5,722,Operational
RES001017,New York Brazilian Place 1017,Local,Brazilian,-76.20557,-152.823834,New York,USA,2006,True,False,False,False,3,3.5,2309,Operational
RES001018,New York Indian Place 1018,Local,Indian,-51.335814,-128.97364,New York,USA,2007,True,False,False,False,1,2.1,2681,Operational
RES001019,Delhi Mediterranean Place 1019,Local,Mediterranean,76.081969,10.854073,Delhi,India,1984,True,True,False,True,1,3.8,4392,Operational
RES001020,Mumbai Indian Place 1020,Local,Indian,-89.807278,-80.341457,Mumbai,India,1955,True,True,False,False,3,2.8,816,Operational
RES001021,French Chain 1021,Chain,French,-25.564094,-14.506558,Mumbai,India,1958,False,False,True,True,3,2.2,1008,Operational
RES001022,Manchester Chinese Place 1022,Local,Chinese,39.951264,-164.344293,Manchester,United Kingdom,1956,True,True,False,False,3,3.0,3592,Operational
RES001023,Tokyo Mediterranean Place 1023,Local,Mediterranean,89.039336,122.55717,Tokyo,Japan,2005,False,True,False,True,1,4.5,4073,Operational
RES001024,Delhi Brazilian Place 1024,Local,Brazilian,-2.316817,140.286567,Delhi,India,1963,True,False,False,False,4,3.3,3503,Operational
RES001025,Burger Chain 1025,Chain,Burger,-57.750259,-150.252525,Rio de Janeiro,Brazil,1997,True,False,True,True,3,2.4,4139,Operational
RES001026,Osaka Italian Place 1026,Local,Italian,37.717811,-55.420746,Osaka,Japan,2007,True,True,False,True,1,4.2,4583,Operational
RES001027,Osaka Burger Place 1027,Local,Burger,-87.433508,134.038656,Osaka,Japan,2011,True,False,False,False,1,4.3,4240,Operational
RES001028,American Chain 1028,Chain,American,25.572189,-34.266883,Manchester,United Kingdom,2014,True,True,True,False,2,2.7,2388,Operational
RES001029,Mexican Chain 1029,Chain,Mexican,86.335701,106.625211,Sao Paulo,Brazil,2018,True,False,False,False,4,2.6,4890,Operational
RES001030,Sao Paulo Indian Place 1030,Local,Indian,-39.94131,54.672605,Sao Paulo,Brazil,2015,True,True,False,True,2,3.8,1528,Operational
RES001031,New York Chinese Place 1031,Local,Chinese,11.268158,178.217621,New York,USA,1972,False,True,True,True,1,2.5,3574,Operational
RES001032,Indian Chain 1032,Chain,Indian,-12.395352,100.684219,New York,USA,1978,True,False,False,True,3,4.3,4184,Operational
RES001033,Burger Chain 1033,Chain,Burger,-19.340405,-177.18886,Tokyo,Japan,1995,False,True,True,True,2,3.7,1588,Operational
RES001034,Los Angeles Japanese Place 1034,Local,Japanese,58.261309,-62.737386,Los Angeles,USA,1980,False,True,False,True,4,4.8,4769,Operational
RES001035,Osaka Mediterranean Place 1035,Local,Mediterranean,4.925565,-123.82285,Osaka,Japan,2003,True,False,False,True,2,2.2,3972,Operational
RES001036,New York Chinese Place 1036,Local,Chinese,2.072186,-105.504719,New York,USA,1999,False,False,True,True,1,4.8,2751,Operational
RES001037,London Chinese Place 1037,Local,Chinese,-9.895238,89.496165,London,United Kingdom,2018,True,False,False,False,3,2.7,1297,Closed Temporarily
RES001038,Pizza Chain 1038,Chain,Pizza,-25.068083,147.32567,London,United Kingdom,1953,True,True,True,True,2,2.8,2311,Operational
RES001039,Sao Paulo Pizza Place 1039,Local,Pizza,-11.930991,-68.213641,Sao Paulo,Brazil,1990,False,False,True,False,1,3.1,2316,Operational
RES001040,Rio de Janeiro Italian Place 1040,Local,Italian,-80.489765,-76.113488,Rio de Janeiro,Brazil,1983,False,False,True,False,1,4.7,685,Operational
RES001041,Thai Chain 1041,Chain,Thai,25.941547,-112.232411,Mumbai,India,2004,False,False,True,False,1,3.0,1608,Operational
RES001042,Chinese Chain 1042,Chain,Chinese,-18.54842,-132.496447,Mumbai,India,2013,False,True,True,True,1,3.1,794,Operational
RES001043,New York Italian Place 1043,Local,Italian,85.299909,98.64993,New York,USA,2005,True,False,False,True,4,4.6,2738,Operational
RES001044,American Chain 1044,Chain,American,72.93419,91.228399,Manchester,United Kingdom,2006,False,True,True,True,4,3.8,1991,Operational
RES001045,Manchester Italian Place 1045,Local,Italian,-3.519778,-72.367927,Manchester,United Kingdom,1983,True,True,True,False,4,2.3,383,Operational
RES001046,Delhi French Place 1046,Local,French,13.541273,67.120214,Delhi,India,1992,True,True,False,True,3,2.7,2688,Closed Temporarily
RES001047,London Japanese Place 1047,Local,Japanese,-34.241593,-21.139907,London,United Kingdom,1959,False,True,False,True,1,3.8,3817,Operational
RES001048,Burger Chain 1048,Chain,Burger,76.885501,-101.250076,Los Angeles,USA,1988,True,False,False,True,3,3.1,3423,Operational
RES001049,Osaka Chinese Place 1049,Local,Chinese,-52.313997,92.730482,Osaka,Japan,2001,True,True,True,False,4,4.6,2415,Operational
RES001050,Rio de Janeiro Indian Place 1050,Local,Indian,87.093608,-88.515745,Rio de Janeiro,Brazil,1966,False,False,True,True,2,3.6,682,Operational
RES001051,Mumbai Pizza Place 1051,Local,Pizza,-78.103758,-160.861826,Mumbai,India,2013,True,False,False,True,1,2.4,2440,Operational
RES001052,Indian Chain 1052,Chain,Indian,-9.411663,132.098876,Osaka,Japan,1971,True,False,True,True,4,4.9,1446,Operational
RES001053,Italian Chain 1053,Chain,Italian,-39.119308,-179.18478,Los Angeles,USA,1987,False,False,True,False,3,4.3,3066,Operational
RES001054,Rio de Janeiro Thai Place 1054,Local,Thai,21.82366,176.964163,Rio de Janeiro,Brazil,2019,True,True,False,False,1,4.6,3566,Operational
RES001055,Mediterranean Chain 1055,Chain,Mediterranean,-43.27612,28.327906,Osaka,Japan,1988,False,False,True,False,1,2.4,1906,Operational
RES001056,Osaka French Place 1056,Local,French,-10.665433,-169.780802,Osaka,Japan,2014,True,True,True,True,4,2.3,2691,Operational
RES001057,Sao Paulo Pizza Place 1057,Local,Pizza,75.159971,-12.306477,Sao Paulo,Brazil,1983,True,False,False,False,1,3.2,4979,Operational
RES001058,Delhi Italian Place 1058,Local,Italian,-18.238521,139.064544,Delhi,India,1976,False,True,True,True,4,4.1,1434,Operational
RES001059,Brazilian Chain 1059,Chain,Brazilian,-12.094224,37.671635,London,United Kingdom,2010,True,False,True,False,4,3.3,1628,Operational
RES001060,Delhi Mediterranean Place 1060,Local,Mediterranean,84.286149,94.420851,Delhi,India,1973,False,True,True,False,2,2.3,276,Operational
RES001061,Delhi Burger Place 1061,Local,Burger,-15.680028,104.40287,Delhi,India,1998,True,False,False,True,4,2.7,1264,Operational
RES001062,Burger Chain 1062,Chain,Burger,-29.586054,-132.658646,Rio de Janeiro,Brazil,2022,True,False,True,False,2,3.6,4228,Operational
RES001063,Japanese Chain 1063,Chain,Japanese,-0.159969,118.070137,Sao Paulo,Brazil,1985,True,False,False,True,1,2.8,201,Closed Temporarily
RES001064,American Chain 1064,Chain,American,-59.423608,-174.069225,Los Angeles,USA,1992,True,False,False,True,4,2.1,2409,Operational
RES001065,French Chain 1065,Chain,French,-13.351007,74.416577,Tokyo,Japan,2008,False,True,True,False,1,4.5,4999,Operational
RES001066,New York Mediterranean Place 1066,Local,Mediterranean,27.233329,-43.05708,New York,USA,2000,True,False,False,True,2,3.2,3786,Operational
RES001067,Mumbai Mediterranean Place 1067,Local,Mediterranean,53.700998,172.810366,Mumbai,India,2021,True,False,True,True,1,2.2,3781,Operational
RES001068,Mumbai Pizza Place 1068,Local,Pizza,37.003506,2.704598,Mumbai,India,1961,True,False,False,False,3,4.9,4798,Operational
RES001069,Italian Chain 1069,Chain,Italian,-5.876325,-18.877171,Manchester,United Kingdom,2012,True,False,True,True,2,4.8,3909,Operational
RES001070,Rio de Janeiro Brazilian Place 1070,Local,Brazilian,24.026949,175.636502,Rio de Janeiro,Brazil,1972,True,True,True,False,1,2.6,312,Operational
RES001071,New York Brazilian Place 1071,Local,Brazilian,23.682576,140.638872,New York,USA,2021,False,True,False,True,4,2.1,2815,Closed Temporarily
RES001072,Rio de Janeiro Italian Place 1072,Local,Italian,37.260834,-74.075745,Rio de Janeiro,Brazil,1968,False,True,True,True,3,4.5,809,Operational
RES001073,Delhi Chinese Place 1073,Local,Chinese,6.484094,-132.946567,Delhi,India,2015,False,True,True,False,3,4.8,4751,Operational
RES001074,Delhi Japanese Place 1074,Local,Japanese,48.625647,71.353475,Delhi,India,2002,False,True,False,False,3,2.4,283,Operational
RES001075,London Chinese Place 1075,Local,Chinese,-69.543614,-117.586411,London,United Kingdom,1954,True,False,False,True,4,2.9,3045,Operational
RES001076,Chinese Chain 1076,Chain,Chinese,15.1663,-132.147881,Tokyo,Japan,2011,False,False,True,True,1,4.3,3197,Operational
RES001077,New York Brazilian Place 1077,Local,Brazilian,-61.230107,-102.18197,New York,USA,2014,False,True,True,True,4,2.5,1164,Operational
RES001078,Manchester French Place 1078,Local,French,43.195707,129.611122,Manchester,United Kingdom,1975,True,False,True,True,4,2.7,3985,Operational
RES001079,Manchester Mediterranean Place 1079,Local,Mediterranean,-69.147424,2.913673,Manchester,United Kingdom,1992,False,True,False,True,3,2.9,1565,Operational
RES001080,Japanese Chain 1080,Chain,Japanese,34.604261,21.503019,Tokyo,Japan,2000,True,True,False,False,1,4.6,7,Operational
RES001081,Los Angeles Chinese Place 1081,Local,Chinese,-69.712571,171.528752,Los Angeles,USA,2018,True,True,False,False,1,4.7,257,Operational
RES001082,Osaka French Place 1082,Local,French,63.169283,-41.882807,Osaka,Japan,1961,False,True,False,False,3,2.0,4450,Operational
RES001083,Manchester Japanese Place 1083,Local,Japanese,-84.543253,152.697586,Manchester,United Kingdom,1959,True,False,False,False,3,3.1,3469,Operational
RES001084,Los Angeles Burger Place 1084,Local,Burger,-32.979042,-136.696078,Los Angeles,USA,2023,True,True,False,True,4,2.9,1121,Operational
RES001085,Burger Chain 1085,Chain,Burger,-45.187032,151.289898,New York,USA,2008,True,True,True,True,4,3.7,703,Operational
RES001086,Delhi Japanese Place 1086,Local,Japanese,-81.27952,148.458737,Delhi,India,2000,True,False,False,False,4,3.1,3572,Operational
RES001087,Burger Chain 1087,Chain,Burger,60.461049,-22.820648,Sao Paulo,Brazil,1979,False,True,False,False,1,4.0,4858,Operational
RES001088,Thai Chain 1088,Chain,Thai,-6.122025,-47.913098,Osaka,Japan,1986,False,False,True,False,4,3.4,879,Operational
RES001089,London American Place 1089,Local,American,-56.312257,-41.962292,London,United Kingdom,2023,True,False,True,True,4,3.3,4462,Operational
RES001090,Rio de Janeiro Thai Place 1090,Local,Thai,-2.004492,3.573429,Rio de Janeiro,Brazil,1964,False,True,False,False,2,4.7,231,Operational
RES001091,Manchester Italian Place 1091,Local,Italian,-82.08187,-141.728301,Manchester,United Kingdom,2011,False,True,True,False,2,4.4,1915,Operational
RES001092,Los Angeles Indian Place 1092,Local,Indian,-8.810735,78.88873,Los Angeles,USA,2023,True,True,False,False,2,4.2,4132,Operational
RES001093,Manchester French Place 1093,Local,French,18.964332,132.913652,Manchester,United Kingdom,1970,True,False,True,True,3,2.6,3238,Operational
RES001094,Los Angeles Pizza Place 1094,Local,Pizza,61.679442,100.284714,Los Angeles,USA,2016,True,True,True,False,2,3.1,4618,Operational
RES001095,Delhi Brazilian Place 1095,Local,Brazilian,52.777609,-164.431778,Delhi,India,1962,False,True,True,True,4,3.1,382,Operational
RES001096,Tokyo Burger Place 1096,Local,Burger,23.174532,43.249911,Tokyo,Japan,1953,True,True,True,True,3,3.5,2500,Operational
RES001097,Japanese Chain 1097,Chain,Japanese,19.388547,125.583285,Delhi,India,1980,True,True,False,True,2,4.8,2362,Operational
RES001098,New York French Place 1098,Local,French,-45.214902,139.613464,New York,USA,2000,True,False,False,False,2,3.4,4559,Operational
RES001099,London Indian Place 1099,Local,Indian,46.106193,-126.377747,London,United Kingdom,1956,False,True,True,False,2,4.4,711,Operational
RES001100,Japanese Chain 1100,Chain,Japanese,-15.831827,-144.574707,London,United Kingdom,1968,True,False,True,False,3,2.8,1636,Operational
RES001101,Osaka Italian Place 1101,Local,Italian,-52.775235,18.049795,Osaka,Japan,2017,True,False,True,True,1,3.6,2223,Operational
RES001102,Osaka Chinese Place 1102,Local,Chinese,19.679222,-115.936291,Osaka,Japan,1972,False,False,True,True,1,4.2,1939,Operational
RES001103,Osaka Pizza Place 1103,Local,Pizza,61.780388,88.423505,Osaka,Japan,2000,True,False,False,True,3,3.3,1328,Operational
RES001104,French Chain 1104,Chain,French,69.697696,117.66269,Osaka,Japan,2005,False,False,True,False,4,3.8,4446,Operational
RES001105,Pizza Chain 1105,Chain,Pizza,-4.505841,59.345298,Sao Paulo,Brazil,2008,True,False,True,False,1,3.0,3105,Operational
RES001106,Chinese Chain 1106,Chain,Chinese,-76.165919,171.199143,Tokyo,Japan,1990,True,False,False,False,2,2.2,187,Operational
RES001107,Indian Chain 1107,Chain,Indian,8.60274,-71.367702,Delhi,India,1977,True,False,False,False,1,3.4,3979,Operational
RES001108,Los Angeles Chinese Place 1108,Local,Chinese,15.786371,-132.621326,Los Angeles,USA,1992,True,False,True,True,1,5.0,3802,Operational
RES001109,Delhi Japanese Place 1109,Local,Japanese,-37.913108,-30.477087,Delhi,India,1993,False,True,False,False,3,3.1,3754,Operational
RES001110,London Mexican Place 1110,Local,Mexican,-31.787774,-139.736432,London,United Kingdom,1995,True,False,False,True,4,4.4,3381,Operational
RES001111,Italian Chain 1111,Chain,Italian,60.4719,168.703991,Rio de Janeiro,Brazil,1997,True,False,False,True,2,2.2,4397,Operational
RES001112,Mexican Chain 1112,Chain,Mexican,36.686885,122.182058,Rio de Janeiro,Brazil,1969,True,True,False,True,2,4.9,825,Operational
RES001113,London American Place 1113,Local,American,-62.203637,65.336035,London,United Kingdom,1978,True,False,False,True,1,4.0,3837,Operational
RES001114,Burger Chain 1114,Chain,Burger,14.159078,-113.516793,Mumbai,India,1987,False,False,True,False,3,4.5,1319,Operational
RES001115,Delhi Indian Place 1115,Local,Indian,-12.132243,44.279521,Delhi,India,1974,False,True,False,False,1,3.0,3287,Operational
RES001116,Rio de Janeiro Indian Place 1116,Local,Indian,46.808851,-122.972296,Rio de Janeiro,Brazil,1953,False,False,True,False,4,4.6,2180,Operational
RES001117,Manchester American Place 1117,Local,American,79.038878,7.191053,Manchester,United Kingdom,2003,True,False,True,True,3,3.8,4399,Operational
RES001118,London Indian Place 1118,Local,Indian,-43.696452,-168.795099,London,United Kingdom,1968,True,False,False,False,2,3.1,3124,Operational
RES001119,Osaka Burger Place 1119,Local,Burger,32.326668,-54.889806,Osaka,Japan,1960,True,False,True,False,3,4.0,2057,Operational
RES001120,Rio de Janeiro Mediterranean Place 1120,Local,Mediterranean,14.2739,114.745103,Rio de Janeiro,Brazil,2023,True,True,True,False,3,3.7,1265,Operational
RES001121,Rio de Janeiro Brazilian Place 1121,Local,Brazilian,20.182662,-111.103023,Rio de Janeiro,Brazil,1952,True,False,True,True,1,2.9,377,Operational
RES001122,Los Angeles Indian Place 1122,Local,Indian,65.047226,52.544787,Los Angeles,USA,2015,True,False,True,False,4,3.6,2033,Operational
RES001123,French Chain 1123,Chain,French,-0.934679,119.688431,Tokyo,Japan,1986,True,False,False,True,1,4.5,4715,Operational
RES001124,Mediterranean Chain 1124,Chain,Mediterranean,-74.135307,-114.444572,Los Angeles,USA,1994,False,True,True,False,4,4.9,584,Operational
RES001125,Manchester Thai Place 1125,Local,Thai,2.028033,-36.81345,Manchester,United Kingdom,1971,True,False,True,True,1,4.1,4731,Operational
RES001126,Mumbai Thai Place 1126,Local,Thai,-21.588241,-117.699769,Mumbai,India,1966,True,False,False,False,3,2.8,1650,Operational
RES001127,American Chain 1127,Chain,American,24.848746,-25.594429,New York,USA,1952,False,True,False,True,4,3.4,1988,Operational
RES001128,London Japanese Place 1128,Local,Japanese,25.743695,-118.310115,London,United Kingdom,1973,True,False,True,True,2,4.9,2919,Operational
RES001129,New York Pizza Place 1129,Local,Pizza,38.609404,-66.015604,New York,USA,1979,True,False,True,False,2,3.8,1359,Operational
RES001130,Manchester Pizza Place 1130,Local,Pizza,-66.065805,179.334104,Manchester,United Kingdom,2022,True,True,False,True,4,4.1,2954,Operational
RES001131,London Japanese Place 1131,Local,Japanese,12.606726,170.568377,London,United Kingdom,2017,False,True,True,False,3,4.5,4890,Operational
RES001132,New York American Place 1132,Local,American,8.508849,-66.072647,New York,USA,1976,True,False,False,True,2,3.2,811,Operational
RES001133,New York Japanese Place 1133,Local,Japanese,-62.934852,38.26171,New York,USA,1998,True,False,True,True,4,2.7,1337,Closed Temporarily
RES001134,French Chain 1134,Chain,French,24.288147,-57.275188,Mumbai,India,1985,False,True,True,False,3,4.6,1152,Operational
RES001135,Tokyo Italian Place 1135,Local,Italian,41.725107,41.53377,Tokyo,Japan,1969,True,True,True,False,2,2.7,260,Operational
RES001136,Mexican Chain 1136,Chain,Mexican,-89.153321,50.544152,Tokyo,Japan,2010,True,False,True,False,3,4.5,689,Operational
RES001137,New York Brazilian Place 1137,Local,Brazilian,-75.499905,-78.604875,New York,USA,1951,True,False,False,False,1,3.8,3611,Operational
RES001138,Tokyo Pizza Place 1138,Local,Pizza,15.648877,-116.522909,Tokyo,Japan,1991,False,True,False,True,1,4.3,978,Operational
RES001139,Italian Chain 1139,Chain,Italian,16.177403,161.724993,New York,USA,1987,True,False,False,True,4,4.0,4054,Operational
RES001140,French Chain 1140,Chain,French,-48.626572,110.790506,Tokyo,Japan,2007,True,False,True,True,4,2.1,1898,Operational
RES001141,New York Indian Place 1141,Local,Indian,-41.200973,-74.982388,New York,USA,1984,True,False,False,True,3,3.6,1296,Operational
RES001142,American Chain 1142,Chain,American,-5.855749,85.413091,Rio de Janeiro,Brazil,1977,False,True,False,False,3,2.1,921,Operational
RES001143,Pizza Chain 1143,Chain,Pizza,55.664213,80.979908,Sao Paulo,Brazil,1993,True,False,False,False,4,3.6,2019,Operational
RES001144,Thai Chain 1144,Chain,Thai,76.619152,-144.310825,London,United Kingdom,1973,True,True,True,True,3,2.8,4649,Operational
RES001145,French Chain 1145,Chain,French,45.556542,-146.414931,Delhi,India,1995,False,True,False,True,1,4.5,308,Operational
RES001146,Manchester Burger Place 1146,Local,Burger,-88.748469,8.58545,Manchester,United Kingdom,1988,True,True,True,True,3,3.0,493,Operational
RES001147,Sao Paulo Pizza Place 1147,Local,Pizza,17.347333,136.81905,Sao Paulo,Brazil,1992,True,False,True,False,3,4.5,1484,Operational
RES001148,New York Pizza Place 1148,Local,Pizza,-24.662832,56.753131,New York,USA,2002,True,True,True,False,4,4.0,93,Operational
RES001149,Los Angeles French Place 1149,Local,French,-88.002787,155.435923,Los Angeles,USA,2008,True,False,True,False,3,2.4,1560,Operational
RES001150,New York French Place 1150,Local,French,45.543366,-118.198889,New York,USA,1971,False,True,False,True,2,3.0,3306,Operational
RES001151,Burger Chain 1151,Chain,Burger,-54.840821,-1.614545,Rio de Janeiro,Brazil,2007,True,False,False,True,3,4.3,3720,Operational
RES001152,Delhi Chinese Place 1152,Local,Chinese,5.002902,-98.001034,Delhi,India,2003,True,False,True,True,2,5.0,2417,Operational
RES001153,Italian Chain 1153,Chain,Italian,-67.530677,-126.521775,Los Angeles,USA,2019,False,True,True,True,1,4.8,470,Operational
RES001154,Chinese Chain 1154,Chain,Chinese,-72.659893,-11.244824,Los Angeles,USA,1970,True,False,True,False,1,4.9,3196,Operational
RES001155,Mumbai Italian Place 1155,Local,Italian,-34.717643,-11.853585,Mumbai,India,1953,True,False,False,False,3,2.6,1181,Operational
RES001156,Tokyo Pizza Place 1156,Local,Pizza,89.739104,25.182636,Tokyo,Japan,1959,True,False,True,True,4,4.0,648,Operational
RES001157,Mexican Chain 1157,Chain,Mexican,-31.652165,-145.066928,London,United Kingdom,2011,True,False,False,False,3,3.9,4564,Operational
RES001158,Delhi Japanese Place 1158,Local,Japanese,60.390053,158.75034,Delhi,India,2014,True,False,False,False,2,3.2,4898,Operational
RES001159,Thai Chain 1159,Chain,Thai,25.96227,39.135304,New York,USA,2007,True,True,True,True,1,5.0,2439,Operational
RES001160,Mediterranean Chain 1160,Chain,Mediterranean,0.621377,84.037975,Delhi,India,2014,True,False,True,False,2,3.8,1192,Operational
RES001161,New York Chinese Place 1161,Local,Chinese,62.815015,-162.219765,New York,USA,2019,True,False,True,True,2,2.9,4890,Operational
RES001162,American Chain 1162,Chain,American,-15.838527,-12.932587,Los Angeles,USA,1996,False,True,True,True,3,4.3,1611,Operational
RES001163,New York Italian Place 1163,Local,Italian,-1.014224,43.234626,New York,USA,2012,True,True,True,False,2,4.7,3878,Operational
RES001164,Tokyo Indian Place 1164,Local,Indian,78.262199,124.576129,Tokyo,Japan,2000,True,False,False,True,1,3.9,941,Operational
RES001165,Sao Paulo Brazilian Place 1165,Local,Brazilian,-26.282649,172.003169,Sao Paulo,Brazil,2008,True,True,False,True,1,2.8,4945,Operational
RES001166,Delhi Brazilian Place 1166,Local,Brazilian,-29.309634,35.174839,Delhi,India,1969,True,False,True,False,1,4.3,419,Operational
RES001167,New York Japanese Place 1167,Local,Japanese,-28.231423,-32.02835,New York,USA,1969,True,False,True,True,3,3.6,398,Operational
RES001168,Manchester Chinese Place 1168,Local,Chinese,30.164303,47.160775,Manchester,United Kingdom,1953,True,False,False,False,3,3.5,397,Operational
RES001169,Osaka American Place 1169,Local,American,-73.851702,0.823819,Osaka,Japan,1978,False,True,True,True,1,2.3,502,Operational
RES001170,Mumbai Brazilian Place 1170,Local,Brazilian,-32.841337,135.331123,Mumbai,India,2020,True,True,False,False,1,2.4,2662,Operational
RES001171,New York Italian Place 1171,Local,Italian,-35.676351,134.29197,New York,USA,1975,True,False,False,True,3,3.1,2711,Operational
RES001172,London Burger Place 1172,Local,Burger,-85.852532,-71.751066,London,United Kingdom,1963,True,True,True,False,1,5.0,3601,Operational
RES001173,Rio de Janeiro American Place 1173,Local,American,40.400488,15.397988,Rio de Janeiro,Brazil,1986,False,False,True,False,3,3.6,3664,Operational
RES001174,Delhi Pizza Place 1174,Local,Pizza,43.150764,8.340054,Delhi,India,1958,True,True,True,False,2,3.7,4489,Operational
RES001175,Delhi Italian Place 1175,Local,Italian,73.285826,32.442497,Delhi,India,1988,True,False,False,True,1,3.0,1764,Operational
RES001176,Mexican Chain 1176,Chain,Mexican,46.810934,-156.871137,Sao Paulo,Brazil,1963,False,True,True,True,3,3.2,2650,Operational
RES001177,Tokyo Chinese Place 1177,Local,Chinese,7.860535,-167.052918,Tokyo,Japan,2007,True,True,False,True,3,3.9,263,Operational
RES001178,Sao Paulo Mediterranean Place 1178,Local,Mediterranean,-81.332728,-96.719831,Sao Paulo,Brazil,1953,True,False,False,True,2,4.9,3676,Operational
RES001179,Tokyo Japanese Place 1179,Local,Japanese,-60.474029,173.285003,Tokyo,Japan,2009,False,True,True,True,4,2.7,2024,Operational
RES001180,Sao Paulo Thai Place 1180,Local,Thai,-85.766107,-63.170804,Sao Paulo,Brazil,1972,True,True,False,True,2,3.3,2528,Closed Temporarily
RES001181,London American Place 1181,Local,American,40.006487,-18.659924,London,United Kingdom,1997,True,False,True,False,4,4.6,754,Operational
RES001182,Mumbai Japanese Place 1182,Local,Japanese,19.795581,-107.953364,Mumbai,India,1959,False,False,True,False,3,4.9,2660,Operational
RES001183,Thai Chain 1183,Chain,Thai,-34.939645,164.630985,Sao Paulo,Brazil,1975,True,False,True,True,2,4.3,50,Operational
RES001184,Mexican Chain 1184,Chain,Mexican,60.840702,88.380719,Rio de Janeiro,Brazil,2005,True,False,False,False,4,3.3,1436,Operational
RES001185,Italian Chain 1185,Chain,Italian,-3.849362,8.900309,Sao Paulo,Brazil,1997,True,False,False,False,1,3.5,3655,Closed Temporarily
RES001186,Tokyo Mediterranean Place 1186,Local,Mediterranean,76.175621,-27.643072,Tokyo,Japan,1963,True,True,False,True,3,3.4,4069,Operational
RES001187,Japanese Chain 1187,Chain,Japanese,51.158665,-137.039795,Sao Paulo,Brazil,2021,True,False,False,False,4,2.4,3088,Operational
RES001188,Mumbai Indian Place 1188,Local,Indian,72.975177,70.229279,Mumbai,India,1986,False,False,True,False,2,4.0,1740,Operational
RES001189,Tokyo Chinese Place 1189,Local,Chinese,9.481464,-62.752213,Tokyo,Japan,1989,True,False,True,False,3,3.1,4224,Operational
RES001190,American Chain 1190,Chain,American,-28.012684,23.263463,Tokyo,Japan,1997,True,True,True,True,1,4.0,1919,Operational
RES001191,Delhi Pizza Place 1191,Local,Pizza,72.762159,-179.228743,Delhi,India,1978,True,False,False,False,4,2.9,4546,Operational
RES001192,Tokyo American Place 1192,Local,American,62.347976,95.415057,Tokyo,Japan,2001,False,True,False,True,3,4.7,4619,Operational
RES001193,Japanese Chain 1193,Chain,Japanese,-58.159635,14.585716,Manchester,United Kingdom,2019,False,True,True,False,2,2.5,2908,Operational
RES001194,London French Place 1194,Local,French,24.306822,126.78871,London,United Kingdom,1984,False,False,True,False,3,3.2,1276,Operational
RES001195,Sao Paulo Chinese Place 1195,Local,Chinese,-69.98578,9.821497,Sao Paulo,Brazil,1967,False,True,False,True,4,4.1,911,Operational
RES001196,Mumbai Japanese Place 1196,Local,Japanese,31.998302,-35.806576,Mumbai,India,2001,True,False,False,False,1,3.4,2522,Operational
RES001197,Los Angeles Japanese Place 1197,Local,Japanese,-49.891273,99.798484,Los Angeles,USA,2022,False,False,True,True,4,4.0,550,Operational
RES001198,Los Angeles Burger Place 1198,Local,Burger,-56.050516,85.019759,Los Angeles,USA,1952,False,True,True,True,2,3.3,3908,Operational
RES001199,Sao Paulo Brazilian Place 1199,Local,Brazilian,-60.87714,-11.203491,Sao Paulo,Brazil,2017,True,False,True,True,1,2.7,2220,Operational
RES001200,Los Angeles Thai Place 1200,Local,Thai,-55.835791,-16.312214,Los Angeles,USA,1998,False,True,True,False,3,3.2,3689,Operational
RES001201,New York Japanese Place 1201,Local,Japanese,30.850988,-35.217727,New York,USA,1964,True,False,True,False,1,4.9,2641,Operational
RES001202,London Italian Place 1202,Local,Italian,-46.816137,-28.767287,London,United Kingdom,1976,False,True,True,False,2,3.6,70,Operational
RES001203,Japanese Chain 1203,Chain,Japanese,14.054085,157.23848,Manchester,United Kingdom,1961,True,True,True,False,1,3.3,2985,Operational
RES001204,Pizza Chain 1204,Chain,Pizza,3.257276,-12.184596,London,United Kingdom,1986,True,True,True,False,1,2.0,3749,Operational
RES001205,Tokyo Italian Place 1205,Local,Italian,39.427186,170.782539,Tokyo,Japan,2017,False,True,False,False,2,3.6,1074,Operational
RES001206,Mediterranean Chain 1206,Chain,Mediterranean,88.251848,-54.785773,Osaka,Japan,2017,True,True,True,False,1,2.8,3608,Operational
RES001207,Sao Paulo American Place 1207,Local,American,-37.864476,53.401476,Sao Paulo,Brazil,1958,True,False,False,False,1,3.0,3391,Operational
RES001208,Mumbai French Place 1208,Local,French,35.573478,169.15988,Mumbai,India,1966,True,True,True,True,2,4.0,3160,Closed Temporarily
RES001209,Thai Chain 1209,Chain,Thai,48.038035,-92.736507,Osaka,Japan,1952,True,True,True,True,4,3.7,120,Operational
RES001210,Delhi Italian Place 1210,Local,Italian,18.229223,111.798982,Delhi,India,1983,True,False,False,False,3,3.2,3785,Operational
RES001211,Osaka Japanese Place 1211,Local,Japanese,-13.105463,139.978558,Osaka,Japan,2002,False,True,True,True,1,4.4,4004,Operational
RES001212,Indian Chain 1212,Chain,Indian,-58.184297,0.485274,Osaka,Japan,1967,True,True,False,False,2,4.6,418,Operational
RES001213,Pizza Chain 1213,Chain,Pizza,-23.66548,25.542212,Rio de Janeiro,Brazil,1982,True,True,True,False,3,4.7,2661,Operational
RES001214,Osaka Italian Place 1214,Local,Italian,-75.531932,96.349355,Osaka,Japan,1960,True,False,False,False,4,4.1,4267,Closed Temporarily
RES001215,Japanese Chain 1215,Chain,Japanese,-59.289326,-32.966023,Osaka,Japan,1984,True,True,True,False,3,4.0,4121,Operational
RES001216,Delhi Pizza Place 1216,Local,Pizza,54.026421,71.051707,Delhi,India,2023,True,True,False,True,4,4.6,3140,Operational
RES001217,Osaka Chinese Place 1217,Local,Chinese,32.052988,-5.030241,Osaka,Japan,2010,True,True,False,True,4,4.3,2338,Operational
RES001218,Mumbai Japanese Place 1218,Local,Japanese,-76.865134,-92.462798,Mumbai,India,1982,True,False,False,False,3,3.6,2449,Operational
RES001219,London Brazilian Place 1219,Local,Brazilian,84.597158,164.781001,London,United Kingdom,1968,True,True,True,True,1,4.8,1672,Operational
RES001220,Burger Chain 1220,Chain,Burger,48.149922,179.237171,New York,USA,1997,False,True,True,True,1,4.1,2887,Operational
RES001221,New York Chinese Place 1221,Local,Chinese,75.799622,-179.526525,New York,USA,1959,True,False,False,False,3,3.0,1165,Operational
RES001222,Manchester Japanese Place 1222,Local,Japanese,-88.197432,14.776046,Manchester,United Kingdom,1997,True,True,False,True,1,2.9,4656,Operational
RES001223,Los Angeles French Place 1223,Local,French,-21.043523,122.840968,Los Angeles,USA,1963,False,True,True,False,3,4.3,1585,Operational
RES001224,New York Pizza Place 1224,Local,Pizza,-37.359372,74.157735,New York,USA,1974,True,False,False,True,3,2.2,1437,Operational
RES001225,Tokyo French Place 1225,Local,French,-27.103607,15.707699,Tokyo,Japan,1990,True,False,False,True,1,3.9,65,Operational
RES001226,Osaka Japanese Place 1226,Local,Japanese,36.756062,144.2883,Osaka,Japan,1990,False,False,True,False,1,4.6,2859,Operational
RES001227,Delhi Mediterranean Place 1227,Local,Mediterranean,51.489203,-28.441617,Delhi,India,1984,True,False,False,False,2,2.7,4654,Operational
RES001228,Manchester Mexican Place 1228,Local,Mexican,-59.575885,50.81868,Manchester,United Kingdom,1957,True,False,False,True,4,2.2,1432,Operational
RES001229,London Pizza Place 1229,Local,Pizza,-54.435574,-53.119369,London,United Kingdom,1998,False,False,True,False,2,2.7,2854,Operational
RES001230,Tokyo Thai Place 1230,Local,Thai,63.029559,-178.708999,Tokyo,Japan,2022,True,True,False,False,2,3.5,2912,Operational
RES001231,Brazilian Chain 1231,Chain,Brazilian,64.904836,100.439372,New York,USA,1986,True,False,False,True,4,4.3,553,Operational
RES001232,Brazilian Chain 1232,Chain,Brazilian,-11.735467,-127.543696,Rio de Janeiro,Brazil,1960,False,True,True,False,3,4.4,4404,Operational
RES001233,Rio de Janeiro Indian Place 1233,Local,Indian,52.679758,174.073343,Rio de Janeiro,Brazil,1966,False,True,False,False,3,4.0,1279,Operational
RES001234,Manchester Chinese Place 1234,Local,Chinese,67.981132,23.789706,Manchester,United Kingdom,1997,False,True,False,False,1,4.8,2056,Closed Temporarily
RES001235,Manchester American Place 1235,Local,American,15.16731,-178.398039,Manchester,United Kingdom,1960,True,False,True,False,4,5.0,4863,Operational
RES001236,Tokyo Burger Place 1236,Local,Burger,-85.084253,35.789471,Tokyo,Japan,2005,False,False,True,False,1,4.7,4343,Operational
RES001237,Manchester Japanese Place 1237,Local,Japanese,47.485622,-7.701055,Manchester,United Kingdom,2007,False,True,True,False,2,2.6,1539,Operational
RES001238,London French Place 1238,Local,French,-59.950808,37.071018,London,United Kingdom,2015,True,False,False,False,4,2.6,3737,Operational
RES001239,Indian Chain 1239,Chain,Indian,-70.369039,11.405595,Tokyo,Japan,1968,True,True,True,False,4,4.4,1112,Operational
RES001240,Indian Chain 1240,Chain,Indian,59.699865,155.232629,Mumbai,India,1987,True,True,True,True,4,2.2,2168,Operational
RES001241,Tokyo Chinese Place 1241,Local,Chinese,54.166539,140.169978,Tokyo,Japan,2015,False,True,True,True,1,4.3,765,Operational
RES001242,Manchester Japanese Place 1242,Local,Japanese,-74.173966,-53.511647,Manchester,United Kingdom,1951,False,True,False,False,1,4.1,4822,Operational
RES001243,Rio de Janeiro Pizza Place 1243,Local,Pizza,-31.24495,-16.73827,Rio de Janeiro,Brazil,1986,True,False,True,True,4,3.2,291,Operational
RES001244,Osaka Brazilian Place 1244,Local,Brazilian,15.502354,-65.416175,Osaka,Japan,2006,False,True,False,False,1,2.4,3850,Operational
RES001245,Osaka Thai Place 1245,Local,Thai,80.03282,100.924537,Osaka,Japan,1955,True,True,False,True,4,3.9,2481,Operational
RES001246,Tokyo Mexican Place 1246,Local,Mexican,23.513715,-22.807502,Tokyo,Japan,2015,True,False,True,False,3,3.2,3271,Operational
RES001247,Tokyo Mediterranean Place 1247,Local,Mediterranean,70.004861,-171.588957,Tokyo,Japan,2013,True,True,True,False,4,4.4,568,Operational
RES001248,Brazilian Chain 1248,Chain,Brazilian,-34.481237,-28.983159,London,United Kingdom,1982,True,True,False,True,1,4.9,739,Operational
RES001249,Sao Paulo French Place 1249,Local,French,63.553965,6.524164,Sao Paulo,Brazil,1977,False,True,True,True,1,4.2,457,Operational
RES001250,Los Angeles Italian Place 1250,Local,Italian,-71.457656,17.637619,Los Angeles,USA,1992,True,True,False,True,1,3.4,2332,Operational
RES001251,Italian Chain 1251,Chain,Italian,-51.568912,50.027386,Los Angeles,USA,1962,True,True,True,True,3,4.4,4538,Closed Temporarily
RES001252,London Pizza Place 1252,Local,Pizza,48.912781,28.773889,London,United Kingdom,1975,True,False,False,True,1,2.3,4856,Operational
RES001253,Los Angeles Indian Place 1253,Local,Indian,-49.798772,35.549203,Los Angeles,USA,1993,True,True,False,False,2,2.6,2144,Operational
RES001254,New York Mediterranean Place 1254,Local,Mediterranean,27.842646,129.258673,New York,USA,1989,True,True,True,True,1,3.5,1756,Operational
RES001255,French Chain 1255,Chain,French,-63.352449,30.081998,Tokyo,Japan,1956,False,False,True,True,4,4.4,2483,Operational
RES001256,London Burger Place 1256,Local,Burger,-40.123849,177.101453,London,United Kingdom,2006,True,False,False,True,2,2.1,4275,Operational
RES001257,Tokyo American Place 1257,Local,American,86.656785,-40.748319,Tokyo,Japan,2001,True,False,False,True,4,5.0,2802,Operational
RES001258,Los Angeles Chinese Place 1258,Local,Chinese,60.902409,144.226662,Los Angeles,USA,1952,True,True,True,False,1,3.6,3028,Operational
RES001259,Brazilian Chain 1259,Chain,Brazilian,45.825874,125.542932,Los Angeles,USA,2016,True,False,False,True,1,2.7,3649,Operational
RES001260,Sao Paulo Thai Place 1260,Local,Thai,83.259642,156.679485,Sao Paulo,Brazil,2022,True,True,True,False,1,3.1,1172,Operational
RES001261,Brazilian Chain 1261,Chain,Brazilian,31.985682,-50.161093,Rio de Janeiro,Brazil,1990,True,False,True,False,2,3.7,1431,Operational
RES001262,London Mexican Place 1262,Local,Mexican,35.839265,-94.484745,London,United Kingdom,2019,True,False,False,False,2,5.0,2565,Operational
RES001263,Mediterranean Chain 1263,Chain,Mediterranean,87.507764,-141.665721,Mumbai,India,1953,True,False,False,True,4,2.5,1215,Operational
RES001264,Tokyo Thai Place 1264,Local,Thai,49.586534,-120.689535,Tokyo,Japan,1985,False,True,True,False,2,4.9,4762,Operational
RES001265,Mumbai Chinese Place 1265,Local,Chinese,-27.023283,-160.508972,Mumbai,India,1982,False,False,True,False,4,2.2,2525,Operational
RES001266,Manchester Burger Place 1266,Local,Burger,50.448541,114.105622,Manchester,United Kingdom,2022,True,False,False,True,1,4.6,4003,Operational
RES001267,Delhi Thai Place 1267,Local,Thai,13.568861,174.41239,Delhi,India,1976,True,True,False,False,3,2.1,2034,Operational
RES001268,Sao Paulo Brazilian Place 1268,Local,Brazilian,-2.135832,-179.838311,Sao Paulo,Brazil,1975,False,True,True,True,4,4.9,42,Operational
RES001269,Pizza Chain 1269,Chain,Pizza,62.55957,-136.526262,Osaka,Japan,1969,True,False,False,True,3,2.6,2354,Operational
RES001270,Pizza Chain 1270,Chain,Pizza,17.023854,-62.979239,Rio de Janeiro,Brazil,1994,False,False,True,False,1,2.5,2202,Operational
RES001271,Rio de Janeiro Burger Place 1271,Local,Burger,-35.357643,-169.38669,Rio de Janeiro,Brazil,1950,True,True,True,False,2,3.0,1916,Operational
RES001272,Manchester Japanese Place 1272,Local,Japanese,-76.10156,74.748114,Manchester,United Kingdom,1978,False,True,False,True,3,4.0,3083,Operational
RES001273,New York Indian Place 1273,Local,Indian,37.512714,-159.318343,New York,USA,1992,True,False,True,True,4,4.9,360,Operational
RES001274,Osaka Burger Place 1274,Local,Burger,-3.841057,47.033121,Osaka,Japan,2015,True,True,False,True,4,3.3,4089,Closed Temporarily
RES001275,Sao Paulo Pizza Place 1275,Local,Pizza,86.657339,-153.904095,Sao Paulo,Brazil,1956,True,True,False,True,4,3.7,1604,Operational
RES001276,Los Angeles Japanese Place 1276,Local,Japanese,-10.86033,-132.020949,Los Angeles,USA,1971,True,True,True,True,3,4.2,3937,Operational
RES001277,Thai Chain 1277,Chain,Thai,-35.620133,127.92776,Los Angeles,USA,1986,True,False,False,True,4,3.8,2527,Operational
RES001278,Tokyo Japanese Place 1278,Local,Japanese,-58.68262,-107.618013,Tokyo,Japan,1951,True,True,True,False,4,2.4,4328,Operational
RES001279,Chinese Chain 1279,Chain,Chinese,-3.482444,-135.12597,Rio de Janeiro,Brazil,1995,False,False,True,False,3,3.7,2295,Operational
RES001280,Osaka American Place 1280,Local,American,-7.481975,-122.18434,Osaka,Japan,1970,True,False,False,True,2,2.7,3228,Operational
RES001281,American Chain 1281,Chain,American,-38.148201,104.157856,Rio de Janeiro,Brazil,1959,False,False,True,True,3,3.2,1038,Operational
RES001282,Manchester Chinese Place 1282,Local,Chinese,12.939557,12.912745,Manchester,United Kingdom,1972,True,False,False,True,4,2.5,3178,Operational
RES001283,Los Angeles Thai Place 1283,Local,Thai,48.588978,-13.577018,Los Angeles,USA,1994,False,True,True,False,3,2.4,357,Operational
RES001284,London Mediterranean Place 1284,Local,Mediterranean,59.757817,-76.851504,London,United Kingdom,2015,True,False,False,True,4,2.1,4868,Closed Temporarily
RES001285,Indian Chain 1285,Chain,Indian,-0.643802,94.956449,Delhi,India,1994,True,False,True,True,3,4.8,182,Operational
RES001286,Japanese Chain 1286,Chain,Japanese,38.888676,15.666261,Mumbai,India,2003,True,True,False,True,4,3.3,3893,Operational
RES001287,Burger Chain 1287,Chain,Burger,-4.065657,168.526955,Delhi,India,1956,True,False,True,True,3,4.5,4357,Operational
RES001288,French Chain 1288,Chain,French,85.192796,-120.70357,Mumbai,India,1986,True,True,False,True,3,3.4,4060,Operational
RES001289,Manchester Thai Place 1289,Local,Thai,43.865424,-97.533934,Manchester,United Kingdom,1999,False,False,True,True,2,3.3,252,Operational
RES001290,Manchester Mediterranean Place 1290,Local,Mediterranean,67.935338,-97.408185,Manchester,United Kingdom,1969,True,False,True,False,2,2.3,2264,Operational
RES001291,London Mexican Place 1291,Local,Mexican,-62.183516,164.234525,London,United Kingdom,1967,True,False,True,False,2,3.0,3072,Operational
RES001292,Delhi Mexican Place 1292,Local,Mexican,-63.914681,54.251208,Delhi,India,2023,True,True,True,False,3,3.0,4905,Operational
RES001293,New York Chinese Place 1293,Local,Chinese,-4.787393,155.404988,New York,USA,2007,False,True,False,False,4,4.9,664,Operational
RES001294,Brazilian Chain 1294,Chain,Brazilian,7.568402,58.74375,Rio de Janeiro,Brazil,2001,True,False,False,True,4,2.3,4830,Operational
RES001295,New York Mexican Place 1295,Local,Mexican,8.530468,3.76921,New York,USA,1951,True,False,False,False,2,2.9,1473,Operational
RES001296,Sao Paulo French Place 1296,Local,French,27.729067,-51.950932,Sao Paulo,Brazil,2018,False,False,True,True,2,3.4,739,Closed Temporarily
RES001297,Tokyo Chinese Place 1297,Local,Chinese,-77.216907,-0.292014,Tokyo,Japan,2002,True,True,False,True,3,2.8,406,Operational
RES001298,Rio de Janeiro Burger Place 1298,Local,Burger,-87.350812,-91.665391,Rio de Janeiro,Brazil,1957,True,False,False,False,2,3.1,4903,Operational
RES001299,London Indian Place 1299,Local,Indian,-87.860012,-139.147718,London,United Kingdom,1959,True,False,True,True,2,3.2,3457,Operational
RES001300,Delhi Indian Place 1300,Local,Indian,-24.239749,-175.711999,Delhi,India,1990,False,True,True,True,2,3.8,3054,Operational
RES001301,Pizza Chain 1301,Chain,Pizza,41.93381,123.233952,Osaka,Japan,1954,False,True,True,True,2,2.1,4042,Operational
RES001302,American Chain 1302,Chain,American,59.327004,152.583421,Osaka,Japan,2000,False,True,False,True,4,4.5,3370,Operational
RES001303,French Chain 1303,Chain,French,15.478626,-107.833246,Sao Paulo,Brazil,2012,True,False,False,False,1,4.9,4810,Operational
RES001304,Mumbai Italian Place 1304,Local,Italian,-35.513393,72.819951,Mumbai,India,2013,True,True,False,True,2,4.3,2402,Operational
RES001305,Osaka Italian Place 1305,Local,Italian,49.679172,-52.447809,Osaka,Japan,1950,True,False,False,False,3,3.7,2648,Operational
RES001306,London Italian Place 1306,Local,Italian,-79.725977,159.151246,London,United Kingdom,1982,False,True,False,False,1,4.4,4586,Closed Temporarily
RES001307,New York Thai Place 1307,Local,Thai,-23.239814,-148.138411,New York,USA,1981,True,False,False,False,4,3.7,3400,Operational
RES001308,Burger Chain 1308,Chain,Burger,-17.969016,95.019898,Tokyo,Japan,2001,True,False,True,True,4,3.6,3050,Operational
RES001309,Mumbai Thai Place 1309,Local,Thai,-24.81413,-104.909098,Mumbai,India,1967,False,True,False,False,1,3.1,3166,Operational
RES001310,Pizza Chain 1310,Chain,Pizza,-86.471595,71.236791,Mumbai,India,1978,False,True,True,False,3,2.6,4487,Operational
RES001311,Sao Paulo Indian Place 1311,Local,Indian,-61.885585,-131.916414,Sao Paulo,Brazil,1961,True,False,True,True,1,3.5,4030,Operational
RES001312,Mumbai Indian Place 1312,Local,Indian,42.596208,-9.760247,Mumbai,India,1977,False,True,False,False,2,3.8,2329,Operational
RES001313,Mumbai Chinese Place 1313,Local,Chinese,68.854161,-30.16562,Mumbai,India,1959,True,True,True,False,3,2.8,3602,Operational
RES001314,French Chain 1314,Chain,French,25.862408,52.700665,Los Angeles,USA,1989,True,False,False,False,2,3.6,2583,Operational
RES001315,Mumbai Japanese Place 1315,Local,Japanese,-37.790075,15.816362,Mumbai,India,2012,False,True,True,True,1,4.5,3364,Operational
RES001316,Osaka American Place 1316,Local,American,-29.194411,115.318011,Osaka,Japan,1984,True,False,False,True,1,3.4,1630,Operational
RES001317,Sao Paulo Pizza Place 1317,Local,Pizza,58.116767,-15.441282,Sao Paulo,Brazil,1969,False,False,True,False,1,2.7,1144,Closed Temporarily
RES001318,Brazilian Chain 1318,Chain,Brazilian,37.927059,-55.078054,New York,USA,1983,False,True,False,True,1,5.0,3281,Operational
RES001319,Manchester Italian Place 1319,Local,Italian,82.060917,118.201763,Manchester,United Kingdom,2018,True,False,False,True,1,3.9,2965,Operational
RES001320,London Thai Place 1320,Local,Thai,43.958531,-44.445016,London,United Kingdom,1959,True,True,False,False,4,4.3,969,Operational
RES001321,Los Angeles American Place 1321,Local,American,-68.244214,112.846304,Los Angeles,USA,2000,True,False,True,True,3,3.9,4698,Operational
RES001322,Burger Chain 1322,Chain,Burger,47.892322,-85.562852,Mumbai,India,2014,True,True,True,False,4,3.1,2841,Operational
RES001323,Mumbai American Place 1323,Local,American,44.095191,-158.531832,Mumbai,India,2004,False,True,False,True,2,3.1,1340,Operational
RES001324,Manchester Mediterranean Place 1324,Local,Mediterranean,71.592272,-167.19871,Manchester,United Kingdom,1980,True,True,False,False,4,2.3,201,Operational
RES001325,Delhi Pizza Place 1325,Local,Pizza,-73.629303,-122.116741,Delhi,India,1985,True,False,False,True,1,3.7,2082,Operational
RES001326,Tokyo Indian Place 1326,Local,Indian,-24.936807,-76.738533,Tokyo,Japan,1997,True,False,True,True,2,4.3,443,Operational
RES001327,Pizza Chain 1327,Chain,Pizza,58.160485,46.977329,Rio de Janeiro,Brazil,2014,False,False,True,False,1,2.3,771,Operational
RES001328,Mumbai Japanese Place 1328,Local,Japanese,-84.956938,110.721634,Mumbai,India,1979,False,True,True,False,1,3.3,4571,Closed Temporarily
RES001329,Osaka Mexican Place 1329,Local,Mexican,-60.282085,169.656828,Osaka,Japan,1994,False,True,True,False,2,4.7,3614,Operational
RES001330,Sao Paulo Chinese Place 1330,Local,Chinese,88.917284,145.110157,Sao Paulo,Brazil,1975,True,False,False,True,4,3.8,3386,Operational
RES001331,Manchester Indian Place 1331,Local,Indian,-42.606168,-101.982751,Manchester,United Kingdom,1953,True,False,True,False,1,4.7,4073,Operational
RES001332,New York Burger Place 1332,Local,Burger,-38.637316,-21.391446,New York,USA,1971,True,False,False,True,4,3.4,4494,Operational
RES001333,Manchester Mediterranean Place 1333,Local,Mediterranean,-17.383426,-119.999875,Manchester,United Kingdom,2018,True,True,True,False,1,3.5,920,Operational
RES001334,Los Angeles Mediterranean Place 1334,Local,Mediterranean,-67.028497,107.516588,Los Angeles,USA,1975,False,True,False,True,4,2.2,658,Operational
RES001335,Indian Chain 1335,Chain,Indian,72.470984,-50.429211,Delhi,India,1986,True,False,False,False,1,2.9,2027,Operational
RES001336,Mumbai French Place 1336,Local,French,-34.933366,-12.27499,Mumbai,India,1997,False,True,False,False,1,4.6,1150,Operational
RES001337,Chinese Chain 1337,Chain,Chinese,49.604032,156.885912,Sao Paulo,Brazil,2023,False,True,True,False,4,4.6,422,Operational
RES001338,Brazilian Chain 1338,Chain,Brazilian,-66.543872,20.510292,Sao Paulo,Brazil,1955,True,True,False,True,1,3.2,178,Operational
RES001339,Rio de Janeiro French Place 1339,Local,French,-13.952977,-179.544905,Rio de Janeiro,Brazil,1987,False,True,True,True,3,2.5,3603,Operational
RES001340,New York Chinese Place 1340,Local,Chinese,39.521816,78.085349,New York,USA,1954,True,False,True,True,4,3.0,4943,Operational
RES001341,Mediterranean Chain 1341,Chain,Mediterranean,-84.113838,129.794646,Los Angeles,USA,2002,True,True,False,True,4,4.5,4844,Operational
RES001342,Osaka Brazilian Place 1342,Local,Brazilian,80.408686,116.266661,Osaka,Japan,1957,True,False,True,False,2,2.4,4199,Operational
RES001343,Los Angeles Italian Place 1343,Local,Italian,-19.535938,35.023089,Los Angeles,USA,2014,False,True,False,True,4,4.7,2555,Operational
RES001344,Sao Paulo Mexican Place 1344,Local,Mexican,-41.204257,-114.35214,Sao Paulo,Brazil,1978,True,False,False,True,3,3.2,3845,Operational
RES001345,Burger Chain 1345,Chain,Burger,62.220721,100.060276,Mumbai,India,1998,True,False,True,False,4,4.3,1709,Operational
RES001346,Osaka Burger Place 1346,Local,Burger,48.734762,114.765264,Osaka,Japan,1966,True,False,True,False,3,2.3,3587,Operational
RES001347,Mediterranean Chain 1347,Chain,Mediterranean,55.350149,-58.719996,Los Angeles,USA,1976,False,True,True,True,1,3.2,3509,Operational
RES001348,Japanese Chain 1348,Chain,Japanese,-22.670238,-14.910036,Osaka,Japan,1962,False,True,True,False,2,4.4,1679,Operational
RES001349,Rio de Janeiro American Place 1349,Local,American,57.596926,129.498374,Rio de Janeiro,Brazil,1952,True,True,True,True,2,4.7,910,Operational
RES001350,Sao Paulo Brazilian Place 1350,Local,Brazilian,-84.864909,167.893007,Sao Paulo,Brazil,2023,False,True,False,False,3,3.3,4366,Operational
RES001351,Osaka Pizza Place 1351,Local,Pizza,49.899851,-82.81272,Osaka,Japan,2017,True,True,False,False,3,4.1,3447,Operational
RES001352,Los Angeles American Place 1352,Local,American,88.267008,10.080136,Los Angeles,USA,2018,False,True,False,False,4,2.6,4428,Operational
RES001353,Italian Chain 1353,Chain,Italian,5.730193,26.067399,Osaka,Japan,1982,True,True,False,True,2,2.2,3975,Operational
RES001354,Sao Paulo Japanese Place 1354,Local,Japanese,-23.727967,70.616005,Sao Paulo,Brazil,1978,False,False,True,True,2,4.6,1565,Operational
RES001355,Manchester Burger Place 1355,Local,Burger,66.945915,100.980855,Manchester,United Kingdom,1962,False,False,True,True,1,2.8,3032,Operational
RES001356,Manchester Indian Place 1356,Local,Indian,-33.685206,23.096703,Manchester,United Kingdom,1991,True,True,False,False,4,4.0,4590,Operational
RES001357,Mexican Chain 1357,Chain,Mexican,-58.470216,-149.389724,Manchester,United Kingdom,1968,False,True,False,False,1,4.4,2895,Operational
RES001358,American Chain 1358,Chain,American,61.561429,-31.510964,Rio de Janeiro,Brazil,1993,True,False,False,False,3,4.8,299,Operational
RES001359,Delhi Mediterranean Place 1359,Local,Mediterranean,-15.332906,32.697651,Delhi,India,1963,True,True,False,True,4,3.8,3866,Operational
RES001360,Sao Paulo Burger Place 1360,Local,Burger,-31.320591,-114.500065,Sao Paulo,Brazil,1997,True,True,False,True,4,2.1,4816,Operational
RES001361,Burger Chain 1361,Chain,Burger,-5.043545,92.975973,Los Angeles,USA,1961,True,False,False,False,1,4.8,177,Operational
RES001362,Mumbai Burger Place 1362,Local,Burger,-65.044092,136.448006,Mumbai,India,1961,False,False,True,True,1,2.5,3266,Operational
RES001363,London Indian Place 1363,Local,Indian,82.308285,-142.725151,London,United Kingdom,2011,False,True,True,False,4,4.0,3928,Operational
RES001364,Mumbai French Place 1364,Local,French,-63.304333,-61.961579,Mumbai,India,1977,True,False,False,True,4,2.5,3367,Operational
RES001365,Mexican Chain 1365,Chain,Mexican,-55.679157,9.867801,Sao Paulo,Brazil,1985,True,True,False,True,1,3.9,4233,Operational
RES001366,American Chain 1366,Chain,American,-42.571665,-30.025807,Los Angeles,USA,2004,False,True,False,False,1,3.3,1327,Operational
RES001367,London Japanese Place 1367,Local,Japanese,-27.384584,-171.209035,London,United Kingdom,2015,True,True,False,False,4,2.2,2441,Operational
RES001368,Delhi Pizza Place 1368,Local,Pizza,13.580611,-142.868959,Delhi,India,1959,True,True,True,False,4,2.4,2138,Operational
RES001369,Sao Paulo Indian Place 1369,Local,Indian,0.782452,43.13804,Sao Paulo,Brazil,2010,False,True,False,True,4,4.7,138,Operational
RES001370,London Mexican Place 1370,Local,Mexican,-7.664554,69.177788,London,United Kingdom,1972,False,True,True,True,1,2.9,4039,Operational
RES001371,Chinese Chain 1371,Chain,Chinese,3.477007,-144.928234,New York,USA,1998,True,True,True,False,3,2.5,2701,Operational
RES001372,Delhi Indian Place 1372,Local,Indian,-3.5021,105.98736,Delhi,India,1964,False,True,False,False,4,3.1,203,Operational
RES001373,Rio de Janeiro Brazilian Place 1373,Local,Brazilian,22.938931,1.176344,Rio de Janeiro,Brazil,1976,False,False,True,False,2,2.5,2266,Closed Temporarily
RES001374,Delhi Indian Place 1374,Local,Indian,64.066572,-13.701462,Delhi,India,1978,True,False,True,True,3,3.8,1117,Operational
RES001375,New York Japanese Place 1375,Local,Japanese,89.106769,64.090346,New York,USA,1988,False,False,True,False,3,3.4,75,Operational
RES001376,Delhi American Place 1376,Local,American,-33.840993,48.989458,Delhi,India,2017,True,True,False,False,1,4.7,1718,Operational
RES001377,Osaka Italian Place 1377,Local,Italian,34.561497,-176.310907,Osaka,Japan,2009,False,False,True,True,1,4.5,3507,Operational
RES001378,Sao Paulo Indian Place 1378,Local,Indian,8.591005,-130.381125,Sao Paulo,Brazil,1986,True,False,True,False,2,4.5,652,Operational
RES001379,Osaka Chinese Place 1379,Local,Chinese,11.532641,24.891959,Osaka,Japan,2020,False,True,False,False,4,3.8,934,Operational
RES001380,Mumbai Italian Place 1380,Local,Italian,-50.65716,-99.424613,Mumbai,India,1993,False,True,False,True,1,4.2,2692,Operational
RES001381,London Pizza Place 1381,Local,Pizza,-67.27797,69.745554,London,United Kingdom,2022,True,True,True,True,2,4.4,4881,Operational
RES001382,Sao Paulo Mexican Place 1382,Local,Mexican,50.498183,-46.616955,Sao Paulo,Brazil,1966,False,False,True,True,4,3.0,2900,Operational
RES001383,Mumbai Thai Place 1383,Local,Thai,36.112075,-136.256669,Mumbai,India,1972,True,False,True,True,4,3.3,4595,Operational
RES001384,Brazilian Chain 1384,Chain,Brazilian,1.402585,171.827713,Tokyo,Japan,1989,True,True,False,False,1,4.9,1865,Operational
RES001385,New York Pizza Place 1385,Local,Pizza,35.022621,64.916206,New York,USA,1989,True,True,False,True,3,3.8,4098,Operational
RES001386,Tokyo American Place 1386,Local,American,-44.085192,83.856916,Tokyo,Japan,2022,True,False,False,True,2,2.7,50,Operational
RES001387,Delhi American Place 1387,Local,American,41.259696,45.226669,Delhi,India,1952,True,False,False,False,1,3.8,2870,Operational
RES001388,Italian Chain 1388,Chain,Italian,29.784201,5.521288,Mumbai,India,2018,True,True,False,True,4,2.3,1755,Operational
RES001389,Delhi Thai Place 1389,Local,Thai,39.052446,-27.136478,Delhi,India,1979,True,False,True,True,4,2.1,2668,Operational
RES001390,Sao Paulo Japanese Place 1390,Local,Japanese,-37.467011,136.376904,Sao Paulo,Brazil,2017,False,True,False,False,2,5.0,2279,Operational
RES001391,Sao Paulo Mediterranean Place 1391,Local,Mediterranean,-15.415331,179.710581,Sao Paulo,Brazil,1986,True,True,True,True,1,4.4,4952,Operational
RES001392,Chinese Chain 1392,Chain,Chinese,-40.696154,142.063082,Los Angeles,USA,1979,True,False,False,False,4,2.3,4506,Operational
RES001393,Manchester Mediterranean Place 1393,Local,Mediterranean,-73.041042,100.422212,Manchester,United Kingdom,1976,True,False,False,True,2,4.4,305,Closed Temporarily
RES001394,Burger Chain 1394,Chain,Burger,36.658881,4.681059,Osaka,Japan,1967,True,True,False,False,1,2.4,842,Operational
RES001395,London Burger Place 1395,Local,Burger,1.385845,-120.930711,London,United Kingdom,2005,False,True,True,True,3,2.3,344,Operational
RES001396,Mexican Chain 1396,Chain,Mexican,58.945907,-85.245834,Sao Paulo,Brazil,1976,False,True,True,True,3,4.3,2054,Closed Temporarily
RES001397,Rio de Janeiro Burger Place 1397,Local,Burger,-9.782184,88.247829,Rio de Janeiro,Brazil,1971,False,True,True,True,4,4.9,728,Operational
RES001398,Sao Paulo Indian Place 1398,Local,Indian,-31.61265,167.248296,Sao Paulo,Brazil,2012,True,False,False,True,2,4.1,1449,Operational
RES001399,French Chain 1399,Chain,French,86.945105,137.986581,Rio de Janeiro,Brazil,1953,True,False,True,True,3,2.4,3548,Operational
RES001400,Burger Chain 1400,Chain,Burger,-5.367598,-166.158443,New York,USA,2019,False,True,False,False,4,3.6,2670,Operational
RES001401,Los Angeles Mediterranean Place 1401,Local,Mediterranean,54.970014,-106.023671,Los Angeles,USA,2018,True,True,False,True,4,2.9,40,Operational
RES001402,American Chain 1402,Chain,American,19.519611,-83.22152,Los Angeles,USA,1985,True,False,False,True,4,2.2,2641,Operational
RES001403,Tokyo Italian Place 1403,Local,Italian,-59.381197,-26.273739,Tokyo,Japan,1953,True,False,True,True,1,4.1,2191,Closed Temporarily
RES001404,New York French Place 1404,Local,French,80.197095,7.146157,New York,USA,1997,False,False,True,False,4,3.4,402,Operational
RES001405,Italian Chain 1405,Chain,Italian,-20.426251,61.144684,New York,USA,1985,False,True,True,False,2,2.8,1671,Operational
RES001406,Tokyo Thai Place 1406,Local,Thai,35.628455,-57.922335,Tokyo,Japan,2001,True,False,False,True,2,4.5,404,Operational
RES001407,Mumbai Italian Place 1407,Local,Italian,9.970493,20.614552,Mumbai,India,2016,True,False,False,False,4,3.2,3149,Operational
RES001408,London Burger Place 1408,Local,Burger,-40.095613,105.247695,London,United Kingdom,1953,False,True,True,False,1,2.2,4489,Operational
RES001409,Sao Paulo Mexican Place 1409,Local,Mexican,7.379595,25.788432,Sao Paulo,Brazil,2019,True,True,True,True,3,2.0,2868,Operational
RES001410,Rio de Janeiro Brazilian Place 1410,Local,Brazilian,-35.379485,37.903274,Rio de Janeiro,Brazil,1985,True,True,False,True,1,2.1,2049,Operational
RES001411,Japanese Chain 1411,Chain,Japanese,-46.824157,-170.570956,New York,USA,2005,True,False,False,False,1,3.1,2692,Operational
RES001412,Manchester Italian Place 1412,Local,Italian,-73.252561,103.564046,Manchester,United Kingdom,2023,True,True,True,True,2,2.2,3575,Operational
RES001413,Tokyo Mediterranean Place 1413,Local,Mediterranean,8.98187,-157.594409,Tokyo,Japan,2016,True,True,True,True,3,2.9,3481,Operational
RES001414,Osaka French Place 1414,Local,French,-21.906517,160.699989,Osaka,Japan,1956,True,True,False,True,4,2.3,809,Operational
RES001415,New York Japanese Place 1415,Local,Japanese,-39.622222,26.083849,New York,USA,1953,True,True,False,True,4,2.7,1679,Operational
RES001416,New York Japanese Place 1416,Local,Japanese,29.306846,82.039886,New York,USA,2014,True,True,False,True,3,3.8,3038,Operational
RES001417,Tokyo Mexican Place 1417,Local,Mexican,-48.328095,148.314521,Tokyo,Japan,1987,False,False,True,False,1,2.7,67,Operational
RES001418,Sao Paulo Brazilian Place 1418,Local,Brazilian,89.359462,-11.242359,Sao Paulo,Brazil,1999,False,False,True,False,2,5.0,628,Operational
RES001419,Tokyo Burger Place 1419,Local,Burger,-30.879257,-36.702693,Tokyo,Japan,1955,False,True,True,True,2,3.5,1757,Operational
RES001420,New York American Place 1420,Local,American,22.176853,-35.960654,New York,USA,2014,True,True,True,True,2,2.1,2250,Operational
RES001421,Mediterranean Chain 1421,Chain,Mediterranean,35.389641,-120.018894,Tokyo,Japan,2010,False,True,True,True,3,4.4,778,Operational
RES001422,Osaka Mediterranean Place 1422,Local,Mediterranean,-46.764786,176.156145,Osaka,Japan,1952,False,True,False,True,4,2.4,2517,Operational
RES001423,American Chain 1423,Chain,American,68.283109,43.994269,Delhi,India,2003,True,False,False,True,2,2.3,1699,Operational
RES001424,Delhi Mexican Place 1424,Local,Mexican,-11.817095,-176.323838,Delhi,India,1994,False,True,True,False,3,2.1,3848,Operational
RES001425,Tokyo Mexican Place 1425,Local,Mexican,89.489818,27.390864,Tokyo,Japan,1957,False,True,False,False,2,4.4,3637,Operational
RES001426,Sao Paulo Mexican Place 1426,Local,Mexican,50.552334,-121.717277,Sao Paulo,Brazil,1966,True,True,True,False,1,2.3,4564,Operational
RES001427,Rio de Janeiro Thai Place 1427,Local,Thai,65.771067,-124.823454,Rio de Janeiro,Brazil,1981,True,True,False,True,1,2.6,738,Operational
RES001428,London Thai Place 1428,Local,Thai,54.376259,-80.905298,London,United Kingdom,1972,True,False,True,False,4,4.5,2792,Operational
RES001429,Chinese Chain 1429,Chain,Chinese,42.902591,64.414954,London,United Kingdom,1985,True,True,False,True,1,4.0,2419,Operational
RES001430,Rio de Janeiro Thai Place 1430,Local,Thai,41.774879,-164.476709,Rio de Janeiro,Brazil,1973,True,False,False,True,1,3.8,168,Operational
RES001431,Osaka Italian Place 1431,Local,Italian,50.847888,40.935225,Osaka,Japan,1968,False,False,True,False,1,3.6,1959,Operational
RES001432,New York Pizza Place 1432,Local,Pizza,37.785611,-144.639336,New York,USA,2021,True,False,True,False,2,4.9,1874,Operational
RES001433,Osaka Italian Place 1433,Local,Italian,-69.962015,84.228924,Osaka,Japan,1966,False,True,True,False,1,4.5,1040,Operational
RES001434,French Chain 1434,Chain,French,-16.817187,-160.043246,Mumbai,India,1996,True,False,False,False,3,4.0,2843,Operational
RES001435,Indian Chain 1435,Chain,Indian,8.353205,11.51463,Rio de Janeiro,Brazil,2019,True,True,False,False,4,4.3,1625,Operational
RES001436,Los Angeles Pizza Place 1436,Local,Pizza,-15.020833,19.728856,Los Angeles,USA,1996,False,True,True,False,4,3.8,2644,Operational
RES001437,Osaka French Place 1437,Local,French,58.008311,-59.442638,Osaka,Japan,1978,True,False,True,True,1,4.1,3515,Closed Temporarily
RES001438,Manchester Mexican Place 1438,Local,Mexican,-21.631237,24.984003,Manchester,United Kingdom,1994,True,True,True,False,2,4.0,750,Operational
RES001439,New York Indian Place 1439,Local,Indian,3.661251,-162.247244,New York,USA,1952,True,False,False,False,3,2.1,3173,Operational
RES001440,Sao Paulo Italian Place 1440,Local,Italian,61.19873,-152.296258,Sao Paulo,Brazil,1950,False,True,True,False,3,2.8,1799,Operational
RES001441,New York Thai Place 1441,Local,Thai,-42.664239,-150.906277,New York,USA,2000,True,True,False,True,1,2.1,4814,Operational
RES001442,Delhi Japanese Place 1442,Local,Japanese,-58.24985,11.902901,Delhi,India,1996,True,False,True,True,3,3.8,4182,Operational
RES001443,Manchester Burger Place 1443,Local,Burger,-61.099087,-80.206295,Manchester,United Kingdom,1986,False,True,True,False,2,4.8,2189,Operational
RES001444,Italian Chain 1444,Chain,Italian,-80.254791,149.634368,Mumbai,India,2003,False,True,True,False,1,2.5,4107,Operational
RES001445,Tokyo Indian Place 1445,Local,Indian,-34.875062,-164.354419,Tokyo,Japan,1974,True,True,True,True,3,5.0,1258,Operational
RES001446,Tokyo Brazilian Place 1446,Local,Brazilian,-23.43377,13.349951,Tokyo,Japan,2010,True,False,False,True,3,2.7,410,Closed Temporarily
RES001447,Pizza Chain 1447,Chain,Pizza,-32.000257,-69.409265,Rio de Janeiro,Brazil,1958,True,True,True,False,1,4.9,4959,Operational
RES001448,Indian Chain 1448,Chain,Indian,60.669588,117.46045,Los Angeles,USA,1956,False,True,False,True,2,3.6,4584,Operational
RES001449,Rio de Janeiro Mexican Place 1449,Local,Mexican,40.742794,-158.560707,Rio de Janeiro,Brazil,2011,False,True,True,False,1,4.9,1941,Closed Temporarily
RES001450,Delhi Mediterranean Place 1450,Local,Mediterranean,9.779798,88.705327,Delhi,India,2010,False,True,True,False,3,4.9,932,Operational
RES001451,Sao Paulo Thai Place 1451,Local,Thai,78.012867,-76.113955,Sao Paulo,Brazil,1979,False,False,True,True,4,3.6,3191,Operational
RES001452,Japanese Chain 1452,Chain,Japanese,-39.231353,-104.802159,Rio de Janeiro,Brazil,1959,True,False,False,True,4,3.1,4195,Operational
RES001453,Chinese Chain 1453,Chain,Chinese,1.529583,-24.070251,Osaka,Japan,1991,True,False,True,False,2,3.0,1806,Operational
RES001454,American Chain 1454,Chain,American,74.080319,-145.462954,Sao Paulo,Brazil,1950,False,True,False,False,3,2.4,1118,Operational
RES001455,Sao Paulo Brazilian Place 1455,Local,Brazilian,89.176357,-3.100219,Sao Paulo,Brazil,1986,True,False,True,False,4,2.9,1723,Operational
RES001456,Indian Chain 1456,Chain,Indian,-44.86217,-101.745064,Tokyo,Japan,1993,False,False,True,False,4,4.3,2162,Operational
RES001457,Rio de Janeiro Chinese Place 1457,Local,Chinese,-48.18199,-66.782686,Rio de Janeiro,Brazil,1957,False,True,True,True,2,4.0,4614,Operational
RES001458,Delhi Mexican Place 1458,Local,Mexican,70.658503,-106.54748,Delhi,India,1972,True,True,True,False,3,2.2,3561,Operational
RES001459,Burger Chain 1459,Chain,Burger,52.602212,-106.803519,Tokyo,Japan,1984,True,True,False,False,1,2.9,927,Operational
RES001460,Brazilian Chain 1460,Chain,Brazilian,67.734026,-42.54112,New York,USA,1987,True,False,True,False,4,2.7,797,Operational
RES001461,Osaka French Place 1461,Local,French,-12.603228,-69.721016,Osaka,Japan,1998,True,False,False,True,4,3.8,3866,Operational
RES001462,Delhi French Place 1462,Local,French,-23.913921,10.007152,Delhi,India,2007,False,False,True,True,2,2.0,3867,Operational
RES001463,Tokyo Mediterranean Place 1463,Local,Mediterranean,-52.372632,46.954219,Tokyo,Japan,2021,False,True,False,False,2,3.6,127,Operational
RES001464,American Chain 1464,Chain,American,-87.203062,-19.885809,Manchester,United Kingdom,2019,True,False,False,True,2,4.4,1240,Operational
RES001465,French Chain 1465,Chain,French,60.019756,-114.77652,Rio de Janeiro,Brazil,2016,False,True,False,True,2,3.1,442,Operational
RES001466,American Chain 1466,Chain,American,-51.128039,70.77368,New York,USA,2020,False,True,True,False,3,3.9,2690,Operational
RES001467,Osaka Chinese Place 1467,Local,Chinese,42.859176,53.184956,Osaka,Japan,1978,True,False,False,True,2,4.0,107,Operational
RES001468,Los Angeles Brazilian Place 1468,Local,Brazilian,-11.584477,5.371126,Los Angeles,USA,2013,False,False,True,False,4,2.1,4403,Operational
RES001469,Sao Paulo Thai Place 1469,Local,Thai,-89.908339,-55.032101,Sao Paulo,Brazil,1991,False,False,True,True,1,4.3,3418,Operational
RES001470,New York Japanese Place 1470,Local,Japanese,56.15302,-47.060236,New York,USA,2023,False,True,True,True,4,2.5,2847,Operational
RES001471,New York Japanese Place 1471,Local,Japanese,81.427207,-50.256012,New York,USA,2022,False,True,False,False,2,4.6,1332,Operational
RES001472,Tokyo Mexican Place 1472,Local,Mexican,8.416198,-13.910037,Tokyo,Japan,1982,False,True,True,True,4,2.2,2233,Operational
RES001473,Sao Paulo Chinese Place 1473,Local,Chinese,-69.790578,50.996263,Sao Paulo,Brazil,2008,False,True,True,True,1,3.6,1089,Operational
RES001474,Osaka Chinese Place 1474,Local,Chinese,17.590198,100.835319,Osaka,Japan,1990,False,False,True,False,1,4.9,167,Operational
RES001475,New York Burger Place 1475,Local,Burger,7.776684,-178.137056,New York,USA,2000,False,False,True,True,1,2.3,1693,Operational
RES001476,Brazilian Chain 1476,Chain,Brazilian,19.728489,-135.751974,Osaka,Japan,2019,True,False,False,False,2,2.6,2424,Operational
RES001477,Thai Chain 1477,Chain,Thai,-77.32323,-27.29133,Tokyo,Japan,1955,True,True,False,False,4,3.8,712,Operational
RES001478,Pizza Chain 1478,Chain,Pizza,45.579264,-107.433403,Sao Paulo,Brazil,1996,False,True,True,True,4,3.8,455,Operational
RES001479,Delhi Indian Place 1479,Local,Indian,-85.296928,-9.351289,Delhi,India,1997,True,False,False,True,4,3.6,669,Operational
RES001480,Delhi Indian Place 1480,Local,Indian,7.068412,-175.118902,Delhi,India,2015,False,True,True,False,2,2.1,297,Operational
RES001481,Japanese Chain 1481,Chain,Japanese,49.65821,-115.033161,London,United Kingdom,1986,False,False,True,False,4,3.1,3604,Operational
RES001482,New York Japanese Place 1482,Local,Japanese,-66.424517,141.511882,New York,USA,1985,True,True,True,False,1,4.6,3734,Operational
RES001483,Delhi Japanese Place 1483,Local,Japanese,-3.859623,162.671461,Delhi,India,1986,False,True,False,False,3,2.6,3375,Operational
RES001484,Los Angeles French Place 1484,Local,French,0.810314,83.392932,Los Angeles,USA,2020,True,False,False,True,3,2.4,3642,Operational
RES001485,French Chain 1485,Chain,French,54.222601,-109.051442,Rio de Janeiro,Brazil,1955,True,False,True,True,1,4.4,2225,Operational
RES001486,London Japanese Place 1486,Local,Japanese,32.221684,-73.569487,London,United Kingdom,2022,False,True,False,True,2,3.6,268,Operational
RES001487,Manchester Thai Place 1487,Local,Thai,-46.915613,-168.906547,Manchester,United Kingdom,2023,True,False,False,True,2,2.7,4120,Operational
RES001488,Manchester Thai Place 1488,Local,Thai,-81.309751,21.721239,Manchester,United Kingdom,1986,True,True,False,False,4,3.4,4663,Operational
RES001489,Mumbai Japanese Place 1489,Local,Japanese,-87.66797,100.306173,Mumbai,India,1963,True,False,False,True,3,2.1,4422,Operational
RES001490,Tokyo Indian Place 1490,Local,Indian,-14.271435,-156.84989,Tokyo,Japan,1984,False,False,True,True,3,4.0,3746,Operational
RES001491,Mumbai Burger Place 1491,Local,Burger,33.178957,-140.727136,Mumbai,India,1951,False,False,True,False,3,4.1,3846,Operational
RES001492,Osaka Mexican Place 1492,Local,Mexican,-27.077868,69.525295,Osaka,Japan,1977,True,True,False,True,3,4.6,3137,Operational
RES001493,Delhi Mediterranean Place 1493,Local,Mediterranean,-47.36536,-136.400758,Delhi,India,2021,True,True,False,True,1,3.9,3295,Operational
RES001494,Los Angeles French Place 1494,Local,French,-70.878677,-168.03269,Los Angeles,USA,1972,True,False,False,False,3,2.0,3138,Operational
RES001495,Mumbai Japanese Place 1495,Local,Japanese,7.252139,71.865565,Mumbai,India,1990,True,False,False,True,3,3.0,3732,Operational
RES001496,Mexican Chain 1496,Chain,Mexican,14.528814,-110.625763,London,United Kingdom,1987,False,False,True,True,3,3.1,3996,Operational
RES001497,Mexican Chain 1497,Chain,Mexican,-58.392276,157.900443,Mumbai,India,1953,True,True,False,True,2,4.2,3957,Operational
RES001498,Rio de Janeiro Brazilian Place 1498,Local,Brazilian,48.495517,176.255539,Rio de Janeiro,Brazil,1950,True,False,True,True,4,3.1,2629,Operational
RES001499,London Brazilian Place 1499,Local,Brazilian,-24.751279,-146.466359,London,United Kingdom,1976,False,False,True,True,3,3.6,3035,Closed Temporarily
RES001500,Italian Chain 1500,Chain,Italian,-46.278346,149.15762,New York,USA,1967,True,False,False,True,1,4.0,4602,Operational
RES001501,Rio de Janeiro Thai Place 1501,Local,Thai,38.411229,131.297554,Rio de Janeiro,Brazil,2005,True,False,True,False,2,4.4,518,Closed Temporarily
RES001502,Los Angeles Brazilian Place 1502,Local,Brazilian,-46.957635,-15.028933,Los Angeles,USA,1989,True,False,False,True,3,4.8,172,Operational
RES001503,Japanese Chain 1503,Chain,Japanese,-66.249696,-165.549846,London,United Kingdom,1992,True,False,False,True,3,3.1,3138,Operational
RES001504,Delhi American Place 1504,Local,American,56.944269,135.805007,Delhi,India,1981,False,True,True,False,4,3.8,296,Operational
RES001505,Sao Paulo Mexican Place 1505,Local,Mexican,0.52701,-147.98265,Sao Paulo,Brazil,1970,True,False,False,True,1,4.6,1797,Operational
RES001506,Osaka Burger Place 1506,Local,Burger,10.827195,-48.762149,Osaka,Japan,1952,False,True,True,False,1,2.5,443,Operational
RES001507,New York Chinese Place 1507,Local,Chinese,-64.281273,61.838335,New York,USA,2003,False,True,False,False,3,2.7,1221,Operational
RES001508,Chinese Chain 1508,Chain,Chinese,68.66131,-174.24041,New York,USA,1950,False,False,True,False,4,3.4,1468,Operational
RES001509,Thai Chain 1509,Chain,Thai,-45.907176,13.007591,Osaka,Japan,1962,True,True,False,False,1,2.3,3914,Operational
RES001510,Sao Paulo Italian Place 1510,Local,Italian,-67.083439,56.5736,Sao Paulo,Brazil,2007,True,True,False,False,4,2.5,1817,Operational
RES001511,Delhi Italian Place 1511,Local,Italian,80.811391,73.972076,Delhi,India,2018,True,False,True,True,4,2.0,3642,Operational
RES001512,French Chain 1512,Chain,French,53.158628,159.671539,Tokyo,Japan,2012,True,False,True,False,1,3.5,3321,Operational
RES001513,Los Angeles Mexican Place 1513,Local,Mexican,-4.062751,-141.783541,Los Angeles,USA,1968,True,False,False,False,3,3.5,3618,Operational
RES001514,Tokyo Mediterranean Place 1514,Local,Mediterranean,-87.918973,174.1663,Tokyo,Japan,1957,True,False,False,True,4,3.4,1329,Operational
RES001515,Rio de Janeiro Japanese Place 1515,Local,Japanese,39.860433,-147.620553,Rio de Janeiro,Brazil,1991,True,False,False,True,2,2.8,4713,Operational
RES001516,Delhi Thai Place 1516,Local,Thai,-81.64215,146.336489,Delhi,India,1967,True,False,False,False,2,2.8,1767,Operational
RES001517,New York Thai Place 1517,Local,Thai,86.39623,-164.866608,New York,USA,1986,False,True,True,True,1,2.4,1729,Operational
RES001518,Tokyo Thai Place 1518,Local,Thai,5.40874,166.419235,Tokyo,Japan,1999,False,False,True,True,3,4.0,2013,Operational
RES001519,Rio de Janeiro American Place 1519,Local,American,-1.627523,154.256746,Rio de Janeiro,Brazil,1975,True,True,True,False,4,3.4,1375,Operational
RES001520,Delhi Chinese Place 1520,Local,Chinese,-46.602813,42.64437,Delhi,India,1951,True,False,True,True,3,3.6,895,Operational
RES001521,Tokyo Burger Place 1521,Local,Burger,45.082927,-144.291154,Tokyo,Japan,2002,True,False,False,True,3,2.2,1273,Operational
RES001522,Mumbai Thai Place 1522,Local,Thai,-66.522309,-42.671164,Mumbai,India,1986,False,False,True,True,4,3.8,4257,Operational
RES001523,Los Angeles Indian Place 1523,Local,Indian,-55.232592,-65.755364,Los Angeles,USA,1990,True,False,False,True,4,3.2,3937,Operational
RES001524,Manchester American Place 1524,Local,American,29.232546,-156.862459,Manchester,United Kingdom,1998,False,False,True,True,4,3.3,575,Operational
RES001525,Burger Chain 1525,Chain,Burger,78.213904,-8.274135,Mumbai,India,1974,False,False,True,True,2,4.8,4997,Operational
RES001526,Thai Chain 1526,Chain,Thai,-75.552686,-167.231468,Sao Paulo,Brazil,1958,True,True,True,False,4,4.3,4376,Operational
RES001527,Tokyo Pizza Place 1527,Local,Pizza,-84.010885,109.9054,Tokyo,Japan,2022,False,True,False,False,3,4.5,467,Operational
RES001528,Tokyo Mexican Place 1528,Local,Mexican,-3.702281,-149.66242,Tokyo,Japan,1983,False,False,True,True,1,4.1,3238,Operational
RES001529,New York French Place 1529,Local,French,-12.55027,-91.636088,New York,USA,1960,False,True,False,True,4,2.4,2513,Operational
RES001530,Manchester Italian Place 1530,Local,Italian,-59.145671,-82.376972,Manchester,United Kingdom,1953,True,True,True,False,2,3.5,4376,Operational
RES001531,Sao Paulo Burger Place 1531,Local,Burger,13.917819,-148.023408,Sao Paulo,Brazil,1959,True,True,True,False,2,2.1,967,Operational
RES001532,Sao Paulo Chinese Place 1532,Local,Chinese,-35.498613,-64.558721,Sao Paulo,Brazil,1951,True,False,False,False,1,2.1,4883,Operational
RES001533,London Burger Place 1533,Local,Burger,-46.582432,-124.086487,London,United Kingdom,1965,False,True,False,True,3,3.2,2738,Operational
RES001534,Los Angeles Chinese Place 1534,Local,Chinese,-55.928507,-30.111424,Los Angeles,USA,2020,False,True,True,True,2,4.2,4089,Operational
RES001535,Delhi Mexican Place 1535,Local,Mexican,89.877556,55.471697,Delhi,India,2004,False,True,True,False,4,3.1,976,Operational
RES001536,London Pizza Place 1536,Local,Pizza,28.359503,99.036759,London,United Kingdom,1967,True,True,False,True,4,3.5,3744,Operational
RES001537,Mexican Chain 1537,Chain,Mexican,-48.01264,7.428661,Osaka,Japan,1968,True,True,False,False,2,2.6,2646,Operational
RES001538,Osaka Burger Place 1538,Local,Burger,54.046782,58.428635,Osaka,Japan,1987,True,False,True,False,4,3.9,1212,Operational
RES001539,Burger Chain 1539,Chain,Burger,-0.813398,-178.484833,Tokyo,Japan,2016,True,True,False,True,4,4.8,865,Operational
RES001540,London Indian Place 1540,Local,Indian,74.336854,94.72092,London,United Kingdom,2002,True,True,True,False,4,3.4,2540,Operational
RES001541,Manchester Japanese Place 1541,Local,Japanese,35.341819,-120.737948,Manchester,United Kingdom,2012,True,True,False,False,3,4.2,860,Operational
RES001542,London Burger Place 1542,Local,Burger,89.760567,24.689492,London,United Kingdom,2008,True,True,False,False,3,4.8,1,Operational
RES001543,Japanese Chain 1543,Chain,Japanese,-24.989599,-49.308115,Mumbai,India,1998,True,False,False,True,2,4.8,1768,Operational
RES001544,Los Angeles Mediterranean Place 1544,Local,Mediterranean,-62.733382,-146.641783,Los Angeles,USA,1985,False,False,True,False,4,4.2,2379,Operational
RES001545,Rio de Janeiro Burger Place 1545,Local,Burger,-47.588044,89.672396,Rio de Janeiro,Brazil,1973,True,False,False,False,3,2.7,4559,Operational
RES001546,Italian Chain 1546,Chain,Italian,-39.689688,42.245909,London,United Kingdom,2018,True,True,False,False,4,2.6,1865,Operational
RES001547,Delhi Thai Place 1547,Local,Thai,63.424471,-152.152119,Delhi,India,1989,True,False,False,False,3,2.3,112,Operational
RES001548,Osaka Brazilian Place 1548,Local,Brazilian,55.82654,125.954683,Osaka,Japan,2010,False,True,True,False,2,5.0,261,Operational
RES001549,London Pizza Place 1549,Local,Pizza,16.468726,-173.876908,London,United Kingdom,1986,True,False,True,False,4,2.8,4758,Operational
RES001550,Mumbai Pizza Place 1550,Local,Pizza,-63.893329,-176.055572,Mumbai,India,2019,True,False,True,False,1,3.6,1963,Operational
RES001551,Osaka Brazilian Place 1551,Local,Brazilian,-52.517788,141.628245,Osaka,Japan,1977,True,False,False,False,3,4.0,3929,Operational
RES001552,Manchester French Place 1552,Local,French,-18.91245,-67.057351,Manchester,United Kingdom,2003,False,False,True,False,4,2.7,4005,Operational
RES001553,Tokyo French Place 1553,Local,French,-8.53182,-149.765363,Tokyo,Japan,1957,False,True,True,True,3,2.4,4923,Operational
RES001554,London Mexican Place 1554,Local,Mexican,71.553449,14.498706,London,United Kingdom,2001,True,False,True,False,3,4.6,4560,Operational
RES001555,Los Angeles Burger Place 1555,Local,Burger,4.791312,115.14748,Los Angeles,USA,1975,True,True,True,False,1,4.3,3262,Operational
RES001556,Rio de Janeiro Japanese Place 1556,Local,Japanese,-40.009553,-148.74957,Rio de Janeiro,Brazil,1995,False,False,True,False,4,4.4,4622,Operational
RES001557,Rio de Janeiro Mexican Place 1557,Local,Mexican,-61.263719,52.440963,Rio de Janeiro,Brazil,1987,True,False,False,True,3,4.2,2633,Operational
RES001558,Pizza Chain 1558,Chain,Pizza,45.123167,159.506805,Rio de Janeiro,Brazil,1988,True,True,True,False,3,3.8,514,Operational
RES001559,Mumbai Japanese Place 1559,Local,Japanese,-48.583605,-88.13583,Mumbai,India,2022,True,True,False,False,3,2.4,2150,Operational
RES001560,Manchester Mediterranean Place 1560,Local,Mediterranean,-70.466829,130.679568,Manchester,United Kingdom,1977,False,True,False,True,2,3.2,1818,Operational
RES001561,French Chain 1561,Chain,French,-30.262657,-24.356205,Mumbai,India,2022,False,True,False,True,4,4.8,229,Operational
RES001562,Rio de Janeiro Indian Place 1562,Local,Indian,-55.941081,60.416406,Rio de Janeiro,Brazil,2011,False,True,True,False,3,2.0,2344,Operational
RES001563,Manchester Japanese Place 1563,Local,Japanese,8.701339,-82.23761,Manchester,United Kingdom,1986,True,False,False,True,1,4.9,3912,Operational
RES001564,Sao Paulo Chinese Place 1564,Local,Chinese,42.20755,-80.243225,Sao Paulo,Brazil,1986,True,True,True,True,4,2.5,3983,Operational
RES001565,Manchester French Place 1565,Local,French,-78.2509,145.740117,Manchester,United Kingdom,1960,False,True,False,False,4,3.1,4657,Operational
RES001566,Sao Paulo Italian Place 1566,Local,Italian,8.704929,174.292519,Sao Paulo,Brazil,1976,True,False,False,False,4,3.5,3084,Closed Temporarily
RES001567,French Chain 1567,Chain,French,-79.536808,-55.428305,Mumbai,India,1991,True,False,True,True,3,3.7,4487,Operational
RES001568,Italian Chain 1568,Chain,Italian,-18.941443,75.16071,Tokyo,Japan,1968,True,False,True,True,4,3.7,3820,Operational
RES001569,London Indian Place 1569,Local,Indian,-86.189798,33.187871,London,United Kingdom,1981,False,False,True,True,4,4.4,4073,Operational
RES001570,New York Italian Place 1570,Local,Italian,45.220918,-154.340733,New York,USA,2014,True,False,False,True,4,2.4,2684,Operational
RES001571,Sao Paulo Chinese Place 1571,Local,Chinese,64.588483,151.217784,Sao Paulo,Brazil,1979,False,True,False,False,2,2.0,164,Operational
RES001572,Chinese Chain 1572,Chain,Chinese,-23.452943,-165.20186,Mumbai,India,2015,True,False,True,False,4,3.0,3407,Operational
RES001573,Mumbai Mediterranean Place 1573,Local,Mediterranean,-23.190169,5.146649,Mumbai,India,1977,False,True,True,True,1,4.9,632,Operational
RES001574,Thai Chain 1574,Chain,Thai,-74.765324,74.392982,Los Angeles,USA,1998,True,False,False,False,1,3.5,4747,Operational
RES001575,Tokyo Mexican Place 1575,Local,Mexican,-74.921394,-42.549485,Tokyo,Japan,2014,False,True,False,True,2,4.0,1378,Operational
RES001576,Delhi Brazilian Place 1576,Local,Brazilian,-67.60875,22.236631,Delhi,India,1975,False,True,True,False,3,2.1,627,Operational
RES001577,Sao Paulo Mexican Place 1577,Local,Mexican,-51.517811,26.029147,Sao Paulo,Brazil,2001,True,False,False,False,2,4.0,2392,Operational
RES001578,Delhi Mediterranean Place 1578,Local,Mediterranean,-8.595825,108.780112,Delhi,India,1996,True,False,False,True,1,2.9,3545,Operational
RES001579,Sao Paulo Indian Place 1579,Local,Indian,-29.098051,126.629042,Sao Paulo,Brazil,2000,True,True,False,True,1,2.8,1685,Operational
RES001580,Rio de Janeiro Mediterranean Place 1580,Local,Mediterranean,-33.876732,61.56203,Rio de Janeiro,Brazil,2004,True,False,False,False,2,4.6,471,Operational
RES001581,Pizza Chain 1581,Chain,Pizza,-58.307484,-61.993403,Osaka,Japan,2005,True,True,True,True,2,4.9,2216,Operational
RES001582,Tokyo Italian Place 1582,Local,Italian,4.81821,-97.151402,Tokyo,Japan,2021,True,True,True,True,3,4.4,3406,Operational
RES001583,Rio de Janeiro Mexican Place 1583,Local,Mexican,-86.95912,84.326076,Rio de Janeiro,Brazil,2008,True,False,False,False,1,2.7,755,Operational
RES001584,Brazilian Chain 1584,Chain,Brazilian,-66.149626,30.145619,Osaka,Japan,1950,False,True,False,False,2,4.7,841,Operational
RES001585,Manchester Mediterranean Place 1585,Local,Mediterranean,-32.418512,36.04045,Manchester,United Kingdom,1966,True,True,True,True,1,4.4,2139,Operational
RES001586,Tokyo Mediterranean Place 1586,Local,Mediterranean,-5.851055,148.863813,Tokyo,Japan,1973,False,True,False,True,2,3.8,3258,Operational
RES001587,Mumbai Mediterranean Place 1587,Local,Mediterranean,25.510165,57.378055,Mumbai,India,2004,True,True,True,True,1,4.8,4102,Operational
RES001588,French Chain 1588,Chain,French,-55.679613,116.633063,London,United Kingdom,1989,False,True,False,True,1,2.9,2117,Operational
RES001589,Los Angeles Indian Place 1589,Local,Indian,-1.695463,-68.313034,Los Angeles,USA,2023,False,False,True,True,3,4.8,198,Operational
RES001590,Brazilian Chain 1590,Chain,Brazilian,45.328765,115.96566,Osaka,Japan,1961,True,True,False,False,4,3.3,243,Operational
RES001591,Los Angeles Mexican Place 1591,Local,Mexican,24.640879,38.244224,Los Angeles,USA,2013,True,False,True,True,3,2.9,3888,Operational
RES001592,Osaka American Place 1592,Local,American,31.910128,125.771588,Osaka,Japan,1961,False,False,True,True,1,3.0,3022,Operational
RES001593,Burger Chain 1593,Chain,Burger,-34.247035,-66.065248,New York,USA,1989,True,True,True,True,2,2.0,2247,Operational
RES001594,Delhi Italian Place 1594,Local,Italian,23.019024,-117.049439,Delhi,India,2004,True,True,True,True,1,4.7,1151,Operational
RES001595,Pizza Chain 1595,Chain,Pizza,-29.444497,0.04269,Rio de Janeiro,Brazil,1960,True,False,False,True,4,4.7,935,Operational
RES001596,Japanese Chain 1596,Chain,Japanese,-25.889286,-133.407208,Mumbai,India,1986,False,True,True,False,2,3.1,206,Operational
RES001597,Tokyo Burger Place 1597,Local,Burger,-14.893976,-39.365495,Tokyo,Japan,2002,True,True,True,False,4,4.4,2457,Operational
RES001598,London Indian Place 1598,Local,Indian,-26.302019,122.773635,London,United Kingdom,1997,False,True,True,False,3,3.1,247,Operational
RES001599,Manchester French Place 1599,Local,French,-5.178134,20.358951,Manchester,United Kingdom,1997,False,False,True,True,2,4.4,4320,Operational
RES001600,Los Angeles French Place 1600,Local,French,81.368673,165.096783,Los Angeles,USA,1984,True,True,False,True,3,3.5,4178,Closed Temporarily
RES001601,Mumbai American Place 1601,Local,American,50.864885,109.991218,Mumbai,India,2010,False,True,True,False,2,4.3,93,Operational
RES001602,Sao Paulo Japanese Place 1602,Local,Japanese,40.16894,96.750166,Sao Paulo,Brazil,1984,True,False,True,False,4,3.5,2500,Operational
RES001603,Rio de Janeiro Chinese Place 1603,Local,Chinese,40.81807,-178.768138,Rio de Janeiro,Brazil,1958,True,True,False,True,1,2.5,485,Operational
RES001604,New York Mexican Place 1604,Local,Mexican,17.749317,108.016499,New York,USA,1965,True,False,False,True,1,3.3,2468,Operational
RES001605,Manchester Italian Place 1605,Local,Italian,-7.199992,44.560615,Manchester,United Kingdom,2002,False,False,True,False,4,4.5,3126,Closed Temporarily
RES001606,Manchester Italian Place 1606,Local,Italian,66.105774,-20.699859,Manchester,United Kingdom,2000,True,False,True,True,2,4.2,4897,Operational
RES001607,Mumbai Mexican Place 1607,Local,Mexican,-75.957645,159.891728,Mumbai,India,1998,True,False,False,True,2,3.9,909,Operational
RES001608,Mumbai Mexican Place 1608,Local,Mexican,-80.887534,172.618866,Mumbai,India,1958,False,True,False,True,2,2.4,4332,Operational
RES001609,Tokyo American Place 1609,Local,American,42.782549,178.553211,Tokyo,Japan,1964,False,True,False,False,4,3.9,3044,Operational
RES001610,Rio de Janeiro Chinese Place 1610,Local,Chinese,-6.476608,-8.158722,Rio de Janeiro,Brazil,2009,False,True,False,True,4,3.7,4072,Operational
RES001611,New York Burger Place 1611,Local,Burger,-58.202913,103.991321,New York,USA,2008,True,False,True,True,1,4.3,2835,Operational
RES001612,Osaka Indian Place 1612,Local,Indian,-15.679959,58.073504,Osaka,Japan,2004,True,False,False,False,2,4.5,2815,Operational
RES001613,New York Indian Place 1613,Local,Indian,-7.12308,-96.287756,New York,USA,2003,False,False,True,True,2,3.1,1234,Operational
RES001614,Tokyo Brazilian Place 1614,Local,Brazilian,18.798877,109.277779,Tokyo,Japan,1991,True,False,False,True,4,2.5,1223,Operational
RES001615,Sao Paulo Chinese Place 1615,Local,Chinese,60.954606,-80.687644,Sao Paulo,Brazil,1960,False,False,True,False,4,2.2,1503,Operational
RES001616,Mumbai French Place 1616,Local,French,-38.809433,99.534337,Mumbai,India,1975,False,True,True,False,4,4.6,4153,Operational
RES001617,London Burger Place 1617,Local,Burger,44.689227,161.709581,London,United Kingdom,1994,True,True,True,False,4,4.7,3008,Closed Temporarily
RES001618,Rio de Janeiro American Place 1618,Local,American,55.95242,-159.380398,Rio de Janeiro,Brazil,1992,True,False,True,False,1,3.7,353,Operational
RES001619,Rio de Janeiro Brazilian Place 1619,Local,Brazilian,51.826284,176.55254,Rio de Janeiro,Brazil,1951,True,True,True,False,3,4.5,878,Operational
RES001620,Los Angeles Brazilian Place 1620,Local,Brazilian,80.959778,-164.813234,Los Angeles,USA,1969,True,False,True,True,2,3.3,3937,Operational
RES001621,New York Japanese Place 1621,Local,Japanese,-14.873044,-123.492446,New York,USA,1993,True,False,True,True,4,2.6,843,Operational
RES001622,Sao Paulo Pizza Place 1622,Local,Pizza,-89.292442,6.447949,Sao Paulo,Brazil,2023,True,False,False,False,4,3.9,964,Operational
RES001623,Italian Chain 1623,Chain,Italian,-0.977353,157.506525,Sao Paulo,Brazil,2019,False,False,True,False,2,2.7,4968,Operational
RES001624,London Chinese Place 1624,Local,Chinese,-72.348847,-178.832569,London,United Kingdom,1967,True,True,True,False,2,3.5,2363,Operational
RES001625,Mumbai Thai Place 1625,Local,Thai,29.118984,125.483087,Mumbai,India,2008,False,False,True,False,4,5.0,3866,Operational
RES001626,Japanese Chain 1626,Chain,Japanese,7.194737,-151.208274,Sao Paulo,Brazil,1969,True,True,False,False,2,4.2,1730,Operational
RES001627,Los Angeles Chinese Place 1627,Local,Chinese,20.67992,-116.049069,Los Angeles,USA,2007,True,False,False,True,4,2.5,1628,Operational
RES001628,Mumbai American Place 1628,Local,American,-45.075793,-100.156016,Mumbai,India,1992,True,True,False,False,1,3.2,1467,Operational
RES001629,Tokyo Japanese Place 1629,Local,Japanese,10.9945,-162.779574,Tokyo,Japan,1986,True,False,False,False,3,4.5,304,Operational
RES001630,Delhi American Place 1630,Local,American,-22.495794,-93.155382,Delhi,India,2002,False,True,True,True,1,3.5,2210,Operational
RES001631,Delhi Mediterranean Place 1631,Local,Mediterranean,-2.123646,-116.288075,Delhi,India,1988,False,True,False,False,4,2.0,4655,Operational
RES001632,American Chain 1632,Chain,American,-38.240879,-178.941846,Delhi,India,1975,True,False,False,True,1,2.7,2817,Operational
RES001633,London Mexican Place 1633,Local,Mexican,45.658087,-48.304318,London,United Kingdom,1996,True,True,True,True,2,2.1,1581,Operational
RES001634,Los Angeles Thai Place 1634,Local,Thai,-26.153102,-170.200838,Los Angeles,USA,1950,False,False,True,True,4,2.4,2731,Operational
RES001635,Manchester Thai Place 1635,Local,Thai,-82.691941,142.493579,Manchester,United Kingdom,2015,False,True,True,True,4,3.1,222,Operational
RES001636,Osaka Mexican Place 1636,Local,Mexican,-17.929735,169.457289,Osaka,Japan,1979,True,True,False,False,3,2.4,3818,Operational
RES001637,Delhi Italian Place 1637,Local,Italian,-24.773162,-80.109318,Delhi,India,1987,True,False,False,True,1,4.6,4708,Operational
RES001638,Osaka French Place 1638,Local,French,77.901577,-35.205766,Osaka,Japan,1989,True,False,True,False,2,3.5,4037,Operational
RES001639,Manchester Indian Place 1639,Local,Indian,-33.023143,72.298268,Manchester,United Kingdom,1981,False,True,True,True,4,5.0,2520,Operational
RES001640,Burger Chain 1640,Chain,Burger,-4.298152,139.150155,Rio de Janeiro,Brazil,1997,True,False,False,True,2,4.9,1882,Operational
RES001641,Rio de Janeiro Italian Place 1641,Local,Italian,49.372339,50.997414,Rio de Janeiro,Brazil,1964,True,False,False,True,3,3.1,324,Operational
RES001642,New York Italian Place 1642,Local,Italian,-88.166146,3.941743,New York,USA,1962,False,True,False,False,2,3.9,170,Closed Temporarily
RES001643,Tokyo Brazilian Place 1643,Local,Brazilian,-13.583041,-1.902782,Tokyo,Japan,1986,False,False,True,True,3,4.2,3582,Operational
RES001644,Chinese Chain 1644,Chain,Chinese,-22.213233,44.534709,Manchester,United Kingdom,1997,False,False,True,True,2,2.8,1172,Operational
RES001645,French Chain 1645,Chain,French,-40.946004,128.163117,Los Angeles,USA,1961,False,False,True,False,3,3.8,1788,Operational
RES001646,Manchester American Place 1646,Local,American,-58.489448,167.679842,Manchester,United Kingdom,1998,True,True,False,True,3,3.0,2749,Operational
RES001647,Delhi Thai Place 1647,Local,Thai,-16.931371,113.846714,Delhi,India,1977,True,False,True,False,4,2.3,2507,Operational
RES001648,Osaka Indian Place 1648,Local,Indian,-42.927338,176.90232,Osaka,Japan,2003,False,False,True,False,2,3.3,2048,Operational
RES001649,American Chain 1649,Chain,American,78.97722,-26.163648,Sao Paulo,Brazil,1971,False,True,True,True,2,2.2,1197,Operational
RES001650,Manchester Italian Place 1650,Local,Italian,-55.720661,-119.653151,Manchester,United Kingdom,1975,True,True,False,False,1,2.6,446,Operational
RES001651,Japanese Chain 1651,Chain,Japanese,11.021908,-98.527739,Rio de Janeiro,Brazil,1966,False,True,True,True,4,2.2,3192,Operational
RES001652,Chinese Chain 1652,Chain,Chinese,-86.316406,51.818427,Los Angeles,USA,1958,True,True,True,True,3,4.9,4691,Operational
RES001653,Japanese Chain 1653,Chain,Japanese,-16.482171,-66.638754,Tokyo,Japan,2013,True,True,True,False,2,4.2,2406,Closed Temporarily
RES001654,Italian Chain 1654,Chain,Italian,-22.29918,84.794099,Mumbai,India,1954,True,True,True,False,2,3.8,1479,Operational
RES001655,Brazilian Chain 1655,Chain,Brazilian,-32.611032,-107.915276,Tokyo,Japan,1987,False,False,True,True,3,4.7,1182,Operational
RES001656,Tokyo Chinese Place 1656,Local,Chinese,59.892211,-168.549024,Tokyo,Japan,1955,True,False,False,False,4,3.9,4161,Operational
RES001657,Pizza Chain 1657,Chain,Pizza,-41.828456,-5.129942,Los Angeles,USA,1983,True,False,False,True,3,4.3,1135,Operational
RES001658,Mediterranean Chain 1658,Chain,Mediterranean,-34.644257,78.204138,Los Angeles,USA,1998,False,True,True,False,1,2.7,2356,Closed Temporarily
RES001659,Manchester Burger Place 1659,Local,Burger,86.623141,74.705343,Manchester,United Kingdom,2015,True,False,False,True,4,2.7,2923,Operational
RES001660,Rio de Janeiro Brazilian Place 1660,Local,Brazilian,37.744538,125.449815,Rio de Janeiro,Brazil,2013,False,True,False,False,1,2.5,1475,Operational
RES001661,London Burger Place 1661,Local,Burger,-80.564843,77.429556,London,United Kingdom,1950,True,False,False,True,3,2.6,3013,Operational
RES001662,French Chain 1662,Chain,French,53.673225,-10.122569,New York,USA,2018,True,True,True,True,3,3.5,3685,Operational
RES001663,Rio de Janeiro Burger Place 1663,Local,Burger,21.001362,48.639645,Rio de Janeiro,Brazil,1968,False,True,False,False,3,4.6,1468,Operational
RES001664,Burger Chain 1664,Chain,Burger,-62.60525,59.044319,Rio de Janeiro,Brazil,2017,True,False,False,False,1,4.7,3676,Operational
RES001665,Osaka French Place 1665,Local,French,17.855182,-10.775211,Osaka,Japan,2000,True,True,False,True,1,2.6,2902,Operational
RES001666,Manchester Japanese Place 1666,Local,Japanese,58.595282,-146.770691,Manchester,United Kingdom,2001,True,False,False,False,3,3.1,3538,Operational
RES001667,Delhi Burger Place 1667,Local,Burger,-9.893807,-114.239639,Delhi,India,2007,False,True,False,False,4,3.6,1534,Operational
RES001668,Mediterranean Chain 1668,Chain,Mediterranean,-86.099582,92.688851,Rio de Janeiro,Brazil,1957,True,True,True,False,1,3.9,412,Operational
RES001669,Indian Chain 1669,Chain,Indian,-61.405628,-28.01027,Delhi,India,2002,True,True,True,True,2,2.4,1171,Operational
RES001670,Mediterranean Chain 1670,Chain,Mediterranean,-29.264877,-14.035958,London,United Kingdom,2019,False,True,True,False,1,4.2,2388,Operational
RES001671,Manchester Mediterranean Place 1671,Local,Mediterranean,-26.532227,174.650181,Manchester,United Kingdom,2021,False,False,True,False,1,2.5,4846,Operational
RES001672,Delhi Thai Place 1672,Local,Thai,-1.052003,37.946373,Delhi,India,2001,False,True,False,True,4,3.9,4063,Operational
RES001673,Sao Paulo French Place 1673,Local,French,-21.392587,-133.623061,Sao Paulo,Brazil,1998,True,True,True,True,2,2.6,523,Operational
RES001674,Sao Paulo Mediterranean Place 1674,Local,Mediterranean,58.905253,140.653218,Sao Paulo,Brazil,1977,True,True,True,True,4,2.1,237,Operational
RES001675,French Chain 1675,Chain,French,89.669838,-134.381204,Tokyo,Japan,1976,False,False,True,False,4,3.7,3272,Operational
RES001676,Los Angeles Italian Place 1676,Local,Italian,87.857527,159.147763,Los Angeles,USA,1985,True,False,False,False,4,2.5,1419,Operational
RES001677,Burger Chain 1677,Chain,Burger,48.494774,56.47469,Osaka,Japan,2017,False,True,False,True,3,3.3,1534,Operational
RES001678,London Brazilian Place 1678,Local,Brazilian,87.937385,122.460012,London,United Kingdom,2021,True,False,False,False,4,4.1,409,Operational
RES001679,Rio de Janeiro French Place 1679,Local,French,78.090995,147.91038,Rio de Janeiro,Brazil,1965,False,False,True,True,1,4.9,4103,Operational
RES001680,Los Angeles Chinese Place 1680,Local,Chinese,32.229412,8.185986,Los Angeles,USA,1954,False,True,False,True,4,4.6,1584,Operational
RES001681,Thai Chain 1681,Chain,Thai,31.63031,-112.217494,Tokyo,Japan,1952,True,False,False,True,2,4.9,3693,Operational
RES001682,Mediterranean Chain 1682,Chain,Mediterranean,49.774655,43.250678,New York,USA,1981,True,True,False,True,2,4.0,163,Operational
RES001683,Tokyo Burger Place 1683,Local,Burger,-80.875956,-176.214394,Tokyo,Japan,2015,False,True,True,True,1,4.9,3231,Operational
RES001684,French Chain 1684,Chain,French,4.685224,-139.764472,Los Angeles,USA,1981,False,True,False,True,4,2.4,4576,Operational
RES001685,Thai Chain 1685,Chain,Thai,-5.977195,-56.070336,Los Angeles,USA,1994,False,True,True,True,2,2.5,3188,Operational
RES001686,Tokyo Mexican Place 1686,Local,Mexican,-42.957551,-153.348429,Tokyo,Japan,1977,True,True,False,False,4,2.1,4746,Operational
RES001687,Mediterranean Chain 1687,Chain,Mediterranean,-74.627391,156.209032,Delhi,India,1993,False,False,True,True,2,3.2,4229,Operational
RES001688,Rio de Janeiro Mediterranean Place 1688,Local,Mediterranean,-69.178513,80.23348,Rio de Janeiro,Brazil,1993,False,False,True,False,2,3.9,622,Operational
RES001689,New York American Place 1689,Local,American,14.616509,-12.679751,New York,USA,1996,False,False,True,False,3,4.7,1482,Operational
RES001690,London Pizza Place 1690,Local,Pizza,-61.99273,-34.623544,London,United Kingdom,1990,False,True,False,False,4,3.8,1855,Operational
RES001691,Mediterranean Chain 1691,Chain,Mediterranean,14.027095,-118.203106,New York,USA,1985,True,False,True,True,3,2.3,3487,Operational
RES001692,Burger Chain 1692,Chain,Burger,-77.258857,-119.212512,Osaka,Japan,1950,True,False,True,False,4,4.4,133,Operational
RES001693,Sao Paulo Japanese Place 1693,Local,Japanese,-87.49726,4.562349,Sao Paulo,Brazil,2021,True,False,True,False,3,3.6,3811,Operational
RES001694,Sao Paulo Chinese Place 1694,Local,Chinese,22.940417,114.098899,Sao Paulo,Brazil,1954,True,False,False,True,3,3.0,487,Operational
RES001695,New York Italian Place 1695,Local,Italian,25.644473,111.922436,New York,USA,1954,False,False,True,True,2,4.2,3622,Operational
RES001696,Rio de Janeiro Mediterranean Place 1696,Local,Mediterranean,77.56728,45.744898,Rio de Janeiro,Brazil,1972,True,True,False,True,1,4.6,802,Operational
RES001697,Osaka Mexican Place 1697,Local,Mexican,57.85417,-63.965257,Osaka,Japan,2003,True,False,False,False,3,4.9,2952,Operational
RES001698,Osaka Mediterranean Place 1698,Local,Mediterranean,88.513464,-124.205035,Osaka,Japan,1989,True,True,False,True,2,3.3,24,Operational
RES001699,Los Angeles Thai Place 1699,Local,Thai,21.075134,170.724549,Los Angeles,USA,1987,True,True,False,True,3,4.0,3853,Operational
RES001700,Osaka American Place 1700,Local,American,-25.78525,-172.03398,Osaka,Japan,1980,False,True,True,True,3,5.0,3092,Operational
RES001701,Japanese Chain 1701,Chain,Japanese,-62.437294,-152.037547,Sao Paulo,Brazil,1975,False,True,True,False,3,4.5,2201,Closed Temporarily
RES001702,Mumbai Indian Place 1702,Local,Indian,-9.684836,-16.277935,Mumbai,India,1986,True,False,True,False,3,5.0,96,Operational
RES001703,Chinese Chain 1703,Chain,Chinese,-49.398782,-64.464077,Los Angeles,USA,1978,True,False,False,False,4,4.1,4490,Operational
RES001704,Delhi Mediterranean Place 1704,Local,Mediterranean,-12.778879,38.904245,Delhi,India,2019,False,False,True,False,4,2.5,1534,Operational
RES001705,Manchester Brazilian Place 1705,Local,Brazilian,-83.34475,136.528848,Manchester,United Kingdom,1978,True,True,False,False,2,4.9,4632,Operational
RES001706,Sao Paulo Mediterranean Place 1706,Local,Mediterranean,27.304676,-41.815729,Sao Paulo,Brazil,1993,True,False,False,False,3,2.9,723,Closed Temporarily
RES001707,Delhi Chinese Place 1707,Local,Chinese,-80.409203,171.067503,Delhi,India,1968,False,True,False,False,2,3.4,4965,Operational
RES001708,Manchester Japanese Place 1708,Local,Japanese,-75.90075,111.141985,Manchester,United Kingdom,2019,True,True,False,True,4,2.6,4959,Operational
RES001709,Indian Chain 1709,Chain,Indian,-1.343617,169.815741,Delhi,India,1965,True,False,False,False,4,4.3,121,Operational
RES001710,London Chinese Place 1710,Local,Chinese,57.507678,49.578735,London,United Kingdom,2019,True,False,False,True,1,4.1,1072,Operational
RES001711,Tokyo Japanese Place 1711,Local,Japanese,86.448589,-137.530925,Tokyo,Japan,1962,True,True,False,False,1,3.4,4406,Operational
RES001712,New York Brazilian Place 1712,Local,Brazilian,35.724006,-31.9366,New York,USA,1968,True,False,False,False,3,4.1,3485,Operational
RES001713,Los Angeles Thai Place 1713,Local,Thai,-67.795333,-54.549834,Los Angeles,USA,2012,True,True,True,True,4,4.5,4744,Operational
RES001714,Brazilian Chain 1714,Chain,Brazilian,14.190116,-56.154038,Manchester,United Kingdom,1960,True,False,False,False,2,4.9,3394,Operational
RES001715,Tokyo American Place 1715,Local,American,69.767804,-127.130329,Tokyo,Japan,1966,True,True,False,True,3,3.4,989,Operational
RES001716,Tokyo Thai Place 1716,Local,Thai,61.231579,-152.863474,Tokyo,Japan,1981,True,False,False,False,1,4.9,3692,Operational
RES001717,Manchester Mexican Place 1717,Local,Mexican,-31.07223,149.830488,Manchester,United Kingdom,1969,True,False,False,True,3,4.3,4309,Operational
RES001718,Los Angeles French Place 1718,Local,French,78.108619,-49.677632,Los Angeles,USA,1965,True,False,False,False,3,3.1,3090,Operational
RES001719,Manchester Mexican Place 1719,Local,Mexican,-24.722165,-43.365862,Manchester,United Kingdom,1960,False,False,True,True,3,4.4,697,Operational
RES001720,London French Place 1720,Local,French,-75.603107,-165.160155,London,United Kingdom,1991,True,False,False,True,1,3.2,3309,Operational
RES001721,Delhi Mexican Place 1721,Local,Mexican,-33.897474,-110.004157,Delhi,India,1972,True,False,False,False,2,2.1,1800,Operational
RES001722,London Mexican Place 1722,Local,Mexican,29.338562,52.776916,London,United Kingdom,1962,True,False,True,True,3,4.0,4320,Operational
RES001723,Mumbai Japanese Place 1723,Local,Japanese,41.696109,-67.101876,Mumbai,India,2004,True,True,False,True,4,2.4,1249,Operational
RES001724,Brazilian Chain 1724,Chain,Brazilian,-46.268733,79.894521,Rio de Janeiro,Brazil,2017,True,False,True,True,1,3.1,1665,Operational
RES001725,Mexican Chain 1725,Chain,Mexican,-58.384669,169.262632,Los Angeles,USA,1965,False,True,True,True,3,3.3,4854,Operational
RES001726,Mediterranean Chain 1726,Chain,Mediterranean,-68.894387,25.40521,Mumbai,India,1963,True,True,False,True,3,2.1,2118,Operational
RES001727,Sao Paulo Brazilian Place 1727,Local,Brazilian,28.770715,-155.256176,Sao Paulo,Brazil,1951,True,True,True,True,2,2.0,3095,Operational
RES001728,London Brazilian Place 1728,Local,Brazilian,-20.742571,53.19087,London,United Kingdom,2000,True,False,False,True,4,3.1,1303,Operational
RES001729,Sao Paulo Pizza Place 1729,Local,Pizza,-65.879693,48.79493,Sao Paulo,Brazil,1965,True,True,True,True,2,3.9,522,Operational
RES001730,Italian Chain 1730,Chain,Italian,-19.418853,-25.756537,London,United Kingdom,1995,True,False,True,True,2,2.3,2549,Operational
RES001731,Brazilian Chain 1731,Chain,Brazilian,-2.508074,-100.105984,Rio de Janeiro,Brazil,1962,True,True,False,True,3,2.4,3875,Operational
RES001732,Los Angeles Thai Place 1732,Local,Thai,89.979623,-174.225465,Los Angeles,USA,1974,False,True,True,False,4,4.4,3017,Operational
RES001733,Los Angeles French Place 1733,Local,French,62.559603,-93.637595,Los Angeles,USA,2022,True,True,True,True,2,4.7,1931,Operational
RES001734,Tokyo Pizza Place 1734,Local,Pizza,-24.824481,109.101414,Tokyo,Japan,1989,False,True,False,True,3,3.2,266,Operational
RES001735,Japanese Chain 1735,Chain,Japanese,-4.29538,128.025473,New York,USA,1973,True,False,True,True,4,4.0,1385,Operational
RES001736,Japanese Chain 1736,Chain,Japanese,2.90435,-0.3588,Osaka,Japan,1983,False,False,True,False,4,4.5,2868,Operational
RES001737,Thai Chain 1737,Chain,Thai,-5.951111,-52.324234,London,United Kingdom,1956,True,True,False,False,3,4.2,2286,Operational
RES001738,London Italian Place 1738,Local,Italian,-30.345302,-25.98906,London,United Kingdom,2003,True,False,True,False,2,2.0,322,Operational
RES001739,Manchester Thai Place 1739,Local,Thai,-71.532727,-2.657248,Manchester,United Kingdom,1976,False,True,True,False,1,3.2,3463,Closed Temporarily
RES001740,Tokyo Chinese Place 1740,Local,Chinese,-29.570977,-34.199627,Tokyo,Japan,1991,True,True,False,False,4,2.8,2635,Operational
RES001741,Los Angeles French Place 1741,Local,French,-40.63977,166.213446,Los Angeles,USA,2012,False,True,False,False,1,4.5,2032,Operational
RES001742,London French Place 1742,Local,French,-80.960104,173.439296,London,United Kingdom,1963,True,False,False,True,3,4.6,151,Operational
RES001743,London Japanese Place 1743,Local,Japanese,-6.067728,-35.265716,London,United Kingdom,1963,False,False,True,True,4,5.0,564,Operational
RES001744,Delhi Mexican Place 1744,Local,Mexican,-59.369012,-64.825374,Delhi,India,1990,True,False,True,False,4,2.8,2182,Operational
RES001745,Mediterranean Chain 1745,Chain,Mediterranean,8.70555,-51.93311,Rio de Janeiro,Brazil,1977,False,False,True,True,1,4.2,1451,Operational
RES001746,Delhi Brazilian Place 1746,Local,Brazilian,-4.898252,-111.915586,Delhi,India,2011,True,True,True,False,1,4.4,568,Operational
RES001747,Mumbai Thai Place 1747,Local,Thai,-50.592788,84.625814,Mumbai,India,2004,True,False,False,True,2,3.6,655,Operational
RES001748,New York Pizza Place 1748,Local,Pizza,-25.919877,-165.13822,New York,USA,1962,True,False,False,True,2,2.7,3492,Operational
RES001749,American Chain 1749,Chain,American,18.852443,1.739596,Delhi,India,1978,False,False,True,False,4,4.1,4058,Operational
RES001750,Brazilian Chain 1750,Chain,Brazilian,14.906601,-136.052472,Mumbai,India,1972,True,True,False,False,2,2.1,2131,Operational
RES001751,New York Brazilian Place 1751,Local,Brazilian,-57.477561,48.175023,New York,USA,1959,True,True,True,False,1,4.7,1370,Operational
RES001752,New York Thai Place 1752,Local,Thai,87.625448,94.191725,New York,USA,2020,True,True,True,True,4,4.2,688,Operational
RES001753,New York Brazilian Place 1753,Local,Brazilian,-73.100856,-172.010376,New York,USA,1952,True,False,True,True,4,3.6,3132,Operational
RES001754,New York American Place 1754,Local,American,58.275426,177.833591,New York,USA,1972,True,False,False,True,4,3.2,958,Operational
RES001755,Mumbai American Place 1755,Local,American,-27.113788,-177.776006,Mumbai,India,1966,False,False,True,False,4,2.6,3315,Operational
RES001756,French Chain 1756,Chain,French,-67.431144,-67.404963,Mumbai,India,1962,False,True,False,False,2,3.6,1694,Operational
RES001757,London Chinese Place 1757,Local,Chinese,67.687307,84.479271,London,United Kingdom,1997,True,True,False,False,2,2.0,4612,Operational
RES001758,Los Angeles Italian Place 1758,Local,Italian,85.862555,-107.732602,Los Angeles,USA,1953,True,False,False,True,1,3.5,3502,Operational
RES001759,Sao Paulo Italian Place 1759,Local,Italian,-81.910955,35.470928,Sao Paulo,Brazil,1993,True,True,True,False,4,2.3,3086,Operational
RES001760,Chinese Chain 1760,Chain,Chinese,-3.634294,-128.008579,Delhi,India,1971,True,False,False,False,4,3.3,512,Operational
RES001761,London French Place 1761,Local,French,-64.184013,12.426095,London,United Kingdom,1958,False,True,True,True,3,4.7,3673,Operational
RES001762,Indian Chain 1762,Chain,Indian,9.826433,-154.170658,Rio de Janeiro,Brazil,1962,True,False,False,False,2,4.4,3792,Operational
RES001763,Osaka Indian Place 1763,Local,Indian,-87.588769,2.45782,Osaka,Japan,1958,True,False,False,False,2,2.7,279,Operational
RES001764,French Chain 1764,Chain,French,-49.009813,119.767426,Sao Paulo,Brazil,1978,True,False,True,False,4,4.1,1075,Operational
RES001765,Sao Paulo Brazilian Place 1765,Local,Brazilian,71.739117,-69.658174,Sao Paulo,Brazil,1959,True,False,False,True,4,3.2,1131,Operational
RES001766,Los Angeles Pizza Place 1766,Local,Pizza,35.372387,-95.963268,Los Angeles,USA,2002,True,True,True,True,1,3.5,3909,Operational
RES001767,Indian Chain 1767,Chain,Indian,79.65089,-143.112749,Tokyo,Japan,1990,True,True,False,False,2,4.5,3405,Operational
RES001768,New York Chinese Place 1768,Local,Chinese,-7.220901,-34.224065,New York,USA,1964,False,True,False,False,4,2.1,4251,Operational
RES001769,Rio de Janeiro Brazilian Place 1769,Local,Brazilian,-44.258478,146.948233,Rio de Janeiro,Brazil,2009,True,False,False,True,1,2.2,1035,Operational
RES001770,London Brazilian Place 1770,Local,Brazilian,85.822263,64.044667,London,United Kingdom,1952,False,False,True,True,2,2.4,2569,Closed Temporarily
RES001771,Mediterranean Chain 1771,Chain,Mediterranean,43.683851,-120.487562,Osaka,Japan,1983,True,False,False,False,4,2.8,4036,Operational
RES001772,Indian Chain 1772,Chain,Indian,-85.564025,-28.980706,Manchester,United Kingdom,1951,True,False,True,False,2,3.4,2372,Operational
RES001773,Osaka Mexican Place 1773,Local,Mexican,-26.917182,125.162492,Osaka,Japan,1982,True,True,False,True,1,2.0,770,Operational
RES001774,Manchester Pizza Place 1774,Local,Pizza,74.671166,176.469683,Manchester,United Kingdom,2016,True,False,False,True,3,2.7,3001,Operational
RES001775,Italian Chain 1775,Chain,Italian,17.812582,-160.89787,London,United Kingdom,1963,True,False,True,False,2,3.4,3813,Operational
RES001776,Chinese Chain 1776,Chain,Chinese,-45.510293,175.074632,Tokyo,Japan,2005,False,False,True,True,4,2.1,741,Operational
RES001777,Manchester American Place 1777,Local,American,30.943039,124.776101,Manchester,United Kingdom,1988,True,True,True,True,2,4.0,8,Operational
RES001778,Rio de Janeiro Burger Place 1778,Local,Burger,59.207265,169.727928,Rio de Janeiro,Brazil,2014,True,True,True,False,4,2.9,1822,Closed Temporarily
RES001779,French Chain 1779,Chain,French,-88.899422,-21.643645,Rio de Janeiro,Brazil,1964,False,True,True,True,4,4.6,2101,Operational
RES001780,Mumbai French Place 1780,Local,French,9.436999,-132.097753,Mumbai,India,1963,True,True,False,False,3,4.9,909,Operational
RES001781,Sao Paulo Indian Place 1781,Local,Indian,7.32393,11.846428,Sao Paulo,Brazil,1987,True,False,True,True,2,2.4,1573,Operational
RES001782,American Chain 1782,Chain,American,-25.198267,-162.721334,Rio de Janeiro,Brazil,2016,False,True,True,False,4,2.1,3558,Closed Temporarily
RES001783,Delhi Burger Place 1783,Local,Burger,-43.21645,-86.901751,Delhi,India,2016,True,False,False,False,4,2.1,1905,Operational
RES001784,Los Angeles American Place 1784,Local,American,-19.178755,-119.405174,Los Angeles,USA,1977,False,True,False,False,3,2.5,2774,Operational
RES001785,Delhi American Place 1785,Local,American,-80.884698,-3.081732,Delhi,India,2018,True,False,True,False,1,2.4,4180,Operational
RES001786,Los Angeles Brazilian Place 1786,Local,Brazilian,2.176617,-79.836133,Los Angeles,USA,1974,False,True,True,False,3,2.5,3653,Operational
RES001787,Brazilian Chain 1787,Chain,Brazilian,-49.310092,-111.784551,London,United Kingdom,1993,False,True,True,False,3,3.5,3944,Operational
RES001788,Italian Chain 1788,Chain,Italian,-38.985767,30.676938,Sao Paulo,Brazil,1997,False,True,True,False,4,2.2,1072,Operational
RES001789,Mumbai Mediterranean Place 1789,Local,Mediterranean,43.984287,165.828944,Mumbai,India,1995,True,True,True,False,2,2.3,206,Operational
RES001790,Thai Chain 1790,Chain,Thai,-53.735148,114.788786,Manchester,United Kingdom,1979,True,True,False,False,1,2.8,1005,Operational
RES001791,Mumbai Burger Place 1791,Local,Burger,-74.845974,177.012251,Mumbai,India,1999,False,False,True,False,3,2.4,313,Operational
RES001792,Mexican Chain 1792,Chain,Mexican,-51.143748,-14.052306,London,United Kingdom,2007,True,True,True,True,1,3.0,3613,Operational
RES001793,Thai Chain 1793,Chain,Thai,28.457938,-148.497699,Los Angeles,USA,2019,True,True,True,True,4,3.9,752,Closed Temporarily
RES001794,Tokyo Mexican Place 1794,Local,Mexican,7.400905,69.913162,Tokyo,Japan,1957,True,False,True,True,2,2.5,466,Operational
RES001795,Japanese Chain 1795,Chain,Japanese,84.585764,113.626115,London,United Kingdom,1975,True,False,False,True,1,4.5,4636,Operational
RES001796,Mumbai Pizza Place 1796,Local,Pizza,87.794989,-14.301601,Mumbai,India,2015,True,False,True,False,2,2.4,3626,Operational
RES001797,Osaka Chinese Place 1797,Local,Chinese,-61.51299,9.241346,Osaka,Japan,2002,True,False,True,False,4,2.7,991,Closed Temporarily
RES001798,New York Japanese Place 1798,Local,Japanese,4.276471,-165.457019,New York,USA,1955,True,False,True,False,4,4.7,3922,Operational
RES001799,New York Japanese Place 1799,Local,Japanese,85.942808,126.542744,New York,USA,2007,False,True,True,True,4,2.3,1554,Operational
RES001800,Delhi Japanese Place 1800,Local,Japanese,30.274418,-105.326493,Delhi,India,1986,True,True,False,False,3,2.3,3114,Operational
RES001801,Sao Paulo French Place 1801,Local,French,10.745921,123.251021,Sao Paulo,Brazil,1999,True,True,False,True,2,4.5,1636,Operational
RES001802,Burger Chain 1802,Chain,Burger,4.749181,164.542447,Tokyo,Japan,1961,True,False,False,True,1,3.4,4778,Operational
RES001803,Brazilian Chain 1803,Chain,Brazilian,0.692696,-173.295902,Delhi,India,2013,False,False,True,True,2,5.0,1977,Operational
RES001804,Mediterranean Chain 1804,Chain,Mediterranean,35.704296,-145.918025,Tokyo,Japan,2011,True,True,False,True,4,3.5,1381,Operational
RES001805,Mumbai Thai Place 1805,Local,Thai,43.989967,34.912649,Mumbai,India,1968,True,False,False,True,4,4.6,4492,Operational
RES001806,Manchester American Place 1806,Local,American,-43.098917,179.602684,Manchester,United Kingdom,1963,False,True,False,True,4,4.1,3089,Operational
RES001807,Mumbai Brazilian Place 1807,Local,Brazilian,-38.458091,24.449155,Mumbai,India,1958,False,False,True,False,4,3.0,113,Operational
RES001808,Los Angeles Mexican Place 1808,Local,Mexican,4.20023,153.781884,Los Angeles,USA,2001,True,False,False,False,1,4.5,28,Operational
RES001809,Burger Chain 1809,Chain,Burger,20.913791,126.97465,Mumbai,India,2019,True,True,False,False,3,2.1,157,Operational
RES001810,Rio de Janeiro Mexican Place 1810,Local,Mexican,-36.618338,30.000175,Rio de Janeiro,Brazil,2015,False,True,True,True,3,3.6,1897,Operational
RES001811,Indian Chain 1811,Chain,Indian,63.046746,51.51054,Osaka,Japan,2014,True,True,False,True,3,4.0,2364,Operational
RES001812,New York Italian Place 1812,Local,Italian,-72.153941,105.974205,New York,USA,1968,False,False,True,False,4,2.0,279,Operational
RES001813,Sao Paulo American Place 1813,Local,American,-71.387678,142.133442,Sao Paulo,Brazil,2022,False,True,False,False,1,2.9,1871,Operational
RES001814,New York Italian Place 1814,Local,Italian,50.491183,149.385588,New York,USA,1956,True,True,True,True,4,3.6,3415,Operational
RES001815,Los Angeles Italian Place 1815,Local,Italian,-58.978105,-24.729889,Los Angeles,USA,1957,True,True,True,False,3,2.5,1243,Operational
RES001816,Mediterranean Chain 1816,Chain,Mediterranean,55.201149,79.48355,Delhi,India,1975,True,True,True,True,2,2.1,663,Closed Temporarily
RES001817,Sao Paulo Pizza Place 1817,Local,Pizza,-18.007874,-152.507438,Sao Paulo,Brazil,2020,False,True,True,True,2,2.5,1178,Operational
RES001818,French Chain 1818,Chain,French,33.200971,-174.071234,Osaka,Japan,1987,False,False,True,True,1,4.3,4217,Operational
RES001819,Sao Paulo Italian Place 1819,Local,Italian,-63.915408,79.44955,Sao Paulo,Brazil,1950,False,True,True,False,2,2.5,4469,Operational
RES001820,London Indian Place 1820,Local,Indian,-89.723092,69.769841,London,United Kingdom,1960,True,False,True,False,2,3.3,4093,Operational
RES001821,Pizza Chain 1821,Chain,Pizza,-17.203918,-135.081933,Los Angeles,USA,2006,False,True,False,True,1,4.4,2603,Operational
RES001822,Mumbai Pizza Place 1822,Local,Pizza,-0.775549,65.123569,Mumbai,India,1993,True,True,True,True,3,3.5,4757,Operational
RES001823,Los Angeles Chinese Place 1823,Local,Chinese,-63.223036,169.47505,Los Angeles,USA,1993,True,True,True,False,2,4.0,4466,Operational
RES001824,Sao Paulo Mexican Place 1824,Local,Mexican,-27.728357,-15.749115,Sao Paulo,Brazil,1983,True,False,False,False,1,2.3,320,Operational
RES001825,Mumbai Burger Place 1825,Local,Burger,4.994369,66.651632,Mumbai,India,1994,True,False,True,False,2,3.0,2843,Operational
RES001826,Los Angeles Pizza Place 1826,Local,Pizza,70.328074,-155.327968,Los Angeles,USA,1991,True,False,False,False,1,3.7,3067,Operational
RES001827,London French Place 1827,Local,French,66.031416,162.426648,London,United Kingdom,2007,True,False,False,False,1,3.2,343,Operational
RES001828,Los Angeles American Place 1828,Local,American,46.171204,-71.396293,Los Angeles,USA,1957,True,True,False,True,1,4.9,4625,Operational
RES001829,Mumbai Thai Place 1829,Local,Thai,-34.631083,90.934124,Mumbai,India,1956,True,False,True,False,1,3.0,4558,Operational
RES001830,Mumbai Burger Place 1830,Local,Burger,16.010923,-5.980202,Mumbai,India,2019,True,True,True,False,3,3.3,1824,Operational
RES001831,Sao Paulo Italian Place 1831,Local,Italian,-72.944364,-44.334474,Sao Paulo,Brazil,1992,True,True,False,True,2,3.3,2972,Operational
RES001832,Los Angeles Burger Place 1832,Local,Burger,67.076857,29.812602,Los Angeles,USA,1997,True,True,False,False,1,5.0,301,Operational
RES001833,Sao Paulo Mediterranean Place 1833,Local,Mediterranean,60.743559,159.756474,Sao Paulo,Brazil,1984,False,False,True,True,4,2.9,808,Operational
RES001834,Tokyo Burger Place 1834,Local,Burger,-70.061838,6.757159,Tokyo,Japan,1957,False,True,False,False,1,4.0,3653,Operational
RES001835,Mumbai French Place 1835,Local,French,-72.497085,78.138005,Mumbai,India,2004,True,True,True,True,4,2.2,3262,Operational
RES001836,Manchester Mediterranean Place 1836,Local,Mediterranean,-28.594742,-74.304566,Manchester,United Kingdom,1962,True,True,False,False,3,4.8,2284,Operational
RES001837,Delhi American Place 1837,Local,American,74.357626,93.299669,Delhi,India,2010,False,True,True,False,2,4.3,2426,Operational
RES001838,Mumbai Italian Place 1838,Local,Italian,6.932787,-151.610019,Mumbai,India,1983,True,True,True,False,4,4.6,1168,Operational
RES001839,Tokyo Chinese Place 1839,Local,Chinese,43.026697,-72.36795,Tokyo,Japan,2000,True,True,True,False,1,3.1,2178,Operational
RES001840,London Italian Place 1840,Local,Italian,-35.83908,-16.949992,London,United Kingdom,2022,True,False,False,True,2,2.9,594,Operational
RES001841,Italian Chain 1841,Chain,Italian,-23.641762,20.714336,Sao Paulo,Brazil,2015,False,True,True,False,3,2.9,484,Operational
RES001842,Rio de Janeiro Italian Place 1842,Local,Italian,-77.229001,128.056856,Rio de Janeiro,Brazil,1957,True,False,True,True,3,2.4,4,Operational
RES001843,New York Japanese Place 1843,Local,Japanese,-75.338411,7.214351,New York,USA,1951,True,False,False,False,1,2.5,1540,Operational
RES001844,Delhi French Place 1844,Local,French,-52.285608,-52.354258,Delhi,India,2021,False,False,True,True,2,2.6,1433,Operational
RES001845,New York Mediterranean Place 1845,Local,Mediterranean,15.609458,112.477024,New York,USA,2004,False,True,False,False,1,2.7,3089,Operational
RES001846,Los Angeles Pizza Place 1846,Local,Pizza,38.837133,59.292443,Los Angeles,USA,1966,True,True,True,False,3,4.8,2353,Operational
RES001847,Delhi Thai Place 1847,Local,Thai,-15.339985,-7.821502,Delhi,India,1959,False,True,True,False,3,2.1,694,Operational
RES001848,Burger Chain 1848,Chain,Burger,-21.331749,-4.731575,Los Angeles,USA,1959,True,True,False,False,4,3.3,1708,Operational
RES001849,French Chain 1849,Chain,French,25.633815,-88.950679,New York,USA,1987,True,True,True,True,4,3.4,4503,Closed Temporarily
RES001850,Mumbai Italian Place 1850,Local,Italian,-35.427262,-25.032358,Mumbai,India,2010,True,False,False,False,4,4.2,2035,Operational
RES001851,Burger Chain 1851,Chain,Burger,-76.234937,-20.242238,London,United Kingdom,1978,True,False,True,True,2,4.5,3565,Operational
RES001852,Mumbai Mexican Place 1852,Local,Mexican,-25.120424,133.014629,Mumbai,India,2004,True,True,False,True,2,2.1,2928,Operational
RES001853,Thai Chain 1853,Chain,Thai,71.727312,7.964423,Tokyo,Japan,1963,False,True,False,True,3,3.4,362,Operational
RES001854,Chinese Chain 1854,Chain,Chinese,-3.967484,-150.666498,New York,USA,1978,True,True,False,False,3,2.2,385,Operational
RES001855,Los Angeles Thai Place 1855,Local,Thai,-89.266905,-82.697369,Los Angeles,USA,1966,True,False,False,True,2,4.9,4849,Operational
RES001856,Osaka Brazilian Place 1856,Local,Brazilian,5.901303,96.058887,Osaka,Japan,2005,True,True,True,False,1,2.3,297,Operational
RES001857,Manchester French Place 1857,Local,French,-70.392691,132.03701,Manchester,United Kingdom,2023,True,True,True,True,2,3.5,4199,Operational
RES001858,Rio de Janeiro Chinese Place 1858,Local,Chinese,-80.961261,-5.37468,Rio de Janeiro,Brazil,1999,True,False,True,True,3,4.8,169,Operational
RES001859,Los Angeles Italian Place 1859,Local,Italian,30.877745,-158.076283,Los Angeles,USA,2003,False,False,True,True,1,3.2,3020,Operational
RES001860,Los Angeles Thai Place 1860,Local,Thai,78.467667,11.316593,Los Angeles,USA,1999,False,False,True,False,3,3.0,1933,Operational
RES001861,American Chain 1861,Chain,American,-68.171865,13.081035,Tokyo,Japan,1993,True,False,False,True,4,2.7,498,Operational
RES001862,Rio de Janeiro Italian Place 1862,Local,Italian,-39.717731,176.853051,Rio de Janeiro,Brazil,1967,False,False,True,True,1,4.7,2681,Operational
RES001863,Japanese Chain 1863,Chain,Japanese,9.501726,95.55828,Mumbai,India,2012,True,False,True,False,4,3.7,4807,Operational
RES001864,Tokyo Pizza Place 1864,Local,Pizza,-50.69193,119.983163,Tokyo,Japan,1975,False,False,True,False,1,3.8,4195,Operational
RES001865,Manchester Italian Place 1865,Local,Italian,-74.584706,164.712054,Manchester,United Kingdom,1963,True,False,False,False,1,4.1,4846,Operational
RES001866,Osaka Burger Place 1866,Local,Burger,41.127412,130.173291,Osaka,Japan,2019,False,True,False,True,3,3.8,3987,Operational
RES001867,French Chain 1867,Chain,French,-37.056267,8.445399,Osaka,Japan,1984,False,True,False,False,4,3.9,4193,Operational
RES001868,Manchester Indian Place 1868,Local,Indian,-58.205049,17.363163,Manchester,United Kingdom,1964,True,True,False,True,1,4.2,4589,Operational
RES001869,Tokyo Chinese Place 1869,Local,Chinese,8.852932,-120.844478,Tokyo,Japan,1958,False,False,True,False,4,3.2,3984,Operational
RES001870,French Chain 1870,Chain,French,63.747963,-118.016752,New York,USA,2006,True,False,False,True,2,3.2,3656,Operational
RES001871,Delhi Italian Place 1871,Local,Italian,-70.305898,-64.334085,Delhi,India,1962,True,True,True,True,4,3.2,2523,Operational
RES001872,New York Pizza Place 1872,Local,Pizza,36.811334,-72.761168,New York,USA,2004,True,False,True,False,2,2.8,1190,Operational
RES001873,Tokyo American Place 1873,Local,American,85.653778,155.684372,Tokyo,Japan,1985,True,False,True,False,4,4.3,1392,Operational
RES001874,Japanese Chain 1874,Chain,Japanese,-58.738183,42.086265,Sao Paulo,Brazil,1961,True,True,True,False,2,2.2,3128,Operational
RES001875,Mexican Chain 1875,Chain,Mexican,57.002469,-176.33577,Osaka,Japan,2006,True,True,True,True,1,3.4,2660,Operational
RES001876,Osaka Mexican Place 1876,Local,Mexican,-43.126417,105.695244,Osaka,Japan,1967,True,True,True,True,2,4.4,966,Operational
RES001877,Mediterranean Chain 1877,Chain,Mediterranean,13.878106,132.846063,Manchester,United Kingdom,2012,False,True,True,False,2,4.8,662,Operational
RES001878,Italian Chain 1878,Chain,Italian,70.971953,70.475439,Sao Paulo,Brazil,2010,False,True,True,True,2,4.8,4529,Operational
RES001879,Delhi Italian Place 1879,Local,Italian,84.117711,-1.558578,Delhi,India,1973,True,False,False,False,3,4.4,4702,Operational
RES001880,Los Angeles Burger Place 1880,Local,Burger,-64.868668,-175.196365,Los Angeles,USA,1951,False,True,True,False,3,2.0,1788,Operational
RES001881,Chinese Chain 1881,Chain,Chinese,-17.987015,-42.197539,Los Angeles,USA,1997,True,False,False,True,4,2.9,3504,Operational
RES001882,Manchester Italian Place 1882,Local,Italian,42.487643,70.291168,Manchester,United Kingdom,1999,False,True,True,True,3,2.5,3472,Operational
RES001883,Burger Chain 1883,Chain,Burger,38.512022,6.361831,Los Angeles,USA,1951,True,True,False,False,4,2.9,3357,Closed Temporarily
RES001884,Manchester Italian Place 1884,Local,Italian,-38.07109,-62.031415,Manchester,United Kingdom,2006,True,False,False,True,4,4.8,2022,Operational
RES001885,Rio de Janeiro Mexican Place 1885,Local,Mexican,5.907797,-154.462008,Rio de Janeiro,Brazil,1988,False,True,False,False,2,2.9,3346,Operational
RES001886,Thai Chain 1886,Chain,Thai,7.840336,71.105236,Osaka,Japan,1987,False,False,True,False,2,3.2,3339,Operational
RES001887,French Chain 1887,Chain,French,39.012784,73.291614,Los Angeles,USA,1961,True,False,False,False,3,2.2,2623,Closed Temporarily
RES001888,Pizza Chain 1888,Chain,Pizza,-58.691821,74.762518,Rio de Janeiro,Brazil,1959,True,True,False,True,2,4.8,328,Operational
RES001889,Osaka French Place 1889,Local,French,50.02416,-14.481286,Osaka,Japan,2000,True,False,True,False,4,4.9,2091,Operational
RES001890,French Chain 1890,Chain,French,73.085376,160.296879,Manchester,United Kingdom,1989,True,False,False,False,4,4.4,1211,Operational
RES001891,Sao Paulo French Place 1891,Local,French,-56.856637,-21.476979,Sao Paulo,Brazil,2002,True,False,False,False,2,2.2,29,Closed Temporarily
RES001892,New York Brazilian Place 1892,Local,Brazilian,22.136257,156.518358,New York,USA,2023,True,False,False,False,3,4.9,805,Closed Temporarily
RES001893,Rio de Janeiro American Place 1893,Local,American,81.241405,-5.274183,Rio de Janeiro,Brazil,1959,False,False,True,True,4,5.0,357,Operational
RES001894,London Japanese Place 1894,Local,Japanese,70.780498,25.159763,London,United Kingdom,1984,True,True,True,True,3,4.1,3123,Operational
RES001895,Mumbai Mexican Place 1895,Local,Mexican,57.129717,57.046043,Mumbai,India,1958,True,False,False,True,4,4.8,4475,Operational
RES001896,Osaka Chinese Place 1896,Local,Chinese,73.97863,115.980999,Osaka,Japan,1987,True,False,False,True,1,4.4,3216,Operational
RES001897,New York Pizza Place 1897,Local,Pizza,-87.135887,-176.305671,New York,USA,1956,True,False,True,False,3,3.4,2939,Operational
RES001898,Tokyo Japanese Place 1898,Local,Japanese,42.052326,162.783042,Tokyo,Japan,2013,False,False,True,False,1,3.1,4594,Closed Temporarily
RES001899,French Chain 1899,Chain,French,-60.011797,-142.481238,Rio de Janeiro,Brazil,2010,False,True,False,True,1,3.2,4096,Operational
RES001900,Osaka Thai Place 1900,Local,Thai,-52.633784,-33.404947,Osaka,Japan,1970,False,True,False,True,1,3.3,4185,Operational
RES001901,Delhi Mediterranean Place 1901,Local,Mediterranean,-35.725248,173.416325,Delhi,India,1986,False,False,True,True,4,2.4,1145,Operational
RES001902,Japanese Chain 1902,Chain,Japanese,0.14111,141.554175,Mumbai,India,2018,True,False,False,True,1,3.1,4589,Operational
RES001903,Osaka Brazilian Place 1903,Local,Brazilian,-40.379224,15.120004,Osaka,Japan,1994,False,True,False,False,3,4.3,4433,Operational
RES001904,Burger Chain 1904,Chain,Burger,-58.710452,109.71006,Tokyo,Japan,2005,True,True,True,False,1,2.7,4048,Operational
RES001905,Thai Chain 1905,Chain,Thai,-33.976123,-151.41207,London,United Kingdom,1977,True,False,True,True,3,3.3,356,Operational
RES001906,Thai Chain 1906,Chain,Thai,-48.381666,167.365657,London,United Kingdom,1991,True,False,True,False,1,3.5,3003,Operational
RES001907,Tokyo American Place 1907,Local,American,-7.788904,77.222345,Tokyo,Japan,2022,True,False,False,False,3,2.3,1159,Operational
RES001908,New York Japanese Place 1908,Local,Japanese,14.13748,139.487399,New York,USA,1968,False,True,True,True,1,3.2,4272,Operational
RES001909,Osaka French Place 1909,Local,French,54.59745,108.43525,Osaka,Japan,1962,True,False,True,True,1,4.6,2314,Operational
RES001910,New York Chinese Place 1910,Local,Chinese,-29.54387,33.706837,New York,USA,1978,False,True,True,True,3,4.1,3593,Operational
RES001911,Sao Paulo Burger Place 1911,Local,Burger,60.572003,94.371163,Sao Paulo,Brazil,1996,False,True,False,False,1,3.0,1388,Operational
RES001912,Mediterranean Chain 1912,Chain,Mediterranean,53.287685,-49.550309,Osaka,Japan,2020,True,False,False,True,4,4.1,1715,Closed Temporarily
RES001913,New York Mediterranean Place 1913,Local,Mediterranean,35.190736,-121.318876,New York,USA,1999,False,True,True,True,2,2.0,1609,Operational
RES001914,London Brazilian Place 1914,Local,Brazilian,7.483248,-40.591573,London,United Kingdom,1982,False,False,True,True,2,4.8,3751,Operational
RES001915,Manchester Mediterranean Place 1915,Local,Mediterranean,-4.825188,-133.08245,Manchester,United Kingdom,1968,True,True,False,True,4,2.3,3980,Operational
RES001916,Manchester Japanese Place 1916,Local,Japanese,4.486565,153.576038,Manchester,United Kingdom,1979,True,False,True,True,3,4.0,2770,Operational
RES001917,Chinese Chain 1917,Chain,Chinese,-39.757264,-108.744491,Los Angeles,USA,2013,True,False,False,True,3,2.0,3017,Operational
RES001918,Tokyo Pizza Place 1918,Local,Pizza,-81.188232,166.85763,Tokyo,Japan,1992,True,False,False,False,1,4.6,2534,Operational
RES001919,Mumbai Mediterranean Place 1919,Local,Mediterranean,79.616438,-16.679432,Mumbai,India,2000,True,True,True,True,1,2.3,1144,Operational
RES001920,London Brazilian Place 1920,Local,Brazilian,-19.650049,-13.91197,London,United Kingdom,2019,True,False,False,False,1,4.6,4548,Operational
RES001921,Pizza Chain 1921,Chain,Pizza,-20.58375,98.415215,Manchester,United Kingdom,1986,True,False,False,False,4,3.8,419,Closed Temporarily
RES001922,Osaka Italian Place 1922,Local,Italian,9.896755,-46.541667,Osaka,Japan,2001,True,True,True,True,3,3.8,1333,Operational
RES001923,Los Angeles Italian Place 1923,Local,Italian,2.313452,54.891448,Los Angeles,USA,1994,True,False,False,False,4,2.9,2519,Operational
RES001924,New York American Place 1924,Local,American,88.609388,-155.346112,New York,USA,2008,True,True,True,True,2,2.2,3855,Operational
RES001925,Chinese Chain 1925,Chain,Chinese,35.734997,-89.403125,Osaka,Japan,1997,True,False,True,True,1,2.8,318,Operational
RES001926,London Italian Place 1926,Local,Italian,-85.916705,-37.513881,London,United Kingdom,1952,True,False,True,True,4,3.0,474,Closed Temporarily
RES001927,Osaka Thai Place 1927,Local,Thai,85.905117,-65.99124,Osaka,Japan,1976,True,False,True,False,2,3.7,1809,Operational
RES001928,Mediterranean Chain 1928,Chain,Mediterranean,-44.006079,37.958469,London,United Kingdom,1968,True,True,True,True,2,5.0,2149,Operational
RES001929,Manchester Burger Place 1929,Local,Burger,-46.051221,-77.819313,Manchester,United Kingdom,2011,True,True,False,True,2,2.3,442,Operational
RES001930,Delhi Brazilian Place 1930,Local,Brazilian,65.619491,-89.578196,Delhi,India,2012,False,False,True,False,3,3.3,2121,Operational
RES001931,Mumbai Brazilian Place 1931,Local,Brazilian,55.876468,170.14993,Mumbai,India,1980,False,True,False,False,4,4.0,1607,Operational
RES001932,Rio de Janeiro Japanese Place 1932,Local,Japanese,-33.911707,-31.397972,Rio de Janeiro,Brazil,2006,False,False,True,False,2,3.6,865,Operational
RES001933,Tokyo Mexican Place 1933,Local,Mexican,73.245174,-128.992094,Tokyo,Japan,1963,True,True,False,False,4,4.4,2917,Operational
RES001934,New York Indian Place 1934,Local,Indian,-46.346794,30.402189,New York,USA,2009,True,False,True,False,2,4.2,4523,Operational
RES001935,Pizza Chain 1935,Chain,Pizza,83.866879,-46.425893,Sao Paulo,Brazil,1994,True,True,False,False,1,4.8,413,Operational
RES001936,Burger Chain 1936,Chain,Burger,4.367276,31.934855,Los Angeles,USA,2001,True,True,False,False,2,3.1,1900,Operational
RES001937,New York Brazilian Place 1937,Local,Brazilian,13.776492,-90.050455,New York,USA,2019,False,True,False,True,2,3.3,880,Operational
RES001938,Sao Paulo American Place 1938,Local,American,19.840557,173.895791,Sao Paulo,Brazil,1987,True,False,False,True,3,2.4,2289,Operational
RES001939,Rio de Janeiro Mexican Place 1939,Local,Mexican,-22.790802,-15.186125,Rio de Janeiro,Brazil,2010,True,False,False,False,3,3.8,28,Operational
RES001940,Los Angeles Chinese Place 1940,Local,Chinese,-25.278387,-152.3213,Los Angeles,USA,1950,True,False,False,False,1,2.4,3910,Operational
RES001941,Indian Chain 1941,Chain,Indian,-6.649574,93.069616,Mumbai,India,1990,True,False,False,False,3,2.1,1465,Operational
RES001942,Manchester Mexican Place 1942,Local,Mexican,22.706375,159.694016,Manchester,United Kingdom,1964,True,False,True,False,3,3.5,2206,Operational
RES001943,Tokyo Indian Place 1943,Local,Indian,-73.940624,-133.074656,Tokyo,Japan,1975,True,False,True,True,4,3.3,2614,Operational
RES001944,London Mexican Place 1944,Local,Mexican,-89.013958,-125.509132,London,United Kingdom,1974,False,True,False,False,2,4.2,2038,Operational
RES001945,Rio de Janeiro Japanese Place 1945,Local,Japanese,74.937002,8.23611,Rio de Janeiro,Brazil,2003,True,False,True,False,1,4.7,1494,Operational
RES001946,New York Mexican Place 1946,Local,Mexican,42.164522,-90.669954,New York,USA,1996,True,False,True,True,1,3.0,4589,Operational
RES001947,Tokyo Chinese Place 1947,Local,Chinese,53.027119,-108.273575,Tokyo,Japan,1952,True,False,True,False,2,4.2,2521,Operational
RES001948,Italian Chain 1948,Chain,Italian,63.496053,-168.63205,Osaka,Japan,1973,True,False,False,True,3,4.4,1917,Operational
RES001949,Los Angeles Pizza Place 1949,Local,Pizza,16.510278,1.796786,Los Angeles,USA,2006,True,False,False,True,4,3.6,4473,Operational
RES001950,Chinese Chain 1950,Chain,Chinese,-66.993907,152.538916,Manchester,United Kingdom,2002,True,False,False,False,3,3.0,2573,Operational
RES001951,Manchester Thai Place 1951,Local,Thai,44.913605,147.666736,Manchester,United Kingdom,1985,True,False,True,False,3,3.7,2040,Operational
RES001952,New York American Place 1952,Local,American,44.837351,14.209969,New York,USA,1976,False,False,True,False,1,4.2,4108,Operational
RES001953,Los Angeles Chinese Place 1953,Local,Chinese,56.54944,164.037049,Los Angeles,USA,1959,False,False,True,True,2,2.4,4341,Operational
RES001954,London Brazilian Place 1954,Local,Brazilian,-0.688687,121.948097,London,United Kingdom,1961,True,False,True,True,2,3.5,537,Operational
RES001955,Delhi French Place 1955,Local,French,-22.709816,94.306488,Delhi,India,1968,True,False,False,False,4,3.1,1760,Operational
RES001956,Thai Chain 1956,Chain,Thai,30.122743,-102.643882,Osaka,Japan,1967,True,True,True,True,1,2.3,1774,Operational
RES001957,Mexican Chain 1957,Chain,Mexican,69.051612,-171.688894,Osaka,Japan,1988,True,True,True,False,1,3.5,2966,Operational
RES001958,American Chain 1958,Chain,American,-73.924237,60.263532,New York,USA,1997,False,True,False,True,1,4.5,4505,Operational
RES001959,Mediterranean Chain 1959,Chain,Mediterranean,-42.714988,166.505779,Delhi,India,1998,False,False,True,False,4,4.3,1299,Operational
RES001960,Mediterranean Chain 1960,Chain,Mediterranean,-7.978811,-0.425288,London,United Kingdom,2023,True,False,True,False,2,4.8,4460,Operational
RES001961,Pizza Chain 1961,Chain,Pizza,-0.070704,158.366391,Rio de Janeiro,Brazil,1995,True,True,True,True,3,3.2,4617,Operational
RES001962,Indian Chain 1962,Chain,Indian,74.846598,-45.434402,Delhi,India,2001,True,False,False,True,1,2.8,1373,Operational
RES001963,Mediterranean Chain 1963,Chain,Mediterranean,-76.350006,-107.795286,Los Angeles,USA,1951,False,False,True,True,1,3.5,4875,Operational
RES001964,Chinese Chain 1964,Chain,Chinese,-52.422481,33.891441,Rio de Janeiro,Brazil,2011,False,True,False,False,2,3.6,1689,Operational
RES001965,Mediterranean Chain 1965,Chain,Mediterranean,-81.461146,-93.463408,Sao Paulo,Brazil,1965,True,False,False,True,4,3.5,995,Operational
RES001966,London Thai Place 1966,Local,Thai,67.675099,-148.434057,London,United Kingdom,1982,False,True,False,False,4,4.3,3477,Closed Temporarily
RES001967,London Burger Place 1967,Local,Burger,-5.058279,-159.420246,London,United Kingdom,2009,True,True,True,True,4,4.3,4571,Closed Temporarily
RES001968,Osaka Mediterranean Place 1968,Local,Mediterranean,41.121372,19.436518,Osaka,Japan,2003,False,False,True,True,3,4.1,4888,Closed Temporarily
RES001969,Tokyo Brazilian Place 1969,Local,Brazilian,-85.651048,-50.825827,Tokyo,Japan,1970,True,False,False,True,4,3.7,324,Operational
RES001970,Rio de Janeiro Brazilian Place 1970,Local,Brazilian,-82.245935,99.034487,Rio de Janeiro,Brazil,1953,False,True,False,True,2,2.9,814,Operational
RES001971,French Chain 1971,Chain,French,-57.247325,136.280451,Delhi,India,2007,False,True,False,False,4,2.1,2957,Operational
RES001972,Sao Paulo Italian Place 1972,Local,Italian,38.119264,56.0245,Sao Paulo,Brazil,1996,True,False,False,True,4,2.1,523,Operational
RES001973,Indian Chain 1973,Chain,Indian,12.925722,21.364039,Manchester,United Kingdom,2001,True,False,True,False,4,3.0,4385,Operational
RES001974,Italian Chain 1974,Chain,Italian,19.994589,72.200203,Osaka,Japan,1962,True,False,False,True,2,2.6,4882,Operational
RES001975,Los Angeles Mexican Place 1975,Local,Mexican,31.091486,73.824271,Los Angeles,USA,1967,True,True,True,False,2,2.1,4575,Operational
RES001976,Sao Paulo Thai Place 1976,Local,Thai,39.311004,-139.698381,Sao Paulo,Brazil,1987,False,True,False,False,2,3.5,4921,Operational
RES001977,Los Angeles Mediterranean Place 1977,Local,Mediterranean,-75.930859,-97.477614,Los Angeles,USA,1978,False,True,False,False,1,4.2,4508,Operational
RES001978,Chinese Chain 1978,Chain,Chinese,50.833028,98.824275,Mumbai,India,1954,True,True,False,False,4,4.4,3924,Operational
RES001979,Manchester Thai Place 1979,Local,Thai,-38.045013,63.343183,Manchester,United Kingdom,2009,True,True,True,False,1,3.1,1368,Operational
RES001980,New York French Place 1980,Local,French,-16.164771,-32.083359,New York,USA,2001,True,False,False,True,1,4.5,3468,Operational
RES001981,Mumbai Brazilian Place 1981,Local,Brazilian,1.73163,-92.07578,Mumbai,India,1967,True,False,True,True,4,2.0,3957,Operational
RES001982,French Chain 1982,Chain,French,53.177418,-0.119366,Tokyo,Japan,1978,False,False,True,True,2,4.3,1031,Operational
RES001983,Pizza Chain 1983,Chain,Pizza,28.571926,-110.881005,Tokyo,Japan,1983,False,True,False,True,4,4.5,2321,Operational
RES001984,French Chain 1984,Chain,French,-60.540514,132.522586,London,United Kingdom,1970,True,False,True,False,3,4.9,3693,Operational
RES001985,Thai Chain 1985,Chain,Thai,-14.5658,-74.493383,Tokyo,Japan,1954,True,False,True,False,4,4.1,136,Operational
RES001986,Mumbai Chinese Place 1986,Local,Chinese,11.66805,79.340065,Mumbai,India,1986,True,False,False,False,1,3.4,1253,Operational
RES001987,Rio de Janeiro Pizza Place 1987,Local,Pizza,11.901899,-62.077968,Rio de Janeiro,Brazil,1984,True,False,True,False,1,2.8,2764,Operational
RES001988,American Chain 1988,Chain,American,9.233501,-148.237251,Mumbai,India,1965,True,False,False,False,2,4.6,3804,Operational
RES001989,Mediterranean Chain 1989,Chain,Mediterranean,-7.166689,58.21444,Mumbai,India,1955,True,False,False,False,1,3.9,4008,Operational
RES001990,Pizza Chain 1990,Chain,Pizza,89.918813,159.715942,Rio de Janeiro,Brazil,2023,False,True,False,False,2,3.6,692,Operational
RES001991,Los Angeles Mexican Place 1991,Local,Mexican,44.06499,24.806418,Los Angeles,USA,2007,True,False,False,True,4,4.0,2829,Operational
RES001992,Mumbai Pizza Place 1992,Local,Pizza,-81.396238,-128.633498,Mumbai,India,1970,True,True,True,False,1,2.2,496,Operational
RES001993,New York Pizza Place 1993,Local,Pizza,-45.12161,81.376783,New York,USA,1954,False,True,False,True,4,4.1,1726,Operational
RES001994,Brazilian Chain 1994,Chain,Brazilian,79.68436,106.011362,Los Angeles,USA,2010,False,False,True,False,1,3.3,1289,Operational
RES001995,Tokyo Thai Place 1995,Local,Thai,-58.309314,-92.748647,Tokyo,Japan,1960,False,True,False,False,3,2.6,3945,Operational
RES001996,Manchester Chinese Place 1996,Local,Chinese,76.35438,30.86128,Manchester,United Kingdom,1961,True,False,False,False,4,3.6,4423,Operational
RES001997,Pizza Chain 1997,Chain,Pizza,59.266379,-92.606468,Manchester,United Kingdom,1984,True,False,True,False,3,2.7,1581,Operational
RES001998,Italian Chain 1998,Chain,Italian,3.21306,-48.821442,Tokyo,Japan,1951,False,False,True,False,4,4.7,3544,Operational
RES001999,Tokyo Brazilian Place 1999,Local,Brazilian,4.324984,-172.023379,Tokyo,Japan,2021,False,True,False,True,1,2.0,1642,Operational
RES002000,Thai Chain 2000,Chain,Thai,17.928742,-68.489276,Tokyo,Japan,1970,False,True,True,True,1,2.9,3399,Operational
RES002001,Sao Paulo Brazilian Place 2001,Local,Brazilian,16.359226,-5.587345,Sao Paulo,Brazil,1954,False,True,True,False,3,2.0,2820,Operational
RES002002,Rio de Janeiro American Place 2002,Local,American,24.609903,67.147952,Rio de Janeiro,Brazil,1973,True,True,True,False,4,2.1,2254,Operational
RES002003,Italian Chain 2003,Chain,Italian,37.652903,112.287807,Osaka,Japan,1961,True,False,False,False,1,4.8,4027,Operational
RES002004,Brazilian Chain 2004,Chain,Brazilian,38.166597,-137.397596,Delhi,India,1997,True,True,False,True,2,2.1,3111,Operational
RES002005,Delhi Pizza Place 2005,Local,Pizza,-36.130648,17.214743,Delhi,India,1977,True,False,False,False,3,2.8,4288,Operational
RES002006,London Thai Place 2006,Local,Thai,37.468351,135.228065,London,United Kingdom,1957,False,False,True,False,1,4.8,3791,Operational
RES002007,Delhi Italian Place 2007,Local,Italian,-44.834282,-166.588345,Delhi,India,1970,False,True,True,False,2,2.4,2510,Operational
RES002008,Indian Chain 2008,Chain,Indian,-12.705751,-161.495058,Delhi,India,1970,True,False,False,True,2,3.3,4553,Operational
RES002009,London Mexican Place 2009,Local,Mexican,-33.260067,-32.723129,London,United Kingdom,1993,True,False,False,True,1,2.6,3085,Operational
RES002010,London Burger Place 2010,Local,Burger,-38.003856,-110.723702,London,United Kingdom,1974,False,True,False,True,1,2.5,3854,Operational
RES002011,Manchester American Place 2011,Local,American,7.446538,24.133946,Manchester,United Kingdom,1979,True,True,True,False,2,2.7,3405,Operational
RES002012,Thai Chain 2012,Chain,Thai,-88.98647,-167.300251,Manchester,United Kingdom,1989,False,True,False,True,2,2.5,1369,Operational
RES002013,Indian Chain 2013,Chain,Indian,67.881957,-63.103346,Sao Paulo,Brazil,1971,True,True,False,True,1,2.0,251,Operational
RES002014,New York Indian Place 2014,Local,Indian,4.509332,176.058,New York,USA,1984,True,False,False,False,4,4.4,4186,Operational
RES002015,Rio de Janeiro Mediterranean Place 2015,Local,Mediterranean,58.025566,-134.392204,Rio de Janeiro,Brazil,1997,False,False,True,True,1,2.5,865,Operational
RES002016,Los Angeles Pizza Place 2016,Local,Pizza,22.074493,20.394149,Los Angeles,USA,2022,True,False,False,True,4,2.3,358,Operational
RES002017,Brazilian Chain 2017,Chain,Brazilian,51.596677,-166.880536,Mumbai,India,1977,True,False,True,False,3,3.8,3948,Operational
RES002018,Tokyo Pizza Place 2018,Local,Pizza,81.989663,-27.409751,Tokyo,Japan,1976,True,False,True,False,3,3.1,2295,Operational
RES002019,Rio de Janeiro Thai Place 2019,Local,Thai,-10.626723,-104.105685,Rio de Janeiro,Brazil,1972,True,True,False,True,1,4.5,2156,Operational
RES002020,Osaka Burger Place 2020,Local,Burger,-54.643608,57.278852,Osaka,Japan,2002,True,False,False,True,1,2.2,2102,Operational
RES002021,Indian Chain 2021,Chain,Indian,44.364929,-71.499074,Rio de Janeiro,Brazil,1959,False,False,True,True,3,3.7,1446,Operational
RES002022,Mumbai Japanese Place 2022,Local,Japanese,21.372901,-162.432126,Mumbai,India,1963,True,True,True,True,1,2.3,4884,Operational
RES002023,New York Brazilian Place 2023,Local,Brazilian,68.344735,29.762922,New York,USA,1960,True,True,False,True,1,3.1,2050,Operational
RES002024,Sao Paulo Brazilian Place 2024,Local,Brazilian,-72.63976,76.642643,Sao Paulo,Brazil,1950,True,True,True,True,4,3.1,1855,Operational
RES002025,Tokyo Thai Place 2025,Local,Thai,-85.102039,124.191381,Tokyo,Japan,1995,True,False,False,True,4,4.3,456,Operational
RES002026,Delhi Mexican Place 2026,Local,Mexican,36.259081,-83.791263,Delhi,India,2013,True,True,True,False,4,4.2,4909,Operational
RES002027,Indian Chain 2027,Chain,Indian,-75.922748,93.321447,Los Angeles,USA,2016,True,True,False,False,3,2.5,4570,Operational
RES002028,Tokyo Mexican Place 2028,Local,Mexican,-62.075286,112.001864,Tokyo,Japan,1996,False,True,False,False,1,2.6,12,Operational
RES002029,Rio de Janeiro Mediterranean Place 2029,Local,Mediterranean,51.019326,116.407124,Rio de Janeiro,Brazil,1985,True,False,False,False,1,3.5,2241,Operational
RES002030,Delhi Chinese Place 2030,Local,Chinese,-67.214224,-173.366365,Delhi,India,1980,False,True,False,False,4,5.0,1532,Operational
RES002031,London Italian Place 2031,Local,Italian,82.215596,129.052611,London,United Kingdom,1963,True,False,False,True,2,3.1,1819,Operational
RES002032,Osaka Italian Place 2032,Local,Italian,73.40611,132.65702,Osaka,Japan,2023,True,True,True,False,4,4.4,4820,Operational
RES002033,Tokyo Mexican Place 2033,Local,Mexican,37.0266,115.698748,Tokyo,Japan,1977,False,True,True,True,3,3.9,1151,Operational
RES002034,Thai Chain 2034,Chain,Thai,-33.466457,-66.721197,Rio de Janeiro,Brazil,1983,True,True,False,True,1,4.9,4867,Operational
RES002035,Rio de Janeiro Chinese Place 2035,Local,Chinese,72.005547,71.573609,Rio de Janeiro,Brazil,2014,False,False,True,True,1,3.6,1937,Operational
RES002036,French Chain 2036,Chain,French,-45.738609,142.579737,Rio de Janeiro,Brazil,2013,True,True,False,False,2,2.9,4017,Operational
RES002037,Los Angeles American Place 2037,Local,American,-26.076659,-46.777313,Los Angeles,USA,2001,True,False,True,True,3,4.8,980,Operational
RES002038,New York Mexican Place 2038,Local,Mexican,23.714452,49.712047,New York,USA,1971,False,False,True,True,2,4.3,1847,Operational
RES002039,Mexican Chain 2039,Chain,Mexican,-50.151311,17.819851,Delhi,India,1952,False,True,False,False,2,3.7,3547,Closed Temporarily
RES002040,London French Place 2040,Local,French,46.740814,-11.923173,London,United Kingdom,2006,False,True,False,False,3,2.7,3970,Operational
RES002041,Indian Chain 2041,Chain,Indian,59.910317,-33.546993,Delhi,India,1960,False,False,True,True,4,2.2,3708,Operational
RES002042,Osaka American Place 2042,Local,American,-58.518906,75.454196,Osaka,Japan,2008,True,True,False,True,3,2.2,2704,Operational
RES002043,Tokyo Japanese Place 2043,Local,Japanese,8.621224,38.964651,Tokyo,Japan,1967,True,False,True,False,3,2.9,938,Operational
RES002044,Mumbai French Place 2044,Local,French,35.436079,-14.891946,Mumbai,India,2003,True,False,False,True,3,4.1,1760,Operational
RES002045,Japanese Chain 2045,Chain,Japanese,68.412086,139.709635,New York,USA,1958,True,True,True,True,3,3.3,4900,Operational
RES002046,American Chain 2046,Chain,American,49.547667,124.303234,London,United Kingdom,2005,False,True,True,True,3,3.3,2319,Operational
RES002047,London Mexican Place 2047,Local,Mexican,31.767476,16.216574,London,United Kingdom,1957,False,True,False,True,3,4.3,481,Operational
RES002048,Delhi Japanese Place 2048,Local,Japanese,20.499908,152.416761,Delhi,India,1953,False,False,True,True,3,3.3,88,Operational
RES002049,Italian Chain 2049,Chain,Italian,-86.736046,102.610743,Osaka,Japan,1966,False,False,True,True,3,3.0,4217,Operational
RES002050,London Brazilian Place 2050,Local,Brazilian,1.114655,18.776278,London,United Kingdom,1980,True,False,False,False,2,3.0,693,Operational
RES002051,London Mexican Place 2051,Local,Mexican,-28.314589,3.172532,London,United Kingdom,1958,False,True,True,True,2,2.9,330,Operational
RES002052,Pizza Chain 2052,Chain,Pizza,-80.367915,114.531221,Tokyo,Japan,1992,True,True,True,False,3,4.0,2960,Operational
RES002053,Mediterranean Chain 2053,Chain,Mediterranean,50.262968,132.898007,New York,USA,1963,False,True,False,False,4,2.0,1884,Operational
RES002054,Pizza Chain 2054,Chain,Pizza,-11.098105,90.782294,New York,USA,2003,False,True,False,False,4,2.5,3209,Operational
RES002055,Mumbai Chinese Place 2055,Local,Chinese,-71.391975,124.396967,Mumbai,India,1951,True,True,False,False,1,2.6,211,Operational
RES002056,Delhi Japanese Place 2056,Local,Japanese,43.800346,-172.314225,Delhi,India,2020,True,True,False,False,4,2.1,2943,Operational
RES002057,Mexican Chain 2057,Chain,Mexican,-55.434844,-114.327993,Manchester,United Kingdom,1994,True,True,False,False,4,2.7,3287,Operational
RES002058,Delhi Burger Place 2058,Local,Burger,-45.429263,177.713112,Delhi,India,2014,True,True,False,False,2,5.0,4355,Operational
RES002059,Japanese Chain 2059,Chain,Japanese,77.936529,97.891008,Tokyo,Japan,1963,True,False,False,True,4,4.1,1985,Operational
RES002060,London Chinese Place 2060,Local,Chinese,3.595007,-1.6571,London,United Kingdom,1980,True,True,True,True,1,3.6,3638,Closed Temporarily
RES002061,Tokyo Brazilian Place 2061,Local,Brazilian,73.464778,114.603662,Tokyo,Japan,1955,True,False,False,False,3,2.7,3609,Operational
RES002062,London Chinese Place 2062,Local,Chinese,-0.760595,-25.161957,London,United Kingdom,1981,True,True,False,False,3,4.0,4985,Operational
RES002063,New York Mediterranean Place 2063,Local,Mediterranean,-0.297566,-21.881259,New York,USA,1983,True,True,False,False,4,4.0,2061,Operational
RES002064,Burger Chain 2064,Chain,Burger,-30.107596,94.653562,Los Angeles,USA,2018,False,True,False,False,1,4.8,2245,Operational
RES002065,Los Angeles Pizza Place 2065,Local,Pizza,-30.047249,-58.95936,Los Angeles,USA,1977,True,True,True,True,3,3.6,2706,Operational
RES002066,London Mexican Place 2066,Local,Mexican,-3.944671,14.008594,London,United Kingdom,2010,True,False,False,True,2,4.1,202,Operational
RES002067,London Indian Place 2067,Local,Indian,60.645029,10.097095,London,United Kingdom,1968,False,True,False,False,2,3.5,3627,Operational
RES002068,London Mediterranean Place 2068,Local,Mediterranean,-80.877734,166.356114,London,United Kingdom,1961,True,True,True,False,3,3.6,3383,Operational
RES002069,London Burger Place 2069,Local,Burger,84.37282,-55.775545,London,United Kingdom,1965,True,False,False,True,3,2.9,3567,Operational
RES002070,Manchester French Place 2070,Local,French,-4.08586,68.389802,Manchester,United Kingdom,1989,True,True,False,True,3,3.0,4633,Operational
RES002071,Delhi Japanese Place 2071,Local,Japanese,-20.082129,8.43597,Delhi,India,1992,False,True,True,True,1,3.8,2606,Closed Temporarily
RES002072,Mediterranean Chain 2072,Chain,Mediterranean,-31.52442,-30.684291,Delhi,India,1969,True,False,False,True,4,3.1,3141,Operational
RES002073,Rio de Janeiro Pizza Place 2073,Local,Pizza,81.189729,-28.308812,Rio de Janeiro,Brazil,1972,True,True,True,True,2,3.2,4533,Operational
RES002074,Mumbai Italian Place 2074,Local,Italian,-86.879026,-55.462691,Mumbai,India,1997,True,False,False,False,4,4.8,265,Operational
RES002075,Manchester Mediterranean Place 2075,Local,Mediterranean,57.223251,-164.259923,Manchester,United Kingdom,1992,True,True,True,True,4,4.2,1716,Operational
RES002076,Manchester Burger Place 2076,Local,Burger,-54.68254,-43.142465,Manchester,United Kingdom,1957,True,False,False,True,4,2.2,807,Operational
RES002077,Mumbai Pizza Place 2077,Local,Pizza,-56.71442,117.746307,Mumbai,India,2001,True,False,True,True,1,4.1,4992,Operational
RES002078,Sao Paulo Chinese Place 2078,Local,Chinese,-35.541519,-65.519009,Sao Paulo,Brazil,1982,True,False,True,False,4,2.9,946,Operational
RES002079,French Chain 2079,Chain,French,-43.024908,-155.612161,Rio de Janeiro,Brazil,1986,True,True,False,False,3,3.7,3501,Closed Temporarily
RES002080,Tokyo Pizza Place 2080,Local,Pizza,-74.121833,83.262054,Tokyo,Japan,2014,True,False,False,True,1,3.9,4003,Operational
RES002081,Burger Chain 2081,Chain,Burger,-20.80411,-143.574645,Mumbai,India,1987,True,True,False,True,4,3.6,3153,Operational
RES002082,New York Indian Place 2082,Local,Indian,-83.687962,154.499224,New York,USA,2019,True,True,True,True,3,3.4,4165,Operational
RES002083,Burger Chain 2083,Chain,Burger,-51.236689,104.125072,London,United Kingdom,1960,True,False,False,True,2,2.2,1262,Operational
RES002084,London Indian Place 2084,Local,Indian,86.571508,23.90727,London,United Kingdom,1950,True,True,False,False,4,3.4,878,Operational
RES002085,Sao Paulo Indian Place 2085,Local,Indian,19.96326,154.351742,Sao Paulo,Brazil,2001,False,False,True,True,2,2.4,1943,Operational
RES002086,New York Thai Place 2086,Local,Thai,-74.715403,-80.117633,New York,USA,2020,True,True,True,False,4,4.4,3273,Operational
RES002087,Chinese Chain 2087,Chain,Chinese,67.692616,89.230838,Sao Paulo,Brazil,1950,True,False,False,True,2,4.2,392,Operational
RES002088,Tokyo Burger Place 2088,Local,Burger,83.936394,-144.535469,Tokyo,Japan,1988,True,True,False,True,3,4.6,120,Operational
RES002089,New York Burger Place 2089,Local,Burger,-63.534639,52.50832,New York,USA,2020,True,True,True,False,4,3.3,2722,Operational
RES002090,Rio de Janeiro Pizza Place 2090,Local,Pizza,56.401284,179.092727,Rio de Janeiro,Brazil,2020,True,False,True,True,3,4.3,2681,Operational
RES002091,Osaka French Place 2091,Local,French,31.47781,-157.628705,Osaka,Japan,2006,True,False,False,True,1,4.3,825,Operational
RES002092,Los Angeles Italian Place 2092,Local,Italian,7.111327,147.837296,Los Angeles,USA,2001,False,True,True,False,2,4.8,1215,Operational
RES002093,Mumbai Burger Place 2093,Local,Burger,-22.920291,132.291653,Mumbai,India,1966,True,True,False,True,1,4.6,1329,Operational
RES002094,Sao Paulo American Place 2094,Local,American,52.142306,-44.299796,Sao Paulo,Brazil,1967,False,True,False,True,3,2.8,2333,Operational
RES002095,Burger Chain 2095,Chain,Burger,6.453622,-122.826075,Delhi,India,2009,True,False,True,True,3,2.7,3777,Operational
RES002096,London Burger Place 2096,Local,Burger,-31.905801,-106.043121,London,United Kingdom,1995,False,True,False,True,1,3.7,3738,Operational
RES002097,Sao Paulo Italian Place 2097,Local,Italian,-12.026482,96.537382,Sao Paulo,Brazil,2000,True,False,False,True,4,3.7,1171,Operational
RES002098,London Brazilian Place 2098,Local,Brazilian,-71.187647,-21.541415,London,United Kingdom,2012,True,True,False,False,2,3.5,3697,Operational
RES002099,Rio de Janeiro French Place 2099,Local,French,-64.987987,105.668813,Rio de Janeiro,Brazil,2004,False,True,False,False,2,4.8,3822,Operational
RES002100,Delhi Chinese Place 2100,Local,Chinese,63.366163,127.850151,Delhi,India,2006,True,True,False,True,2,3.5,4881,Operational
RES002101,French Chain 2101,Chain,French,42.398647,119.94636,Rio de Janeiro,Brazil,1952,True,True,True,True,2,2.5,1438,Operational
RES002102,Tokyo Japanese Place 2102,Local,Japanese,-65.634296,-122.234395,Tokyo,Japan,1965,True,True,True,True,1,2.2,2407,Operational
RES002103,New York Thai Place 2103,Local,Thai,39.014304,-54.727581,New York,USA,1971,True,True,True,True,4,3.3,4967,Operational
RES002104,Pizza Chain 2104,Chain,Pizza,83.305266,43.968188,Tokyo,Japan,1974,False,True,True,True,1,4.6,2012,Operational
RES002105,New York American Place 2105,Local,American,-88.540877,146.365737,New York,USA,1953,True,False,False,True,2,3.8,451,Operational
RES002106,Mexican Chain 2106,Chain,Mexican,-7.486691,-148.934389,Mumbai,India,1952,False,True,False,True,2,4.1,4748,Operational
RES002107,Mediterranean Chain 2107,Chain,Mediterranean,67.205992,-88.792652,Rio de Janeiro,Brazil,1975,True,True,False,True,2,4.1,3890,Operational
RES002108,Tokyo Brazilian Place 2108,Local,Brazilian,-21.687673,147.935828,Tokyo,Japan,1976,False,False,True,False,3,3.8,1866,Operational
RES002109,Rio de Janeiro Mediterranean Place 2109,Local,Mediterranean,-87.436483,124.552599,Rio de Janeiro,Brazil,1993,True,True,True,False,4,4.2,514,Operational
RES002110,Sao Paulo Thai Place 2110,Local,Thai,77.68516,36.964205,Sao Paulo,Brazil,1985,True,False,True,False,2,4.8,4979,Closed Temporarily
RES002111,Burger Chain 2111,Chain,Burger,54.005402,0.391154,Delhi,India,1957,False,True,True,False,2,3.2,1277,Operational
RES002112,Brazilian Chain 2112,Chain,Brazilian,-1.025889,29.629523,Delhi,India,1984,True,True,False,False,4,2.4,1855,Closed Temporarily
RES002113,Sao Paulo Chinese Place 2113,Local,Chinese,-26.254217,-114.255252,Sao Paulo,Brazil,1975,True,False,False,False,1,2.3,822,Operational
RES002114,Pizza Chain 2114,Chain,Pizza,-34.781533,-160.138695,New York,USA,1977,True,False,False,False,3,2.3,944,Operational
RES002115,Osaka American Place 2115,Local,American,-57.597392,-17.936807,Osaka,Japan,1986,True,True,False,True,4,2.6,4528,Operational
RES002116,Osaka Brazilian Place 2116,Local,Brazilian,-65.42685,-81.513808,Osaka,Japan,1976,True,False,False,False,2,4.6,4806,Operational
RES002117,Osaka Japanese Place 2117,Local,Japanese,14.77046,-100.531927,Osaka,Japan,2017,True,False,False,False,1,4.5,4099,Operational
RES002118,Japanese Chain 2118,Chain,Japanese,81.292908,29.121167,Osaka,Japan,1971,True,False,False,False,3,4.2,4707,Operational
RES002119,Rio de Janeiro Indian Place 2119,Local,Indian,65.979872,89.194836,Rio de Janeiro,Brazil,1998,True,False,False,False,1,4.1,2656,Operational
RES002120,Rio de Janeiro Italian Place 2120,Local,Italian,19.477179,-165.995279,Rio de Janeiro,Brazil,1958,True,False,False,True,2,4.0,4029,Operational
RES002121,Rio de Janeiro French Place 2121,Local,French,70.68394,-163.730704,Rio de Janeiro,Brazil,2005,False,True,False,True,2,4.0,4908,Operational
RES002122,Sao Paulo Burger Place 2122,Local,Burger,21.850605,20.644384,Sao Paulo,Brazil,2019,False,False,True,False,3,3.7,2049,Operational
RES002123,Manchester Burger Place 2123,Local,Burger,39.235284,-105.326338,Manchester,United Kingdom,2018,False,True,True,False,1,2.5,4481,Operational
RES002124,Los Angeles Thai Place 2124,Local,Thai,75.882471,43.405852,Los Angeles,USA,2022,True,True,False,True,3,4.6,3715,Operational
RES002125,Manchester Pizza Place 2125,Local,Pizza,-23.230973,-14.900675,Manchester,United Kingdom,1955,True,True,False,True,3,2.8,3592,Operational
RES002126,Tokyo Burger Place 2126,Local,Burger,49.312865,-89.362103,Tokyo,Japan,1992,False,True,False,False,4,4.4,3329,Operational
RES002127,Tokyo Indian Place 2127,Local,Indian,-11.315645,-64.567451,Tokyo,Japan,1996,False,True,False,False,4,2.4,3656,Operational
RES002128,Sao Paulo Mexican Place 2128,Local,Mexican,-24.062148,134.436115,Sao Paulo,Brazil,1968,True,True,True,True,4,4.4,2805,Operational
RES002129,Rio de Janeiro Burger Place 2129,Local,Burger,-74.93639,152.368485,Rio de Janeiro,Brazil,1999,True,False,True,False,3,3.2,16,Operational
RES002130,Brazilian Chain 2130,Chain,Brazilian,24.446356,112.724703,Sao Paulo,Brazil,1999,True,False,True,False,2,4.6,4337,Operational
RES002131,Sao Paulo Mediterranean Place 2131,Local,Mediterranean,18.803993,-59.266006,Sao Paulo,Brazil,1953,False,False,True,False,4,4.9,905,Operational
RES002132,Manchester Italian Place 2132,Local,Italian,87.252934,-127.752676,Manchester,United Kingdom,1971,False,True,True,True,2,2.0,3272,Operational
RES002133,Tokyo Brazilian Place 2133,Local,Brazilian,45.857069,-68.123837,Tokyo,Japan,1978,False,True,True,True,1,4.8,1843,Operational
RES002134,Manchester French Place 2134,Local,French,-52.029587,1.870559,Manchester,United Kingdom,1971,False,True,False,True,1,3.9,590,Closed Temporarily
RES002135,Delhi French Place 2135,Local,French,24.776584,15.934442,Delhi,India,2001,True,False,True,True,1,4.2,858,Operational
RES002136,New York Brazilian Place 2136,Local,Brazilian,-35.876765,-111.208877,New York,USA,1991,False,True,False,False,3,3.1,2046,Operational
RES002137,Mexican Chain 2137,Chain,Mexican,-55.000202,110.615362,Tokyo,Japan,2001,False,True,False,False,4,3.3,2965,Operational
RES002138,American Chain 2138,Chain,American,50.240078,113.124392,Rio de Janeiro,Brazil,2023,False,True,True,True,4,3.8,2264,Operational
RES002139,Pizza Chain 2139,Chain,Pizza,88.361077,-176.476601,Manchester,United Kingdom,1984,False,True,True,True,1,3.2,479,Operational
RES002140,London Thai Place 2140,Local,Thai,-23.133996,29.950787,London,United Kingdom,1968,True,False,True,True,1,3.7,32,Operational
RES002141,Japanese Chain 2141,Chain,Japanese,-25.861113,-94.745891,New York,USA,1980,True,False,True,True,3,3.9,1526,Operational
RES002142,Manchester Chinese Place 2142,Local,Chinese,19.61224,-100.937766,Manchester,United Kingdom,1983,True,True,True,True,4,4.8,1687,Operational
RES002143,London Japanese Place 2143,Local,Japanese,56.046624,-8.526189,London,United Kingdom,1962,True,False,True,True,3,2.7,1357,Closed Temporarily
RES002144,Mediterranean Chain 2144,Chain,Mediterranean,61.372245,173.70295,Rio de Janeiro,Brazil,1998,True,False,True,True,2,2.2,1424,Operational
RES002145,New York French Place 2145,Local,French,72.275884,-31.990878,New York,USA,2016,True,False,False,True,2,3.3,2150,Operational
RES002146,Delhi American Place 2146,Local,American,20.014885,-174.523888,Delhi,India,2020,True,True,True,True,3,4.9,1599,Operational
RES002147,Rio de Janeiro Chinese Place 2147,Local,Chinese,14.541574,-91.41559,Rio de Janeiro,Brazil,1967,False,True,True,False,2,3.7,2524,Operational
RES002148,Delhi Thai Place 2148,Local,Thai,-79.401001,-107.998445,Delhi,India,1999,False,False,True,False,3,3.9,4745,Operational
RES002149,Delhi Indian Place 2149,Local,Indian,14.758505,33.761051,Delhi,India,2004,True,False,True,True,4,4.5,1376,Operational
RES002150,Tokyo American Place 2150,Local,American,60.274587,-131.904762,Tokyo,Japan,2010,True,False,False,False,3,3.6,1770,Operational
RES002151,Osaka Japanese Place 2151,Local,Japanese,40.946892,-152.655708,Osaka,Japan,1974,False,True,True,False,2,2.8,606,Operational
RES002152,Mumbai Chinese Place 2152,Local,Chinese,-54.509633,-60.523346,Mumbai,India,1991,False,True,True,True,4,4.2,4679,Operational
RES002153,Osaka American Place 2153,Local,American,14.72368,-141.82206,Osaka,Japan,1988,False,True,False,True,2,4.5,1259,Operational
RES002154,Manchester Mexican Place 2154,Local,Mexican,-43.091181,-29.090687,Manchester,United Kingdom,1965,False,False,True,False,3,2.1,4351,Operational
RES002155,Tokyo American Place 2155,Local,American,51.371573,-9.716867,Tokyo,Japan,1961,True,True,True,True,1,2.4,355,Operational
RES002156,Osaka American Place 2156,Local,American,85.462098,72.77646,Osaka,Japan,1958,True,True,True,False,3,3.0,780,Operational
RES002157,Osaka American Place 2157,Local,American,-76.107883,-3.715935,Osaka,Japan,1993,True,True,False,True,1,4.5,489,Operational
RES002158,Manchester American Place 2158,Local,American,-67.146123,162.481968,Manchester,United Kingdom,2016,False,True,False,False,1,2.9,4112,Operational
RES002159,Sao Paulo American Place 2159,Local,American,44.906766,140.621233,Sao Paulo,Brazil,1984,True,True,False,False,3,3.6,1928,Operational
RES002160,Sao Paulo Mexican Place 2160,Local,Mexican,51.096163,-121.440667,Sao Paulo,Brazil,2006,False,True,False,True,4,4.2,982,Operational
RES002161,Chinese Chain 2161,Chain,Chinese,63.240496,102.607476,Delhi,India,1964,True,False,False,False,1,4.9,3806,Operational
RES002162,Brazilian Chain 2162,Chain,Brazilian,-58.543052,156.093041,Osaka,Japan,1966,True,True,True,True,2,4.7,3033,Operational
RES002163,London Burger Place 2163,Local,Burger,28.386357,118.728568,London,United Kingdom,2012,True,False,False,False,4,3.4,2043,Operational
RES002164,Los Angeles French Place 2164,Local,French,-53.525489,113.441457,Los Angeles,USA,1956,False,False,True,True,3,3.1,4685,Closed Temporarily
RES002165,Burger Chain 2165,Chain,Burger,-11.806533,-179.934654,Sao Paulo,Brazil,1979,False,True,True,False,4,3.6,3379,Operational
RES002166,London Japanese Place 2166,Local,Japanese,-47.290063,174.706007,London,United Kingdom,2001,False,True,False,True,3,2.3,3105,Operational
RES002167,Mediterranean Chain 2167,Chain,Mediterranean,-58.287445,-125.739236,Rio de Janeiro,Brazil,1956,True,False,True,True,2,2.4,1363,Operational
RES002168,Osaka American Place 2168,Local,American,-59.009908,-58.434086,Osaka,Japan,1954,True,True,True,False,1,2.7,4802,Operational
RES002169,Manchester Pizza Place 2169,Local,Pizza,-37.768539,26.144181,Manchester,United Kingdom,1999,True,False,True,True,3,2.7,1294,Operational
RES002170,Osaka Burger Place 2170,Local,Burger,-52.427405,-75.777647,Osaka,Japan,2016,True,True,True,False,2,4.8,4505,Closed Temporarily
RES002171,Mediterranean Chain 2171,Chain,Mediterranean,-10.712848,-13.142816,Los Angeles,USA,2020,False,True,True,False,4,4.4,4488,Operational
RES002172,Manchester Indian Place 2172,Local,Indian,25.074085,-103.128109,Manchester,United Kingdom,2000,False,False,True,False,1,2.5,162,Operational
RES002173,Los Angeles Chinese Place 2173,Local,Chinese,-26.766735,103.930691,Los Angeles,USA,2003,True,False,False,True,1,4.4,669,Operational
RES002174,Tokyo Mexican Place 2174,Local,Mexican,55.936985,93.53438,Tokyo,Japan,1954,True,False,False,True,4,3.2,742,Operational
RES002175,Osaka Chinese Place 2175,Local,Chinese,-12.278437,167.501308,Osaka,Japan,1991,True,True,False,False,3,3.0,2349,Closed Temporarily
RES002176,Manchester Chinese Place 2176,Local,Chinese,85.924954,103.191952,Manchester,United Kingdom,2017,False,True,False,True,4,2.3,3658,Operational
RES002177,New York Japanese Place 2177,Local,Japanese,4.867796,-128.509817,New York,USA,1970,True,True,True,False,1,3.4,4771,Closed Temporarily
RES002178,Osaka Brazilian Place 2178,Local,Brazilian,-56.197334,0.899627,Osaka,Japan,1959,True,True,False,False,2,3.4,1311,Operational
RES002179,Chinese Chain 2179,Chain,Chinese,-79.145586,7.305509,Delhi,India,1954,True,True,False,True,4,2.8,133,Operational
RES002180,Delhi Brazilian Place 2180,Local,Brazilian,20.331911,-160.690629,Delhi,India,2009,False,True,True,True,2,2.9,584,Operational
RES002181,Delhi Brazilian Place 2181,Local,Brazilian,-34.241411,37.936046,Delhi,India,1972,True,False,True,True,3,2.4,4965,Operational
RES002182,Sao Paulo Mexican Place 2182,Local,Mexican,28.934296,-49.427295,Sao Paulo,Brazil,2004,True,True,False,False,2,3.9,3220,Operational
RES002183,Italian Chain 2183,Chain,Italian,40.17524,-25.163431,New York,USA,2018,True,False,False,True,1,3.2,4129,Operational
RES002184,Mediterranean Chain 2184,Chain,Mediterranean,27.753543,108.331971,New York,USA,1968,True,False,False,False,2,4.6,2414,Operational
RES002185,Los Angeles Japanese Place 2185,Local,Japanese,-31.402744,-77.320577,Los Angeles,USA,2003,True,False,True,True,3,2.5,3205,Operational
RES002186,London Brazilian Place 2186,Local,Brazilian,27.841125,-74.689926,London,United Kingdom,1970,True,True,False,False,3,3.3,610,Operational
RES002187,Rio de Janeiro Thai Place 2187,Local,Thai,-20.75808,116.259548,Rio de Janeiro,Brazil,2013,True,True,False,True,2,4.2,4014,Operational
RES002188,Mumbai Mediterranean Place 2188,Local,Mediterranean,-87.33989,-159.293644,Mumbai,India,1960,False,True,True,False,1,4.0,3420,Operational
RES002189,Mediterranean Chain 2189,Chain,Mediterranean,-19.249459,-30.242787,London,United Kingdom,1990,False,False,True,True,1,4.7,1948,Operational
RES002190,Mumbai Japanese Place 2190,Local,Japanese,35.913614,-164.230982,Mumbai,India,1992,False,True,True,False,1,4.5,1083,Operational
RES002191,New York Mediterranean Place 2191,Local,Mediterranean,38.9016,-93.237334,New York,USA,1970,True,True,True,True,2,2.3,523,Operational
RES002192,New York French Place 2192,Local,French,23.827599,134.489319,New York,USA,2001,True,True,False,False,2,5.0,1893,Operational
RES002193,Thai Chain 2193,Chain,Thai,78.378033,54.18952,Osaka,Japan,1984,True,False,False,True,4,2.4,2074,Operational
RES002194,Indian Chain 2194,Chain,Indian,9.295663,-44.973486,Rio de Janeiro,Brazil,1976,True,True,True,False,1,4.8,707,Operational
RES002195,Italian Chain 2195,Chain,Italian,-29.375612,3.832091,Osaka,Japan,2014,True,False,False,True,1,4.6,98,Closed Temporarily
RES002196,Sao Paulo Burger Place 2196,Local,Burger,77.937984,72.463118,Sao Paulo,Brazil,1954,True,False,False,False,2,4.6,2895,Operational
RES002197,Pizza Chain 2197,Chain,Pizza,-47.206637,-81.680163,Tokyo,Japan,1983,True,False,False,False,4,2.7,1981,Operational
RES002198,French Chain 2198,Chain,French,52.213355,79.956855,Sao Paulo,Brazil,1959,True,False,True,False,2,2.1,4153,Operational
RES002199,Osaka American Place 2199,Local,American,-37.302416,-130.546431,Osaka,Japan,1977,True,False,False,True,4,3.7,227,Operational
RES002200,Mumbai Pizza Place 2200,Local,Pizza,78.362977,19.616713,Mumbai,India,1989,False,True,True,False,1,3.7,2483,Operational
RES002201,Mediterranean Chain 2201,Chain,Mediterranean,-55.943131,150.433192,Tokyo,Japan,2000,False,False,True,False,3,2.8,2647,Operational
RES002202,Delhi Pizza Place 2202,Local,Pizza,-29.309065,179.766011,Delhi,India,1978,True,False,False,False,3,4.3,2079,Operational
RES002203,Chinese Chain 2203,Chain,Chinese,72.38766,84.309491,Tokyo,Japan,1995,False,True,False,True,2,3.5,723,Operational
RES002204,Sao Paulo Indian Place 2204,Local,Indian,-11.224632,121.274427,Sao Paulo,Brazil,1971,False,False,True,False,1,4.8,574,Operational
RES002205,Osaka Burger Place 2205,Local,Burger,14.612237,170.402065,Osaka,Japan,1979,True,True,False,True,4,2.1,2069,Operational
RES002206,Rio de Janeiro Thai Place 2206,Local,Thai,-16.874566,-50.434026,Rio de Janeiro,Brazil,1969,True,False,False,True,3,2.2,974,Operational
RES002207,London American Place 2207,Local,American,-24.211287,150.160965,London,United Kingdom,2006,False,False,True,True,1,2.4,2790,Operational
RES002208,Osaka Burger Place 2208,Local,Burger,-87.344209,-164.534412,Osaka,Japan,1953,True,True,True,False,4,2.1,3696,Operational
RES002209,French Chain 2209,Chain,French,-41.542973,-62.932188,Delhi,India,1961,True,True,False,True,1,4.8,1780,Operational
RES002210,Manchester Indian Place 2210,Local,Indian,-87.889831,-170.91477,Manchester,United Kingdom,2016,True,False,False,False,1,4.4,553,Operational
RES002211,Indian Chain 2211,Chain,Indian,28.719818,-122.014363,Mumbai,India,1958,False,True,False,True,1,4.0,4293,Operational
RES002212,Chinese Chain 2212,Chain,Chinese,18.328636,115.762164,Los Angeles,USA,1966,True,False,False,True,1,4.0,763,Operational
RES002213,Indian Chain 2213,Chain,Indian,84.373859,-87.557375,London,United Kingdom,1950,False,False,True,True,1,4.6,184,Operational
RES002214,American Chain 2214,Chain,American,-87.435947,-103.632384,Delhi,India,1967,False,True,False,False,3,3.2,2927,Operational
RES002215,New York American Place 2215,Local,American,-1.66556,9.269096,New York,USA,2004,True,True,False,False,2,3.0,2263,Operational
RES002216,Italian Chain 2216,Chain,Italian,-32.927297,-76.153827,Tokyo,Japan,2018,True,False,False,True,2,2.7,213,Operational
RES002217,Manchester Pizza Place 2217,Local,Pizza,-11.48924,157.851645,Manchester,United Kingdom,2021,False,True,True,True,2,2.2,23,Operational
RES002218,Rio de Janeiro Mexican Place 2218,Local,Mexican,49.162687,-59.583247,Rio de Janeiro,Brazil,1999,True,False,True,True,4,2.4,2380,Operational
RES002219,Mexican Chain 2219,Chain,Mexican,-47.354916,111.496473,Tokyo,Japan,1973,True,True,False,True,1,2.6,1757,Closed Temporarily
RES002220,French Chain 2220,Chain,French,46.973003,-77.076494,Rio de Janeiro,Brazil,1954,True,False,False,False,1,2.2,3671,Operational
RES002221,Los Angeles Burger Place 2221,Local,Burger,59.0298,-88.217309,Los Angeles,USA,2007,True,True,False,True,4,2.1,2879,Operational
RES002222,Sao Paulo Mexican Place 2222,Local,Mexican,-40.031474,26.321949,Sao Paulo,Brazil,2011,True,False,False,True,2,4.2,3666,Operational
RES002223,Manchester Mexican Place 2223,Local,Mexican,50.338102,-127.955846,Manchester,United Kingdom,2019,True,True,False,False,2,4.9,2596,Operational
RES002224,Manchester Brazilian Place 2224,Local,Brazilian,-1.096802,-160.448382,Manchester,United Kingdom,1972,False,True,True,True,2,2.7,563,Operational
RES002225,French Chain 2225,Chain,French,-4.925263,114.288776,Delhi,India,1963,False,True,True,True,2,2.4,1342,Operational
RES002226,Delhi Indian Place 2226,Local,Indian,-12.065353,45.812444,Delhi,India,2019,False,False,True,False,4,3.7,3583,Closed Temporarily
RES002227,American Chain 2227,Chain,American,-50.76739,152.92606,Manchester,United Kingdom,1977,True,True,False,True,1,3.5,4430,Operational
RES002228,Osaka Burger Place 2228,Local,Burger,-3.129116,15.093881,Osaka,Japan,1991,False,True,True,True,4,2.5,791,Operational
RES002229,Manchester Mexican Place 2229,Local,Mexican,-67.272522,30.13137,Manchester,United Kingdom,1976,True,False,False,False,3,2.5,3603,Operational
RES002230,Manchester Brazilian Place 2230,Local,Brazilian,12.232222,39.29757,Manchester,United Kingdom,2019,True,False,True,True,1,4.3,287,Operational
RES002231,Los Angeles Pizza Place 2231,Local,Pizza,-28.443935,-82.673793,Los Angeles,USA,2010,False,False,True,True,4,3.5,4113,Operational
RES002232,London Mediterranean Place 2232,Local,Mediterranean,63.574332,86.721188,London,United Kingdom,1992,True,False,False,False,4,2.2,2652,Operational
RES002233,Thai Chain 2233,Chain,Thai,-76.12572,-24.077523,London,United Kingdom,2012,True,True,True,False,2,3.3,3181,Operational
RES002234,New York Pizza Place 2234,Local,Pizza,10.307094,18.106959,New York,USA,1986,True,False,True,False,2,4.8,2614,Operational
RES002235,Sao Paulo American Place 2235,Local,American,55.716066,-20.179075,Sao Paulo,Brazil,1962,True,True,True,False,1,4.0,899,Operational
RES002236,London Indian Place 2236,Local,Indian,9.536083,-173.206994,London,United Kingdom,1992,True,False,True,True,3,3.7,560,Operational
RES002237,French Chain 2237,Chain,French,-4.058929,102.34903,Rio de Janeiro,Brazil,1997,False,True,False,True,2,4.8,2286,Operational
RES002238,Sao Paulo Indian Place 2238,Local,Indian,-88.094007,94.414697,Sao Paulo,Brazil,1980,True,True,False,False,4,2.1,1852,Operational
RES002239,Manchester Thai Place 2239,Local,Thai,58.900628,73.429241,Manchester,United Kingdom,2014,True,True,False,True,4,4.5,4812,Operational
RES002240,Manchester Thai Place 2240,Local,Thai,38.901621,-178.529734,Manchester,United Kingdom,1954,True,False,False,True,1,5.0,1171,Operational
RES002241,Mexican Chain 2241,Chain,Mexican,-33.374112,-100.654759,Rio de Janeiro,Brazil,2002,False,False,True,False,3,3.8,2626,Operational
RES002242,Mumbai Mexican Place 2242,Local,Mexican,45.850585,-19.096775,Mumbai,India,1983,True,False,False,False,2,4.1,513,Operational
RES002243,Burger Chain 2243,Chain,Burger,66.904792,43.18897,London,United Kingdom,1966,False,True,True,False,3,3.3,276,Closed Temporarily
RES002244,Indian Chain 2244,Chain,Indian,3.948438,166.31915,New York,USA,1979,False,True,True,True,2,4.4,750,Operational
RES002245,New York Mediterranean Place 2245,Local,Mediterranean,-5.321435,-154.162017,New York,USA,2022,True,True,True,True,1,4.5,3282,Operational
RES002246,Japanese Chain 2246,Chain,Japanese,-8.48859,4.461018,Manchester,United Kingdom,1975,False,False,True,False,3,4.6,597,Operational
RES002247,Sao Paulo Japanese Place 2247,Local,Japanese,-63.226811,147.819122,Sao Paulo,Brazil,1961,False,True,False,False,1,3.5,3019,Operational
RES002248,Mumbai Thai Place 2248,Local,Thai,-21.521942,-2.3065,Mumbai,India,1972,True,False,False,False,1,3.1,2212,Operational
RES002249,Mexican Chain 2249,Chain,Mexican,-54.234224,16.724335,Sao Paulo,Brazil,1971,False,True,False,True,4,2.6,2600,Operational
RES002250,Japanese Chain 2250,Chain,Japanese,61.301885,-115.333963,Manchester,United Kingdom,1992,True,True,True,False,3,2.2,2490,Operational
RES002251,Mumbai Chinese Place 2251,Local,Chinese,46.110296,-60.453128,Mumbai,India,1962,True,False,False,True,3,4.8,450,Operational
RES002252,Indian Chain 2252,Chain,Indian,3.379087,-80.368302,Delhi,India,1977,False,False,True,True,2,2.2,4796,Closed Temporarily
RES002253,London Japanese Place 2253,Local,Japanese,-75.05374,176.971748,London,United Kingdom,1977,False,True,False,False,1,2.9,3070,Operational
RES002254,Japanese Chain 2254,Chain,Japanese,-34.909697,-110.427839,Mumbai,India,1954,True,False,False,True,4,2.9,338,Operational
RES002255,New York Thai Place 2255,Local,Thai,-57.507046,128.573006,New York,USA,1975,True,True,True,True,3,2.4,1236,Closed Temporarily
RES002256,Delhi French Place 2256,Local,French,66.227314,-144.058373,Delhi,India,1963,True,False,True,True,1,3.9,4366,Operational
RES002257,Thai Chain 2257,Chain,Thai,44.024599,120.415729,New York,USA,2013,True,True,True,False,1,4.9,2312,Operational
RES002258,New York Brazilian Place 2258,Local,Brazilian,-38.549221,133.585876,New York,USA,1952,True,False,False,False,2,3.4,1121,Operational
RES002259,Mumbai American Place 2259,Local,American,-26.3972,-134.046784,Mumbai,India,1996,True,True,False,True,1,4.6,4513,Operational
RES002260,Pizza Chain 2260,Chain,Pizza,29.58724,64.600758,London,United Kingdom,1950,False,True,False,True,3,4.6,4991,Operational
RES002261,Los Angeles Chinese Place 2261,Local,Chinese,45.962641,165.835104,Los Angeles,USA,1983,True,False,False,True,1,2.7,2789,Operational
RES002262,London Brazilian Place 2262,Local,Brazilian,55.598005,34.983039,London,United Kingdom,2011,False,True,False,False,4,4.4,3889,Operational
RES002263,Rio de Janeiro Mediterranean Place 2263,Local,Mediterranean,-43.799922,-146.113234,Rio de Janeiro,Brazil,1972,False,False,True,False,4,2.9,2176,Operational
RES002264,Manchester Indian Place 2264,Local,Indian,28.075659,-56.855484,Manchester,United Kingdom,2009,False,True,False,True,3,4.6,437,Closed Temporarily
RES002265,Tokyo Thai Place 2265,Local,Thai,-53.108887,144.986722,Tokyo,Japan,1995,True,False,False,False,1,3.6,3526,Operational
RES002266,Chinese Chain 2266,Chain,Chinese,86.499679,-145.529993,Tokyo,Japan,1994,False,False,True,True,3,4.5,167,Operational
RES002267,French Chain 2267,Chain,French,-9.017615,4.406731,Manchester,United Kingdom,1979,True,False,True,True,3,3.9,4168,Operational
RES002268,Rio de Janeiro Mexican Place 2268,Local,Mexican,43.004181,-99.138241,Rio de Janeiro,Brazil,1951,True,True,True,False,2,3.4,4227,Operational
RES002269,Mumbai Burger Place 2269,Local,Burger,61.442016,-23.175888,Mumbai,India,1993,False,False,True,False,4,4.1,4881,Operational
RES002270,London Thai Place 2270,Local,Thai,2.814931,-155.243336,London,United Kingdom,2009,True,True,False,False,1,3.1,4848,Operational
RES002271,Tokyo Japanese Place 2271,Local,Japanese,82.890804,91.216616,Tokyo,Japan,1973,True,True,True,True,2,3.0,2741,Closed Temporarily
RES002272,Osaka Thai Place 2272,Local,Thai,-61.080084,97.008277,Osaka,Japan,2007,True,False,False,True,4,3.5,1996,Operational
RES002273,Pizza Chain 2273,Chain,Pizza,-32.716757,26.517256,London,United Kingdom,2019,True,False,False,True,3,5.0,3698,Operational
RES002274,Sao Paulo Brazilian Place 2274,Local,Brazilian,64.255995,-107.852478,Sao Paulo,Brazil,1985,True,True,False,False,3,2.4,2598,Operational
RES002275,London Thai Place 2275,Local,Thai,76.583266,126.274662,London,United Kingdom,1974,True,True,False,False,3,4.2,2535,Operational
RES002276,London Mexican Place 2276,Local,Mexican,86.195481,-36.411599,London,United Kingdom,1980,False,True,True,True,3,2.1,3598,Operational
RES002277,Manchester Thai Place 2277,Local,Thai,-21.26442,-151.178908,Manchester,United Kingdom,1994,True,False,True,True,4,2.2,2460,Operational
RES002278,Los Angeles Indian Place 2278,Local,Indian,-72.214968,-155.239735,Los Angeles,USA,2003,False,False,True,False,2,4.5,4068,Operational
RES002279,Pizza Chain 2279,Chain,Pizza,-43.149103,100.584918,Osaka,Japan,1989,True,False,False,False,1,4.6,606,Operational
RES002280,Rio de Janeiro Thai Place 2280,Local,Thai,-3.264834,-63.199391,Rio de Janeiro,Brazil,1956,False,True,True,True,1,2.3,1439,Operational
RES002281,Osaka Italian Place 2281,Local,Italian,20.822494,24.236427,Osaka,Japan,1978,True,False,True,False,4,2.6,4400,Operational
RES002282,French Chain 2282,Chain,French,69.560787,53.802102,Tokyo,Japan,1984,False,False,True,False,1,5.0,3878,Operational
RES002283,Manchester Burger Place 2283,Local,Burger,65.209817,131.613521,Manchester,United Kingdom,1997,True,False,True,True,4,2.1,3926,Operational
RES002284,New York Indian Place 2284,Local,Indian,-41.99862,104.011156,New York,USA,1997,True,True,False,False,1,5.0,4585,Operational
RES002285,Italian Chain 2285,Chain,Italian,-61.662097,18.935895,Los Angeles,USA,2023,False,False,True,True,3,4.6,1130,Closed Temporarily
RES002286,Sao Paulo French Place 2286,Local,French,-2.560666,-2.422987,Sao Paulo,Brazil,1953,False,True,False,False,2,4.5,3204,Operational
RES002287,Delhi Mediterranean Place 2287,Local,Mediterranean,-84.408938,-23.183155,Delhi,India,1962,True,False,True,True,1,2.4,3731,Operational
RES002288,London Mexican Place 2288,Local,Mexican,-51.364798,152.503913,London,United Kingdom,1972,True,False,False,True,2,5.0,4740,Operational
RES002289,Mumbai Mexican Place 2289,Local,Mexican,88.62907,112.001153,Mumbai,India,1962,False,True,True,False,3,2.8,4443,Operational
RES002290,Mumbai Pizza Place 2290,Local,Pizza,88.329509,6.926161,Mumbai,India,2000,False,True,False,False,2,3.4,4734,Operational
RES002291,Osaka Japanese Place 2291,Local,Japanese,56.124935,-54.933908,Osaka,Japan,1955,True,False,False,False,3,4.3,59,Operational
RES002292,Sao Paulo Thai Place 2292,Local,Thai,-6.171206,-171.578324,Sao Paulo,Brazil,1992,True,False,False,True,1,3.9,3119,Operational
RES002293,Indian Chain 2293,Chain,Indian,79.002984,80.893743,Tokyo,Japan,1977,True,False,False,False,4,2.9,3424,Operational
RES002294,London Mediterranean Place 2294,Local,Mediterranean,-39.852555,-81.691623,London,United Kingdom,1974,True,True,True,True,4,4.4,4187,Operational
RES002295,New York Italian Place 2295,Local,Italian,-24.056185,120.353422,New York,USA,1989,True,True,True,True,1,4.6,3634,Operational
RES002296,Osaka French Place 2296,Local,French,-17.445497,14.883882,Osaka,Japan,2009,False,True,True,False,3,2.1,2322,Operational
RES002297,Japanese Chain 2297,Chain,Japanese,29.022556,67.667247,Rio de Janeiro,Brazil,1981,False,True,False,True,3,4.6,4980,Operational
RES002298,Brazilian Chain 2298,Chain,Brazilian,68.86231,10.365656,Delhi,India,1955,True,False,False,True,3,2.4,2643,Operational
RES002299,Delhi American Place 2299,Local,American,3.501883,144.034777,Delhi,India,2003,False,False,True,False,3,3.0,632,Operational
RES002300,London Thai Place 2300,Local,Thai,6.175612,140.387494,London,United Kingdom,1973,True,False,True,False,3,2.1,2253,Operational
RES002301,London Brazilian Place 2301,Local,Brazilian,40.291734,-75.392485,London,United Kingdom,1971,False,False,True,True,3,3.0,4756,Operational
RES002302,New York Thai Place 2302,Local,Thai,5.466573,124.527537,New York,USA,1978,False,True,True,True,4,4.5,815,Operational
RES002303,Rio de Janeiro Burger Place 2303,Local,Burger,37.957204,170.957615,Rio de Janeiro,Brazil,1966,False,True,False,True,4,2.9,3683,Operational
RES002304,Rio de Janeiro American Place 2304,Local,American,32.076426,24.256307,Rio de Janeiro,Brazil,1974,True,False,True,False,1,2.8,2450,Operational
RES002305,Sao Paulo Mediterranean Place 2305,Local,Mediterranean,59.072459,64.163648,Sao Paulo,Brazil,2012,True,False,False,True,2,2.0,476,Operational
RES002306,Burger Chain 2306,Chain,Burger,-83.545719,56.394554,Osaka,Japan,1986,True,False,False,False,4,3.9,3788,Operational
RES002307,London Japanese Place 2307,Local,Japanese,1.916136,49.741794,London,United Kingdom,1991,True,False,False,False,4,4.3,432,Operational
RES002308,Thai Chain 2308,Chain,Thai,-71.693228,144.535229,New York,USA,2014,True,True,True,True,3,4.7,576,Operational
RES002309,Delhi Mediterranean Place 2309,Local,Mediterranean,-14.764751,136.305661,Delhi,India,2015,False,True,False,False,1,3.1,4423,Operational
RES002310,London Mediterranean Place 2310,Local,Mediterranean,-67.358389,67.125195,London,United Kingdom,1993,False,True,True,True,4,3.8,1331,Operational
RES002311,Mumbai Mediterranean Place 2311,Local,Mediterranean,10.675428,-144.900867,Mumbai,India,1980,False,True,False,False,1,4.1,1977,Operational
RES002312,French Chain 2312,Chain,French,-63.667038,-174.935393,Tokyo,Japan,2020,True,False,False,False,4,4.1,911,Operational
RES002313,Mediterranean Chain 2313,Chain,Mediterranean,-61.032237,8.671351,Sao Paulo,Brazil,2011,True,True,True,True,4,2.4,2434,Operational
RES002314,Mediterranean Chain 2314,Chain,Mediterranean,11.932245,43.793553,Los Angeles,USA,1982,True,False,False,False,4,3.6,297,Operational
RES002315,Osaka Thai Place 2315,Local,Thai,-45.169745,-28.821962,Osaka,Japan,1985,True,True,False,True,3,2.9,1875,Closed Temporarily
RES002316,French Chain 2316,Chain,French,45.317338,129.226685,Los Angeles,USA,2014,False,True,True,True,1,2.3,1267,Operational
RES002317,Rio de Janeiro Burger Place 2317,Local,Burger,35.723246,9.920525,Rio de Janeiro,Brazil,2000,True,False,False,True,4,2.4,2578,Operational
RES002318,Thai Chain 2318,Chain,Thai,77.92163,-24.665484,Sao Paulo,Brazil,1951,True,True,True,True,4,4.5,3086,Operational
RES002319,Los Angeles Burger Place 2319,Local,Burger,-32.614095,115.27523,Los Angeles,USA,2014,True,False,False,False,3,2.2,636,Operational
RES002320,Rio de Janeiro Chinese Place 2320,Local,Chinese,25.321258,65.537686,Rio de Janeiro,Brazil,1972,False,True,False,True,1,2.2,3364,Operational
RES002321,Delhi Chinese Place 2321,Local,Chinese,33.325536,33.829258,Delhi,India,1952,False,True,True,False,3,3.4,1526,Operational
RES002322,Los Angeles Thai Place 2322,Local,Thai,-61.166803,115.628812,Los Angeles,USA,1964,False,True,True,False,4,4.1,4314,Operational
RES002323,Mediterranean Chain 2323,Chain,Mediterranean,-30.352985,159.395383,Osaka,Japan,2018,True,False,False,False,4,2.4,4449,Operational
RES002324,Tokyo Indian Place 2324,Local,Indian,-11.368719,94.664149,Tokyo,Japan,1978,True,True,True,False,2,4.2,50,Operational
RES002325,Osaka French Place 2325,Local,French,-76.902695,-82.379585,Osaka,Japan,1967,True,False,True,False,1,2.6,3093,Operational
RES002326,American Chain 2326,Chain,American,82.451006,-116.479128,Mumbai,India,1981,True,True,False,True,1,3.5,4862,Operational
RES002327,American Chain 2327,Chain,American,-28.73815,-34.673132,Tokyo,Japan,1998,True,True,False,False,3,3.9,4987,Operational
RES002328,Burger Chain 2328,Chain,Burger,-44.560077,-157.803285,Mumbai,India,1966,False,False,True,False,4,4.8,4297,Operational
RES002329,Italian Chain 2329,Chain,Italian,71.403535,35.29828,Manchester,United Kingdom,2003,True,True,False,False,3,4.1,3729,Operational
RES002330,Italian Chain 2330,Chain,Italian,-1.600913,-61.741248,Rio de Janeiro,Brazil,2021,True,False,False,False,2,2.2,3456,Operational
RES002331,Osaka Chinese Place 2331,Local,Chinese,80.903691,107.34872,Osaka,Japan,1968,True,False,True,False,2,4.3,154,Operational
RES002332,Manchester Mediterranean Place 2332,Local,Mediterranean,-45.190388,104.538759,Manchester,United Kingdom,1967,False,True,False,False,2,4.3,2870,Operational
RES002333,Mediterranean Chain 2333,Chain,Mediterranean,-86.736199,-173.941805,Sao Paulo,Brazil,1993,False,True,False,True,4,3.4,1509,Operational
RES002334,Manchester Mediterranean Place 2334,Local,Mediterranean,16.854113,165.151813,Manchester,United Kingdom,2018,True,False,True,False,2,3.3,2917,Operational
RES002335,New York Chinese Place 2335,Local,Chinese,-66.319014,-35.180445,New York,USA,1982,False,True,False,False,1,4.0,4056,Operational
RES002336,French Chain 2336,Chain,French,-79.621541,159.586348,Manchester,United Kingdom,1965,False,False,True,True,2,2.9,108,Operational
RES002337,Osaka Brazilian Place 2337,Local,Brazilian,-68.345455,42.175771,Osaka,Japan,1953,False,False,True,False,2,4.9,98,Operational
RES002338,Manchester Japanese Place 2338,Local,Japanese,-11.133673,-32.282796,Manchester,United Kingdom,1969,False,True,False,True,3,3.3,2506,Operational
RES002339,London Italian Place 2339,Local,Italian,39.026171,-162.669254,London,United Kingdom,1960,True,True,False,False,1,3.4,1711,Operational
RES002340,Mumbai French Place 2340,Local,French,-10.808904,71.498775,Mumbai,India,1963,False,True,True,False,4,4.3,1912,Operational
RES002341,Chinese Chain 2341,Chain,Chinese,66.417386,-83.768906,New York,USA,1985,True,False,False,True,3,2.6,4217,Operational
RES002342,Manchester Mexican Place 2342,Local,Mexican,-68.040205,-28.430983,Manchester,United Kingdom,2004,True,False,False,False,1,3.6,541,Operational
RES002343,Manchester Pizza Place 2343,Local,Pizza,-78.623284,-61.751196,Manchester,United Kingdom,1953,False,True,False,True,2,4.0,3884,Operational
RES002344,Indian Chain 2344,Chain,Indian,-78.598064,134.534923,Tokyo,Japan,2005,True,False,False,False,4,4.3,2565,Operational
RES002345,Italian Chain 2345,Chain,Italian,-40.185713,52.147987,Osaka,Japan,1998,True,False,False,True,2,3.3,860,Operational
RES002346,Delhi Japanese Place 2346,Local,Japanese,-20.035636,103.232381,Delhi,India,1985,True,False,True,False,1,2.0,1099,Operational
RES002347,Sao Paulo Italian Place 2347,Local,Italian,-22.743949,144.866804,Sao Paulo,Brazil,2023,False,False,True,False,1,2.8,3882,Operational
RES002348,Osaka Mexican Place 2348,Local,Mexican,-82.269501,52.942538,Osaka,Japan,1998,True,False,False,True,1,3.9,2046,Operational
RES002349,Rio de Janeiro Italian Place 2349,Local,Italian,89.339585,-175.162735,Rio de Janeiro,Brazil,1951,True,False,True,False,3,3.6,1181,Operational
RES002350,Mexican Chain 2350,Chain,Mexican,-5.720677,3.362409,New York,USA,1957,False,True,False,True,4,3.3,883,Operational
RES002351,Sao Paulo Japanese Place 2351,Local,Japanese,7.887156,122.146887,Sao Paulo,Brazil,2010,False,False,True,True,4,2.6,2100,Operational
RES002352,London Chinese Place 2352,Local,Chinese,-53.324202,-49.976371,London,United Kingdom,1992,False,True,True,True,2,4.2,1540,Operational
RES002353,Osaka Indian Place 2353,Local,Indian,-29.312547,159.197815,Osaka,Japan,2002,True,True,False,False,4,2.6,2553,Operational
RES002354,Los Angeles American Place 2354,Local,American,-19.899482,-60.415889,Los Angeles,USA,2022,True,False,True,False,3,3.6,2627,Operational
RES002355,Delhi American Place 2355,Local,American,84.586779,-154.705277,Delhi,India,1996,True,False,False,True,2,2.6,3245,Operational
RES002356,American Chain 2356,Chain,American,81.387567,18.296719,Sao Paulo,Brazil,1996,False,True,True,True,2,4.4,3696,Operational
RES002357,Thai Chain 2357,Chain,Thai,16.955112,-165.1875,Osaka,Japan,1953,True,False,True,True,4,4.9,4070,Operational
RES002358,Mediterranean Chain 2358,Chain,Mediterranean,19.36153,-88.244905,Tokyo,Japan,1995,True,True,True,False,4,4.0,618,Operational
RES002359,Pizza Chain 2359,Chain,Pizza,-39.018846,-169.027633,Sao Paulo,Brazil,1996,True,False,True,False,4,4.9,714,Operational
RES002360,Mumbai Mexican Place 2360,Local,Mexican,-54.578476,-0.133321,Mumbai,India,1976,True,True,True,True,2,5.0,3752,Operational
RES002361,Tokyo Brazilian Place 2361,Local,Brazilian,-22.953945,-133.266982,Tokyo,Japan,2004,True,False,False,True,2,4.8,2700,Operational
RES002362,Osaka French Place 2362,Local,French,21.842769,149.683457,Osaka,Japan,2011,False,True,True,True,4,2.9,57,Operational
RES002363,Mumbai American Place 2363,Local,American,68.170263,113.153333,Mumbai,India,2023,False,True,False,False,4,3.5,3733,Operational
RES002364,Tokyo Indian Place 2364,Local,Indian,77.715216,-10.160986,Tokyo,Japan,1954,True,True,True,False,2,4.5,4644,Operational
RES002365,Osaka Mexican Place 2365,Local,Mexican,87.384528,-16.367477,Osaka,Japan,1978,True,False,True,True,2,2.4,2746,Operational
RES002366,Sao Paulo Thai Place 2366,Local,Thai,18.668955,163.451929,Sao Paulo,Brazil,1969,True,False,True,True,4,3.5,2543,Operational
RES002367,Sao Paulo American Place 2367,Local,American,54.051836,-115.316687,Sao Paulo,Brazil,1979,False,False,True,False,3,4.5,1413,Operational
RES002368,Mumbai French Place 2368,Local,French,-62.246239,-20.312489,Mumbai,India,2015,True,False,False,False,3,3.9,282,Operational
RES002369,Tokyo Japanese Place 2369,Local,Japanese,-34.695826,-67.232788,Tokyo,Japan,1984,True,True,True,True,4,3.4,2502,Operational
RES002370,Indian Chain 2370,Chain,Indian,-41.470459,-82.235603,Osaka,Japan,2010,True,False,False,True,4,3.5,4529,Operational
RES002371,New York Mediterranean Place 2371,Local,Mediterranean,67.574435,-44.337955,New York,USA,2010,True,False,False,False,1,4.6,443,Operational
RES002372,Osaka Italian Place 2372,Local,Italian,-2.751149,175.633835,Osaka,Japan,1986,False,False,True,True,1,3.9,570,Operational
RES002373,Sao Paulo Thai Place 2373,Local,Thai,-19.745834,114.973347,Sao Paulo,Brazil,1999,True,True,True,False,1,4.5,550,Operational
RES002374,New York Indian Place 2374,Local,Indian,-26.647024,140.4232,New York,USA,2008,False,True,True,False,3,3.3,1251,Operational
RES002375,Mexican Chain 2375,Chain,Mexican,-21.807096,-92.19578,Manchester,United Kingdom,1982,False,True,True,True,2,3.1,2193,Operational
RES002376,New York Mexican Place 2376,Local,Mexican,-65.630094,21.473086,New York,USA,2022,True,False,False,False,1,4.1,1504,Operational
RES002377,Rio de Janeiro Thai Place 2377,Local,Thai,51.156241,-153.728073,Rio de Janeiro,Brazil,1970,True,True,False,True,1,4.4,3274,Operational
RES002378,Delhi Mediterranean Place 2378,Local,Mediterranean,60.639081,-166.401658,Delhi,India,1970,True,False,False,True,4,3.3,3052,Operational
RES002379,Tokyo Italian Place 2379,Local,Italian,-57.366414,-79.802073,Tokyo,Japan,2001,False,True,False,False,2,4.8,1043,Operational
RES002380,Rio de Janeiro French Place 2380,Local,French,-68.519309,26.494953,Rio de Janeiro,Brazil,1951,True,True,False,True,2,2.3,2475,Operational
RES002381,Delhi Indian Place 2381,Local,Indian,33.583612,-10.317964,Delhi,India,2003,True,True,True,False,3,4.9,3915,Operational
RES002382,Delhi Japanese Place 2382,Local,Japanese,27.164833,160.157919,Delhi,India,2012,True,False,False,True,1,3.6,4283,Operational
RES002383,Rio de Janeiro Japanese Place 2383,Local,Japanese,-39.815034,-99.278313,Rio de Janeiro,Brazil,1981,False,False,True,True,3,2.3,315,Operational
RES002384,Sao Paulo American Place 2384,Local,American,52.514238,-49.641075,Sao Paulo,Brazil,2007,False,False,True,True,3,2.3,3529,Operational
RES002385,Osaka American Place 2385,Local,American,-12.731287,99.20056,Osaka,Japan,1969,True,False,False,True,1,4.8,958,Operational
RES002386,Japanese Chain 2386,Chain,Japanese,-84.049924,-24.285221,Tokyo,Japan,2014,False,False,True,False,3,2.1,904,Operational
RES002387,Osaka Brazilian Place 2387,Local,Brazilian,72.15182,-37.210488,Osaka,Japan,1968,False,True,True,False,2,4.7,1400,Operational
RES002388,London Thai Place 2388,Local,Thai,58.104492,13.121458,London,United Kingdom,1986,False,True,False,True,2,2.2,3454,Operational
RES002389,Tokyo Chinese Place 2389,Local,Chinese,30.483837,-85.172584,Tokyo,Japan,1972,False,False,True,False,3,3.7,3807,Operational
RES002390,Chinese Chain 2390,Chain,Chinese,-14.360597,-74.87691,New York,USA,2005,False,True,True,True,4,4.9,3939,Operational
RES002391,Osaka Japanese Place 2391,Local,Japanese,-26.014577,154.045241,Osaka,Japan,2011,True,False,False,False,1,3.7,575,Closed Temporarily
RES002392,Tokyo Japanese Place 2392,Local,Japanese,-71.487682,-169.612003,Tokyo,Japan,2014,True,False,True,True,4,3.0,3292,Operational
RES002393,New York French Place 2393,Local,French,-61.352771,-41.129197,New York,USA,1991,False,True,False,False,4,2.8,563,Operational
RES002394,Tokyo French Place 2394,Local,French,-19.45146,125.137912,Tokyo,Japan,2001,True,True,True,True,1,4.2,3055,Operational
RES002395,Pizza Chain 2395,Chain,Pizza,-75.640927,107.214777,Osaka,Japan,2014,False,True,True,True,4,2.7,860,Operational
RES002396,London Chinese Place 2396,Local,Chinese,-34.561483,-170.505914,London,United Kingdom,1980,True,True,True,True,3,3.6,4120,Operational
RES002397,Delhi American Place 2397,Local,American,-34.490969,167.805496,Delhi,India,1963,False,False,True,True,3,4.9,4871,Operational
RES002398,Osaka Japanese Place 2398,Local,Japanese,37.130458,-1.02404,Osaka,Japan,1989,True,False,True,True,2,3.2,2747,Operational
RES002399,Osaka Chinese Place 2399,Local,Chinese,48.244735,-11.047944,Osaka,Japan,1965,True,True,True,False,2,2.8,3744,Operational
RES002400,New York Indian Place 2400,Local,Indian,87.037751,-105.516597,New York,USA,1965,True,False,True,True,1,4.0,538,Operational
RES002401,American Chain 2401,Chain,American,43.171923,20.813656,Osaka,Japan,1976,False,True,False,True,2,2.8,641,Operational
RES002402,London Brazilian Place 2402,Local,Brazilian,50.062341,48.959536,London,United Kingdom,2003,True,False,True,False,3,5.0,2040,Operational
RES002403,French Chain 2403,Chain,French,-58.449627,116.105156,Sao Paulo,Brazil,1966,False,True,False,False,3,2.7,3557,Operational
RES002404,Tokyo Mediterranean Place 2404,Local,Mediterranean,74.750426,-9.222736,Tokyo,Japan,2019,True,False,True,False,3,3.8,3680,Operational
RES002405,American Chain 2405,Chain,American,-61.099764,-106.384948,Los Angeles,USA,1989,False,True,True,False,2,4.0,4802,Operational
RES002406,Rio de Janeiro French Place 2406,Local,French,-33.202193,-124.330529,Rio de Janeiro,Brazil,1954,False,True,True,True,3,2.7,3120,Operational
RES002407,Los Angeles Burger Place 2407,Local,Burger,-9.784073,73.05713,Los Angeles,USA,2012,True,False,False,False,1,4.7,3698,Operational
RES002408,Sao Paulo French Place 2408,Local,French,-65.062252,105.526724,Sao Paulo,Brazil,2008,True,False,False,False,1,4.7,4502,Closed Temporarily
RES002409,London Thai Place 2409,Local,Thai,-61.467493,91.400989,London,United Kingdom,2016,True,True,False,True,4,4.7,1645,Operational
RES002410,Tokyo Thai Place 2410,Local,Thai,0.680475,45.475113,Tokyo,Japan,1989,False,True,True,True,2,3.1,3374,Operational
RES002411,New York Chinese Place 2411,Local,Chinese,-54.530652,-16.860856,New York,USA,2006,True,True,True,False,4,4.0,469,Operational
RES002412,London Mexican Place 2412,Local,Mexican,-27.447431,79.797149,London,United Kingdom,1972,True,False,True,False,3,2.4,457,Operational
RES002413,Brazilian Chain 2413,Chain,Brazilian,-45.438163,-30.223481,New York,USA,1955,True,False,True,True,1,5.0,1913,Operational
RES002414,Delhi Indian Place 2414,Local,Indian,-56.593904,-122.221827,Delhi,India,1983,True,False,True,True,2,2.7,740,Operational
RES002415,London Thai Place 2415,Local,Thai,23.666131,-145.119316,London,United Kingdom,2017,False,False,True,False,4,2.5,3134,Operational
RES002416,Mexican Chain 2416,Chain,Mexican,-58.997281,-52.010509,Rio de Janeiro,Brazil,1977,True,False,False,True,4,4.4,34,Operational
RES002417,Thai Chain 2417,Chain,Thai,51.644355,18.195611,Manchester,United Kingdom,2005,True,False,False,True,2,2.7,4954,Operational
RES002418,Manchester Mediterranean Place 2418,Local,Mediterranean,-32.26846,21.172613,Manchester,United Kingdom,2011,True,True,False,True,4,2.1,1397,Closed Temporarily
RES002419,French Chain 2419,Chain,French,66.007399,82.401998,Mumbai,India,2000,True,False,True,True,2,3.3,4750,Operational
RES002420,Pizza Chain 2420,Chain,Pizza,-27.074116,-140.516775,New York,USA,2009,True,False,True,False,3,3.8,2142,Operational
RES002421,London Thai Place 2421,Local,Thai,-15.954876,-147.082308,London,United Kingdom,1975,True,True,True,False,2,2.0,900,Operational
RES002422,Los Angeles Thai Place 2422,Local,Thai,7.090831,-162.702178,Los Angeles,USA,1956,False,True,False,False,3,3.8,1133,Operational
RES002423,Tokyo Mediterranean Place 2423,Local,Mediterranean,73.254706,74.493528,Tokyo,Japan,1983,True,False,False,True,2,2.7,3860,Operational
RES002424,Sao Paulo Thai Place 2424,Local,Thai,-75.290423,41.523338,Sao Paulo,Brazil,1979,True,False,False,True,2,3.3,1280,Operational
RES002425,Indian Chain 2425,Chain,Indian,-48.36294,-143.495108,Delhi,India,1999,False,True,True,True,2,3.1,2804,Operational
RES002426,Sao Paulo Thai Place 2426,Local,Thai,49.987128,54.401554,Sao Paulo,Brazil,1991,False,True,True,True,3,4.1,2656,Operational
RES002427,Los Angeles Mediterranean Place 2427,Local,Mediterranean,-40.044728,148.999943,Los Angeles,USA,2014,True,False,False,True,3,2.9,1043,Operational
RES002428,Manchester French Place 2428,Local,French,-32.06008,-151.087756,Manchester,United Kingdom,1956,True,False,True,False,1,3.0,917,Operational
RES002429,Chinese Chain 2429,Chain,Chinese,45.17836,-72.897319,London,United Kingdom,2001,True,True,False,False,1,3.6,2701,Operational
RES002430,New York Indian Place 2430,Local,Indian,-61.065676,106.164047,New York,USA,2012,True,True,False,False,4,4.0,3293,Operational
RES002431,Delhi Indian Place 2431,Local,Indian,-88.772216,9.572793,Delhi,India,1952,True,True,True,False,1,5.0,4680,Operational
RES002432,London Mexican Place 2432,Local,Mexican,55.897904,-161.794289,London,United Kingdom,2007,False,True,True,True,3,4.1,4109,Operational
RES002433,Mumbai Chinese Place 2433,Local,Chinese,-33.749206,35.768376,Mumbai,India,2007,True,False,False,False,2,4.6,1917,Operational
RES002434,Thai Chain 2434,Chain,Thai,60.112397,25.779045,Tokyo,Japan,2001,True,False,False,False,1,3.1,937,Operational
RES002435,London American Place 2435,Local,American,-78.195539,-59.475258,London,United Kingdom,2008,False,False,True,False,2,2.7,1166,Closed Temporarily
RES002436,New York Indian Place 2436,Local,Indian,24.726254,92.857697,New York,USA,1999,True,True,True,True,3,3.2,1788,Operational
RES002437,Los Angeles Chinese Place 2437,Local,Chinese,52.115843,-144.0352,Los Angeles,USA,1960,True,False,False,False,1,3.5,3348,Operational
RES002438,Delhi Mediterranean Place 2438,Local,Mediterranean,82.495395,-107.348655,Delhi,India,1964,True,False,False,True,2,4.7,1429,Operational
RES002439,Osaka Mexican Place 2439,Local,Mexican,55.986787,149.525639,Osaka,Japan,1970,True,False,True,True,3,4.1,3310,Operational
RES002440,Manchester Pizza Place 2440,Local,Pizza,-16.857254,-15.640474,Manchester,United Kingdom,1961,False,True,True,False,1,3.4,3011,Operational
RES002441,Indian Chain 2441,Chain,Indian,30.271281,-66.28063,Rio de Janeiro,Brazil,2002,False,True,False,True,4,3.8,3380,Operational
RES002442,Delhi Thai Place 2442,Local,Thai,24.27095,156.476164,Delhi,India,1981,True,True,False,True,1,4.5,4734,Operational
RES002443,Indian Chain 2443,Chain,Indian,78.528244,-68.281198,Los Angeles,USA,1987,True,False,True,True,4,3.7,3358,Operational
RES002444,Italian Chain 2444,Chain,Italian,43.673152,-43.450273,Mumbai,India,2016,False,False,True,False,4,3.1,1363,Operational
RES002445,New York Japanese Place 2445,Local,Japanese,-35.388337,17.131771,New York,USA,2006,True,False,False,True,3,3.0,4437,Operational
RES002446,New York Thai Place 2446,Local,Thai,35.604619,-64.984067,New York,USA,2010,False,True,False,True,4,4.4,4904,Operational
RES002447,London Italian Place 2447,Local,Italian,-11.931418,-129.476887,London,United Kingdom,1959,False,False,True,False,2,3.6,3053,Operational
RES002448,Rio de Janeiro Chinese Place 2448,Local,Chinese,-78.067598,123.424051,Rio de Janeiro,Brazil,1999,False,True,True,False,1,4.1,3615,Operational
RES002449,Thai Chain 2449,Chain,Thai,-72.825989,11.263368,Los Angeles,USA,2010,True,False,False,True,4,4.8,505,Operational
RES002450,Tokyo Pizza Place 2450,Local,Pizza,12.722255,-55.650423,Tokyo,Japan,2015,False,True,True,True,1,3.3,3032,Operational
RES002451,Indian Chain 2451,Chain,Indian,-64.370865,102.113065,Rio de Janeiro,Brazil,1987,True,False,True,False,1,3.9,3790,Operational
RES002452,Osaka Indian Place 2452,Local,Indian,26.078739,-50.589396,Osaka,Japan,1965,False,False,True,True,2,2.2,638,Operational
RES002453,Delhi Chinese Place 2453,Local,Chinese,73.64472,-75.001712,Delhi,India,2015,False,False,True,True,1,2.5,4976,Operational
RES002454,Los Angeles Mediterranean Place 2454,Local,Mediterranean,-62.524276,-168.554038,Los Angeles,USA,1991,True,False,True,False,4,3.0,4391,Operational
RES002455,Mediterranean Chain 2455,Chain,Mediterranean,-7.616143,-85.91096,Los Angeles,USA,1980,False,True,True,False,1,2.7,3505,Operational
RES002456,Mumbai American Place 2456,Local,American,-81.360336,-165.343956,Mumbai,India,2009,True,False,True,False,1,3.7,582,Operational
RES002457,Thai Chain 2457,Chain,Thai,75.755372,89.239024,New York,USA,1961,True,False,False,False,2,2.9,2595,Operational
RES002458,Chinese Chain 2458,Chain,Chinese,11.665877,-167.099925,Los Angeles,USA,1974,False,True,False,True,2,4.1,3052,Operational
RES002459,Delhi Indian Place 2459,Local,Indian,63.329721,92.770489,Delhi,India,1979,True,False,False,True,1,3.2,399,Operational
RES002460,Delhi Indian Place 2460,Local,Indian,14.144042,-122.109375,Delhi,India,1971,True,False,True,False,4,2.3,996,Operational
RES002461,Tokyo Burger Place 2461,Local,Burger,3.885902,176.50913,Tokyo,Japan,2010,True,True,True,True,3,2.8,341,Operational
RES002462,Rio de Janeiro Brazilian Place 2462,Local,Brazilian,-43.058973,-173.001313,Rio de Janeiro,Brazil,1990,True,False,False,False,2,4.2,4252,Operational
RES002463,Los Angeles Pizza Place 2463,Local,Pizza,-37.043292,28.719269,Los Angeles,USA,1963,True,True,False,True,4,3.5,4984,Operational
RES002464,Italian Chain 2464,Chain,Italian,21.546033,152.18273,Delhi,India,2018,False,True,True,True,4,2.3,1989,Operational
RES002465,Sao Paulo Burger Place 2465,Local,Burger,20.497142,-58.918389,Sao Paulo,Brazil,2021,True,True,False,False,3,4.7,1917,Closed Temporarily
RES002466,Thai Chain 2466,Chain,Thai,57.263453,-68.867441,Rio de Janeiro,Brazil,2016,True,False,False,True,2,3.1,861,Operational
RES002467,Mexican Chain 2467,Chain,Mexican,8.337478,-145.526708,Mumbai,India,1986,True,False,False,False,3,4.9,413,Operational
RES002468,Los Angeles Thai Place 2468,Local,Thai,-42.240906,-132.050775,Los Angeles,USA,2010,False,False,True,True,1,4.2,2768,Operational
RES002469,Indian Chain 2469,Chain,Indian,-21.062408,-147.157403,Delhi,India,1974,False,True,True,True,2,3.5,225,Operational
RES002470,Los Angeles Mediterranean Place 2470,Local,Mediterranean,61.710136,62.44802,Los Angeles,USA,2007,False,False,True,True,3,4.6,4120,Operational
RES002471,Delhi Japanese Place 2471,Local,Japanese,7.80705,161.785204,Delhi,India,2023,False,True,True,True,3,3.8,3271,Operational
RES002472,Italian Chain 2472,Chain,Italian,81.501811,82.521042,Osaka,Japan,1986,True,True,True,True,3,3.7,847,Operational
RES002473,Los Angeles Japanese Place 2473,Local,Japanese,73.311765,-28.987396,Los Angeles,USA,2012,True,False,False,False,1,4.4,647,Operational
RES002474,London Thai Place 2474,Local,Thai,17.899698,97.961107,London,United Kingdom,1951,True,True,False,True,1,4.1,3216,Operational
RES002475,Rio de Janeiro Burger Place 2475,Local,Burger,-57.580775,-92.505404,Rio de Janeiro,Brazil,2018,True,False,True,False,2,3.9,3308,Operational
RES002476,Sao Paulo American Place 2476,Local,American,86.506947,107.655958,Sao Paulo,Brazil,1951,True,False,True,False,2,2.3,1539,Operational
RES002477,Manchester Mexican Place 2477,Local,Mexican,13.279633,130.247469,Manchester,United Kingdom,1970,False,False,True,False,4,2.2,2184,Operational
RES002478,London Burger Place 2478,Local,Burger,83.07355,75.65924,London,United Kingdom,2021,False,True,True,True,4,4.0,485,Operational
RES002479,London Italian Place 2479,Local,Italian,-61.75827,174.735126,London,United Kingdom,1996,True,True,True,True,2,3.9,2012,Operational
RES002480,Mumbai Italian Place 2480,Local,Italian,-61.236124,-98.387784,Mumbai,India,1988,True,False,False,False,1,4.6,4454,Operational
RES002481,Delhi Mexican Place 2481,Local,Mexican,54.274513,-47.778378,Delhi,India,2005,True,False,False,True,1,3.1,910,Operational
RES002482,Mumbai Brazilian Place 2482,Local,Brazilian,-17.818144,151.748691,Mumbai,India,2016,False,True,False,True,4,2.6,3866,Operational
RES002483,Manchester Mediterranean Place 2483,Local,Mediterranean,-33.09666,118.610885,Manchester,United Kingdom,1997,False,True,True,False,2,4.1,4750,Operational
RES002484,Tokyo Thai Place 2484,Local,Thai,-59.74709,158.854356,Tokyo,Japan,1964,True,False,False,False,1,2.6,3122,Operational
RES002485,Osaka American Place 2485,Local,American,43.122425,-78.395404,Osaka,Japan,1958,False,True,False,False,3,3.0,683,Operational
RES002486,Chinese Chain 2486,Chain,Chinese,-14.006592,140.404616,Mumbai,India,1972,False,False,True,False,3,2.6,2252,Operational
RES002487,Tokyo American Place 2487,Local,American,48.892223,177.871674,Tokyo,Japan,1971,True,False,False,True,2,2.9,3686,Operational
RES002488,Rio de Janeiro Thai Place 2488,Local,Thai,33.516704,-139.915453,Rio de Janeiro,Brazil,1988,True,False,False,True,1,3.5,1357,Operational
RES002489,Manchester Pizza Place 2489,Local,Pizza,-41.650724,154.306819,Manchester,United Kingdom,2015,True,True,False,False,4,4.5,4139,Operational
RES002490,Thai Chain 2490,Chain,Thai,84.652675,-47.711079,London,United Kingdom,2000,True,True,False,False,1,4.7,4948,Operational
RES002491,Rio de Janeiro Thai Place 2491,Local,Thai,-4.005563,66.271137,Rio de Janeiro,Brazil,1974,True,False,True,True,4,2.2,3156,Operational
RES002492,Osaka French Place 2492,Local,French,-64.856694,-59.550128,Osaka,Japan,2007,True,False,False,True,3,2.4,334,Operational
RES002493,London Mexican Place 2493,Local,Mexican,51.72049,149.847102,London,United Kingdom,2009,True,False,True,False,1,2.7,4137,Operational
RES002494,Mumbai Chinese Place 2494,Local,Chinese,-14.677085,-35.916486,Mumbai,India,1959,False,True,False,True,4,4.3,1102,Operational
RES002495,Thai Chain 2495,Chain,Thai,43.3854,-172.890822,Delhi,India,1994,True,True,False,True,4,2.9,727,Operational
RES002496,Delhi Mexican Place 2496,Local,Mexican,48.182732,-16.727767,Delhi,India,2007,True,False,False,True,1,3.1,4923,Operational
RES002497,London Japanese Place 2497,Local,Japanese,29.899526,157.239981,London,United Kingdom,1966,False,True,True,True,1,3.6,3321,Operational
RES002498,Tokyo Indian Place 2498,Local,Indian,-55.002896,-83.213168,Tokyo,Japan,1992,True,False,True,True,1,2.4,2426,Operational
RES002499,Mumbai Thai Place 2499,Local,Thai,-83.799847,-123.2316,Mumbai,India,1999,True,False,False,True,3,2.9,3335,Operational
RES002500,Burger Chain 2500,Chain,Burger,-70.438093,-72.358757,Delhi,India,2009,True,True,False,False,1,3.5,4236,Operational
RES002501,Mediterranean Chain 2501,Chain,Mediterranean,-69.477556,-157.178503,Sao Paulo,Brazil,1951,False,True,False,False,2,4.7,2584,Operational
RES002502,Mumbai French Place 2502,Local,French,71.098975,-63.311789,Mumbai,India,1981,True,True,True,False,2,3.7,477,Operational
RES002503,Rio de Janeiro Japanese Place 2503,Local,Japanese,-13.369481,-17.562871,Rio de Janeiro,Brazil,1957,True,False,True,False,1,4.0,3111,Operational
RES002504,Los Angeles Italian Place 2504,Local,Italian,-32.243482,71.97533,Los Angeles,USA,2018,False,True,False,False,3,2.8,1205,Operational
RES002505,Tokyo Mexican Place 2505,Local,Mexican,-2.546752,-16.904399,Tokyo,Japan,2004,True,True,True,False,2,2.1,1248,Operational
RES002506,Mumbai Brazilian Place 2506,Local,Brazilian,16.234939,-21.284173,Mumbai,India,2021,False,False,True,False,3,4.7,127,Operational
RES002507,Pizza Chain 2507,Chain,Pizza,-16.290649,-53.416179,Osaka,Japan,2018,False,True,True,True,4,3.0,2215,Operational
RES002508,Rio de Janeiro Burger Place 2508,Local,Burger,-71.516623,171.268165,Rio de Janeiro,Brazil,1965,True,True,False,False,2,3.8,3327,Operational
RES002509,Tokyo American Place 2509,Local,American,48.271513,-109.455439,Tokyo,Japan,2006,True,False,False,True,3,4.3,959,Operational
RES002510,Mumbai American Place 2510,Local,American,39.794488,131.890827,Mumbai,India,1983,False,False,True,True,2,2.5,602,Operational
RES002511,Los Angeles Mexican Place 2511,Local,Mexican,7.042631,104.593018,Los Angeles,USA,1998,True,True,True,True,1,3.4,4434,Operational
RES002512,American Chain 2512,Chain,American,-24.288783,62.765314,London,United Kingdom,1977,True,False,False,False,2,2.8,1747,Operational
RES002513,New York American Place 2513,Local,American,16.555884,5.497052,New York,USA,2017,False,True,True,True,1,3.6,1676,Operational
RES002514,Tokyo Mediterranean Place 2514,Local,Mediterranean,74.928588,149.797851,Tokyo,Japan,1973,False,True,False,True,3,3.1,1233,Operational
RES002515,Osaka Burger Place 2515,Local,Burger,87.976531,-64.934326,Osaka,Japan,1961,True,False,True,True,3,3.2,1781,Operational
RES002516,New York Indian Place 2516,Local,Indian,79.991161,151.274079,New York,USA,1965,False,True,True,False,4,4.1,1056,Operational
RES002517,Osaka Burger Place 2517,Local,Burger,-16.87786,100.634627,Osaka,Japan,1974,False,True,True,True,3,4.3,727,Operational
RES002518,Sao Paulo Mexican Place 2518,Local,Mexican,10.643353,84.108865,Sao Paulo,Brazil,1995,True,True,True,True,2,3.8,2438,Operational
RES002519,Burger Chain 2519,Chain,Burger,44.092475,80.676157,London,United Kingdom,1959,True,False,True,False,2,2.2,2696,Operational
RES002520,London Chinese Place 2520,Local,Chinese,-80.794988,15.74888,London,United Kingdom,1962,True,False,True,False,2,2.3,1910,Operational
RES002521,Indian Chain 2521,Chain,Indian,15.524593,-42.155829,Los Angeles,USA,1965,False,True,False,False,1,4.6,1547,Operational
RES002522,Rio de Janeiro Japanese Place 2522,Local,Japanese,71.248206,-86.17162,Rio de Janeiro,Brazil,1952,True,False,False,True,4,3.0,1977,Closed Temporarily
RES002523,Delhi Mediterranean Place 2523,Local,Mediterranean,-9.272465,-10.001287,Delhi,India,1996,True,False,True,False,4,4.9,376,Operational
RES002524,Burger Chain 2524,Chain,Burger,31.256737,-131.068329,Sao Paulo,Brazil,2018,False,True,True,True,2,3.2,4193,Operational
RES002525,Sao Paulo Brazilian Place 2525,Local,Brazilian,-40.875495,81.406793,Sao Paulo,Brazil,2023,True,False,False,False,4,4.1,1777,Operational
RES002526,Sao Paulo American Place 2526,Local,American,-7.229302,-76.062642,Sao Paulo,Brazil,2001,True,False,True,False,4,3.4,993,Operational
RES002527,Rio de Janeiro Indian Place 2527,Local,Indian,74.74781,70.371309,Rio de Janeiro,Brazil,2016,False,True,True,False,3,3.8,3412,Operational
RES002528,Delhi Pizza Place 2528,Local,Pizza,11.818902,-28.133328,Delhi,India,1953,True,False,True,True,3,2.7,2071,Operational
RES002529,Thai Chain 2529,Chain,Thai,20.741903,61.359588,Tokyo,Japan,1958,True,False,True,True,1,4.5,2623,Operational
RES002530,Manchester Burger Place 2530,Local,Burger,-17.244188,-176.886856,Manchester,United Kingdom,2008,True,False,False,False,1,3.7,1617,Operational
RES002531,Manchester Italian Place 2531,Local,Italian,-64.219469,-97.555111,Manchester,United Kingdom,1974,True,False,False,True,1,5.0,3565,Operational
RES002532,New York Pizza Place 2532,Local,Pizza,-41.011168,-174.66723,New York,USA,1990,True,True,True,True,2,3.6,2439,Closed Temporarily
RES002533,New York Mexican Place 2533,Local,Mexican,35.891543,45.016621,New York,USA,1970,False,True,False,False,4,3.5,1689,Operational
RES002534,Brazilian Chain 2534,Chain,Brazilian,-37.723338,-115.595172,London,United Kingdom,1985,True,True,False,True,4,4.1,4569,Operational
RES002535,Burger Chain 2535,Chain,Burger,-9.911619,146.835151,Manchester,United Kingdom,1983,False,True,True,True,3,4.3,1234,Operational
RES002536,Mumbai Brazilian Place 2536,Local,Brazilian,71.909699,50.158714,Mumbai,India,1971,False,True,True,True,3,4.8,1204,Operational
RES002537,Japanese Chain 2537,Chain,Japanese,88.817248,-54.016343,London,United Kingdom,1970,True,True,True,False,4,2.3,2537,Operational
RES002538,Italian Chain 2538,Chain,Italian,-55.657725,79.176568,New York,USA,2005,True,True,False,False,4,4.8,4401,Operational
RES002539,Indian Chain 2539,Chain,Indian,31.111836,-141.025786,Manchester,United Kingdom,1988,False,False,True,True,3,4.5,2836,Operational
RES002540,London American Place 2540,Local,American,1.356774,46.000018,London,United Kingdom,2022,False,True,False,False,3,3.4,4041,Operational
RES002541,Tokyo Burger Place 2541,Local,Burger,-66.552332,-123.784872,Tokyo,Japan,1950,True,False,True,True,3,2.0,4812,Operational
RES002542,London Pizza Place 2542,Local,Pizza,-1.698158,-109.613963,London,United Kingdom,1990,False,True,False,True,2,5.0,2444,Operational
RES002543,Sao Paulo Mediterranean Place 2543,Local,Mediterranean,27.403217,-119.495112,Sao Paulo,Brazil,1964,False,False,True,False,1,2.2,2072,Operational
RES002544,Los Angeles Japanese Place 2544,Local,Japanese,-14.332408,-83.960162,Los Angeles,USA,2015,True,False,False,True,4,4.1,2935,Operational
RES002545,Los Angeles Thai Place 2545,Local,Thai,-3.306975,33.743827,Los Angeles,USA,1956,False,True,False,True,3,3.3,2578,Operational
RES002546,French Chain 2546,Chain,French,-65.706497,-149.570605,Delhi,India,2005,True,False,False,True,2,4.4,4406,Operational
RES002547,Pizza Chain 2547,Chain,Pizza,89.900619,175.05099,London,United Kingdom,1981,False,True,True,False,4,4.5,3524,Operational
RES002548,Pizza Chain 2548,Chain,Pizza,-88.829606,-71.525458,Delhi,India,2004,False,False,True,False,3,2.6,2967,Operational
RES002549,Sao Paulo French Place 2549,Local,French,-87.381713,-34.066986,Sao Paulo,Brazil,1983,False,True,False,True,1,4.9,1423,Operational
RES002550,Italian Chain 2550,Chain,Italian,-51.631484,-40.998631,Tokyo,Japan,1950,False,False,True,True,3,4.9,4080,Operational
RES002551,Los Angeles Mexican Place 2551,Local,Mexican,29.635503,53.745009,Los Angeles,USA,1966,True,True,False,True,4,2.9,306,Operational
RES002552,Rio de Janeiro Pizza Place 2552,Local,Pizza,-23.267303,114.385501,Rio de Janeiro,Brazil,1986,True,True,True,False,2,3.2,508,Operational
RES002553,London Chinese Place 2553,Local,Chinese,-72.968725,-124.133364,London,United Kingdom,1968,True,True,False,False,3,4.4,3734,Operational
RES002554,Delhi Italian Place 2554,Local,Italian,-89.923289,-149.963144,Delhi,India,1959,True,False,False,True,3,3.5,2220,Operational
RES002555,Manchester Mediterranean Place 2555,Local,Mediterranean,-74.031814,157.462772,Manchester,United Kingdom,1996,False,False,True,False,4,4.3,695,Operational
RES002556,Tokyo Mexican Place 2556,Local,Mexican,-26.866694,167.835855,Tokyo,Japan,1993,True,False,False,False,1,2.8,2468,Closed Temporarily
RES002557,Osaka Thai Place 2557,Local,Thai,37.115463,175.73783,Osaka,Japan,2014,False,True,True,False,3,3.4,2189,Operational
RES002558,Osaka Brazilian Place 2558,Local,Brazilian,-31.377517,159.785647,Osaka,Japan,1957,False,True,False,False,4,2.8,2062,Operational
RES002559,Japanese Chain 2559,Chain,Japanese,3.715161,-136.469744,Sao Paulo,Brazil,1990,True,False,False,True,2,2.1,4636,Operational
RES002560,Sao Paulo Thai Place 2560,Local,Thai,27.217444,75.406322,Sao Paulo,Brazil,1998,True,True,True,True,3,2.6,4572,Operational
RES002561,London Pizza Place 2561,Local,Pizza,-76.097371,73.806714,London,United Kingdom,1980,True,False,False,False,3,2.3,3065,Operational
RES002562,Los Angeles Italian Place 2562,Local,Italian,16.712716,-29.777276,Los Angeles,USA,1957,False,False,True,True,1,3.0,37,Operational
RES002563,Burger Chain 2563,Chain,Burger,56.614739,-29.360658,Rio de Janeiro,Brazil,1977,True,False,True,False,4,4.6,4193,Operational
RES002564,London Mediterranean Place 2564,Local,Mediterranean,-52.144011,81.948725,London,United Kingdom,2012,True,True,False,True,2,5.0,1567,Operational
RES002565,London Burger Place 2565,Local,Burger,-31.412686,95.472231,London,United Kingdom,1951,False,False,True,False,4,2.6,3476,Operational
RES002566,London Chinese Place 2566,Local,Chinese,-80.978422,-99.567835,London,United Kingdom,1967,True,False,False,True,3,4.5,2066,Operational
RES002567,Sao Paulo Mexican Place 2567,Local,Mexican,72.005759,-147.431882,Sao Paulo,Brazil,1969,True,False,True,True,2,4.4,3333,Operational
RES002568,Tokyo Italian Place 2568,Local,Italian,61.062785,25.428464,Tokyo,Japan,2005,False,False,True,True,4,4.6,397,Operational
RES002569,Sao Paulo Mexican Place 2569,Local,Mexican,14.186337,130.2129,Sao Paulo,Brazil,1980,True,False,False,False,2,4.5,3449,Operational
RES002570,Brazilian Chain 2570,Chain,Brazilian,-66.945093,-147.426375,London,United Kingdom,1996,False,True,False,False,1,2.1,4736,Operational
RES002571,Mexican Chain 2571,Chain,Mexican,85.314798,111.496996,Osaka,Japan,2001,True,False,True,True,2,4.5,421,Operational
RES002572,New York French Place 2572,Local,French,13.41686,-92.39076,New York,USA,1953,True,True,True,True,1,2.4,384,Operational
RES002573,Osaka French Place 2573,Local,French,21.221236,160.473798,Osaka,Japan,1985,True,True,False,False,4,3.9,3940,Operational
RES002574,London Chinese Place 2574,Local,Chinese,4.218167,66.692933,London,United Kingdom,1998,True,False,False,True,3,2.5,1286,Operational
RES002575,Delhi Italian Place 2575,Local,Italian,-4.062907,-16.425111,Delhi,India,1971,True,True,True,False,4,4.5,3428,Operational
RES002576,Pizza Chain 2576,Chain,Pizza,-32.254336,80.038642,Delhi,India,2005,True,False,False,True,4,2.2,3090,Operational
RES002577,Sao Paulo Brazilian Place 2577,Local,Brazilian,-89.997219,24.971922,Sao Paulo,Brazil,2018,False,False,True,True,2,4.4,4729,Operational
RES002578,Delhi Thai Place 2578,Local,Thai,-39.302236,-114.887235,Delhi,India,2010,False,True,True,False,3,2.6,451,Operational
RES002579,New York Mexican Place 2579,Local,Mexican,47.195672,-10.32971,New York,USA,1952,True,True,False,True,3,3.3,4591,Operational
RES002580,London Indian Place 2580,Local,Indian,48.496608,157.373114,London,United Kingdom,2001,True,True,True,False,1,2.8,3529,Operational
RES002581,Manchester Mexican Place 2581,Local,Mexican,-78.35244,47.402386,Manchester,United Kingdom,1986,True,False,False,True,1,3.3,3546,Operational
RES002582,Osaka Pizza Place 2582,Local,Pizza,84.469311,61.185119,Osaka,Japan,2014,True,False,False,True,3,4.3,3520,Operational
RES002583,Sao Paulo Chinese Place 2583,Local,Chinese,-45.030744,-60.901293,Sao Paulo,Brazil,1985,True,False,False,True,1,2.3,4427,Operational
RES002584,Thai Chain 2584,Chain,Thai,29.159465,14.51963,Osaka,Japan,1964,False,True,True,False,2,3.4,4753,Operational
RES002585,Manchester Italian Place 2585,Local,Italian,83.513885,-4.1504,Manchester,United Kingdom,1959,False,True,True,False,2,3.1,3634,Operational
RES002586,Manchester Mexican Place 2586,Local,Mexican,-16.309383,-48.297442,Manchester,United Kingdom,2016,True,False,False,True,2,5.0,4691,Operational
RES002587,Los Angeles Indian Place 2587,Local,Indian,-74.928896,-79.924499,Los Angeles,USA,2019,True,False,False,True,4,3.3,1160,Operational
RES002588,Delhi Japanese Place 2588,Local,Japanese,46.000383,108.793764,Delhi,India,1996,True,False,False,False,4,3.0,1241,Operational
RES002589,Rio de Janeiro Burger Place 2589,Local,Burger,-75.937942,116.047692,Rio de Janeiro,Brazil,2014,True,False,False,False,2,3.8,4234,Operational
RES002590,Osaka Thai Place 2590,Local,Thai,82.572745,-142.237313,Osaka,Japan,1952,True,True,True,False,1,4.9,1131,Operational
RES002591,Italian Chain 2591,Chain,Italian,13.109334,6.829786,London,United Kingdom,1963,True,False,False,False,2,2.7,1536,Operational
RES002592,Manchester Mediterranean Place 2592,Local,Mediterranean,64.448477,79.694045,Manchester,United Kingdom,1986,True,True,False,True,2,3.8,2960,Operational
RES002593,Mumbai Indian Place 2593,Local,Indian,42.708697,-100.018717,Mumbai,India,1988,True,False,False,True,4,2.8,1072,Operational
RES002594,London Burger Place 2594,Local,Burger,-53.065979,-120.134752,London,United Kingdom,1966,True,True,False,False,2,2.7,4878,Operational
RES002595,Mediterranean Chain 2595,Chain,Mediterranean,-88.780609,60.036885,Rio de Janeiro,Brazil,1985,False,True,False,False,1,2.6,3068,Operational
RES002596,Italian Chain 2596,Chain,Italian,-15.576571,124.35208,New York,USA,2009,True,False,True,True,4,3.6,4572,Operational
RES002597,Italian Chain 2597,Chain,Italian,-37.312355,76.289913,Tokyo,Japan,1957,True,False,False,False,3,3.4,4117,Operational
RES002598,Thai Chain 2598,Chain,Thai,0.449462,-25.778205,Osaka,Japan,1953,True,True,False,False,1,3.5,34,Operational
RES002599,Los Angeles Brazilian Place 2599,Local,Brazilian,57.162527,93.469255,Los Angeles,USA,2012,True,True,False,False,3,2.4,1975,Operational
RES002600,Brazilian Chain 2600,Chain,Brazilian,-23.29299,-75.900876,Mumbai,India,1992,False,True,True,False,3,2.5,1106,Operational
RES002601,Rio de Janeiro Italian Place 2601,Local,Italian,56.301472,81.812257,Rio de Janeiro,Brazil,2000,False,False,True,False,4,2.9,993,Operational
RES002602,Tokyo Mexican Place 2602,Local,Mexican,-51.485657,-172.172375,Tokyo,Japan,2009,True,True,False,False,4,4.6,561,Operational
RES002603,Manchester Chinese Place 2603,Local,Chinese,-62.873061,-80.450666,Manchester,United Kingdom,1956,True,False,False,False,2,3.2,323,Operational
RES002604,Italian Chain 2604,Chain,Italian,-13.499732,-51.060716,Los Angeles,USA,2023,True,False,False,True,2,5.0,944,Operational
RES002605,Delhi Mexican Place 2605,Local,Mexican,-56.383653,119.496519,Delhi,India,2011,True,True,True,True,4,3.7,847,Operational
RES002606,Osaka French Place 2606,Local,French,68.344624,-17.070317,Osaka,Japan,2013,True,False,True,False,2,2.2,4886,Operational
RES002607,Rio de Janeiro Brazilian Place 2607,Local,Brazilian,69.264353,164.701185,Rio de Janeiro,Brazil,2013,True,False,False,True,1,3.3,1485,Operational
RES002608,French Chain 2608,Chain,French,55.841768,17.596729,Los Angeles,USA,1963,False,True,False,True,3,4.3,2288,Operational
RES002609,French Chain 2609,Chain,French,-56.312706,-93.376586,Osaka,Japan,2008,True,True,False,True,4,5.0,3387,Operational
RES002610,French Chain 2610,Chain,French,-23.759615,-16.681605,Mumbai,India,1961,True,True,False,False,3,3.4,4272,Operational
RES002611,Tokyo French Place 2611,Local,French,-62.755416,-74.7399,Tokyo,Japan,2006,True,False,False,False,2,2.9,2984,Operational
RES002612,Chinese Chain 2612,Chain,Chinese,56.704348,2.168796,Los Angeles,USA,1975,True,False,False,True,3,2.5,4312,Operational
RES002613,Los Angeles Chinese Place 2613,Local,Chinese,-43.993347,87.331152,Los Angeles,USA,1987,True,True,False,False,4,4.7,1194,Operational
RES002614,New York Burger Place 2614,Local,Burger,74.054174,-160.451318,New York,USA,1993,True,True,False,False,2,3.1,1459,Operational
RES002615,Mumbai Thai Place 2615,Local,Thai,-3.240042,168.77941,Mumbai,India,2000,True,False,True,False,3,4.2,995,Operational
RES002616,Rio de Janeiro Mediterranean Place 2616,Local,Mediterranean,-8.463003,-35.295985,Rio de Janeiro,Brazil,2006,False,True,True,False,1,3.2,610,Operational
RES002617,Mumbai Thai Place 2617,Local,Thai,-53.575249,7.446426,Mumbai,India,1992,True,False,False,True,3,3.3,3124,Closed Temporarily
RES002618,Mumbai American Place 2618,Local,American,4.175669,59.507133,Mumbai,India,1954,False,True,False,False,4,2.6,2309,Operational
RES002619,Sao Paulo Italian Place 2619,Local,Italian,79.067873,-160.59,Sao Paulo,Brazil,2001,True,True,False,True,1,4.6,313,Operational
RES002620,Italian Chain 2620,Chain,Italian,25.818021,149.260863,Los Angeles,USA,1987,True,True,False,True,4,2.2,4060,Operational
RES002621,New York Indian Place 2621,Local,Indian,-68.791537,40.731838,New York,USA,1992,True,True,True,False,1,5.0,4007,Operational
RES002622,Manchester Japanese Place 2622,Local,Japanese,60.799903,104.666018,Manchester,United Kingdom,1959,True,False,False,False,4,4.6,1816,Operational
RES002623,French Chain 2623,Chain,French,66.755809,37.050596,Sao Paulo,Brazil,1976,True,False,False,False,2,3.0,1658,Operational
RES002624,Brazilian Chain 2624,Chain,Brazilian,-55.990225,-28.586324,Delhi,India,2013,False,True,False,False,2,3.8,3478,Operational
RES002625,Brazilian Chain 2625,Chain,Brazilian,-82.603313,-12.291052,London,United Kingdom,2014,False,True,False,False,3,3.6,915,Operational
RES002626,Brazilian Chain 2626,Chain,Brazilian,-56.512118,35.516233,Osaka,Japan,1952,True,False,False,True,1,4.6,3777,Operational
RES002627,Tokyo American Place 2627,Local,American,-36.109341,-145.364132,Tokyo,Japan,1961,False,False,True,True,1,3.8,749,Operational
RES002628,Delhi Chinese Place 2628,Local,Chinese,-86.121634,-158.874344,Delhi,India,1987,True,False,True,False,1,4.9,474,Operational
RES002629,Mediterranean Chain 2629,Chain,Mediterranean,13.60865,-167.562415,Mumbai,India,2017,True,True,True,False,2,3.2,2540,Operational
RES002630,Rio de Janeiro Brazilian Place 2630,Local,Brazilian,5.887644,-134.193084,Rio de Janeiro,Brazil,1952,False,True,True,True,4,2.6,2178,Closed Temporarily
RES002631,Delhi Mediterranean Place 2631,Local,Mediterranean,40.468,48.995444,Delhi,India,2023,False,False,True,True,4,2.7,2774,Operational
RES002632,Sao Paulo Chinese Place 2632,Local,Chinese,16.339403,-100.891091,Sao Paulo,Brazil,1983,True,True,False,True,2,2.3,4730,Operational
RES002633,Osaka Indian Place 2633,Local,Indian,-13.552669,-91.377075,Osaka,Japan,1957,True,False,False,False,4,4.5,2715,Operational
RES002634,Chinese Chain 2634,Chain,Chinese,-24.76738,-91.608756,London,United Kingdom,2016,False,True,False,False,3,4.9,1233,Operational
RES002635,Rio de Janeiro Pizza Place 2635,Local,Pizza,17.012499,165.710299,Rio de Janeiro,Brazil,1990,False,False,True,False,4,3.3,2441,Operational
RES002636,American Chain 2636,Chain,American,81.44556,153.795142,Delhi,India,1996,True,False,False,False,3,3.6,4860,Operational
RES002637,London Japanese Place 2637,Local,Japanese,-80.707164,-178.571689,London,United Kingdom,1988,True,False,False,False,3,4.9,991,Operational
RES002638,Delhi Burger Place 2638,Local,Burger,26.692836,147.333793,Delhi,India,1983,True,False,False,False,4,3.3,4838,Operational
RES002639,Sao Paulo Indian Place 2639,Local,Indian,41.64048,48.68173,Sao Paulo,Brazil,1976,True,False,True,False,3,2.8,2427,Operational
RES002640,Brazilian Chain 2640,Chain,Brazilian,-29.518367,-56.57586,Manchester,United Kingdom,2014,True,True,True,True,2,2.9,4769,Operational
RES002641,Italian Chain 2641,Chain,Italian,-75.212031,-109.338121,London,United Kingdom,1957,True,True,True,False,3,3.1,2228,Operational
RES002642,Los Angeles Mexican Place 2642,Local,Mexican,59.611411,-75.943845,Los Angeles,USA,2015,True,False,False,True,2,4.2,6,Operational
RES002643,New York Japanese Place 2643,Local,Japanese,18.677018,82.007264,New York,USA,2015,False,True,False,True,1,4.4,1945,Closed Temporarily
RES002644,Delhi Brazilian Place 2644,Local,Brazilian,65.675531,-30.194717,Delhi,India,2004,True,True,True,False,2,2.3,614,Closed Temporarily
RES002645,Los Angeles Indian Place 2645,Local,Indian,-29.126997,-59.714118,Los Angeles,USA,2002,False,False,True,False,3,3.0,1692,Operational
RES002646,Rio de Janeiro Burger Place 2646,Local,Burger,71.927091,7.809533,Rio de Janeiro,Brazil,2015,True,False,False,False,1,4.0,797,Operational
RES002647,Sao Paulo Indian Place 2647,Local,Indian,0.258823,-51.926279,Sao Paulo,Brazil,1964,True,False,False,False,2,4.1,3469,Operational
RES002648,New York French Place 2648,Local,French,-54.257989,122.292174,New York,USA,1976,True,True,False,False,1,4.7,523,Operational
RES002649,Brazilian Chain 2649,Chain,Brazilian,-57.238457,-83.79329,Manchester,United Kingdom,1984,False,False,True,True,2,4.3,645,Operational
RES002650,Tokyo Pizza Place 2650,Local,Pizza,-54.194221,103.532251,Tokyo,Japan,1965,True,False,True,False,2,3.7,504,Operational
RES002651,Indian Chain 2651,Chain,Indian,-61.428705,-147.805885,Los Angeles,USA,2022,True,False,True,True,1,3.5,1136,Operational
RES002652,Manchester Japanese Place 2652,Local,Japanese,-45.336507,-42.535446,Manchester,United Kingdom,1978,True,True,True,False,4,3.5,1866,Operational
RES002653,Japanese Chain 2653,Chain,Japanese,55.050309,23.547277,Sao Paulo,Brazil,1962,False,False,True,True,3,3.1,300,Operational
RES002654,Rio de Janeiro Chinese Place 2654,Local,Chinese,63.026419,-129.259619,Rio de Janeiro,Brazil,2005,True,True,True,False,3,4.9,580,Operational
RES002655,Sao Paulo Japanese Place 2655,Local,Japanese,-26.894345,-145.117371,Sao Paulo,Brazil,2007,True,False,False,True,2,3.9,3392,Operational
RES002656,Pizza Chain 2656,Chain,Pizza,-15.772102,-138.474158,Sao Paulo,Brazil,1987,True,True,True,False,4,4.5,4,Operational
RES002657,Thai Chain 2657,Chain,Thai,-37.490906,-38.558935,New York,USA,2003,True,True,True,False,1,4.0,2040,Operational
RES002658,Rio de Janeiro American Place 2658,Local,American,51.53156,-39.402064,Rio de Janeiro,Brazil,1951,True,False,False,True,1,4.6,1935,Operational
RES002659,Osaka Burger Place 2659,Local,Burger,-67.216862,44.998217,Osaka,Japan,1994,False,True,True,True,1,4.6,1177,Operational
RES002660,Rio de Janeiro American Place 2660,Local,American,67.640975,39.803545,Rio de Janeiro,Brazil,1990,True,False,True,False,4,2.2,270,Operational
RES002661,Los Angeles Mexican Place 2661,Local,Mexican,7.818459,-94.01593,Los Angeles,USA,1955,True,True,True,True,4,3.5,1112,Operational
RES002662,Sao Paulo Indian Place 2662,Local,Indian,-6.192646,11.559622,Sao Paulo,Brazil,1988,False,False,True,False,3,4.4,70,Operational
RES002663,Mexican Chain 2663,Chain,Mexican,77.567828,-167.142914,Manchester,United Kingdom,1996,False,True,True,True,4,2.2,1103,Operational
RES002664,Los Angeles Chinese Place 2664,Local,Chinese,-24.437385,44.773607,Los Angeles,USA,1995,True,True,True,True,3,4.1,1982,Closed Temporarily
RES002665,Japanese Chain 2665,Chain,Japanese,18.669171,-111.148153,Osaka,Japan,1984,False,True,True,True,4,4.7,4636,Operational
RES002666,American Chain 2666,Chain,American,-33.300115,69.510911,Sao Paulo,Brazil,1975,False,True,False,False,1,2.6,4295,Operational
RES002667,Mumbai Mediterranean Place 2667,Local,Mediterranean,42.945389,-66.88014,Mumbai,India,1993,True,False,False,False,1,2.9,4718,Operational
RES002668,Burger Chain 2668,Chain,Burger,53.554159,68.555638,Rio de Janeiro,Brazil,1954,False,True,True,False,4,3.5,2274,Operational
RES002669,Mumbai Japanese Place 2669,Local,Japanese,76.214675,130.481089,Mumbai,India,1955,True,False,False,False,3,3.3,4553,Operational
RES002670,Manchester Burger Place 2670,Local,Burger,10.462964,127.133395,Manchester,United Kingdom,1961,True,True,False,False,3,2.5,2136,Operational
RES002671,Brazilian Chain 2671,Chain,Brazilian,-42.939764,-7.538363,Delhi,India,2011,False,True,True,False,2,2.6,1576,Operational
RES002672,Burger Chain 2672,Chain,Burger,-0.698278,-123.422412,Osaka,Japan,1964,True,False,True,True,1,2.5,2295,Operational
RES002673,Sao Paulo Japanese Place 2673,Local,Japanese,4.789704,-172.402737,Sao Paulo,Brazil,2005,True,False,True,False,4,2.7,1058,Operational
RES002674,Japanese Chain 2674,Chain,Japanese,51.426836,-26.492674,Manchester,United Kingdom,1953,True,True,True,False,4,2.8,2042,Operational
RES002675,French Chain 2675,Chain,French,71.911392,42.882673,Osaka,Japan,1984,False,True,True,False,1,2.9,1732,Operational
RES002676,French Chain 2676,Chain,French,-21.435684,97.993225,Mumbai,India,1983,True,False,False,True,3,3.5,4890,Operational
RES002677,Mumbai French Place 2677,Local,French,-72.496438,12.039542,Mumbai,India,1971,True,True,True,False,3,2.0,2152,Operational
RES002678,Italian Chain 2678,Chain,Italian,16.913243,134.32473,Sao Paulo,Brazil,1968,False,False,True,False,2,3.3,2172,Operational
RES002679,Sao Paulo Burger Place 2679,Local,Burger,-4.521272,17.420253,Sao Paulo,Brazil,1991,False,True,True,True,3,4.0,3160,Operational
RES002680,New York American Place 2680,Local,American,-77.582683,-72.307154,New York,USA,1963,True,False,False,False,1,4.9,971,Operational
RES002681,Osaka Thai Place 2681,Local,Thai,41.986379,-59.01225,Osaka,Japan,1974,False,True,False,True,4,2.7,2638,Operational
RES002682,Rio de Janeiro Japanese Place 2682,Local,Japanese,-56.274179,97.009105,Rio de Janeiro,Brazil,1992,False,True,False,False,2,2.3,1884,Operational
RES002683,Manchester Italian Place 2683,Local,Italian,32.186427,-33.894358,Manchester,United Kingdom,1962,False,False,True,False,2,2.3,4285,Operational
RES002684,Osaka Indian Place 2684,Local,Indian,-44.121026,145.738734,Osaka,Japan,2016,True,False,False,False,2,2.8,370,Operational
RES002685,Los Angeles Mediterranean Place 2685,Local,Mediterranean,-44.305046,96.806543,Los Angeles,USA,1979,True,False,False,False,2,4.8,2609,Operational
RES002686,Indian Chain 2686,Chain,Indian,-44.489587,35.918114,Tokyo,Japan,2008,True,True,True,True,2,4.2,519,Operational
RES002687,Mumbai Mexican Place 2687,Local,Mexican,55.674199,-57.578622,Mumbai,India,1970,True,True,False,True,3,3.3,4009,Operational
RES002688,Osaka Mexican Place 2688,Local,Mexican,19.076575,41.351218,Osaka,Japan,1976,False,True,False,False,4,3.2,4865,Operational
RES002689,Sao Paulo Thai Place 2689,Local,Thai,58.737152,25.615436,Sao Paulo,Brazil,1976,True,False,False,False,4,2.4,891,Operational
RES002690,French Chain 2690,Chain,French,35.964019,-89.157442,Los Angeles,USA,1996,True,False,False,False,2,4.0,2835,Operational
RES002691,New York Chinese Place 2691,Local,Chinese,27.636322,-53.867008,New York,USA,1992,False,True,True,False,1,2.1,1202,Operational
RES002692,French Chain 2692,Chain,French,-14.970666,-9.884309,Osaka,Japan,2019,True,False,False,False,2,3.0,2982,Operational
RES002693,Manchester American Place 2693,Local,American,47.872366,155.294143,Manchester,United Kingdom,1963,True,False,False,True,1,3.3,3682,Operational
RES002694,Osaka Italian Place 2694,Local,Italian,62.965313,95.075482,Osaka,Japan,1987,False,True,False,False,2,3.4,1145,Operational
RES002695,Delhi Burger Place 2695,Local,Burger,82.915977,-135.661574,Delhi,India,1992,True,False,False,False,1,2.0,4599,Operational
RES002696,Delhi Pizza Place 2696,Local,Pizza,72.468831,-57.078698,Delhi,India,1968,True,False,False,False,3,2.0,1407,Operational
RES002697,Manchester French Place 2697,Local,French,-42.048432,29.40664,Manchester,United Kingdom,1968,True,False,True,False,1,4.8,954,Operational
RES002698,Manchester Italian Place 2698,Local,Italian,86.283606,75.096737,Manchester,United Kingdom,2020,True,True,False,False,1,3.2,4850,Operational
RES002699,London Mexican Place 2699,Local,Mexican,0.328757,-37.53334,London,United Kingdom,1960,True,True,False,True,1,4.7,514,Operational
RES002700,French Chain 2700,Chain,French,-27.866581,129.840021,Sao Paulo,Brazil,1997,False,True,False,True,4,3.1,374,Operational
RES002701,Los Angeles Mediterranean Place 2701,Local,Mediterranean,14.737529,140.585158,Los Angeles,USA,1977,False,True,False,False,4,3.7,650,Operational
RES002702,Rio de Janeiro American Place 2702,Local,American,60.255066,-153.68764,Rio de Janeiro,Brazil,1988,True,True,True,True,2,4.6,633,Operational
RES002703,Sao Paulo Chinese Place 2703,Local,Chinese,18.052823,50.00385,Sao Paulo,Brazil,1964,False,True,False,False,3,3.2,428,Closed Temporarily
RES002704,Sao Paulo Brazilian Place 2704,Local,Brazilian,11.727629,111.614798,Sao Paulo,Brazil,1998,True,False,False,True,1,3.3,852,Operational
RES002705,London Pizza Place 2705,Local,Pizza,-76.485651,148.579187,London,United Kingdom,2003,False,False,True,False,2,4.8,294,Closed Temporarily
RES002706,London Mexican Place 2706,Local,Mexican,-85.240682,-25.552925,London,United Kingdom,1973,False,True,True,False,3,4.4,2020,Operational
RES002707,Mumbai Mexican Place 2707,Local,Mexican,-77.52908,-75.940414,Mumbai,India,2008,True,True,True,True,1,3.3,3931,Operational
RES002708,Osaka Brazilian Place 2708,Local,Brazilian,-20.336406,136.207043,Osaka,Japan,1984,True,True,True,True,2,2.7,2013,Operational
RES002709,Sao Paulo Indian Place 2709,Local,Indian,29.486435,-162.90447,Sao Paulo,Brazil,1978,False,False,True,True,3,4.3,2733,Operational
RES002710,Rio de Janeiro Indian Place 2710,Local,Indian,13.366686,64.500501,Rio de Janeiro,Brazil,2005,False,True,True,True,4,4.4,4055,Operational
RES002711,Osaka Japanese Place 2711,Local,Japanese,15.595514,122.639509,Osaka,Japan,1988,True,False,False,True,1,3.5,1936,Operational
RES002712,Osaka Mediterranean Place 2712,Local,Mediterranean,-56.349338,37.083392,Osaka,Japan,1999,True,False,False,False,1,2.1,1158,Operational
RES002713,Mexican Chain 2713,Chain,Mexican,-17.59009,-85.139127,New York,USA,1997,True,True,False,True,2,4.0,4180,Operational
RES002714,Sao Paulo Indian Place 2714,Local,Indian,35.16544,-157.609898,Sao Paulo,Brazil,2020,True,False,False,True,4,4.8,3065,Closed Temporarily
RES002715,Tokyo Burger Place 2715,Local,Burger,72.67203,4.64783,Tokyo,Japan,1988,True,False,False,True,2,2.7,3239,Operational
RES002716,Pizza Chain 2716,Chain,Pizza,-75.850107,-69.304937,New York,USA,1971,True,False,False,False,3,2.2,3121,Operational
RES002717,New York Pizza Place 2717,Local,Pizza,68.252627,-81.209503,New York,USA,1981,False,True,True,False,1,4.2,2070,Operational
RES002718,Italian Chain 2718,Chain,Italian,19.409738,47.655607,Mumbai,India,2010,False,False,True,True,3,4.3,3145,Operational
RES002719,Manchester Italian Place 2719,Local,Italian,-82.550773,-38.838254,Manchester,United Kingdom,1982,True,True,False,True,2,4.8,861,Operational
RES002720,Delhi American Place 2720,Local,American,-41.836539,-176.13317,Delhi,India,1962,True,False,False,False,3,2.8,3876,Operational
RES002721,Rio de Janeiro American Place 2721,Local,American,21.85856,-130.768442,Rio de Janeiro,Brazil,1980,False,True,False,True,1,4.4,4477,Operational
RES002722,Manchester Thai Place 2722,Local,Thai,89.507871,-33.948982,Manchester,United Kingdom,2002,False,True,True,True,2,3.1,4119,Operational
RES002723,London French Place 2723,Local,French,75.100836,29.945661,London,United Kingdom,1972,False,False,True,True,2,4.5,4428,Operational
RES002724,Mediterranean Chain 2724,Chain,Mediterranean,42.228346,178.290126,Sao Paulo,Brazil,1984,False,False,True,False,1,4.9,3452,Operational
RES002725,Japanese Chain 2725,Chain,Japanese,-30.025816,-104.61045,Delhi,India,2011,True,True,True,True,1,2.5,3269,Operational
RES002726,Osaka Thai Place 2726,Local,Thai,-46.558859,-39.206536,Osaka,Japan,1958,True,False,False,True,4,4.9,259,Operational
RES002727,Tokyo Mediterranean Place 2727,Local,Mediterranean,-81.430066,-59.055655,Tokyo,Japan,1964,False,True,False,True,1,3.6,4210,Operational
RES002728,Delhi Burger Place 2728,Local,Burger,5.59034,-14.581882,Delhi,India,2005,True,False,False,False,2,4.7,4418,Operational
RES002729,New York Burger Place 2729,Local,Burger,-75.816672,-95.660714,New York,USA,2003,True,True,False,False,3,3.7,686,Operational
RES002730,Sao Paulo Brazilian Place 2730,Local,Brazilian,62.720512,66.224546,Sao Paulo,Brazil,2020,True,False,False,False,3,3.3,900,Operational
RES002731,Brazilian Chain 2731,Chain,Brazilian,-10.018061,-128.143413,Rio de Janeiro,Brazil,1956,True,True,False,True,4,2.2,15,Operational
RES002732,Burger Chain 2732,Chain,Burger,-28.03678,-31.406355,Manchester,United Kingdom,2018,False,True,True,False,4,2.4,1033,Operational
RES002733,Manchester Brazilian Place 2733,Local,Brazilian,53.543119,107.924748,Manchester,United Kingdom,1979,False,True,False,False,1,4.0,2315,Operational
RES002734,New York Japanese Place 2734,Local,Japanese,50.646085,84.02257,New York,USA,2000,True,False,False,True,4,2.3,3444,Operational
RES002735,Mediterranean Chain 2735,Chain,Mediterranean,-6.38606,-114.76052,Sao Paulo,Brazil,1990,True,True,False,False,4,3.2,1756,Operational
RES002736,London Japanese Place 2736,Local,Japanese,34.063451,156.99714,London,United Kingdom,1952,True,False,False,False,1,4.5,2791,Operational
RES002737,Osaka Chinese Place 2737,Local,Chinese,37.081032,27.964584,Osaka,Japan,2009,True,False,False,True,2,3.5,3245,Operational
RES002738,Burger Chain 2738,Chain,Burger,-14.043418,86.405063,New York,USA,2010,False,True,True,False,2,5.0,1497,Operational
RES002739,Rio de Janeiro Japanese Place 2739,Local,Japanese,61.446411,80.448394,Rio de Janeiro,Brazil,2018,False,True,False,True,3,2.7,37,Operational
RES002740,Mumbai Burger Place 2740,Local,Burger,6.881095,7.280258,Mumbai,India,1994,True,False,True,True,2,2.4,2852,Operational
RES002741,Thai Chain 2741,Chain,Thai,-82.920162,-139.119347,Manchester,United Kingdom,2015,False,False,True,False,3,2.6,4269,Operational
RES002742,Rio de Janeiro Pizza Place 2742,Local,Pizza,-15.43811,-9.364602,Rio de Janeiro,Brazil,1964,False,False,True,True,1,3.6,1576,Operational
RES002743,Mumbai Mexican Place 2743,Local,Mexican,29.876347,-0.738327,Mumbai,India,1998,False,True,False,True,2,3.1,4174,Closed Temporarily
RES002744,Mediterranean Chain 2744,Chain,Mediterranean,65.186607,93.074068,Mumbai,India,2022,True,True,True,True,4,4.2,3459,Operational
RES002745,Chinese Chain 2745,Chain,Chinese,-36.12598,-178.505644,Tokyo,Japan,1968,True,False,False,False,2,2.7,1208,Operational
RES002746,Mumbai Pizza Place 2746,Local,Pizza,-27.431746,138.545514,Mumbai,India,1960,True,False,False,False,3,3.3,4223,Operational
RES002747,Rio de Janeiro Thai Place 2747,Local,Thai,-30.824236,138.602127,Rio de Janeiro,Brazil,2008,True,True,False,True,1,3.9,3927,Operational
RES002748,Thai Chain 2748,Chain,Thai,-58.346911,64.498598,Los Angeles,USA,2004,True,True,False,True,1,2.3,1578,Operational
RES002749,American Chain 2749,Chain,American,23.237601,127.675682,Delhi,India,2020,True,True,True,True,3,4.2,1833,Operational
RES002750,Los Angeles Mexican Place 2750,Local,Mexican,45.752356,86.270114,Los Angeles,USA,1956,True,False,False,False,1,4.6,3444,Operational
RES002751,Sao Paulo Japanese Place 2751,Local,Japanese,84.606526,49.441813,Sao Paulo,Brazil,1968,True,False,True,True,1,3.0,1827,Closed Temporarily
RES002752,Mumbai Japanese Place 2752,Local,Japanese,-37.691938,-131.061152,Mumbai,India,1980,True,False,False,False,4,3.2,3175,Operational
RES002753,Indian Chain 2753,Chain,Indian,-50.372968,-51.976263,London,United Kingdom,1972,False,False,True,False,3,4.9,2155,Operational
RES002754,Delhi Mexican Place 2754,Local,Mexican,31.895976,-150.460256,Delhi,India,1959,False,False,True,False,3,3.0,217,Operational
RES002755,Sao Paulo Italian Place 2755,Local,Italian,77.123221,-37.477268,Sao Paulo,Brazil,1965,True,False,True,False,4,2.9,2466,Operational
RES002756,Mediterranean Chain 2756,Chain,Mediterranean,-38.02806,42.582693,Los Angeles,USA,1995,True,False,True,False,1,3.0,2864,Operational
RES002757,Manchester Brazilian Place 2757,Local,Brazilian,-74.904164,-107.506236,Manchester,United Kingdom,1953,False,True,True,True,3,4.7,2838,Operational
RES002758,Delhi Brazilian Place 2758,Local,Brazilian,8.517813,-124.768366,Delhi,India,2000,False,True,False,True,2,4.4,3437,Operational
RES002759,Thai Chain 2759,Chain,Thai,33.785983,113.88106,Los Angeles,USA,1955,True,False,True,False,1,3.2,3791,Operational
RES002760,Delhi Italian Place 2760,Local,Italian,84.367016,-40.384633,Delhi,India,1979,True,True,True,True,2,4.7,4981,Operational
RES002761,Mumbai Mediterranean Place 2761,Local,Mediterranean,63.929806,26.196459,Mumbai,India,1950,False,False,True,False,3,3.1,620,Operational
RES002762,New York Burger Place 2762,Local,Burger,-12.026801,-26.482726,New York,USA,2018,False,False,True,True,1,3.4,2527,Operational
RES002763,London Brazilian Place 2763,Local,Brazilian,23.009953,-160.954922,London,United Kingdom,2010,True,False,True,False,2,2.3,716,Operational
RES002764,Los Angeles Thai Place 2764,Local,Thai,14.539022,37.970899,Los Angeles,USA,1973,True,False,True,False,2,3.4,1628,Operational
RES002765,New York French Place 2765,Local,French,55.647768,16.372792,New York,USA,1979,False,True,False,False,1,3.9,3476,Operational
RES002766,Mediterranean Chain 2766,Chain,Mediterranean,30.219172,82.480319,London,United Kingdom,1978,True,True,True,True,2,4.4,4345,Operational
RES002767,Rio de Janeiro Mediterranean Place 2767,Local,Mediterranean,-34.107467,-45.67487,Rio de Janeiro,Brazil,1996,False,False,True,True,4,3.9,3915,Operational
RES002768,Rio de Janeiro Chinese Place 2768,Local,Chinese,-80.420865,-37.268725,Rio de Janeiro,Brazil,1966,False,True,True,False,1,5.0,2555,Operational
RES002769,London Indian Place 2769,Local,Indian,-48.023808,-126.441778,London,United Kingdom,1962,True,True,False,True,4,4.3,1347,Operational
RES002770,Rio de Janeiro Burger Place 2770,Local,Burger,52.156645,141.283406,Rio de Janeiro,Brazil,2000,True,False,True,True,4,3.2,1413,Operational
RES002771,Manchester Brazilian Place 2771,Local,Brazilian,65.484327,-84.070606,Manchester,United Kingdom,1980,True,False,True,False,3,2.2,4013,Operational
RES002772,Delhi Mediterranean Place 2772,Local,Mediterranean,-63.186175,-172.133039,Delhi,India,1957,True,True,True,True,3,2.6,4690,Operational
RES002773,Chinese Chain 2773,Chain,Chinese,-1.516612,71.08251,London,United Kingdom,2003,True,True,False,False,3,3.8,341,Operational
RES002774,Delhi Italian Place 2774,Local,Italian,40.92045,3.756624,Delhi,India,1986,True,False,False,False,3,2.7,1033,Closed Temporarily
RES002775,Delhi American Place 2775,Local,American,-15.122489,10.084962,Delhi,India,2018,True,False,False,False,1,2.2,3851,Operational
RES002776,Delhi Burger Place 2776,Local,Burger,-82.130139,119.304876,Delhi,India,2017,False,True,False,True,1,4.0,1795,Operational
RES002777,French Chain 2777,Chain,French,24.095781,155.841049,Sao Paulo,Brazil,2006,True,True,True,False,4,3.8,4207,Operational
RES002778,Mumbai Mexican Place 2778,Local,Mexican,27.251471,116.144447,Mumbai,India,1969,True,True,False,True,4,3.1,966,Operational
RES002779,Brazilian Chain 2779,Chain,Brazilian,-89.158906,121.328052,Sao Paulo,Brazil,2021,True,False,False,False,3,2.7,3314,Operational
RES002780,Brazilian Chain 2780,Chain,Brazilian,76.220607,-34.147937,Mumbai,India,1968,False,True,False,True,3,2.2,3763,Operational
RES002781,Rio de Janeiro American Place 2781,Local,American,-26.581104,-87.018176,Rio de Janeiro,Brazil,1961,True,True,False,True,1,4.3,734,Operational
RES002782,Delhi Indian Place 2782,Local,Indian,-50.787209,-136.077459,Delhi,India,1972,False,True,True,True,3,2.8,2999,Operational
RES002783,Indian Chain 2783,Chain,Indian,-43.068381,-133.398738,Delhi,India,1958,False,True,False,True,2,5.0,4758,Operational
RES002784,London Indian Place 2784,Local,Indian,2.60409,-12.262681,London,United Kingdom,2006,False,False,True,True,4,2.6,2712,Operational
RES002785,Manchester French Place 2785,Local,French,-51.711667,-57.689608,Manchester,United Kingdom,1985,True,False,True,False,2,4.4,742,Operational
RES002786,New York Burger Place 2786,Local,Burger,84.532091,-67.235433,New York,USA,2015,True,True,False,True,3,4.8,1528,Closed Temporarily
RES002787,London Brazilian Place 2787,Local,Brazilian,-18.251637,83.710573,London,United Kingdom,1982,False,True,True,False,1,4.4,1285,Operational
RES002788,Tokyo Chinese Place 2788,Local,Chinese,-21.062117,-114.55447,Tokyo,Japan,1997,False,True,True,False,1,4.7,3079,Operational
RES002789,Tokyo American Place 2789,Local,American,-65.9531,147.217572,Tokyo,Japan,2010,False,True,True,True,3,4.5,3809,Operational
RES002790,Chinese Chain 2790,Chain,Chinese,26.487692,21.715831,New York,USA,1978,False,True,False,True,4,3.4,708,Operational
RES002791,Sao Paulo Japanese Place 2791,Local,Japanese,-49.550669,-35.218366,Sao Paulo,Brazil,1988,False,True,False,True,3,2.6,1880,Operational
RES002792,Rio de Janeiro French Place 2792,Local,French,66.897164,166.447749,Rio de Janeiro,Brazil,2010,True,True,True,False,2,2.8,1236,Operational
RES002793,Rio de Janeiro Mediterranean Place 2793,Local,Mediterranean,-68.582864,-2.801673,Rio de Janeiro,Brazil,1962,True,False,False,True,2,2.5,4417,Operational
RES002794,Tokyo Indian Place 2794,Local,Indian,78.013829,167.419692,Tokyo,Japan,2020,True,False,True,False,1,2.3,295,Operational
RES002795,Indian Chain 2795,Chain,Indian,34.409904,13.346291,New York,USA,1980,True,False,False,True,2,2.2,1127,Operational
RES002796,Rio de Janeiro Pizza Place 2796,Local,Pizza,-45.820891,26.368257,Rio de Janeiro,Brazil,1999,True,True,False,True,4,2.8,90,Operational
RES002797,Los Angeles Burger Place 2797,Local,Burger,63.356943,170.310575,Los Angeles,USA,1976,False,False,True,False,1,3.5,4983,Operational
RES002798,Tokyo Brazilian Place 2798,Local,Brazilian,46.101913,-172.694257,Tokyo,Japan,2011,False,True,False,True,2,4.0,1934,Operational
RES002799,Sao Paulo Mediterranean Place 2799,Local,Mediterranean,-43.215575,26.30459,Sao Paulo,Brazil,1974,False,False,True,True,3,3.5,2461,Closed Temporarily
RES002800,Delhi Chinese Place 2800,Local,Chinese,30.898633,9.650404,Delhi,India,1975,True,False,False,False,2,2.7,3010,Operational
RES002801,New York Mexican Place 2801,Local,Mexican,-31.154061,74.876492,New York,USA,2011,False,True,False,False,4,5.0,3533,Operational
RES002802,Sao Paulo Indian Place 2802,Local,Indian,13.631598,-75.010264,Sao Paulo,Brazil,2007,False,False,True,True,1,3.1,4938,Operational
RES002803,Chinese Chain 2803,Chain,Chinese,73.899606,-40.004643,Osaka,Japan,1994,True,True,False,True,1,2.5,3744,Operational
RES002804,Tokyo Pizza Place 2804,Local,Pizza,86.704169,-79.618653,Tokyo,Japan,2003,True,False,True,True,4,2.2,604,Operational
RES002805,Indian Chain 2805,Chain,Indian,-16.788955,86.833459,Mumbai,India,2013,False,True,True,False,3,4.8,4809,Operational
RES002806,Thai Chain 2806,Chain,Thai,-23.636564,31.249548,Manchester,United Kingdom,1964,True,False,False,True,4,3.0,4733,Operational
RES002807,New York Japanese Place 2807,Local,Japanese,43.547274,-106.10677,New York,USA,1958,True,True,False,False,1,2.5,3046,Operational
RES002808,Tokyo Pizza Place 2808,Local,Pizza,-46.277851,-130.292699,Tokyo,Japan,1955,False,True,True,False,2,4.5,3815,Operational
RES002809,Mumbai Burger Place 2809,Local,Burger,59.838505,142.055806,Mumbai,India,1999,True,False,False,False,4,4.9,4412,Operational
RES002810,Pizza Chain 2810,Chain,Pizza,28.269332,-34.020616,London,United Kingdom,2000,True,False,False,False,1,3.9,1899,Operational
RES002811,Los Angeles Japanese Place 2811,Local,Japanese,-60.9565,-167.155843,Los Angeles,USA,1965,True,False,False,True,2,4.7,2088,Operational
RES002812,Rio de Janeiro Brazilian Place 2812,Local,Brazilian,44.595841,106.493264,Rio de Janeiro,Brazil,2008,False,True,False,True,2,4.0,2084,Operational
RES002813,Burger Chain 2813,Chain,Burger,57.857765,-32.236673,Rio de Janeiro,Brazil,2001,False,True,False,False,2,3.7,2085,Operational
RES002814,Mexican Chain 2814,Chain,Mexican,8.452278,148.411279,Tokyo,Japan,1996,True,False,False,False,3,2.1,3256,Operational
RES002815,New York Chinese Place 2815,Local,Chinese,-58.520324,-101.757794,New York,USA,2002,True,False,True,False,3,2.4,827,Operational
RES002816,Manchester Brazilian Place 2816,Local,Brazilian,64.447808,-4.56449,Manchester,United Kingdom,1991,False,True,True,True,1,3.1,4188,Operational
RES002817,New York Mediterranean Place 2817,Local,Mediterranean,-51.3327,-93.179847,New York,USA,1987,True,True,True,False,4,3.3,1355,Operational
RES002818,Mumbai Italian Place 2818,Local,Italian,-62.364404,157.367459,Mumbai,India,1970,True,True,True,False,4,4.8,1153,Operational
RES002819,Delhi Japanese Place 2819,Local,Japanese,-87.794124,114.270824,Delhi,India,2017,True,False,False,True,3,2.2,150,Operational
RES002820,Italian Chain 2820,Chain,Italian,39.232011,-141.021472,London,United Kingdom,1990,True,False,True,False,1,3.0,162,Operational
RES002821,Rio de Janeiro Brazilian Place 2821,Local,Brazilian,-40.310355,-113.16563,Rio de Janeiro,Brazil,2013,False,True,False,True,4,2.3,3192,Operational
RES002822,Thai Chain 2822,Chain,Thai,-70.787539,-147.913563,Mumbai,India,1999,False,True,True,True,2,4.0,3394,Operational
RES002823,New York American Place 2823,Local,American,-78.286027,-123.331519,New York,USA,2008,False,True,True,True,4,2.0,43,Operational
RES002824,London Mediterranean Place 2824,Local,Mediterranean,-54.658322,-161.980655,London,United Kingdom,2011,False,True,True,False,1,2.5,2507,Operational
RES002825,London Mediterranean Place 2825,Local,Mediterranean,14.97741,-131.186898,London,United Kingdom,2005,True,False,True,True,1,4.4,4389,Operational
RES002826,Delhi American Place 2826,Local,American,-55.285879,-13.224279,Delhi,India,1987,True,False,True,False,2,2.0,2962,Operational
RES002827,French Chain 2827,Chain,French,-41.548772,154.132593,Mumbai,India,1966,True,False,False,True,2,4.4,3714,Operational
RES002828,Delhi Thai Place 2828,Local,Thai,-58.176001,21.806892,Delhi,India,2023,True,True,False,True,1,3.0,947,Operational
RES002829,Sao Paulo French Place 2829,Local,French,-89.504273,88.952594,Sao Paulo,Brazil,1977,True,False,False,False,4,3.1,4751,Operational
RES002830,London Italian Place 2830,Local,Italian,-2.145801,-168.345052,London,United Kingdom,1968,False,True,False,True,4,2.1,1501,Operational
RES002831,Manchester American Place 2831,Local,American,16.158635,-140.045348,Manchester,United Kingdom,1960,True,False,True,True,2,2.0,3988,Closed Temporarily
RES002832,Thai Chain 2832,Chain,Thai,-0.598502,-21.405263,Osaka,Japan,1972,True,True,False,True,3,3.9,2356,Operational
RES002833,Rio de Janeiro Pizza Place 2833,Local,Pizza,80.863016,-116.347651,Rio de Janeiro,Brazil,1995,True,False,True,False,4,3.6,4619,Closed Temporarily
RES002834,Osaka French Place 2834,Local,French,43.261916,137.145196,Osaka,Japan,1997,True,True,False,True,1,3.8,4998,Operational
RES002835,Tokyo Pizza Place 2835,Local,Pizza,86.522131,-20.473709,Tokyo,Japan,1993,True,False,True,False,4,2.6,2056,Operational
RES002836,Mumbai Italian Place 2836,Local,Italian,11.933161,-99.372022,Mumbai,India,2013,False,False,True,False,1,4.3,166,Operational
RES002837,Brazilian Chain 2837,Chain,Brazilian,12.876965,-99.250826,Mumbai,India,1980,True,False,True,False,2,4.8,865,Operational
RES002838,Sao Paulo Pizza Place 2838,Local,Pizza,-28.155838,-163.269247,Sao Paulo,Brazil,1954,True,False,True,False,2,2.0,660,Closed Temporarily
RES002839,Sao Paulo French Place 2839,Local,French,-76.325821,-24.468653,Sao Paulo,Brazil,1960,True,False,True,False,2,2.6,4799,Operational
RES002840,Tokyo Chinese Place 2840,Local,Chinese,55.454421,160.18677,Tokyo,Japan,2003,True,True,True,False,2,4.5,4867,Operational
RES002841,Sao Paulo Brazilian Place 2841,Local,Brazilian,-42.060368,61.496489,Sao Paulo,Brazil,1978,True,False,False,False,3,4.8,1913,Operational
RES002842,Mexican Chain 2842,Chain,Mexican,82.657525,-174.355854,London,United Kingdom,1975,True,True,False,True,4,2.9,84,Operational
RES002843,Indian Chain 2843,Chain,Indian,-56.443802,87.00591,Osaka,Japan,1994,False,True,False,True,4,2.5,2845,Operational
RES002844,Manchester Mexican Place 2844,Local,Mexican,67.110128,-175.783685,Manchester,United Kingdom,1983,False,True,True,True,3,3.1,745,Operational
RES002845,Tokyo Mexican Place 2845,Local,Mexican,3.927085,-30.239208,Tokyo,Japan,1976,False,True,True,False,2,4.6,1175,Operational
RES002846,Pizza Chain 2846,Chain,Pizza,-12.428826,-178.622628,London,United Kingdom,2023,True,True,False,False,1,4.2,321,Operational
RES002847,Tokyo French Place 2847,Local,French,20.146409,120.955631,Tokyo,Japan,1995,True,True,True,False,4,4.9,3043,Operational
RES002848,Tokyo Chinese Place 2848,Local,Chinese,-5.810363,-134.798573,Tokyo,Japan,1996,False,False,True,True,2,3.2,4593,Operational
RES002849,French Chain 2849,Chain,French,76.302637,-143.846152,Osaka,Japan,1968,True,False,True,True,2,4.2,115,Operational
RES002850,Mumbai Pizza Place 2850,Local,Pizza,12.848789,68.715753,Mumbai,India,2002,True,False,False,True,2,2.3,1789,Operational
RES002851,Pizza Chain 2851,Chain,Pizza,44.733897,139.866346,Sao Paulo,Brazil,1991,False,True,False,False,2,3.2,846,Closed Temporarily
RES002852,Tokyo Italian Place 2852,Local,Italian,64.378414,167.638663,Tokyo,Japan,1994,True,False,False,False,3,3.9,2705,Operational
RES002853,French Chain 2853,Chain,French,33.645327,93.1012,Manchester,United Kingdom,2004,True,True,False,False,3,4.3,4334,Operational
RES002854,French Chain 2854,Chain,French,-44.425828,158.238405,New York,USA,1977,True,False,True,False,3,4.0,3196,Operational
RES002855,Pizza Chain 2855,Chain,Pizza,79.42819,-93.965461,Mumbai,India,1982,True,True,False,False,2,4.4,3856,Operational
RES002856,Osaka American Place 2856,Local,American,-7.08245,67.39549,Osaka,Japan,2004,False,False,True,False,3,4.4,1825,Operational
RES002857,Osaka Burger Place 2857,Local,Burger,-11.449093,-177.898724,Osaka,Japan,1999,True,False,False,False,1,4.2,3495,Operational
RES002858,Thai Chain 2858,Chain,Thai,-71.463358,-102.561305,Osaka,Japan,1971,False,False,True,True,4,3.2,751,Operational
RES002859,Mumbai Thai Place 2859,Local,Thai,83.423074,-91.939236,Mumbai,India,1966,True,True,True,True,4,2.1,4895,Operational
RES002860,Los Angeles Burger Place 2860,Local,Burger,42.427489,158.82712,Los Angeles,USA,1969,False,False,True,True,4,4.0,1728,Operational
RES002861,Delhi Brazilian Place 2861,Local,Brazilian,-88.726925,170.070289,Delhi,India,1990,True,False,False,False,3,3.7,331,Operational
RES002862,French Chain 2862,Chain,French,-57.919638,119.364682,Mumbai,India,2017,False,True,False,False,2,2.2,4298,Operational
RES002863,Mumbai Brazilian Place 2863,Local,Brazilian,-86.011385,-86.437853,Mumbai,India,1985,True,True,True,False,4,2.8,3443,Operational
RES002864,Indian Chain 2864,Chain,Indian,-83.70339,-6.947536,Delhi,India,1976,False,True,False,True,4,3.7,569,Operational
RES002865,Burger Chain 2865,Chain,Burger,27.852803,71.948139,London,United Kingdom,1994,False,False,True,True,2,2.5,823,Operational
RES002866,Sao Paulo Mediterranean Place 2866,Local,Mediterranean,0.672635,-13.570143,Sao Paulo,Brazil,1996,True,False,True,True,1,4.1,3484,Operational
RES002867,Italian Chain 2867,Chain,Italian,86.601745,111.521624,Sao Paulo,Brazil,1958,True,True,False,True,1,3.3,1842,Operational
RES002868,London Thai Place 2868,Local,Thai,-68.117522,-69.039504,London,United Kingdom,1963,True,True,True,True,4,3.0,2944,Operational
RES002869,Mumbai Brazilian Place 2869,Local,Brazilian,-65.608247,-63.424117,Mumbai,India,1963,False,True,True,False,2,4.7,4372,Operational
RES002870,Japanese Chain 2870,Chain,Japanese,72.072082,-95.628085,New York,USA,1975,True,False,False,True,1,2.5,280,Operational
RES002871,American Chain 2871,Chain,American,-11.035458,77.86244,Manchester,United Kingdom,1994,True,False,False,True,4,2.5,3063,Operational
RES002872,Sao Paulo Chinese Place 2872,Local,Chinese,54.832805,1.816887,Sao Paulo,Brazil,2002,True,False,True,False,4,3.7,1569,Operational
RES002873,Chinese Chain 2873,Chain,Chinese,1.805113,22.432369,Tokyo,Japan,2018,True,False,False,False,1,4.4,2867,Operational
RES002874,Manchester American Place 2874,Local,American,54.112243,124.554507,Manchester,United Kingdom,1982,True,False,False,True,1,3.0,3057,Operational
RES002875,Tokyo Japanese Place 2875,Local,Japanese,-85.561527,165.394885,Tokyo,Japan,1993,False,True,True,True,2,2.2,1907,Operational
RES002876,Manchester Chinese Place 2876,Local,Chinese,11.270561,136.609167,Manchester,United Kingdom,2017,True,True,True,True,4,4.1,1429,Operational
RES002877,New York Japanese Place 2877,Local,Japanese,72.985653,-29.765482,New York,USA,2003,False,True,True,True,3,4.3,4982,Operational
RES002878,Manchester Burger Place 2878,Local,Burger,-84.778562,-88.447744,Manchester,United Kingdom,1983,False,True,True,False,2,4.1,4204,Closed Temporarily
RES002879,London Burger Place 2879,Local,Burger,60.982633,86.849898,London,United Kingdom,1955,True,True,False,False,1,3.3,4517,Operational
RES002880,Sao Paulo American Place 2880,Local,American,-26.771322,-79.760354,Sao Paulo,Brazil,1952,True,False,True,True,3,2.7,24,Operational
RES002881,Osaka Burger Place 2881,Local,Burger,10.663746,-168.166518,Osaka,Japan,2017,True,True,False,False,4,2.7,174,Operational
RES002882,Mexican Chain 2882,Chain,Mexican,55.670872,-54.179225,Los Angeles,USA,2005,True,False,False,False,2,2.6,2326,Operational
RES002883,Pizza Chain 2883,Chain,Pizza,-84.099207,-115.661858,Manchester,United Kingdom,1951,True,False,False,False,2,4.1,518,Operational
RES002884,Italian Chain 2884,Chain,Italian,-18.77307,-90.477015,Manchester,United Kingdom,1957,True,False,False,True,2,4.8,3098,Operational
RES002885,Osaka Burger Place 2885,Local,Burger,35.874843,166.119536,Osaka,Japan,2017,True,True,True,False,2,4.5,1213,Operational
RES002886,Rio de Janeiro Thai Place 2886,Local,Thai,35.570488,44.486232,Rio de Janeiro,Brazil,1980,True,False,False,True,3,3.9,2917,Operational
RES002887,Brazilian Chain 2887,Chain,Brazilian,50.378364,-96.612157,New York,USA,2006,False,True,False,True,3,4.7,1242,Operational
RES002888,Los Angeles Mediterranean Place 2888,Local,Mediterranean,-9.566005,-164.598432,Los Angeles,USA,1985,False,True,False,False,4,3.4,1609,Operational
RES002889,London Burger Place 2889,Local,Burger,77.470637,-31.213068,London,United Kingdom,1984,True,False,True,False,4,3.8,1487,Operational
RES002890,Thai Chain 2890,Chain,Thai,-46.103895,-40.229039,Sao Paulo,Brazil,1965,True,True,True,False,3,4.8,1026,Operational
RES002891,Pizza Chain 2891,Chain,Pizza,58.990391,23.331986,Manchester,United Kingdom,1978,False,False,True,True,1,3.3,3395,Operational
RES002892,Manchester Italian Place 2892,Local,Italian,28.522987,-161.905166,Manchester,United Kingdom,1969,True,True,False,True,4,4.6,1950,Operational
RES002893,American Chain 2893,Chain,American,-9.358417,82.625418,Manchester,United Kingdom,2003,True,True,True,False,1,4.7,4149,Operational
RES002894,Sao Paulo Mexican Place 2894,Local,Mexican,39.387164,-53.83314,Sao Paulo,Brazil,1965,False,False,True,False,2,4.7,4880,Operational
RES002895,New York Brazilian Place 2895,Local,Brazilian,-11.474281,10.758254,New York,USA,2003,True,False,False,True,3,4.1,1364,Operational
RES002896,Sao Paulo Pizza Place 2896,Local,Pizza,75.6633,-2.540154,Sao Paulo,Brazil,1975,True,False,True,True,3,2.5,1607,Operational
RES002897,Indian Chain 2897,Chain,Indian,-9.249112,49.87059,Los Angeles,USA,1990,True,True,False,True,3,4.9,4408,Operational
RES002898,Sao Paulo Brazilian Place 2898,Local,Brazilian,-27.978171,57.794703,Sao Paulo,Brazil,1951,True,False,False,True,4,3.0,3477,Operational
RES002899,Tokyo Pizza Place 2899,Local,Pizza,6.233766,140.747543,Tokyo,Japan,2011,False,True,True,False,2,3.4,466,Operational
RES002900,Manchester Mediterranean Place 2900,Local,Mediterranean,-69.713422,-43.669278,Manchester,United Kingdom,2020,True,True,True,True,4,4.8,3625,Operational
RES002901,Tokyo Italian Place 2901,Local,Italian,82.222495,-6.484226,Tokyo,Japan,1954,True,True,True,False,1,2.6,335,Operational
RES002902,Burger Chain 2902,Chain,Burger,-48.272754,-16.691365,Mumbai,India,1992,True,False,False,True,1,3.3,4993,Operational
RES002903,Los Angeles Burger Place 2903,Local,Burger,-8.601718,128.35344,Los Angeles,USA,2008,False,True,True,True,2,5.0,115,Operational
RES002904,Rio de Janeiro Italian Place 2904,Local,Italian,-25.122027,-44.842094,Rio de Janeiro,Brazil,2014,False,True,False,True,1,2.9,1038,Operational
RES002905,Chinese Chain 2905,Chain,Chinese,-5.115852,-35.054316,Sao Paulo,Brazil,2022,True,False,True,True,1,2.4,3588,Operational
RES002906,Delhi American Place 2906,Local,American,28.695486,-38.836436,Delhi,India,1963,False,True,False,True,4,4.2,1207,Operational
RES002907,American Chain 2907,Chain,American,70.268126,-74.661651,Manchester,United Kingdom,2013,True,False,True,True,4,2.3,4563,Operational
RES002908,Japanese Chain 2908,Chain,Japanese,-27.074756,-74.917134,London,United Kingdom,1971,True,True,True,False,3,2.1,2831,Operational
RES002909,Sao Paulo Pizza Place 2909,Local,Pizza,-59.686353,171.371388,Sao Paulo,Brazil,2010,False,True,True,False,4,3.1,2591,Closed Temporarily
RES002910,New York French Place 2910,Local,French,-45.560646,154.616371,New York,USA,1981,False,True,False,True,4,3.9,4144,Operational
RES002911,New York Japanese Place 2911,Local,Japanese,-7.428545,-80.062579,New York,USA,1952,False,False,True,False,3,2.3,2133,Operational
RES002912,Mumbai Japanese Place 2912,Local,Japanese,61.609708,73.242469,Mumbai,India,2003,True,True,False,True,4,2.5,4670,Operational
RES002913,Burger Chain 2913,Chain,Burger,-13.92578,-43.216142,New York,USA,1955,False,True,True,True,2,3.5,3166,Operational
RES002914,Chinese Chain 2914,Chain,Chinese,-45.032456,-86.98949,Mumbai,India,1966,False,False,True,False,3,2.3,3312,Operational
RES002915,Delhi Japanese Place 2915,Local,Japanese,-19.217091,26.935879,Delhi,India,1970,False,True,True,True,3,2.9,1820,Operational
RES002916,Los Angeles Indian Place 2916,Local,Indian,66.977754,-141.808654,Los Angeles,USA,1976,True,True,True,False,2,3.8,2298,Operational
RES002917,Rio de Janeiro Japanese Place 2917,Local,Japanese,-30.962727,113.315243,Rio de Janeiro,Brazil,2018,False,True,False,False,4,2.4,265,Operational
RES002918,Manchester Mediterranean Place 2918,Local,Mediterranean,12.161178,-61.512729,Manchester,United Kingdom,1978,False,True,True,False,2,3.9,3053,Operational
RES002919,Mumbai Thai Place 2919,Local,Thai,88.534534,119.146362,Mumbai,India,1976,False,True,True,False,3,3.7,4087,Operational
RES002920,Los Angeles Italian Place 2920,Local,Italian,53.701718,149.926572,Los Angeles,USA,1981,True,False,True,False,3,4.8,1565,Operational
RES002921,Tokyo Indian Place 2921,Local,Indian,-12.628447,54.586813,Tokyo,Japan,1978,True,True,True,True,3,2.7,3529,Operational
RES002922,Italian Chain 2922,Chain,Italian,-32.285829,-30.609526,London,United Kingdom,2000,True,False,False,True,4,2.1,3934,Operational
RES002923,Mumbai Indian Place 2923,Local,Indian,3.750987,104.605584,Mumbai,India,1986,True,False,False,False,1,4.7,1563,Operational
RES002924,Delhi Burger Place 2924,Local,Burger,-61.170317,171.202874,Delhi,India,1956,True,True,True,False,3,3.1,3613,Operational
RES002925,New York Thai Place 2925,Local,Thai,8.989187,-102.734519,New York,USA,1988,True,False,False,False,1,3.3,4742,Operational
RES002926,Mediterranean Chain 2926,Chain,Mediterranean,73.665514,174.444734,Manchester,United Kingdom,1968,True,True,False,False,2,3.6,1230,Operational
RES002927,Tokyo Thai Place 2927,Local,Thai,84.234834,69.47766,Tokyo,Japan,1982,True,True,True,False,1,4.0,2182,Operational
RES002928,Rio de Janeiro Thai Place 2928,Local,Thai,30.620553,-12.948908,Rio de Janeiro,Brazil,2018,True,True,True,False,4,3.5,1356,Operational
RES002929,American Chain 2929,Chain,American,-55.751377,30.775787,Delhi,India,1989,True,True,True,True,4,4.7,3219,Operational
RES002930,Rio de Janeiro Mexican Place 2930,Local,Mexican,74.08949,22.448138,Rio de Janeiro,Brazil,2012,True,True,False,False,2,2.6,1073,Operational
RES002931,Mumbai Thai Place 2931,Local,Thai,-79.939498,3.448145,Mumbai,India,1998,True,False,True,True,1,4.9,3793,Operational
RES002932,Osaka Pizza Place 2932,Local,Pizza,-61.342785,112.672076,Osaka,Japan,1999,False,True,False,False,2,4.2,4268,Operational
RES002933,Delhi Mexican Place 2933,Local,Mexican,75.246459,-138.740945,Delhi,India,1995,True,True,True,True,3,3.1,3814,Operational
RES002934,Italian Chain 2934,Chain,Italian,7.47654,-42.555698,Rio de Janeiro,Brazil,1990,False,True,True,True,4,3.8,3481,Operational
RES002935,Tokyo Mediterranean Place 2935,Local,Mediterranean,9.681525,-159.50336,Tokyo,Japan,1977,True,True,True,False,3,2.5,2239,Operational
RES002936,Osaka Mexican Place 2936,Local,Mexican,58.138268,106.921388,Osaka,Japan,1980,True,False,False,True,4,2.2,2599,Operational
RES002937,Japanese Chain 2937,Chain,Japanese,-46.452161,152.333719,Osaka,Japan,1951,True,True,True,False,4,2.7,712,Operational
RES002938,Rio de Janeiro Indian Place 2938,Local,Indian,20.824454,-142.331398,Rio de Janeiro,Brazil,1950,False,True,False,False,1,2.5,1352,Operational
RES002939,Delhi Burger Place 2939,Local,Burger,10.664848,67.763362,Delhi,India,1972,True,False,True,True,4,4.1,1535,Operational
RES002940,Mediterranean Chain 2940,Chain,Mediterranean,82.213929,80.28112,Los Angeles,USA,2013,False,True,True,False,2,2.3,1502,Operational
RES002941,Manchester Burger Place 2941,Local,Burger,63.769616,-64.132297,Manchester,United Kingdom,1980,True,False,False,True,1,4.7,1197,Operational
RES002942,Thai Chain 2942,Chain,Thai,-8.285273,-25.953334,London,United Kingdom,1956,True,True,True,True,2,3.6,2013,Operational
RES002943,Thai Chain 2943,Chain,Thai,74.772177,44.385013,London,United Kingdom,2001,True,False,False,False,2,4.1,1147,Operational
RES002944,American Chain 2944,Chain,American,62.503022,72.362409,Sao Paulo,Brazil,1975,True,False,False,True,2,4.2,1680,Closed Temporarily
RES002945,Manchester Japanese Place 2945,Local,Japanese,65.000381,75.748582,Manchester,United Kingdom,1958,False,True,False,False,1,2.4,1818,Operational
RES002946,Los Angeles Italian Place 2946,Local,Italian,-36.735281,111.09889,Los Angeles,USA,2010,False,False,True,False,3,3.5,3243,Operational
RES002947,Japanese Chain 2947,Chain,Japanese,75.613736,-7.558272,Mumbai,India,2017,True,False,False,False,1,5.0,227,Operational
RES002948,Delhi Japanese Place 2948,Local,Japanese,-66.069939,-101.359455,Delhi,India,2016,False,True,False,False,4,3.3,3960,Operational
RES002949,Manchester Thai Place 2949,Local,Thai,-7.714725,169.401286,Manchester,United Kingdom,1971,True,False,False,True,3,4.1,1864,Operational
RES002950,Tokyo Burger Place 2950,Local,Burger,-15.684162,39.200036,Tokyo,Japan,2015,True,True,True,False,4,4.0,617,Operational
RES002951,Los Angeles Mexican Place 2951,Local,Mexican,-43.273653,126.246914,Los Angeles,USA,1982,True,False,False,False,1,3.3,4967,Operational
RES002952,London American Place 2952,Local,American,67.534942,-71.570948,London,United Kingdom,2013,True,False,False,True,1,4.0,3067,Operational
RES002953,London Burger Place 2953,Local,Burger,44.382526,-163.594467,London,United Kingdom,1958,False,True,True,False,3,2.7,3104,Operational
RES002954,Pizza Chain 2954,Chain,Pizza,-72.103414,92.047196,Delhi,India,1971,True,False,True,False,1,3.4,1299,Operational
RES002955,Sao Paulo Thai Place 2955,Local,Thai,-46.921283,-103.803518,Sao Paulo,Brazil,1972,True,False,False,True,1,2.5,3110,Operational
RES002956,Indian Chain 2956,Chain,Indian,54.066519,-97.534579,Tokyo,Japan,1956,True,False,False,True,2,3.6,983,Operational
RES002957,Delhi Pizza Place 2957,Local,Pizza,-39.793982,-135.140479,Delhi,India,1969,True,False,False,False,3,3.3,4280,Operational
RES002958,Mediterranean Chain 2958,Chain,Mediterranean,81.771892,46.360366,London,United Kingdom,1952,True,True,False,True,4,2.9,1272,Operational
RES002959,Thai Chain 2959,Chain,Thai,13.226283,114.389218,Rio de Janeiro,Brazil,1981,True,False,False,True,4,3.6,2206,Operational
RES002960,Sao Paulo Mexican Place 2960,Local,Mexican,7.162283,-119.371709,Sao Paulo,Brazil,2010,False,True,False,True,3,2.3,2628,Operational
RES002961,Delhi French Place 2961,Local,French,-32.789811,-16.012546,Delhi,India,2012,True,False,False,True,2,4.8,976,Operational
RES002962,Delhi Burger Place 2962,Local,Burger,20.003572,-24.566553,Delhi,India,2004,True,True,False,False,2,4.6,1148,Operational
RES002963,Manchester Mexican Place 2963,Local,Mexican,33.231284,-28.74603,Manchester,United Kingdom,2001,False,False,True,False,4,4.4,2852,Operational
RES002964,Sao Paulo Pizza Place 2964,Local,Pizza,25.495475,-45.654032,Sao Paulo,Brazil,2009,True,False,False,True,2,3.0,4954,Operational
RES002965,Tokyo Japanese Place 2965,Local,Japanese,35.050213,-114.750396,Tokyo,Japan,2015,False,True,False,True,4,4.7,2576,Operational
RES002966,Mexican Chain 2966,Chain,Mexican,-53.472894,177.736561,London,United Kingdom,1998,False,True,True,False,2,2.7,2662,Operational
RES002967,New York Indian Place 2967,Local,Indian,75.172696,154.772633,New York,USA,1950,False,True,False,True,3,2.6,1446,Operational
RES002968,Tokyo Mexican Place 2968,Local,Mexican,-27.562912,-39.213546,Tokyo,Japan,1964,False,True,True,True,3,4.2,2316,Operational
RES002969,Tokyo Burger Place 2969,Local,Burger,65.462292,-91.553879,Tokyo,Japan,1991,False,True,True,False,1,3.8,3938,Operational
RES002970,Sao Paulo Pizza Place 2970,Local,Pizza,-68.479619,-96.050722,Sao Paulo,Brazil,1992,True,True,True,False,2,3.1,899,Operational
RES002971,Indian Chain 2971,Chain,Indian,77.925048,-138.604347,Manchester,United Kingdom,1992,True,False,True,True,3,4.7,3831,Operational
RES002972,Delhi French Place 2972,Local,French,-56.304496,152.645233,Delhi,India,1955,True,True,True,False,3,4.8,2635,Operational
RES002973,Chinese Chain 2973,Chain,Chinese,-18.422782,39.584623,Sao Paulo,Brazil,2017,False,True,True,True,1,3.4,519,Operational
RES002974,American Chain 2974,Chain,American,-77.154185,-101.911465,Los Angeles,USA,2000,True,True,True,False,1,2.9,2321,Operational
RES002975,Manchester Brazilian Place 2975,Local,Brazilian,52.262924,-10.440457,Manchester,United Kingdom,1978,True,False,False,True,1,2.0,2968,Operational
RES002976,Mumbai Italian Place 2976,Local,Italian,69.064631,-166.154043,Mumbai,India,1962,False,False,True,False,1,3.7,1415,Operational
RES002977,Mediterranean Chain 2977,Chain,Mediterranean,-55.676079,-125.432718,Mumbai,India,1998,True,False,True,True,3,4.7,2980,Operational
RES002978,Pizza Chain 2978,Chain,Pizza,17.752556,27.229141,Los Angeles,USA,2020,True,False,False,True,2,3.1,2753,Operational
RES002979,Mumbai Brazilian Place 2979,Local,Brazilian,27.654839,-34.941881,Mumbai,India,1988,True,True,True,True,3,3.2,2998,Operational
RES002980,Italian Chain 2980,Chain,Italian,58.440554,-147.602435,Rio de Janeiro,Brazil,1950,False,True,False,False,4,3.5,1085,Operational
RES002981,Mumbai Italian Place 2981,Local,Italian,-82.290527,-85.195964,Mumbai,India,2011,False,True,False,True,3,3.8,3745,Operational
RES002982,Osaka Brazilian Place 2982,Local,Brazilian,-72.241209,104.491387,Osaka,Japan,2019,True,False,False,False,1,3.9,851,Closed Temporarily
RES002983,New York Italian Place 2983,Local,Italian,70.69576,-79.179142,New York,USA,1963,False,True,False,True,4,4.1,4997,Closed Temporarily
RES002984,New York Mexican Place 2984,Local,Mexican,-2.611113,-18.463089,New York,USA,2000,True,True,False,True,4,4.0,1696,Operational
RES002985,Chinese Chain 2985,Chain,Chinese,9.032621,-138.550462,Osaka,Japan,2020,True,False,False,False,3,3.3,4792,Operational
RES002986,Tokyo French Place 2986,Local,French,-50.889749,56.854168,Tokyo,Japan,1963,False,False,True,False,1,2.3,2367,Operational
RES002987,Rio de Janeiro Mexican Place 2987,Local,Mexican,-13.00707,-4.911928,Rio de Janeiro,Brazil,2011,False,True,True,True,1,4.5,4052,Closed Temporarily
RES002988,Thai Chain 2988,Chain,Thai,-56.731252,172.014986,Osaka,Japan,1995,True,False,False,True,4,2.5,4667,Operational
RES002989,Los Angeles French Place 2989,Local,French,71.213314,178.506775,Los Angeles,USA,2014,True,True,False,False,3,2.0,4272,Operational
RES002990,Burger Chain 2990,Chain,Burger,-35.759164,-166.964692,Mumbai,India,2011,False,True,True,False,4,2.3,2190,Operational
RES002991,Tokyo Mediterranean Place 2991,Local,Mediterranean,-31.774201,-107.831729,Tokyo,Japan,1960,True,True,True,True,2,2.1,628,Operational
RES002992,Los Angeles Pizza Place 2992,Local,Pizza,-15.739245,148.899807,Los Angeles,USA,2011,True,True,True,True,2,4.4,3219,Operational
RES002993,Manchester Indian Place 2993,Local,Indian,15.852021,123.632319,Manchester,United Kingdom,2018,True,False,False,False,2,2.1,3744,Operational
RES002994,Burger Chain 2994,Chain,Burger,-48.303593,-5.21157,Rio de Janeiro,Brazil,2017,False,False,True,False,1,4.8,2986,Operational
RES002995,American Chain 2995,Chain,American,-52.34791,16.264571,Mumbai,India,1964,True,False,True,True,4,4.9,4883,Operational
RES002996,New York Mediterranean Place 2996,Local,Mediterranean,-46.427694,16.498792,New York,USA,2019,True,True,True,False,4,4.0,2289,Operational
RES002997,Tokyo Indian Place 2997,Local,Indian,88.221824,59.73474,Tokyo,Japan,1950,False,True,False,True,3,4.4,4639,Operational
RES002998,Delhi French Place 2998,Local,French,88.655451,90.04364,Delhi,India,1972,True,False,False,False,1,4.8,4890,Operational
RES002999,Sao Paulo Pizza Place 2999,Local,Pizza,10.211816,-54.130701,Sao Paulo,Brazil,2022,False,True,False,True,3,3.9,805,Operational
RES003000,Tokyo Chinese Place 3000,Local,Chinese,41.046217,-105.676448,Tokyo,Japan,2004,True,False,False,False,1,2.9,2575,Operational
RES003001,London Pizza Place 3001,Local,Pizza,-12.586042,12.321171,London,United Kingdom,1965,True,False,True,False,3,4.3,1573,Closed Temporarily
RES003002,Tokyo Burger Place 3002,Local,Burger,-73.483629,-163.520875,Tokyo,Japan,1995,False,True,True,False,3,3.2,1550,Operational
RES003003,Manchester Italian Place 3003,Local,Italian,-21.938077,-168.067757,Manchester,United Kingdom,1984,False,True,False,True,2,3.6,3491,Operational
RES003004,New York Mexican Place 3004,Local,Mexican,23.801615,169.004375,New York,USA,1957,True,True,True,False,4,3.8,2852,Operational
RES003005,French Chain 3005,Chain,French,18.958742,-106.6984,Osaka,Japan,1988,False,False,True,True,2,2.0,3804,Operational
RES003006,New York Pizza Place 3006,Local,Pizza,-28.43575,86.490212,New York,USA,1960,True,False,False,False,2,3.1,3153,Closed Temporarily
RES003007,Osaka Brazilian Place 3007,Local,Brazilian,-76.026508,58.938029,Osaka,Japan,1958,True,False,True,False,3,4.1,2466,Operational
RES003008,Rio de Janeiro Mediterranean Place 3008,Local,Mediterranean,-37.522617,-38.640059,Rio de Janeiro,Brazil,1954,True,True,False,True,1,4.5,3602,Operational
RES003009,New York Pizza Place 3009,Local,Pizza,-40.309474,166.74487,New York,USA,1987,True,True,True,False,2,3.7,1271,Operational
RES003010,Mediterranean Chain 3010,Chain,Mediterranean,-55.746321,-43.596818,Rio de Janeiro,Brazil,1980,False,False,True,False,3,2.5,3299,Operational
RES003011,American Chain 3011,Chain,American,-64.239906,91.558497,Delhi,India,1980,True,False,False,True,2,3.5,2964,Operational
RES003012,London French Place 3012,Local,French,-88.045525,-152.357981,London,United Kingdom,2013,False,True,False,True,1,4.8,2926,Operational
RES003013,Delhi American Place 3013,Local,American,-79.933635,-173.68192,Delhi,India,2006,True,False,False,True,1,2.1,2552,Closed Temporarily
RES003014,Sao Paulo Chinese Place 3014,Local,Chinese,-16.278836,42.191271,Sao Paulo,Brazil,1969,True,True,True,True,2,2.1,3625,Operational
RES003015,Mediterranean Chain 3015,Chain,Mediterranean,-0.522919,-61.06745,Los Angeles,USA,2010,True,True,True,False,2,4.2,327,Operational
RES003016,Burger Chain 3016,Chain,Burger,-72.721182,-41.982638,Tokyo,Japan,1988,False,True,False,True,2,4.2,336,Operational
RES003017,Rio de Janeiro Japanese Place 3017,Local,Japanese,-62.451812,93.21203,Rio de Janeiro,Brazil,1963,True,False,False,True,1,4.5,4601,Operational
RES003018,Rio de Janeiro Chinese Place 3018,Local,Chinese,-51.506334,171.689918,Rio de Janeiro,Brazil,1964,True,False,False,True,3,3.8,1280,Operational
RES003019,Tokyo French Place 3019,Local,French,-18.256244,-47.401385,Tokyo,Japan,1998,True,False,False,True,3,4.0,3020,Operational
RES003020,Los Angeles French Place 3020,Local,French,13.606229,-48.545785,Los Angeles,USA,1990,True,True,False,False,3,2.1,2419,Operational
RES003021,Mediterranean Chain 3021,Chain,Mediterranean,-25.426544,158.206779,New York,USA,1990,False,False,True,True,4,2.5,3698,Operational
RES003022,Japanese Chain 3022,Chain,Japanese,-50.121985,-30.95687,Manchester,United Kingdom,1984,False,True,False,False,2,4.2,215,Operational
RES003023,Delhi Pizza Place 3023,Local,Pizza,5.658092,-84.190767,Delhi,India,2003,True,True,False,True,2,4.4,18,Operational
RES003024,Japanese Chain 3024,Chain,Japanese,33.101508,100.262744,Osaka,Japan,2017,False,False,True,False,3,4.2,4455,Operational
RES003025,Mumbai Brazilian Place 3025,Local,Brazilian,51.289924,22.494552,Mumbai,India,1980,True,False,False,False,3,4.1,4240,Operational
RES003026,Pizza Chain 3026,Chain,Pizza,-27.232866,-85.985737,Los Angeles,USA,1996,True,True,False,True,1,2.4,2140,Operational
RES003027,Sao Paulo Japanese Place 3027,Local,Japanese,-74.832432,101.717883,Sao Paulo,Brazil,1994,True,False,False,False,4,3.0,3853,Operational
RES003028,Los Angeles Mexican Place 3028,Local,Mexican,50.753009,111.703863,Los Angeles,USA,1952,False,False,True,False,4,3.7,3566,Operational
RES003029,Tokyo American Place 3029,Local,American,2.735819,-86.367851,Tokyo,Japan,1976,True,True,False,True,1,4.8,898,Operational
RES003030,Osaka American Place 3030,Local,American,33.854522,-144.578065,Osaka,Japan,2006,False,True,True,False,3,3.4,179,Operational
RES003031,Manchester Chinese Place 3031,Local,Chinese,-40.364728,49.558795,Manchester,United Kingdom,1958,True,True,False,True,2,2.6,4884,Operational
RES003032,Sao Paulo Italian Place 3032,Local,Italian,29.103547,42.008725,Sao Paulo,Brazil,1992,False,True,True,True,4,3.0,1954,Operational
RES003033,Osaka Italian Place 3033,Local,Italian,80.982479,61.034423,Osaka,Japan,1964,True,True,True,False,3,3.3,4630,Operational
RES003034,Delhi Indian Place 3034,Local,Indian,-16.055459,-114.040022,Delhi,India,2014,True,False,False,False,1,2.4,3837,Operational
RES003035,Indian Chain 3035,Chain,Indian,-81.935828,-56.50093,Delhi,India,1977,True,False,True,False,2,4.4,456,Operational
RES003036,Thai Chain 3036,Chain,Thai,51.154806,14.700769,London,United Kingdom,2020,True,True,True,True,4,4.6,3047,Operational
RES003037,Mediterranean Chain 3037,Chain,Mediterranean,-29.66041,-67.629668,Los Angeles,USA,1962,True,False,True,True,1,4.4,3530,Operational
RES003038,Osaka Burger Place 3038,Local,Burger,-39.704472,5.949731,Osaka,Japan,2020,True,True,False,True,1,3.5,3705,Operational
RES003039,Osaka Japanese Place 3039,Local,Japanese,-8.185265,-146.181568,Osaka,Japan,1989,False,False,True,False,1,2.5,2376,Operational
RES003040,Delhi Japanese Place 3040,Local,Japanese,-46.2453,-78.412056,Delhi,India,1991,True,True,False,False,1,4.2,1212,Operational
RES003041,Burger Chain 3041,Chain,Burger,34.074002,146.609046,Osaka,Japan,1962,False,True,False,True,4,2.0,2492,Operational
RES003042,Osaka Chinese Place 3042,Local,Chinese,35.340318,-130.929425,Osaka,Japan,1968,False,False,True,False,4,4.9,1927,Operational
RES003043,Burger Chain 3043,Chain,Burger,-33.762148,-96.086138,Rio de Janeiro,Brazil,1967,False,False,True,True,4,3.2,3235,Closed Temporarily
RES003044,London Pizza Place 3044,Local,Pizza,14.448295,122.26826,London,United Kingdom,1992,True,True,True,True,4,2.9,2877,Operational
RES003045,Manchester French Place 3045,Local,French,33.666764,109.666548,Manchester,United Kingdom,1979,True,False,False,False,1,3.6,146,Operational
RES003046,Sao Paulo Thai Place 3046,Local,Thai,68.766064,122.462994,Sao Paulo,Brazil,2021,False,True,True,False,2,2.1,681,Operational
RES003047,Delhi American Place 3047,Local,American,40.193668,-140.048876,Delhi,India,1978,True,True,True,True,3,2.0,3080,Operational
RES003048,Burger Chain 3048,Chain,Burger,56.610229,-70.78538,London,United Kingdom,1964,True,False,True,True,2,4.0,2513,Operational
RES003049,Rio de Janeiro Mexican Place 3049,Local,Mexican,8.111735,115.52645,Rio de Janeiro,Brazil,1965,True,True,True,False,4,2.1,3252,Operational
RES003050,American Chain 3050,Chain,American,63.705914,80.582872,London,United Kingdom,2003,False,True,False,True,4,2.4,2638,Operational
RES003051,Delhi Mediterranean Place 3051,Local,Mediterranean,-89.501747,-131.963986,Delhi,India,1964,True,True,True,False,4,4.9,2778,Operational
RES003052,London Thai Place 3052,Local,Thai,24.587005,38.285811,London,United Kingdom,2019,True,False,True,True,4,4.5,2398,Operational
RES003053,London Italian Place 3053,Local,Italian,-14.394216,55.126662,London,United Kingdom,1990,False,True,True,True,2,4.9,4768,Operational
RES003054,Manchester French Place 3054,Local,French,53.785701,-82.083875,Manchester,United Kingdom,2023,True,False,False,False,3,3.3,3847,Operational
RES003055,Los Angeles Mexican Place 3055,Local,Mexican,0.113353,-176.562396,Los Angeles,USA,2011,True,False,False,False,4,3.5,4529,Operational
RES003056,Brazilian Chain 3056,Chain,Brazilian,79.714343,36.056934,Tokyo,Japan,1955,True,False,False,True,1,4.6,1762,Operational
RES003057,Delhi Mexican Place 3057,Local,Mexican,-63.821571,4.586617,Delhi,India,2008,True,True,False,False,4,4.1,785,Operational
RES003058,Tokyo Chinese Place 3058,Local,Chinese,-60.883459,114.29884,Tokyo,Japan,2016,False,True,False,False,4,2.2,3017,Operational
RES003059,Delhi Mediterranean Place 3059,Local,Mediterranean,53.411536,-16.13199,Delhi,India,1997,True,False,False,False,4,2.4,4219,Operational
RES003060,French Chain 3060,Chain,French,8.462905,11.250467,Rio de Janeiro,Brazil,1996,True,False,False,False,1,4.5,4318,Operational
RES003061,Indian Chain 3061,Chain,Indian,64.977473,-71.222277,Manchester,United Kingdom,2007,False,True,True,False,3,4.7,4060,Operational
RES003062,Sao Paulo Brazilian Place 3062,Local,Brazilian,52.925173,-165.687715,Sao Paulo,Brazil,1957,True,False,False,False,4,4.6,119,Operational
RES003063,London Brazilian Place 3063,Local,Brazilian,-14.262476,108.643643,London,United Kingdom,1984,True,False,False,True,3,4.7,4594,Operational
RES003064,Pizza Chain 3064,Chain,Pizza,-13.037605,45.26196,Sao Paulo,Brazil,2007,False,True,True,False,4,5.0,205,Closed Temporarily
RES003065,London American Place 3065,Local,American,33.169618,-20.794178,London,United Kingdom,2020,True,True,True,True,1,4.0,2194,Operational
RES003066,Italian Chain 3066,Chain,Italian,44.321485,56.569402,Tokyo,Japan,1986,False,True,True,True,4,4.5,2941,Operational
RES003067,Mumbai Mexican Place 3067,Local,Mexican,43.79456,149.206808,Mumbai,India,2001,False,False,True,True,1,2.9,664,Operational
RES003068,Indian Chain 3068,Chain,Indian,63.98044,-79.546972,Delhi,India,1964,False,True,True,False,3,2.1,2521,Operational
RES003069,London American Place 3069,Local,American,9.237295,92.129439,London,United Kingdom,1972,True,False,False,False,1,4.4,2646,Operational
RES003070,Tokyo French Place 3070,Local,French,-79.567738,-11.027224,Tokyo,Japan,1972,True,False,False,False,4,3.2,4630,Operational
RES003071,Delhi Indian Place 3071,Local,Indian,-75.411891,-157.701234,Delhi,India,1996,True,False,True,True,1,2.0,4286,Operational
RES003072,Manchester Japanese Place 3072,Local,Japanese,-26.235703,158.022566,Manchester,United Kingdom,2023,False,True,True,True,3,3.7,4289,Operational
RES003073,New York Chinese Place 3073,Local,Chinese,48.795794,93.074412,New York,USA,1960,True,False,True,False,4,4.5,4491,Operational
RES003074,London Pizza Place 3074,Local,Pizza,77.595251,-172.527137,London,United Kingdom,1975,True,False,True,False,4,2.9,4476,Operational
RES003075,Osaka Pizza Place 3075,Local,Pizza,4.799214,-134.244559,Osaka,Japan,1974,True,False,False,False,2,4.2,2171,Operational
RES003076,Sao Paulo Mexican Place 3076,Local,Mexican,-18.436521,86.440822,Sao Paulo,Brazil,2012,True,True,False,False,4,3.7,224,Operational
RES003077,Tokyo French Place 3077,Local,French,-48.850771,-177.101849,Tokyo,Japan,1998,True,False,True,False,3,3.3,1334,Operational
RES003078,Mexican Chain 3078,Chain,Mexican,-52.274312,176.699368,London,United Kingdom,2000,True,False,False,True,2,3.9,4801,Operational
RES003079,Tokyo French Place 3079,Local,French,85.500966,-71.837464,Tokyo,Japan,1951,False,True,False,False,4,2.3,4458,Operational
RES003080,French Chain 3080,Chain,French,-2.602039,-129.90361,Manchester,United Kingdom,1973,True,False,False,True,3,3.6,1557,Operational
RES003081,French Chain 3081,Chain,French,-55.30392,142.108024,Manchester,United Kingdom,2010,True,True,False,True,1,3.4,4739,Operational
RES003082,Delhi Thai Place 3082,Local,Thai,26.775763,116.450933,Delhi,India,1993,True,False,True,True,1,4.6,4785,Operational
RES003083,Osaka Mediterranean Place 3083,Local,Mediterranean,80.777947,-50.055488,Osaka,Japan,1986,True,False,False,True,4,3.0,3637,Operational
RES003084,Delhi Thai Place 3084,Local,Thai,23.493788,125.74924,Delhi,India,2015,True,False,False,True,3,2.9,2383,Operational
RES003085,Tokyo Indian Place 3085,Local,Indian,53.18874,153.099541,Tokyo,Japan,1992,True,True,True,False,1,3.9,1624,Operational
RES003086,Indian Chain 3086,Chain,Indian,59.482026,73.781331,Los Angeles,USA,2006,True,False,False,False,2,4.6,170,Closed Temporarily
RES003087,Delhi Thai Place 3087,Local,Thai,-41.499373,63.585958,Delhi,India,2023,False,False,True,True,1,2.5,1630,Operational
RES003088,Rio de Janeiro Mexican Place 3088,Local,Mexican,-84.22897,170.700457,Rio de Janeiro,Brazil,1996,False,False,True,False,2,3.9,1295,Operational
RES003089,Los Angeles American Place 3089,Local,American,51.531367,125.294771,Los Angeles,USA,1990,True,True,True,False,3,4.1,4619,Operational
RES003090,Sao Paulo Indian Place 3090,Local,Indian,16.809152,-133.416548,Sao Paulo,Brazil,1976,False,False,True,True,3,3.9,3370,Operational
RES003091,Burger Chain 3091,Chain,Burger,22.413751,-132.597618,London,United Kingdom,1996,False,True,False,True,1,4.8,2994,Operational
RES003092,Brazilian Chain 3092,Chain,Brazilian,29.512508,-7.127917,Osaka,Japan,2018,True,False,False,False,3,4.2,1176,Operational
RES003093,Mumbai Indian Place 3093,Local,Indian,-54.141309,154.550289,Mumbai,India,1977,False,True,False,False,4,3.0,1642,Operational
RES003094,Mexican Chain 3094,Chain,Mexican,19.576469,119.022121,Mumbai,India,1969,True,True,True,True,3,4.5,1554,Operational
RES003095,Burger Chain 3095,Chain,Burger,15.380068,177.047079,Delhi,India,1976,True,True,False,True,1,4.4,2746,Operational
RES003096,Rio de Janeiro Burger Place 3096,Local,Burger,-58.987038,-25.81199,Rio de Janeiro,Brazil,1970,False,False,True,False,4,3.5,2755,Operational
RES003097,Burger Chain 3097,Chain,Burger,35.123181,-48.155804,Rio de Janeiro,Brazil,1987,False,True,True,True,2,4.7,1066,Operational
RES003098,Mediterranean Chain 3098,Chain,Mediterranean,1.679685,3.653242,Manchester,United Kingdom,1973,True,False,False,True,1,2.2,490,Operational
RES003099,Mexican Chain 3099,Chain,Mexican,-84.079407,91.58191,Los Angeles,USA,2020,True,False,True,True,1,2.8,1644,Operational
RES003100,Delhi Japanese Place 3100,Local,Japanese,-40.480599,-90.358578,Delhi,India,1973,False,True,True,True,1,2.3,1603,Operational
RES003101,Mexican Chain 3101,Chain,Mexican,-42.129698,-170.295473,Manchester,United Kingdom,1993,True,False,True,False,3,4.8,2419,Operational
RES003102,Delhi Thai Place 3102,Local,Thai,20.062266,-117.415503,Delhi,India,1998,True,False,False,False,1,4.9,115,Operational
RES003103,Sao Paulo Chinese Place 3103,Local,Chinese,67.577725,70.229149,Sao Paulo,Brazil,1998,False,True,True,True,1,3.4,1584,Operational
RES003104,Osaka American Place 3104,Local,American,22.467849,-130.052355,Osaka,Japan,1990,True,False,False,False,4,4.0,4274,Operational
RES003105,Brazilian Chain 3105,Chain,Brazilian,41.016617,136.867318,London,United Kingdom,1973,False,False,True,False,4,4.1,4766,Operational
RES003106,Osaka Burger Place 3106,Local,Burger,-85.494862,-28.906137,Osaka,Japan,1964,True,False,False,False,4,4.2,4240,Operational
RES003107,Sao Paulo Mexican Place 3107,Local,Mexican,-65.173828,-117.815944,Sao Paulo,Brazil,1951,True,True,True,True,1,4.6,405,Operational
RES003108,Delhi Pizza Place 3108,Local,Pizza,43.497157,-48.623228,Delhi,India,2007,False,True,True,True,4,2.8,4598,Operational
RES003109,Delhi American Place 3109,Local,American,-81.880229,-72.073465,Delhi,India,1988,True,False,False,False,3,2.2,453,Operational
RES003110,London American Place 3110,Local,American,-88.501864,17.566843,London,United Kingdom,1963,True,False,True,False,1,3.9,4384,Operational
RES003111,London Mexican Place 3111,Local,Mexican,-41.485564,104.469744,London,United Kingdom,1989,False,False,True,True,2,3.2,3104,Operational
RES003112,Delhi Mediterranean Place 3112,Local,Mediterranean,42.694631,-116.919214,Delhi,India,2020,False,False,True,False,2,4.8,2501,Operational
RES003113,Tokyo Mediterranean Place 3113,Local,Mediterranean,30.59633,142.544918,Tokyo,Japan,1981,False,True,False,True,3,2.5,616,Operational
RES003114,Los Angeles Mexican Place 3114,Local,Mexican,56.536578,93.692098,Los Angeles,USA,1975,False,True,False,True,3,2.8,4601,Operational
RES003115,London Mediterranean Place 3115,Local,Mediterranean,15.286546,142.422093,London,United Kingdom,1958,True,False,False,False,2,4.2,3022,Operational
RES003116,New York Burger Place 3116,Local,Burger,-9.238763,22.395358,New York,USA,2012,False,True,True,False,3,3.3,441,Operational
RES003117,London Mediterranean Place 3117,Local,Mediterranean,-11.899835,-163.551907,London,United Kingdom,1950,False,False,True,True,3,3.7,98,Operational
RES003118,American Chain 3118,Chain,American,32.680002,20.467323,Osaka,Japan,1958,False,True,True,True,2,3.7,2815,Operational
RES003119,New York Mexican Place 3119,Local,Mexican,-85.586314,-38.356771,New York,USA,1969,True,True,False,False,2,3.2,3437,Operational
RES003120,Sao Paulo Burger Place 3120,Local,Burger,-5.041052,-88.753363,Sao Paulo,Brazil,1995,True,True,True,True,2,3.3,1711,Operational
RES003121,American Chain 3121,Chain,American,-51.460873,-99.929878,Osaka,Japan,1978,False,True,True,False,3,3.3,26,Operational
RES003122,Tokyo Pizza Place 3122,Local,Pizza,-16.515608,109.010115,Tokyo,Japan,1966,True,True,True,False,1,4.9,967,Operational
RES003123,Sao Paulo Italian Place 3123,Local,Italian,-31.754542,-10.322176,Sao Paulo,Brazil,1979,True,True,True,False,2,2.7,2500,Operational
RES003124,Sao Paulo Mexican Place 3124,Local,Mexican,34.425284,-103.853262,Sao Paulo,Brazil,1955,False,False,True,False,3,3.5,110,Operational
RES003125,Rio de Janeiro Chinese Place 3125,Local,Chinese,-11.810095,-55.774368,Rio de Janeiro,Brazil,1992,True,False,True,False,4,2.0,2756,Operational
RES003126,Los Angeles Brazilian Place 3126,Local,Brazilian,40.800411,137.963842,Los Angeles,USA,1982,True,False,False,False,3,3.9,2374,Operational
RES003127,Manchester French Place 3127,Local,French,71.662048,160.864,Manchester,United Kingdom,1979,True,True,False,True,1,2.3,4475,Operational
RES003128,London American Place 3128,Local,American,57.174882,86.100061,London,United Kingdom,2023,False,False,True,False,2,2.7,4786,Operational
RES003129,Los Angeles Indian Place 3129,Local,Indian,-60.348191,-18.70455,Los Angeles,USA,1955,True,True,True,False,1,4.0,2397,Operational
RES003130,London Pizza Place 3130,Local,Pizza,-16.170079,78.786787,London,United Kingdom,2022,False,True,True,False,2,4.0,3836,Operational
RES003131,New York Indian Place 3131,Local,Indian,-48.206143,-43.750828,New York,USA,2018,True,True,False,False,2,4.4,1297,Operational
RES003132,American Chain 3132,Chain,American,50.301125,10.845226,New York,USA,1950,False,False,True,True,4,4.2,3792,Operational
RES003133,Sao Paulo Pizza Place 3133,Local,Pizza,0.764844,34.36092,Sao Paulo,Brazil,2011,True,True,True,False,3,2.2,0,Operational
RES003134,Japanese Chain 3134,Chain,Japanese,9.636104,-119.720156,Osaka,Japan,2011,True,False,False,True,3,2.5,1923,Operational
RES003135,Manchester Mexican Place 3135,Local,Mexican,-5.382202,68.501834,Manchester,United Kingdom,1973,True,False,False,True,3,3.7,85,Operational
RES003136,Osaka Mexican Place 3136,Local,Mexican,-71.234205,16.312284,Osaka,Japan,2009,False,True,True,False,3,3.0,2712,Operational
RES003137,Mumbai French Place 3137,Local,French,5.664221,-95.994801,Mumbai,India,1979,True,False,True,True,4,4.4,4224,Operational
RES003138,Manchester Japanese Place 3138,Local,Japanese,76.746571,-167.286664,Manchester,United Kingdom,1950,False,False,True,False,2,3.8,2200,Operational
RES003139,Mumbai Pizza Place 3139,Local,Pizza,-83.289378,-55.024153,Mumbai,India,2005,True,False,False,False,1,5.0,1447,Operational
RES003140,Tokyo French Place 3140,Local,French,-69.52124,98.98816,Tokyo,Japan,2014,True,True,True,False,1,2.2,1234,Closed Temporarily
RES003141,Mumbai Japanese Place 3141,Local,Japanese,87.978841,13.742303,Mumbai,India,2014,False,False,True,False,1,4.0,1875,Operational
RES003142,Manchester Burger Place 3142,Local,Burger,66.64351,68.059613,Manchester,United Kingdom,2021,True,True,False,True,2,4.2,4024,Operational
RES003143,French Chain 3143,Chain,French,-24.854423,37.964148,London,United Kingdom,1979,False,True,True,True,3,4.7,1313,Operational
RES003144,Sao Paulo Burger Place 3144,Local,Burger,-70.701596,-25.868523,Sao Paulo,Brazil,1962,True,False,True,False,1,4.8,4175,Operational
RES003145,Delhi American Place 3145,Local,American,55.042651,-140.598328,Delhi,India,2020,True,False,False,True,1,4.3,2302,Operational
RES003146,Los Angeles Mexican Place 3146,Local,Mexican,-75.117903,39.327581,Los Angeles,USA,2003,True,False,False,False,3,3.0,1594,Operational
RES003147,Indian Chain 3147,Chain,Indian,61.025163,136.989926,Manchester,United Kingdom,1964,True,False,False,False,1,3.9,2507,Operational
RES003148,Mexican Chain 3148,Chain,Mexican,89.068796,6.742323,London,United Kingdom,1968,True,False,True,False,1,2.8,4262,Operational
RES003149,Burger Chain 3149,Chain,Burger,40.524472,-13.54106,New York,USA,2021,True,False,False,False,4,2.6,2659,Operational
RES003150,Mumbai Indian Place 3150,Local,Indian,17.59701,116.081806,Mumbai,India,2020,False,True,True,True,4,4.6,2442,Operational
RES003151,Los Angeles Mexican Place 3151,Local,Mexican,-50.446356,-82.421472,Los Angeles,USA,1979,True,True,True,False,4,3.8,773,Operational
RES003152,Sao Paulo Chinese Place 3152,Local,Chinese,41.50922,49.167045,Sao Paulo,Brazil,1998,True,True,False,False,4,4.1,519,Operational
RES003153,Mumbai Indian Place 3153,Local,Indian,52.493313,119.506643,Mumbai,India,1962,True,False,True,True,1,4.4,4202,Operational
RES003154,London Pizza Place 3154,Local,Pizza,40.654756,-81.439504,London,United Kingdom,1974,True,True,False,False,4,3.3,137,Operational
RES003155,Tokyo Italian Place 3155,Local,Italian,-33.886445,106.83429,Tokyo,Japan,2005,False,True,True,False,4,3.2,4474,Operational
RES003156,New York Chinese Place 3156,Local,Chinese,-6.760937,-35.348461,New York,USA,1994,False,True,False,True,1,5.0,4960,Operational
RES003157,Tokyo Thai Place 3157,Local,Thai,-5.754126,-116.01693,Tokyo,Japan,2007,True,True,True,True,2,4.2,2944,Operational
RES003158,Delhi Burger Place 3158,Local,Burger,-57.577545,118.925979,Delhi,India,1973,False,True,False,True,2,3.3,2807,Operational
RES003159,Japanese Chain 3159,Chain,Japanese,82.585566,100.210638,Osaka,Japan,1981,True,True,False,True,1,3.4,4547,Operational
RES003160,Burger Chain 3160,Chain,Burger,43.431364,-7.991012,Tokyo,Japan,2009,True,True,False,True,1,2.1,2643,Operational
RES003161,Sao Paulo Mexican Place 3161,Local,Mexican,-49.21101,-25.089665,Sao Paulo,Brazil,2005,True,False,False,True,2,2.7,1508,Operational
RES003162,Delhi American Place 3162,Local,American,-31.154084,29.658921,Delhi,India,2005,False,True,True,False,3,4.1,1111,Operational
RES003163,Mexican Chain 3163,Chain,Mexican,70.687379,164.939576,Los Angeles,USA,1984,False,True,True,True,3,2.3,3234,Operational
RES003164,Mediterranean Chain 3164,Chain,Mediterranean,-51.697129,127.441469,Delhi,India,1997,True,False,False,False,1,2.1,2915,Operational
RES003165,Mumbai Mediterranean Place 3165,Local,Mediterranean,59.485294,-79.472269,Mumbai,India,1978,True,False,False,True,1,3.8,960,Operational
RES003166,New York Mediterranean Place 3166,Local,Mediterranean,-20.691188,-152.689079,New York,USA,1959,True,False,False,True,3,3.9,2797,Closed Temporarily
RES003167,Italian Chain 3167,Chain,Italian,-55.147247,-77.780439,London,United Kingdom,1996,True,False,False,False,4,3.1,2043,Operational
RES003168,Indian Chain 3168,Chain,Indian,44.728326,5.203991,Rio de Janeiro,Brazil,2022,False,False,True,False,3,4.2,4012,Operational
RES003169,Manchester Mexican Place 3169,Local,Mexican,46.115203,142.483608,Manchester,United Kingdom,1966,False,False,True,False,2,2.2,2831,Operational
RES003170,Chinese Chain 3170,Chain,Chinese,-47.303871,-34.451663,Osaka,Japan,2004,True,False,False,False,4,4.0,257,Operational
RES003171,Chinese Chain 3171,Chain,Chinese,-59.270396,173.059993,Manchester,United Kingdom,1958,False,False,True,False,3,3.6,2220,Operational
RES003172,American Chain 3172,Chain,American,49.611668,81.237625,Osaka,Japan,1979,False,False,True,False,1,2.0,199,Operational
RES003173,American Chain 3173,Chain,American,37.927907,31.475485,Delhi,India,2002,True,False,True,False,4,3.0,1398,Closed Temporarily
RES003174,Sao Paulo Indian Place 3174,Local,Indian,32.312181,123.260852,Sao Paulo,Brazil,1972,False,False,True,False,1,3.4,3493,Operational
RES003175,Tokyo Mediterranean Place 3175,Local,Mediterranean,8.656425,-1.792398,Tokyo,Japan,1984,False,True,True,False,3,4.1,3176,Operational
RES003176,Osaka Brazilian Place 3176,Local,Brazilian,-20.003182,-91.386025,Osaka,Japan,1976,False,True,False,True,4,4.5,1395,Operational
RES003177,Japanese Chain 3177,Chain,Japanese,-70.874727,129.015306,Osaka,Japan,1991,False,True,False,True,3,3.7,2915,Operational
RES003178,Chinese Chain 3178,Chain,Chinese,52.527695,-151.739622,Manchester,United Kingdom,1992,True,False,True,False,1,2.0,3374,Operational
RES003179,London American Place 3179,Local,American,-44.116592,-11.197235,London,United Kingdom,2018,True,False,True,False,1,2.8,3229,Operational
RES003180,New York Pizza Place 3180,Local,Pizza,-6.182778,84.652784,New York,USA,2007,True,False,True,True,3,4.9,3639,Operational
RES003181,Osaka Pizza Place 3181,Local,Pizza,43.647109,-7.678788,Osaka,Japan,1986,False,True,True,False,3,2.1,1685,Operational
RES003182,Osaka Japanese Place 3182,Local,Japanese,15.349051,-40.690659,Osaka,Japan,1951,True,False,False,False,1,2.1,4304,Operational
RES003183,Delhi Indian Place 3183,Local,Indian,73.49753,-122.837118,Delhi,India,1998,False,False,True,False,4,3.0,4889,Operational
RES003184,Los Angeles Burger Place 3184,Local,Burger,15.46882,-132.004764,Los Angeles,USA,1991,True,False,False,False,1,2.3,4719,Operational
RES003185,Mexican Chain 3185,Chain,Mexican,36.669864,-43.760483,Tokyo,Japan,1962,True,False,False,True,2,3.1,839,Operational
RES003186,Mumbai Thai Place 3186,Local,Thai,-19.409512,50.622366,Mumbai,India,1956,True,False,False,False,4,2.5,3527,Operational
RES003187,Mediterranean Chain 3187,Chain,Mediterranean,-33.439126,-53.030173,London,United Kingdom,1977,True,False,False,True,1,3.6,4193,Operational
RES003188,Osaka Thai Place 3188,Local,Thai,-24.524974,57.19103,Osaka,Japan,1968,True,False,False,False,2,3.3,1355,Operational
RES003189,Rio de Janeiro Mediterranean Place 3189,Local,Mediterranean,21.068006,172.204812,Rio de Janeiro,Brazil,1980,False,True,False,False,4,2.1,1001,Operational
RES003190,Sao Paulo Mediterranean Place 3190,Local,Mediterranean,78.337709,-79.607864,Sao Paulo,Brazil,1961,False,True,False,False,2,4.5,3319,Operational
RES003191,Osaka Brazilian Place 3191,Local,Brazilian,-7.312002,104.595867,Osaka,Japan,2022,True,False,True,True,4,3.1,75,Operational
RES003192,Rio de Janeiro Mediterranean Place 3192,Local,Mediterranean,-28.073642,91.865301,Rio de Janeiro,Brazil,1964,True,False,True,True,3,2.9,3906,Operational
RES003193,New York Japanese Place 3193,Local,Japanese,-46.402391,-142.564803,New York,USA,1955,False,False,True,True,3,3.6,1201,Operational
RES003194,Mumbai Mediterranean Place 3194,Local,Mediterranean,-15.152285,162.82217,Mumbai,India,1969,True,False,False,False,3,3.3,4904,Operational
RES003195,Japanese Chain 3195,Chain,Japanese,-50.877038,146.101688,Rio de Janeiro,Brazil,1961,True,False,False,False,3,2.8,1660,Operational
RES003196,Brazilian Chain 3196,Chain,Brazilian,86.964201,33.536477,Tokyo,Japan,1967,False,True,False,True,4,4.8,1279,Operational
RES003197,New York American Place 3197,Local,American,-81.03769,58.026278,New York,USA,1981,True,False,True,False,2,2.3,3933,Operational
RES003198,Mediterranean Chain 3198,Chain,Mediterranean,0.891723,110.358006,Rio de Janeiro,Brazil,1971,True,False,False,True,2,4.8,69,Operational
RES003199,Indian Chain 3199,Chain,Indian,-64.752642,-0.187225,Tokyo,Japan,1964,True,True,False,False,3,2.6,2521,Operational
RES003200,Los Angeles Burger Place 3200,Local,Burger,-23.241435,4.370691,Los Angeles,USA,1963,True,True,False,True,4,4.6,3084,Operational
RES003201,French Chain 3201,Chain,French,-76.175586,-20.088575,Tokyo,Japan,1987,True,True,False,True,3,4.4,173,Operational
RES003202,Rio de Janeiro Pizza Place 3202,Local,Pizza,51.658094,166.546671,Rio de Janeiro,Brazil,2021,True,True,False,False,1,3.6,1937,Operational
RES003203,Tokyo Mexican Place 3203,Local,Mexican,16.001493,99.721251,Tokyo,Japan,2012,False,True,True,False,4,2.1,3796,Operational
RES003204,New York Burger Place 3204,Local,Burger,23.923794,-146.930876,New York,USA,1972,True,True,True,True,1,3.7,1065,Operational
RES003205,Rio de Janeiro American Place 3205,Local,American,4.187741,-116.467205,Rio de Janeiro,Brazil,1990,True,True,False,True,4,3.9,1036,Operational
RES003206,Mumbai Pizza Place 3206,Local,Pizza,7.476801,7.987697,Mumbai,India,1975,False,True,True,False,3,3.9,605,Operational
RES003207,Brazilian Chain 3207,Chain,Brazilian,-6.535146,-52.590193,Los Angeles,USA,1967,True,False,False,True,1,3.7,4641,Operational
RES003208,Mumbai Burger Place 3208,Local,Burger,-84.65049,-55.326064,Mumbai,India,1960,False,True,False,True,2,3.2,2399,Operational
RES003209,Delhi Pizza Place 3209,Local,Pizza,-0.438809,113.556551,Delhi,India,1954,True,False,False,False,1,3.0,3980,Operational
RES003210,Mexican Chain 3210,Chain,Mexican,59.962305,84.116948,Los Angeles,USA,1987,True,False,True,True,3,4.2,2777,Operational
RES003211,Rio de Janeiro Brazilian Place 3211,Local,Brazilian,33.73967,-147.953065,Rio de Janeiro,Brazil,1976,False,False,True,True,1,4.0,1565,Operational
RES003212,New York Mediterranean Place 3212,Local,Mediterranean,29.762102,30.705641,New York,USA,1963,True,True,True,True,3,2.2,4626,Operational
RES003213,Mumbai American Place 3213,Local,American,-85.024927,-18.676676,Mumbai,India,1970,False,True,True,False,1,3.3,324,Operational
RES003214,Los Angeles American Place 3214,Local,American,-25.634975,-108.285274,Los Angeles,USA,1987,True,False,False,True,4,2.8,4647,Operational
RES003215,New York Indian Place 3215,Local,Indian,-48.047561,-6.106221,New York,USA,1967,True,False,False,False,2,4.0,4150,Operational
RES003216,Italian Chain 3216,Chain,Italian,-63.835038,91.908469,Manchester,United Kingdom,2020,False,True,True,True,3,4.0,1755,Operational
RES003217,Mediterranean Chain 3217,Chain,Mediterranean,-20.861546,83.170401,Tokyo,Japan,1952,True,True,False,False,3,2.2,1268,Closed Temporarily
RES003218,London Burger Place 3218,Local,Burger,-11.393454,-96.193269,London,United Kingdom,1966,True,False,True,True,4,2.1,3494,Operational
RES003219,New York Indian Place 3219,Local,Indian,63.235895,-139.396121,New York,USA,2019,True,True,True,False,2,3.6,4481,Operational
RES003220,New York Brazilian Place 3220,Local,Brazilian,58.168392,44.497951,New York,USA,1989,False,True,False,False,4,4.7,3237,Operational
RES003221,Thai Chain 3221,Chain,Thai,-85.845152,64.838537,Manchester,United Kingdom,1969,True,True,True,True,2,4.9,2804,Operational
RES003222,Rio de Janeiro Mexican Place 3222,Local,Mexican,-19.249865,130.960101,Rio de Janeiro,Brazil,1999,True,False,False,True,1,3.5,4095,Operational
RES003223,Manchester Mediterranean Place 3223,Local,Mediterranean,-88.045769,47.314484,Manchester,United Kingdom,2011,True,False,False,False,2,3.8,3064,Operational
RES003224,Mexican Chain 3224,Chain,Mexican,-78.059531,83.833937,Manchester,United Kingdom,2007,True,False,False,True,4,4.4,3236,Closed Temporarily
RES003225,Mumbai Mediterranean Place 3225,Local,Mediterranean,51.856225,149.481433,Mumbai,India,1951,True,False,False,True,3,3.5,508,Operational
RES003226,Thai Chain 3226,Chain,Thai,84.675654,105.032388,Rio de Janeiro,Brazil,2008,True,True,False,True,1,3.1,1809,Operational
RES003227,Japanese Chain 3227,Chain,Japanese,-36.475293,-126.23097,Rio de Janeiro,Brazil,1967,False,False,True,True,2,2.2,464,Operational
RES003228,Indian Chain 3228,Chain,Indian,1.491916,-47.119239,New York,USA,1991,True,True,False,False,3,4.1,1219,Operational
RES003229,London Italian Place 3229,Local,Italian,4.40266,162.317608,London,United Kingdom,1951,True,False,True,True,2,3.2,2191,Operational
RES003230,Los Angeles Chinese Place 3230,Local,Chinese,-38.304754,85.503782,Los Angeles,USA,2013,True,True,False,True,4,4.0,3089,Operational
RES003231,Tokyo Thai Place 3231,Local,Thai,-40.444399,-64.50397,Tokyo,Japan,2006,False,True,False,False,3,2.1,3012,Operational
RES003232,Delhi Pizza Place 3232,Local,Pizza,-23.909746,-14.797368,Delhi,India,2023,False,True,True,False,1,4.0,35,Operational
RES003233,Tokyo Chinese Place 3233,Local,Chinese,20.073135,-35.75491,Tokyo,Japan,2013,False,True,False,True,3,2.8,2704,Operational
RES003234,Delhi Mexican Place 3234,Local,Mexican,46.648766,-50.357464,Delhi,India,2011,True,False,False,False,4,4.7,142,Operational
RES003235,Burger Chain 3235,Chain,Burger,-8.688727,74.505856,Rio de Janeiro,Brazil,1977,False,True,True,True,1,3.5,4192,Operational
RES003236,Mumbai Thai Place 3236,Local,Thai,-82.911833,16.985884,Mumbai,India,1977,True,False,False,False,1,3.6,735,Operational
RES003237,Manchester Mexican Place 3237,Local,Mexican,-31.564042,-22.739896,Manchester,United Kingdom,1951,True,True,True,True,3,4.5,1028,Operational
RES003238,Manchester Mexican Place 3238,Local,Mexican,-18.410415,-72.790248,Manchester,United Kingdom,1978,True,True,False,True,2,3.5,3642,Operational
RES003239,Rio de Janeiro Chinese Place 3239,Local,Chinese,-79.718548,47.144283,Rio de Janeiro,Brazil,1976,True,False,False,True,3,4.8,706,Operational
RES003240,Thai Chain 3240,Chain,Thai,15.137365,155.169087,Tokyo,Japan,1989,False,True,False,True,2,4.7,1805,Operational
RES003241,Sao Paulo Indian Place 3241,Local,Indian,-14.980375,2.71185,Sao Paulo,Brazil,1978,True,False,True,False,2,4.6,1456,Operational
RES003242,Los Angeles Chinese Place 3242,Local,Chinese,-24.424666,-143.442396,Los Angeles,USA,1989,True,False,False,True,1,3.6,671,Operational
RES003243,Mumbai Mexican Place 3243,Local,Mexican,-73.677307,-100.270637,Mumbai,India,2000,False,False,True,True,3,3.4,3846,Closed Temporarily
RES003244,Japanese Chain 3244,Chain,Japanese,-26.224393,176.756855,Sao Paulo,Brazil,2017,False,True,True,True,4,2.1,3207,Operational
RES003245,London Japanese Place 3245,Local,Japanese,-25.121871,-51.019999,London,United Kingdom,1996,False,True,True,False,1,2.0,3191,Operational
RES003246,Burger Chain 3246,Chain,Burger,32.980516,166.503364,Mumbai,India,1979,True,False,False,False,3,2.8,1511,Operational
RES003247,Burger Chain 3247,Chain,Burger,13.019883,25.434402,Osaka,Japan,2000,True,False,True,True,2,3.8,203,Operational
RES003248,Mediterranean Chain 3248,Chain,Mediterranean,-32.861775,140.853919,London,United Kingdom,1978,True,False,False,True,3,2.7,1163,Operational
RES003249,Chinese Chain 3249,Chain,Chinese,34.258901,153.480003,Manchester,United Kingdom,2012,True,False,True,True,1,3.8,4447,Operational
RES003250,Sao Paulo Mediterranean Place 3250,Local,Mediterranean,-46.795116,-56.837357,Sao Paulo,Brazil,1954,False,False,True,True,3,3.0,3958,Operational
RES003251,Sao Paulo Mexican Place 3251,Local,Mexican,88.778625,56.675323,Sao Paulo,Brazil,1953,False,True,True,False,1,3.8,3013,Operational
RES003252,Rio de Janeiro Mediterranean Place 3252,Local,Mediterranean,68.92242,136.122826,Rio de Janeiro,Brazil,1989,True,False,False,False,2,3.5,837,Operational
RES003253,Tokyo Italian Place 3253,Local,Italian,-68.832809,147.553979,Tokyo,Japan,1978,True,False,True,True,1,4.6,2753,Operational
RES003254,French Chain 3254,Chain,French,-55.498112,-167.969598,Manchester,United Kingdom,2014,False,False,True,True,4,2.1,321,Operational
RES003255,London Japanese Place 3255,Local,Japanese,-81.116522,51.847082,London,United Kingdom,1955,False,False,True,True,3,3.3,4685,Operational
RES003256,American Chain 3256,Chain,American,70.405581,-15.739772,Los Angeles,USA,1967,True,False,False,False,1,4.0,3547,Operational
RES003257,Delhi Thai Place 3257,Local,Thai,-79.249284,-40.443337,Delhi,India,1969,True,True,True,True,1,4.5,3166,Operational
RES003258,Sao Paulo Thai Place 3258,Local,Thai,76.572987,68.35792,Sao Paulo,Brazil,1952,True,True,False,True,1,3.5,3452,Operational
RES003259,Tokyo Mexican Place 3259,Local,Mexican,22.787281,63.353025,Tokyo,Japan,1979,True,True,False,True,1,3.8,3738,Operational
RES003260,Sao Paulo Mexican Place 3260,Local,Mexican,-43.06151,-38.732431,Sao Paulo,Brazil,2015,True,True,False,True,3,3.0,3553,Operational
RES003261,Delhi Mediterranean Place 3261,Local,Mediterranean,55.210557,56.225654,Delhi,India,2021,True,False,False,True,3,2.8,45,Operational
RES003262,London Italian Place 3262,Local,Italian,-5.538353,5.188829,London,United Kingdom,1973,True,True,False,True,4,4.6,4512,Operational
RES003263,American Chain 3263,Chain,American,3.404096,108.379617,Manchester,United Kingdom,1961,True,False,True,True,4,3.7,2771,Operational
RES003264,Manchester Chinese Place 3264,Local,Chinese,4.094964,-27.050179,Manchester,United Kingdom,1999,False,False,True,True,2,3.2,4520,Operational
RES003265,Burger Chain 3265,Chain,Burger,29.016512,-54.456369,New York,USA,1988,True,False,False,False,4,2.1,4789,Operational
RES003266,Delhi Japanese Place 3266,Local,Japanese,56.593167,-148.592671,Delhi,India,1987,False,False,True,True,1,3.5,4618,Operational
RES003267,Rio de Janeiro Mediterranean Place 3267,Local,Mediterranean,-88.473925,-102.520862,Rio de Janeiro,Brazil,1961,True,False,False,False,4,2.1,3617,Operational
RES003268,Mexican Chain 3268,Chain,Mexican,37.362922,-83.607684,Osaka,Japan,1985,True,False,False,True,3,2.3,1571,Operational
RES003269,Tokyo Burger Place 3269,Local,Burger,-27.719783,-106.119234,Tokyo,Japan,1995,True,True,True,False,3,2.5,3448,Operational
RES003270,London Thai Place 3270,Local,Thai,26.278688,-163.839678,London,United Kingdom,1989,False,True,False,True,2,2.6,2351,Operational
RES003271,Rio de Janeiro Pizza Place 3271,Local,Pizza,32.289473,82.806121,Rio de Janeiro,Brazil,1979,True,False,True,False,3,3.8,3507,Operational
RES003272,Indian Chain 3272,Chain,Indian,-39.60493,-71.059776,Osaka,Japan,1976,False,True,False,True,1,3.0,899,Operational
RES003273,London American Place 3273,Local,American,-64.389291,85.757525,London,United Kingdom,1958,True,False,False,False,1,3.3,1101,Operational
RES003274,New York Pizza Place 3274,Local,Pizza,13.987852,37.366729,New York,USA,1952,True,True,True,False,3,4.1,3307,Operational
RES003275,Thai Chain 3275,Chain,Thai,75.630978,-60.022431,Osaka,Japan,1968,True,False,False,False,1,3.6,2052,Operational
RES003276,Mumbai Pizza Place 3276,Local,Pizza,-85.951366,-31.078043,Mumbai,India,2003,True,False,True,False,3,2.8,3437,Operational
RES003277,Rio de Janeiro Indian Place 3277,Local,Indian,-85.383733,8.508557,Rio de Janeiro,Brazil,1967,True,True,False,True,2,4.5,1138,Operational
RES003278,London Indian Place 3278,Local,Indian,-31.88776,-173.675721,London,United Kingdom,2001,False,False,True,False,2,3.3,1792,Operational
RES003279,Tokyo Brazilian Place 3279,Local,Brazilian,-36.149785,-137.997556,Tokyo,Japan,1972,True,True,True,False,3,2.5,2536,Operational
RES003280,Mumbai Burger Place 3280,Local,Burger,-30.672896,158.50071,Mumbai,India,1989,False,True,True,True,4,5.0,2741,Operational
RES003281,London American Place 3281,Local,American,-5.152011,160.9714,London,United Kingdom,2008,False,True,True,False,4,3.6,4151,Operational
RES003282,Manchester Burger Place 3282,Local,Burger,-60.09299,-40.526434,Manchester,United Kingdom,1979,False,True,True,True,3,4.6,4997,Operational
RES003283,New York Mediterranean Place 3283,Local,Mediterranean,54.734918,-92.458506,New York,USA,1984,False,True,True,True,3,3.7,4915,Operational
RES003284,Mexican Chain 3284,Chain,Mexican,70.906537,169.838428,New York,USA,1955,False,True,True,True,4,4.2,2463,Operational
RES003285,Sao Paulo Pizza Place 3285,Local,Pizza,25.178497,67.338134,Sao Paulo,Brazil,1958,True,True,True,False,2,3.3,4709,Operational
RES003286,Delhi Italian Place 3286,Local,Italian,58.896726,99.703278,Delhi,India,2020,False,False,True,False,4,2.0,244,Operational
RES003287,Mexican Chain 3287,Chain,Mexican,16.105004,158.697659,Sao Paulo,Brazil,2005,True,False,False,True,4,2.1,3564,Operational
RES003288,American Chain 3288,Chain,American,28.823614,-20.423496,London,United Kingdom,1990,True,False,False,False,1,3.1,4891,Operational
RES003289,Mumbai Chinese Place 3289,Local,Chinese,-76.257564,97.164105,Mumbai,India,1976,True,False,False,False,3,4.3,1837,Operational
RES003290,Pizza Chain 3290,Chain,Pizza,-26.626444,-66.411507,Delhi,India,1954,True,True,False,False,1,2.0,2009,Operational
RES003291,Thai Chain 3291,Chain,Thai,-58.227535,117.979955,Sao Paulo,Brazil,2022,True,False,False,True,2,4.6,814,Operational
RES003292,Burger Chain 3292,Chain,Burger,-26.549101,12.96081,Delhi,India,2019,True,False,False,False,1,3.2,3987,Operational
RES003293,Rio de Janeiro Burger Place 3293,Local,Burger,21.530616,-23.496666,Rio de Janeiro,Brazil,1986,False,False,True,False,3,4.1,4542,Operational
RES003294,Mumbai French Place 3294,Local,French,77.921818,12.875942,Mumbai,India,1968,False,True,False,True,4,3.5,435,Operational
RES003295,Manchester American Place 3295,Local,American,11.391921,-174.223072,Manchester,United Kingdom,1983,True,True,True,False,4,3.8,692,Operational
RES003296,Delhi French Place 3296,Local,French,23.491364,-138.519745,Delhi,India,1951,False,False,True,True,2,2.7,790,Operational
RES003297,Sao Paulo Italian Place 3297,Local,Italian,-40.351852,-30.420007,Sao Paulo,Brazil,1975,True,False,False,False,4,2.8,4399,Operational
RES003298,Manchester Brazilian Place 3298,Local,Brazilian,17.44127,108.020675,Manchester,United Kingdom,2013,True,False,True,False,1,3.6,2832,Operational
RES003299,Italian Chain 3299,Chain,Italian,38.892345,-119.4314,Osaka,Japan,1952,True,False,True,True,2,2.8,409,Operational
RES003300,Rio de Janeiro Brazilian Place 3300,Local,Brazilian,71.176177,-12.448611,Rio de Janeiro,Brazil,1998,False,True,True,True,1,3.6,4382,Operational
RES003301,London Mexican Place 3301,Local,Mexican,-82.193635,40.745841,London,United Kingdom,2012,True,False,True,True,4,4.5,714,Operational
RES003302,Los Angeles American Place 3302,Local,American,-29.712685,-153.281896,Los Angeles,USA,1992,True,False,False,False,1,2.9,218,Operational
RES003303,Japanese Chain 3303,Chain,Japanese,-84.59059,-49.998753,Osaka,Japan,1984,True,False,False,True,1,2.9,36,Operational
RES003304,Los Angeles Chinese Place 3304,Local,Chinese,79.266424,-21.681559,Los Angeles,USA,1962,False,True,False,False,4,3.9,4927,Operational
RES003305,Los Angeles Thai Place 3305,Local,Thai,75.36617,119.490242,Los Angeles,USA,2004,False,False,True,False,2,4.4,4453,Operational
RES003306,Brazilian Chain 3306,Chain,Brazilian,-76.795053,-8.962032,New York,USA,2001,True,False,False,True,4,2.3,4288,Operational
RES003307,Delhi Japanese Place 3307,Local,Japanese,-42.496063,167.573568,Delhi,India,2023,True,True,True,False,2,3.4,4214,Operational
RES003308,Los Angeles Burger Place 3308,Local,Burger,28.789959,6.610491,Los Angeles,USA,1982,False,True,True,False,3,4.1,461,Operational
RES003309,London French Place 3309,Local,French,-54.115868,47.679391,London,United Kingdom,2018,True,True,False,False,2,2.0,3452,Operational
RES003310,Chinese Chain 3310,Chain,Chinese,-9.657807,-107.821798,London,United Kingdom,1961,True,False,False,True,3,3.6,154,Operational
RES003311,Delhi Burger Place 3311,Local,Burger,-84.902375,-60.536941,Delhi,India,1972,False,True,False,False,2,5.0,919,Operational
RES003312,Tokyo Thai Place 3312,Local,Thai,35.938543,17.321625,Tokyo,Japan,2023,False,True,False,True,1,3.1,316,Operational
RES003313,Chinese Chain 3313,Chain,Chinese,58.836948,34.963106,London,United Kingdom,1975,True,False,False,False,1,2.3,1884,Operational
RES003314,French Chain 3314,Chain,French,-4.920858,168.890731,Rio de Janeiro,Brazil,1998,False,False,True,True,2,4.7,2329,Operational
RES003315,Mexican Chain 3315,Chain,Mexican,-14.750645,115.811453,Mumbai,India,2020,False,True,True,False,4,3.2,4832,Operational
RES003316,Mumbai Chinese Place 3316,Local,Chinese,-4.343252,-164.349914,Mumbai,India,1975,False,False,True,False,3,3.2,1701,Operational
RES003317,French Chain 3317,Chain,French,-68.010113,27.930058,Mumbai,India,1956,True,False,True,False,3,4.6,1758,Operational
RES003318,Sao Paulo Japanese Place 3318,Local,Japanese,-71.547036,-18.423487,Sao Paulo,Brazil,1995,True,False,False,True,1,3.4,3483,Closed Temporarily
RES003319,Pizza Chain 3319,Chain,Pizza,20.408297,113.393381,Mumbai,India,1997,True,False,False,False,1,3.0,2328,Operational
RES003320,Rio de Janeiro Brazilian Place 3320,Local,Brazilian,67.218184,16.964858,Rio de Janeiro,Brazil,2005,True,True,False,False,4,3.6,2860,Operational
RES003321,Sao Paulo Chinese Place 3321,Local,Chinese,50.898577,-60.429022,Sao Paulo,Brazil,1987,True,False,False,False,2,3.2,2767,Operational
RES003322,Manchester French Place 3322,Local,French,-44.736047,11.270633,Manchester,United Kingdom,2012,True,False,True,False,2,2.6,939,Operational
RES003323,Tokyo Indian Place 3323,Local,Indian,-50.418259,-173.070621,Tokyo,Japan,2023,True,False,True,True,3,3.0,1705,Operational
RES003324,Tokyo Mediterranean Place 3324,Local,Mediterranean,75.883616,134.883105,Tokyo,Japan,1966,True,False,False,False,3,4.6,3845,Operational
RES003325,Burger Chain 3325,Chain,Burger,-71.41882,-37.921415,Osaka,Japan,1952,True,True,False,True,3,4.8,4073,Operational
RES003326,Italian Chain 3326,Chain,Italian,76.029355,106.128891,Manchester,United Kingdom,1967,True,True,True,False,4,4.7,3485,Operational
RES003327,Delhi French Place 3327,Local,French,-2.687063,56.672365,Delhi,India,1970,True,False,False,True,4,3.1,4345,Operational
RES003328,Manchester Burger Place 3328,Local,Burger,67.287873,-35.528408,Manchester,United Kingdom,1958,False,True,False,False,3,3.7,4630,Operational
RES003329,Rio de Janeiro Japanese Place 3329,Local,Japanese,-7.920149,70.625068,Rio de Janeiro,Brazil,1974,False,True,True,True,3,2.8,200,Operational
RES003330,American Chain 3330,Chain,American,16.366749,-57.148399,Mumbai,India,2014,True,False,False,True,2,4.2,3572,Operational
RES003331,Indian Chain 3331,Chain,Indian,-79.985336,-19.957825,Tokyo,Japan,2008,True,True,False,False,1,2.1,2625,Operational
RES003332,Mumbai Thai Place 3332,Local,Thai,-84.95516,-170.941484,Mumbai,India,1970,True,True,True,False,3,2.8,2144,Operational
RES003333,Manchester French Place 3333,Local,French,-39.296207,46.649978,Manchester,United Kingdom,1967,True,False,False,False,3,4.1,754,Operational
RES003334,Tokyo Burger Place 3334,Local,Burger,-25.705045,137.410021,Tokyo,Japan,1951,True,False,False,True,3,3.4,3595,Operational
RES003335,American Chain 3335,Chain,American,21.522499,-165.700509,Manchester,United Kingdom,1984,False,True,True,True,1,3.5,3062,Operational
RES003336,Delhi Pizza Place 3336,Local,Pizza,-54.152332,-176.27214,Delhi,India,1967,True,True,True,True,3,4.2,3654,Operational
RES003337,Tokyo Indian Place 3337,Local,Indian,84.817132,-73.810948,Tokyo,Japan,1977,True,False,False,False,1,4.9,596,Closed Temporarily
RES003338,London Thai Place 3338,Local,Thai,-44.101381,-101.097455,London,United Kingdom,2017,True,True,True,True,3,3.8,2207,Operational
RES003339,Rio de Janeiro Thai Place 3339,Local,Thai,-9.161121,45.115498,Rio de Janeiro,Brazil,1957,True,True,True,True,3,2.0,3104,Closed Temporarily
RES003340,Delhi French Place 3340,Local,French,-27.241397,-5.776442,Delhi,India,2018,True,True,False,False,1,2.3,1644,Operational
RES003341,Sao Paulo French Place 3341,Local,French,-80.004646,-49.606942,Sao Paulo,Brazil,1963,False,True,False,True,1,2.6,2567,Operational
RES003342,Thai Chain 3342,Chain,Thai,66.338264,80.662288,Sao Paulo,Brazil,2006,False,True,False,True,1,3.0,4531,Closed Temporarily
RES003343,Rio de Janeiro Thai Place 3343,Local,Thai,-85.564565,89.720752,Rio de Janeiro,Brazil,1999,True,True,False,False,3,4.9,3889,Operational
RES003344,New York Chinese Place 3344,Local,Chinese,37.406146,-40.772106,New York,USA,1968,False,True,True,False,1,2.7,4547,Operational
RES003345,Sao Paulo Indian Place 3345,Local,Indian,33.690748,20.990073,Sao Paulo,Brazil,1956,True,False,False,True,4,3.5,2177,Operational
RES003346,Manchester Mediterranean Place 3346,Local,Mediterranean,-37.106461,147.781936,Manchester,United Kingdom,1950,True,True,True,False,1,2.9,4827,Operational
RES003347,French Chain 3347,Chain,French,11.228293,-138.66066,Rio de Janeiro,Brazil,1986,True,False,False,False,1,4.7,4870,Operational
RES003348,London Brazilian Place 3348,Local,Brazilian,-36.101623,-26.642407,London,United Kingdom,1984,False,False,True,True,4,2.0,1274,Operational
RES003349,Thai Chain 3349,Chain,Thai,-52.694449,57.900227,Los Angeles,USA,1997,True,True,False,False,1,4.7,4827,Operational
RES003350,New York Mexican Place 3350,Local,Mexican,44.69167,69.926002,New York,USA,1966,False,True,False,False,1,5.0,787,Operational
RES003351,French Chain 3351,Chain,French,-36.373385,-99.06659,Tokyo,Japan,1987,False,False,True,False,4,2.8,4064,Operational
RES003352,Rio de Janeiro French Place 3352,Local,French,88.109517,-64.597319,Rio de Janeiro,Brazil,1984,False,True,False,False,2,2.6,2684,Operational
RES003353,Manchester Japanese Place 3353,Local,Japanese,-17.51657,-1.050529,Manchester,United Kingdom,1967,True,True,False,True,1,4.2,3120,Operational
RES003354,Rio de Janeiro Japanese Place 3354,Local,Japanese,-53.441625,-128.104886,Rio de Janeiro,Brazil,1994,False,True,True,True,4,2.6,3276,Operational
RES003355,Osaka American Place 3355,Local,American,27.501424,-92.709025,Osaka,Japan,1977,True,True,True,True,3,2.1,2092,Operational
RES003356,Mumbai Pizza Place 3356,Local,Pizza,35.746612,22.173435,Mumbai,India,1956,True,False,False,True,3,4.1,404,Operational
RES003357,Tokyo Chinese Place 3357,Local,Chinese,-32.037104,22.291101,Tokyo,Japan,1989,True,True,True,True,3,3.4,436,Operational
RES003358,Delhi Mexican Place 3358,Local,Mexican,-14.390367,-158.346851,Delhi,India,1952,False,False,True,True,4,2.6,1355,Closed Temporarily
RES003359,New York Brazilian Place 3359,Local,Brazilian,-1.114956,167.252199,New York,USA,1962,False,True,True,True,3,4.8,4640,Operational
RES003360,Tokyo Pizza Place 3360,Local,Pizza,73.210521,118.699577,Tokyo,Japan,1954,False,True,False,False,4,4.9,1662,Operational
RES003361,Mumbai Italian Place 3361,Local,Italian,-82.784559,115.55232,Mumbai,India,1991,False,True,False,True,3,4.2,1375,Operational
RES003362,London American Place 3362,Local,American,-1.99584,160.805379,London,United Kingdom,1961,True,False,True,False,4,2.7,885,Operational
RES003363,Sao Paulo Indian Place 3363,Local,Indian,-73.282696,-73.58196,Sao Paulo,Brazil,2020,True,True,True,False,1,4.9,1991,Operational
RES003364,Manchester Indian Place 3364,Local,Indian,-10.201876,-167.548289,Manchester,United Kingdom,2008,False,False,True,True,2,2.3,289,Operational
RES003365,Sao Paulo Indian Place 3365,Local,Indian,-50.870624,-101.803199,Sao Paulo,Brazil,1958,False,True,True,True,1,3.4,4271,Closed Temporarily
RES003366,Delhi Mexican Place 3366,Local,Mexican,-41.475875,-36.395257,Delhi,India,1996,True,False,True,True,3,4.8,3872,Operational
RES003367,Tokyo Italian Place 3367,Local,Italian,-73.242926,40.953815,Tokyo,Japan,1975,False,True,True,False,4,3.5,311,Operational
RES003368,French Chain 3368,Chain,French,-66.140592,-81.693567,Tokyo,Japan,1951,False,True,True,False,4,4.9,4818,Operational
RES003369,Sao Paulo Chinese Place 3369,Local,Chinese,-23.486152,-159.492341,Sao Paulo,Brazil,2011,False,False,True,True,3,4.9,4130,Operational
RES003370,Thai Chain 3370,Chain,Thai,-51.716331,-41.439715,New York,USA,1997,False,False,True,True,3,2.7,2113,Operational
RES003371,Delhi Burger Place 3371,Local,Burger,79.718612,-47.928379,Delhi,India,2023,True,True,False,False,3,3.5,4990,Operational
RES003372,Mediterranean Chain 3372,Chain,Mediterranean,-42.848853,-173.90722,Mumbai,India,1961,True,True,False,False,2,4.8,4991,Closed Temporarily
RES003373,Manchester Pizza Place 3373,Local,Pizza,39.407472,-107.117262,Manchester,United Kingdom,2006,False,True,True,True,2,3.9,417,Operational
RES003374,Sao Paulo Chinese Place 3374,Local,Chinese,-22.681366,-14.491487,Sao Paulo,Brazil,1964,True,False,False,True,2,4.5,4846,Operational
RES003375,Mediterranean Chain 3375,Chain,Mediterranean,-24.726719,-82.677164,Manchester,United Kingdom,2017,True,False,True,True,3,4.9,247,Operational
RES003376,Sao Paulo Mediterranean Place 3376,Local,Mediterranean,-80.815605,-42.412737,Sao Paulo,Brazil,1990,False,False,True,True,3,4.8,4247,Operational
RES003377,Italian Chain 3377,Chain,Italian,-50.568683,18.305646,London,United Kingdom,1996,False,False,True,True,2,4.0,4747,Operational
RES003378,Mumbai Burger Place 3378,Local,Burger,47.531229,53.003774,Mumbai,India,1984,True,False,False,False,4,3.6,812,Operational
RES003379,Chinese Chain 3379,Chain,Chinese,73.879659,154.821763,Osaka,Japan,1954,False,True,True,True,2,2.7,2350,Closed Temporarily
RES003380,Indian Chain 3380,Chain,Indian,5.494992,145.61532,Osaka,Japan,2014,False,True,False,True,4,2.1,4847,Operational
RES003381,Italian Chain 3381,Chain,Italian,-41.415058,-148.959639,New York,USA,1952,True,True,True,False,1,3.0,1350,Operational
RES003382,Rio de Janeiro Chinese Place 3382,Local,Chinese,38.253128,18.580855,Rio de Janeiro,Brazil,1954,True,False,False,True,2,3.7,4462,Closed Temporarily
RES003383,Mumbai French Place 3383,Local,French,79.827313,-55.754739,Mumbai,India,1970,True,False,False,False,3,4.6,2394,Operational
RES003384,Sao Paulo Japanese Place 3384,Local,Japanese,86.403786,60.384333,Sao Paulo,Brazil,2017,True,False,False,True,2,2.3,2150,Closed Temporarily
RES003385,American Chain 3385,Chain,American,34.69984,151.005943,Mumbai,India,1964,True,True,False,True,1,2.4,4379,Operational
RES003386,London Thai Place 3386,Local,Thai,22.989251,107.379796,London,United Kingdom,1953,True,True,False,False,2,3.9,1743,Operational
RES003387,Pizza Chain 3387,Chain,Pizza,4.292432,168.751411,Osaka,Japan,1962,True,False,False,True,2,3.6,2311,Operational
RES003388,Delhi Japanese Place 3388,Local,Japanese,-50.106308,96.840259,Delhi,India,1965,True,True,False,False,2,3.3,1139,Operational
RES003389,Manchester Japanese Place 3389,Local,Japanese,21.095988,-98.196736,Manchester,United Kingdom,2012,True,False,False,True,4,3.0,98,Operational
RES003390,Japanese Chain 3390,Chain,Japanese,-39.564719,27.758188,Osaka,Japan,1993,True,False,False,True,3,2.5,2192,Operational
RES003391,Thai Chain 3391,Chain,Thai,48.078023,166.958111,Mumbai,India,1958,False,True,False,False,3,3.7,1774,Operational
RES003392,Rio de Janeiro Mediterranean Place 3392,Local,Mediterranean,58.431138,-23.569643,Rio de Janeiro,Brazil,1951,False,True,True,True,1,3.0,3175,Operational
RES003393,Osaka Brazilian Place 3393,Local,Brazilian,71.112478,74.327157,Osaka,Japan,1987,False,True,True,False,2,2.9,4355,Operational
RES003394,Manchester Pizza Place 3394,Local,Pizza,-80.361354,-125.67823,Manchester,United Kingdom,1964,True,True,True,True,2,3.4,2531,Operational
RES003395,Rio de Janeiro Chinese Place 3395,Local,Chinese,-72.409375,-114.97986,Rio de Janeiro,Brazil,2001,False,True,False,True,2,3.2,3634,Operational
RES003396,American Chain 3396,Chain,American,-65.028359,-54.57327,Tokyo,Japan,1979,True,False,False,False,4,3.4,404,Operational
RES003397,Mediterranean Chain 3397,Chain,Mediterranean,86.124108,-144.689065,Manchester,United Kingdom,1972,True,False,True,False,4,5.0,3722,Operational
RES003398,Chinese Chain 3398,Chain,Chinese,-64.10943,-85.377462,New York,USA,1985,True,True,True,False,1,2.1,1078,Operational
RES003399,Tokyo Italian Place 3399,Local,Italian,58.723915,-173.36457,Tokyo,Japan,2017,False,True,False,True,3,4.6,2190,Operational
RES003400,Mexican Chain 3400,Chain,Mexican,-48.93468,-143.562313,Osaka,Japan,2017,False,True,True,False,2,4.7,722,Operational
RES003401,Indian Chain 3401,Chain,Indian,-65.571985,103.286384,Rio de Janeiro,Brazil,2001,True,True,True,True,1,2.4,4382,Operational
RES003402,London Italian Place 3402,Local,Italian,44.938865,162.62749,London,United Kingdom,1974,False,False,True,True,2,2.9,4267,Operational
RES003403,London Mediterranean Place 3403,Local,Mediterranean,64.71781,-163.017922,London,United Kingdom,1996,True,False,True,True,1,3.1,4813,Closed Temporarily
RES003404,Los Angeles Indian Place 3404,Local,Indian,17.741126,102.095855,Los Angeles,USA,1979,True,True,True,True,1,3.1,4670,Operational
RES003405,London Thai Place 3405,Local,Thai,49.179619,-69.186408,London,United Kingdom,1996,False,False,True,True,2,3.1,4562,Operational
RES003406,London American Place 3406,Local,American,-58.864328,124.081948,London,United Kingdom,2000,False,False,True,True,3,3.9,863,Operational
RES003407,Burger Chain 3407,Chain,Burger,11.815418,-170.436131,New York,USA,1972,False,False,True,False,1,2.4,1981,Operational
RES003408,Manchester Thai Place 3408,Local,Thai,72.702534,17.312969,Manchester,United Kingdom,1974,False,False,True,False,4,3.7,604,Operational
RES003409,Italian Chain 3409,Chain,Italian,37.432409,145.140281,Osaka,Japan,1987,False,False,True,True,2,3.9,4273,Operational
RES003410,Rio de Janeiro American Place 3410,Local,American,71.999757,-96.343516,Rio de Janeiro,Brazil,1993,True,True,False,False,1,4.5,1447,Closed Temporarily
RES003411,Mexican Chain 3411,Chain,Mexican,30.097403,82.429919,Rio de Janeiro,Brazil,2017,True,False,False,True,3,2.8,1729,Operational
RES003412,London Chinese Place 3412,Local,Chinese,53.877967,-168.264293,London,United Kingdom,1986,True,False,False,True,2,4.0,1922,Operational
RES003413,Rio de Janeiro Pizza Place 3413,Local,Pizza,28.200033,-56.671249,Rio de Janeiro,Brazil,2017,True,False,True,True,4,3.9,4143,Closed Temporarily
RES003414,Los Angeles Chinese Place 3414,Local,Chinese,-84.687246,-156.364138,Los Angeles,USA,2007,False,False,True,False,1,2.5,3205,Operational
RES003415,Tokyo French Place 3415,Local,French,72.862854,-168.380137,Tokyo,Japan,1968,True,False,True,False,3,3.4,666,Operational
RES003416,Osaka Indian Place 3416,Local,Indian,-8.640762,135.94066,Osaka,Japan,2002,True,False,False,True,4,2.0,159,Operational
RES003417,London Indian Place 3417,Local,Indian,-14.542044,121.838516,London,United Kingdom,1999,True,True,False,False,3,2.5,4781,Operational
RES003418,Tokyo Thai Place 3418,Local,Thai,-89.045894,24.54218,Tokyo,Japan,1995,True,False,False,True,4,5.0,2833,Operational
RES003419,Los Angeles American Place 3419,Local,American,23.344641,-146.725422,Los Angeles,USA,2012,True,True,False,False,3,2.6,495,Operational
RES003420,London Burger Place 3420,Local,Burger,-43.221339,38.848742,London,United Kingdom,1972,False,True,False,True,2,2.3,1451,Operational
RES003421,Tokyo Thai Place 3421,Local,Thai,-81.39703,71.912132,Tokyo,Japan,1991,True,False,False,False,3,3.1,4153,Operational
RES003422,Manchester American Place 3422,Local,American,85.263464,-169.556515,Manchester,United Kingdom,1985,False,True,True,True,2,2.0,3461,Operational
RES003423,Tokyo Brazilian Place 3423,Local,Brazilian,-83.975341,77.27289,Tokyo,Japan,1978,True,False,True,True,2,4.5,4252,Operational
RES003424,Indian Chain 3424,Chain,Indian,-49.023558,-152.565761,Manchester,United Kingdom,2016,True,False,False,False,3,4.7,677,Operational
RES003425,Osaka Italian Place 3425,Local,Italian,35.058799,-56.592388,Osaka,Japan,2015,False,True,False,False,3,3.0,966,Operational
RES003426,Manchester Chinese Place 3426,Local,Chinese,20.258683,-148.914702,Manchester,United Kingdom,1972,True,False,False,False,4,3.0,4107,Operational
RES003427,Tokyo French Place 3427,Local,French,84.736322,132.135193,Tokyo,Japan,1992,True,False,False,False,4,3.5,672,Operational
RES003428,Indian Chain 3428,Chain,Indian,50.515037,-50.279164,Manchester,United Kingdom,1997,True,True,True,False,2,2.1,3801,Operational
RES003429,Delhi Mediterranean Place 3429,Local,Mediterranean,-59.516731,-81.214333,Delhi,India,1961,True,False,False,False,4,2.0,1461,Operational
RES003430,Delhi Italian Place 3430,Local,Italian,10.709601,-139.848714,Delhi,India,2007,True,True,False,True,2,4.9,3496,Operational
RES003431,Japanese Chain 3431,Chain,Japanese,-73.985235,7.928521,Osaka,Japan,1985,True,False,False,False,1,4.0,1033,Operational
RES003432,Mumbai Japanese Place 3432,Local,Japanese,46.9537,33.588664,Mumbai,India,2009,False,False,True,False,2,3.1,2581,Operational
RES003433,London Mexican Place 3433,Local,Mexican,-74.615981,9.661421,London,United Kingdom,1956,False,True,True,False,3,2.8,4292,Operational
RES003434,Manchester Mediterranean Place 3434,Local,Mediterranean,-56.980661,-50.12384,Manchester,United Kingdom,1967,True,False,True,True,3,2.1,4654,Operational
RES003435,London Italian Place 3435,Local,Italian,28.961135,60.37681,London,United Kingdom,2023,True,True,False,True,4,4.2,1683,Operational
RES003436,Los Angeles Brazilian Place 3436,Local,Brazilian,-21.850133,-153.660695,Los Angeles,USA,2002,True,False,True,True,1,4.0,4520,Operational
RES003437,Thai Chain 3437,Chain,Thai,-68.380451,152.406585,New York,USA,2009,False,True,True,False,2,4.3,808,Operational
RES003438,Mediterranean Chain 3438,Chain,Mediterranean,-72.091221,1.257925,Delhi,India,1980,True,False,True,True,4,4.6,1810,Operational
RES003439,Osaka Italian Place 3439,Local,Italian,39.374649,-95.640004,Osaka,Japan,1961,True,True,True,True,3,3.3,410,Operational
RES003440,Manchester French Place 3440,Local,French,17.341674,-160.513614,Manchester,United Kingdom,1963,True,True,False,True,3,2.9,2358,Operational
RES003441,New York Mediterranean Place 3441,Local,Mediterranean,39.022388,-153.473035,New York,USA,1986,False,False,True,False,4,2.2,1289,Operational
RES003442,Chinese Chain 3442,Chain,Chinese,13.129029,-76.264321,Tokyo,Japan,1952,True,True,True,True,4,3.5,4880,Operational
RES003443,Rio de Janeiro Burger Place 3443,Local,Burger,-9.34811,-76.69357,Rio de Janeiro,Brazil,1956,False,False,True,False,1,2.4,4153,Operational
RES003444,London Burger Place 3444,Local,Burger,-24.47387,-50.101411,London,United Kingdom,1964,True,False,True,False,4,2.6,2939,Operational
RES003445,Osaka Brazilian Place 3445,Local,Brazilian,-33.677614,15.749135,Osaka,Japan,1970,True,True,False,False,2,4.0,22,Operational
RES003446,Tokyo Chinese Place 3446,Local,Chinese,-53.67517,-171.490658,Tokyo,Japan,2014,False,True,False,True,4,2.9,4289,Operational
RES003447,New York Mediterranean Place 3447,Local,Mediterranean,46.616569,75.108157,New York,USA,1966,False,False,True,False,2,3.9,3450,Operational
RES003448,Mumbai American Place 3448,Local,American,86.060125,-143.995282,Mumbai,India,1959,True,True,False,False,1,3.5,2223,Operational
RES003449,Mediterranean Chain 3449,Chain,Mediterranean,-68.782153,-109.170167,Sao Paulo,Brazil,2016,False,True,False,True,1,4.3,4068,Operational
RES003450,Osaka Mediterranean Place 3450,Local,Mediterranean,-29.853203,-51.42567,Osaka,Japan,1979,True,True,True,True,2,2.7,996,Operational
RES003451,London American Place 3451,Local,American,-17.705427,-168.388992,London,United Kingdom,2009,True,False,False,False,2,4.5,3691,Operational
RES003452,Mexican Chain 3452,Chain,Mexican,-51.215997,-135.39112,New York,USA,1960,True,False,True,False,4,3.1,1425,Operational
RES003453,Brazilian Chain 3453,Chain,Brazilian,79.000727,56.243206,Manchester,United Kingdom,1989,True,False,False,False,1,2.9,4595,Operational
RES003454,American Chain 3454,Chain,American,-42.24966,-61.80817,Mumbai,India,1974,True,True,True,True,4,2.2,3667,Operational
RES003455,Osaka Indian Place 3455,Local,Indian,21.893351,-6.362136,Osaka,Japan,2001,False,True,True,False,3,2.4,3095,Operational
RES003456,Brazilian Chain 3456,Chain,Brazilian,1.815818,-26.104759,Osaka,Japan,2012,False,True,True,False,4,3.6,2158,Operational
RES003457,New York Japanese Place 3457,Local,Japanese,19.473637,-90.925753,New York,USA,1985,False,True,True,False,2,3.9,1074,Operational
RES003458,Mumbai Italian Place 3458,Local,Italian,3.995518,21.802021,Mumbai,India,1985,False,False,True,True,2,3.8,436,Operational
RES003459,Los Angeles Italian Place 3459,Local,Italian,25.304806,129.330035,Los Angeles,USA,2021,True,True,True,False,1,5.0,2521,Operational
RES003460,Tokyo Brazilian Place 3460,Local,Brazilian,-23.592453,55.704033,Tokyo,Japan,1979,True,False,False,False,3,2.5,4592,Operational
RES003461,London Japanese Place 3461,Local,Japanese,-58.124645,40.283952,London,United Kingdom,1974,True,False,False,False,3,4.8,4631,Operational
RES003462,Delhi Burger Place 3462,Local,Burger,-27.133083,29.438005,Delhi,India,1988,True,False,False,False,1,5.0,4088,Operational
RES003463,London American Place 3463,Local,American,6.798022,-162.077601,London,United Kingdom,1980,False,False,True,False,2,3.0,2949,Operational
RES003464,American Chain 3464,Chain,American,45.260936,-50.479613,Manchester,United Kingdom,2002,True,True,False,False,3,4.2,4005,Operational
RES003465,French Chain 3465,Chain,French,-34.090459,154.424385,Manchester,United Kingdom,1977,True,True,False,False,3,3.7,1844,Operational
RES003466,Los Angeles Mexican Place 3466,Local,Mexican,-23.063691,78.60128,Los Angeles,USA,2012,False,True,True,False,1,2.2,2628,Operational
RES003467,Osaka Italian Place 3467,Local,Italian,-51.179382,74.104538,Osaka,Japan,1979,True,True,True,False,2,4.3,255,Operational
RES003468,Osaka Thai Place 3468,Local,Thai,43.843177,24.587227,Osaka,Japan,1963,True,False,True,True,2,4.6,1127,Operational
RES003469,Burger Chain 3469,Chain,Burger,-22.06713,67.079468,Osaka,Japan,2017,True,False,True,False,1,3.3,891,Operational
RES003470,Delhi French Place 3470,Local,French,71.926106,-85.180687,Delhi,India,1985,True,True,False,False,4,4.4,81,Operational
RES003471,New York Chinese Place 3471,Local,Chinese,-14.188936,-12.932256,New York,USA,1980,True,True,True,True,1,4.0,4246,Closed Temporarily
RES003472,Mexican Chain 3472,Chain,Mexican,71.553887,46.737962,Delhi,India,1989,False,True,True,False,1,4.2,3323,Operational
RES003473,Osaka Indian Place 3473,Local,Indian,25.563041,133.321567,Osaka,Japan,1997,True,True,True,False,2,2.2,3896,Operational
RES003474,Manchester French Place 3474,Local,French,-40.187674,48.454724,Manchester,United Kingdom,1978,False,True,True,True,2,4.9,119,Operational
RES003475,London American Place 3475,Local,American,62.556534,97.639886,London,United Kingdom,1960,True,False,False,False,1,3.5,3343,Operational
RES003476,Burger Chain 3476,Chain,Burger,-26.362275,-122.91371,New York,USA,2008,True,True,True,True,2,2.1,3380,Operational
RES003477,French Chain 3477,Chain,French,-76.215733,158.652141,Sao Paulo,Brazil,2014,False,True,True,True,3,2.5,212,Operational
RES003478,Manchester French Place 3478,Local,French,-8.4883,88.920952,Manchester,United Kingdom,1986,True,True,False,False,2,2.5,316,Operational
RES003479,Tokyo Brazilian Place 3479,Local,Brazilian,29.167669,-26.202429,Tokyo,Japan,1952,False,True,False,False,1,4.4,1913,Operational
RES003480,Los Angeles Indian Place 3480,Local,Indian,-78.66769,-20.253384,Los Angeles,USA,2018,True,False,True,False,1,2.9,1446,Operational
RES003481,Mumbai Brazilian Place 3481,Local,Brazilian,84.310508,-177.830767,Mumbai,India,1957,True,True,True,False,1,3.4,2489,Closed Temporarily
RES003482,Los Angeles Brazilian Place 3482,Local,Brazilian,74.468442,37.142795,Los Angeles,USA,1984,True,False,False,True,1,3.0,2186,Closed Temporarily
RES003483,Mumbai American Place 3483,Local,American,-61.787621,-123.086366,Mumbai,India,1960,True,True,True,True,1,3.4,4054,Operational
RES003484,Delhi French Place 3484,Local,French,-35.809004,-45.33387,Delhi,India,1986,False,False,True,True,3,4.4,949,Operational
RES003485,Osaka Japanese Place 3485,Local,Japanese,12.034253,43.600004,Osaka,Japan,2007,True,False,False,False,3,3.4,4151,Operational
RES003486,Rio de Janeiro French Place 3486,Local,French,-66.56139,147.863656,Rio de Janeiro,Brazil,1994,True,False,False,False,2,2.5,1016,Operational
RES003487,Mexican Chain 3487,Chain,Mexican,-60.438187,88.472309,London,United Kingdom,1996,False,True,True,True,4,4.6,3780,Operational
RES003488,Chinese Chain 3488,Chain,Chinese,48.958994,151.327592,Sao Paulo,Brazil,2023,False,True,True,True,4,2.8,1690,Operational
RES003489,Rio de Janeiro American Place 3489,Local,American,69.070213,-137.300401,Rio de Janeiro,Brazil,2019,True,True,False,True,4,4.0,2944,Operational
RES003490,Manchester Italian Place 3490,Local,Italian,84.76334,-177.957275,Manchester,United Kingdom,1982,True,False,True,True,1,2.6,2858,Closed Temporarily
RES003491,Mexican Chain 3491,Chain,Mexican,-73.61008,159.059857,Manchester,United Kingdom,1959,True,True,False,True,2,2.1,814,Operational
RES003492,Los Angeles Chinese Place 3492,Local,Chinese,-8.254058,-53.345657,Los Angeles,USA,1962,True,True,True,False,2,3.0,3694,Operational
RES003493,Tokyo French Place 3493,Local,French,53.339074,-169.730214,Tokyo,Japan,1968,True,False,False,False,4,2.9,3433,Operational
RES003494,Japanese Chain 3494,Chain,Japanese,60.309705,123.64126,Osaka,Japan,2021,False,True,True,False,4,4.0,173,Operational
RES003495,American Chain 3495,Chain,American,42.749127,-69.374982,Tokyo,Japan,1988,False,True,False,True,4,3.1,1231,Operational
RES003496,Tokyo Brazilian Place 3496,Local,Brazilian,-70.315674,95.630362,Tokyo,Japan,1961,True,False,True,False,1,3.8,2306,Operational
RES003497,Rio de Janeiro Japanese Place 3497,Local,Japanese,41.484689,41.477864,Rio de Janeiro,Brazil,1989,False,True,True,True,4,4.3,1676,Operational
RES003498,Osaka Italian Place 3498,Local,Italian,-46.046678,-96.813606,Osaka,Japan,2003,True,False,False,True,3,3.8,3797,Operational
RES003499,Pizza Chain 3499,Chain,Pizza,-70.214461,-65.409692,Mumbai,India,2014,True,False,False,True,4,4.0,1396,Operational
RES003500,Osaka Pizza Place 3500,Local,Pizza,31.295831,137.358625,Osaka,Japan,1962,True,False,True,True,4,4.8,2898,Operational
RES003501,Manchester Burger Place 3501,Local,Burger,-13.887334,91.845248,Manchester,United Kingdom,2020,False,False,True,True,1,4.6,923,Operational
RES003502,Manchester Burger Place 3502,Local,Burger,82.147846,9.12258,Manchester,United Kingdom,1987,False,False,True,False,3,2.6,2002,Operational
RES003503,Manchester Burger Place 3503,Local,Burger,65.195495,-97.212234,Manchester,United Kingdom,1992,True,True,False,False,4,2.8,4014,Operational
RES003504,Rio de Janeiro Italian Place 3504,Local,Italian,64.136506,-123.227363,Rio de Janeiro,Brazil,1955,True,True,False,False,2,3.6,1323,Operational
RES003505,French Chain 3505,Chain,French,-51.799752,-24.365025,Los Angeles,USA,1975,False,False,True,True,1,2.7,4261,Operational
RES003506,Sao Paulo Burger Place 3506,Local,Burger,33.13619,-26.32434,Sao Paulo,Brazil,1997,True,True,True,False,1,4.2,4616,Closed Temporarily
RES003507,Mexican Chain 3507,Chain,Mexican,50.533508,-47.511148,London,United Kingdom,1958,True,False,True,True,2,2.9,3051,Operational
RES003508,Pizza Chain 3508,Chain,Pizza,79.144966,-179.537102,Los Angeles,USA,1963,False,True,True,True,2,2.5,2689,Operational
RES003509,Sao Paulo Pizza Place 3509,Local,Pizza,59.6532,-56.848173,Sao Paulo,Brazil,1986,True,False,False,True,2,4.4,1586,Operational
RES003510,Mumbai Pizza Place 3510,Local,Pizza,-88.2939,-110.555517,Mumbai,India,1991,True,True,False,False,3,4.2,2380,Operational
RES003511,Los Angeles Thai Place 3511,Local,Thai,-86.804695,-49.09553,Los Angeles,USA,1990,False,True,False,False,1,2.9,904,Operational
RES003512,Sao Paulo Italian Place 3512,Local,Italian,22.091658,-161.396716,Sao Paulo,Brazil,1967,True,True,True,True,3,2.9,3492,Operational
RES003513,French Chain 3513,Chain,French,-6.650197,-144.106411,Los Angeles,USA,1965,True,False,False,False,2,3.9,2203,Operational
RES003514,Brazilian Chain 3514,Chain,Brazilian,-73.43873,-6.428149,Tokyo,Japan,2003,True,False,True,True,1,3.7,3677,Operational
RES003515,Mediterranean Chain 3515,Chain,Mediterranean,-43.008724,62.61034,Sao Paulo,Brazil,1962,False,False,True,True,4,4.5,436,Operational
RES003516,Sao Paulo Pizza Place 3516,Local,Pizza,-83.830126,-0.477471,Sao Paulo,Brazil,2021,True,True,False,False,2,3.7,3548,Operational
RES003517,Rio de Janeiro Mediterranean Place 3517,Local,Mediterranean,-73.556298,-22.124948,Rio de Janeiro,Brazil,2003,False,False,True,False,4,2.1,1453,Operational
RES003518,Mumbai Italian Place 3518,Local,Italian,-16.858119,-50.553942,Mumbai,India,1995,True,True,False,True,4,2.9,1926,Operational
RES003519,Mumbai Indian Place 3519,Local,Indian,-75.254194,32.42026,Mumbai,India,1998,True,False,False,False,1,2.4,1415,Operational
RES003520,Tokyo Mediterranean Place 3520,Local,Mediterranean,21.239702,44.728844,Tokyo,Japan,1990,False,False,True,False,4,2.8,1008,Operational
RES003521,New York Italian Place 3521,Local,Italian,58.79865,172.179846,New York,USA,2006,True,False,True,True,3,5.0,4026,Operational
RES003522,Rio de Janeiro Chinese Place 3522,Local,Chinese,-5.017389,-124.141582,Rio de Janeiro,Brazil,1990,False,True,True,True,3,3.7,1755,Operational
RES003523,Mumbai French Place 3523,Local,French,54.249005,67.389806,Mumbai,India,2006,True,False,True,False,4,2.5,2997,Operational
RES003524,Osaka Chinese Place 3524,Local,Chinese,70.10703,-115.654226,Osaka,Japan,2001,True,False,True,False,2,2.0,2622,Operational
RES003525,New York Thai Place 3525,Local,Thai,-75.669355,111.269954,New York,USA,1997,True,False,False,False,1,4.0,2003,Operational
RES003526,Sao Paulo Thai Place 3526,Local,Thai,85.380306,-93.44589,Sao Paulo,Brazil,1983,False,True,True,True,2,3.3,1147,Operational
RES003527,Mumbai Thai Place 3527,Local,Thai,82.673673,105.689874,Mumbai,India,1989,True,False,True,False,2,2.3,1307,Closed Temporarily
RES003528,Rio de Janeiro French Place 3528,Local,French,-33.870075,114.453832,Rio de Janeiro,Brazil,1994,True,False,False,True,3,2.2,2465,Operational
RES003529,Chinese Chain 3529,Chain,Chinese,15.315529,6.162664,Rio de Janeiro,Brazil,1992,True,False,False,False,1,4.0,4121,Operational
RES003530,Rio de Janeiro Mexican Place 3530,Local,Mexican,23.284159,165.154718,Rio de Janeiro,Brazil,1966,False,True,False,False,4,2.4,3171,Operational
RES003531,Rio de Janeiro American Place 3531,Local,American,-2.338417,-134.640439,Rio de Janeiro,Brazil,2002,True,True,False,True,4,4.3,440,Operational
RES003532,Osaka Brazilian Place 3532,Local,Brazilian,-78.464729,124.312499,Osaka,Japan,1970,False,True,False,False,1,4.9,3969,Operational
RES003533,Sao Paulo Italian Place 3533,Local,Italian,49.977082,-152.982943,Sao Paulo,Brazil,1953,False,True,True,True,1,3.7,2661,Operational
RES003534,London Thai Place 3534,Local,Thai,36.781187,-157.893183,London,United Kingdom,2013,False,True,True,False,1,4.2,4963,Operational
RES003535,Mumbai Italian Place 3535,Local,Italian,-35.155163,127.862785,Mumbai,India,2002,False,False,True,True,2,4.3,1114,Operational
RES003536,Mumbai Pizza Place 3536,Local,Pizza,-49.715942,-2.381005,Mumbai,India,1986,False,False,True,True,4,4.8,342,Operational
RES003537,Manchester Japanese Place 3537,Local,Japanese,59.538082,-107.989674,Manchester,United Kingdom,2023,True,True,False,False,3,2.7,3976,Operational
RES003538,New York Mexican Place 3538,Local,Mexican,-72.522123,-72.343608,New York,USA,1963,True,True,False,True,4,3.1,4180,Closed Temporarily
RES003539,Mumbai Burger Place 3539,Local,Burger,87.089109,-47.361438,Mumbai,India,1971,False,True,False,False,4,2.4,3052,Operational
RES003540,Mumbai Thai Place 3540,Local,Thai,-2.54688,84.448732,Mumbai,India,1977,False,False,True,True,3,4.5,3161,Operational
RES003541,Brazilian Chain 3541,Chain,Brazilian,53.721261,-146.316256,Mumbai,India,1998,True,True,True,True,2,3.8,1091,Operational
RES003542,Osaka Mexican Place 3542,Local,Mexican,61.997462,13.614111,Osaka,Japan,1973,True,True,False,False,3,3.3,4350,Operational
RES003543,Osaka Japanese Place 3543,Local,Japanese,35.28829,53.188845,Osaka,Japan,1961,False,False,True,False,2,2.5,1467,Operational
RES003544,Tokyo Indian Place 3544,Local,Indian,-54.905115,164.225096,Tokyo,Japan,1961,True,True,False,False,4,2.3,4775,Operational
RES003545,Los Angeles Thai Place 3545,Local,Thai,-83.443199,-145.199983,Los Angeles,USA,1962,True,False,True,False,3,2.6,3410,Operational
RES003546,Mumbai Pizza Place 3546,Local,Pizza,58.471116,-155.146316,Mumbai,India,1976,True,True,True,False,1,2.5,1905,Operational
RES003547,Japanese Chain 3547,Chain,Japanese,-52.325647,-81.659953,Delhi,India,1988,True,True,True,False,2,4.0,2035,Operational
RES003548,Mumbai Pizza Place 3548,Local,Pizza,-39.726099,121.585485,Mumbai,India,2014,True,True,True,True,3,3.3,3000,Operational
RES003549,American Chain 3549,Chain,American,-0.718282,-117.669454,Los Angeles,USA,2000,True,True,True,True,3,4.2,4880,Operational
RES003550,Mexican Chain 3550,Chain,Mexican,34.382691,168.164097,Sao Paulo,Brazil,2001,True,False,False,True,2,3.7,2265,Operational
RES003551,Brazilian Chain 3551,Chain,Brazilian,35.918445,19.988526,Los Angeles,USA,1994,True,True,True,True,2,2.2,4857,Operational
RES003552,Italian Chain 3552,Chain,Italian,7.087515,-137.101985,Mumbai,India,1989,True,False,False,False,2,4.8,3653,Operational
RES003553,Delhi Italian Place 3553,Local,Italian,83.248058,41.034451,Delhi,India,2022,True,False,False,False,2,4.7,988,Operational
RES003554,London Japanese Place 3554,Local,Japanese,20.663296,64.737652,London,United Kingdom,1951,True,True,False,False,4,4.6,2686,Operational
RES003555,Osaka Italian Place 3555,Local,Italian,-26.427393,5.624704,Osaka,Japan,1986,False,True,False,True,3,3.5,3920,Operational
RES003556,Tokyo Thai Place 3556,Local,Thai,13.432019,-152.152937,Tokyo,Japan,1965,False,True,False,True,1,2.2,1989,Operational
RES003557,Rio de Janeiro Indian Place 3557,Local,Indian,-23.969786,-57.49867,Rio de Janeiro,Brazil,2018,False,False,True,False,1,4.7,3776,Operational
RES003558,Japanese Chain 3558,Chain,Japanese,3.926371,169.615647,Sao Paulo,Brazil,2006,False,True,True,True,3,2.6,4586,Operational
RES003559,Osaka Brazilian Place 3559,Local,Brazilian,-31.205624,-25.449199,Osaka,Japan,1950,True,False,False,True,4,2.7,3618,Operational
RES003560,Delhi Mediterranean Place 3560,Local,Mediterranean,81.323893,158.783996,Delhi,India,1956,True,True,False,True,2,3.5,1590,Operational
RES003561,Pizza Chain 3561,Chain,Pizza,-76.63652,178.150429,Tokyo,Japan,1967,False,True,False,True,3,3.6,3275,Operational
RES003562,French Chain 3562,Chain,French,-32.002008,53.34008,Tokyo,Japan,1961,False,False,True,False,2,3.8,3906,Operational
RES003563,Sao Paulo Thai Place 3563,Local,Thai,30.664418,-68.801645,Sao Paulo,Brazil,1987,True,True,True,True,2,4.6,439,Operational
RES003564,Tokyo Thai Place 3564,Local,Thai,-84.548357,-62.626467,Tokyo,Japan,1992,False,False,True,True,3,4.5,3489,Operational
RES003565,Mumbai Mexican Place 3565,Local,Mexican,-24.954372,-100.08474,Mumbai,India,1987,True,False,False,True,4,2.5,165,Closed Temporarily
RES003566,Pizza Chain 3566,Chain,Pizza,58.404907,-98.151453,Delhi,India,1972,False,True,True,True,4,4.4,3980,Operational
RES003567,Thai Chain 3567,Chain,Thai,12.961564,89.154099,Sao Paulo,Brazil,1967,True,False,False,True,1,4.3,3225,Operational
RES003568,Burger Chain 3568,Chain,Burger,-25.443705,-95.853508,Los Angeles,USA,1969,True,True,False,True,1,3.6,3072,Operational
RES003569,Mumbai Japanese Place 3569,Local,Japanese,-48.076906,-177.383974,Mumbai,India,2006,False,True,True,True,4,2.6,1601,Operational
RES003570,Delhi Brazilian Place 3570,Local,Brazilian,8.140457,123.441892,Delhi,India,2006,True,True,False,True,4,4.9,4308,Operational
RES003571,American Chain 3571,Chain,American,37.760638,-148.469266,Rio de Janeiro,Brazil,1975,True,True,False,False,2,3.1,2396,Operational
RES003572,Osaka Pizza Place 3572,Local,Pizza,-74.360271,39.942418,Osaka,Japan,2018,False,True,True,False,2,4.7,1703,Operational
RES003573,Sao Paulo Thai Place 3573,Local,Thai,-49.044829,40.841515,Sao Paulo,Brazil,1950,False,False,True,False,2,4.5,2943,Operational
RES003574,Mumbai Italian Place 3574,Local,Italian,-76.253555,168.917175,Mumbai,India,1965,True,False,True,True,2,4.5,2470,Operational
RES003575,Japanese Chain 3575,Chain,Japanese,-79.612572,147.54639,Delhi,India,2019,True,True,True,True,1,3.8,594,Operational
RES003576,Burger Chain 3576,Chain,Burger,-13.039161,-109.257795,Los Angeles,USA,2023,True,False,True,False,3,4.4,272,Operational
RES003577,Rio de Janeiro Burger Place 3577,Local,Burger,-2.507194,-63.585927,Rio de Janeiro,Brazil,1979,False,True,True,False,3,3.7,1093,Operational
RES003578,Chinese Chain 3578,Chain,Chinese,24.504509,93.917942,Delhi,India,1993,False,False,True,True,4,3.0,3014,Operational
RES003579,New York Mediterranean Place 3579,Local,Mediterranean,-24.38826,-77.819893,New York,USA,1980,True,True,False,False,3,2.8,1813,Operational
RES003580,Delhi Pizza Place 3580,Local,Pizza,35.643188,-23.765339,Delhi,India,1982,True,False,True,False,4,4.4,1965,Operational
RES003581,Sao Paulo Chinese Place 3581,Local,Chinese,84.650719,-77.454576,Sao Paulo,Brazil,2002,True,False,False,True,1,3.2,4030,Closed Temporarily
RES003582,Rio de Janeiro Mediterranean Place 3582,Local,Mediterranean,-29.910046,49.834252,Rio de Janeiro,Brazil,1969,False,False,True,True,4,4.7,2982,Operational
RES003583,Delhi Thai Place 3583,Local,Thai,25.926593,61.485462,Delhi,India,1960,True,False,True,False,1,4.7,3745,Operational
RES003584,Mexican Chain 3584,Chain,Mexican,-46.004325,148.089386,Delhi,India,2018,True,True,True,True,4,4.6,2140,Operational
RES003585,New York Mexican Place 3585,Local,Mexican,41.285765,-22.175067,New York,USA,2023,False,False,True,False,4,2.9,4574,Operational
RES003586,Delhi Mediterranean Place 3586,Local,Mediterranean,-41.731653,-20.000977,Delhi,India,1990,True,False,True,False,3,4.3,2762,Operational
RES003587,Delhi Brazilian Place 3587,Local,Brazilian,73.706505,-158.076666,Delhi,India,1979,True,False,False,False,2,4.9,4392,Operational
RES003588,London American Place 3588,Local,American,6.542732,161.159729,London,United Kingdom,1955,True,True,True,False,4,3.9,3351,Operational
RES003589,Mumbai Brazilian Place 3589,Local,Brazilian,38.74965,11.058768,Mumbai,India,1987,False,True,True,False,2,4.2,1320,Operational
RES003590,Manchester Brazilian Place 3590,Local,Brazilian,-25.031321,-96.656449,Manchester,United Kingdom,1965,False,False,True,False,3,3.5,2491,Operational
RES003591,Rio de Janeiro Mediterranean Place 3591,Local,Mediterranean,-7.973723,87.45459,Rio de Janeiro,Brazil,1987,True,False,True,False,4,2.7,4591,Operational
RES003592,London Brazilian Place 3592,Local,Brazilian,-10.238244,120.969331,London,United Kingdom,1997,True,True,False,True,3,4.3,1888,Operational
RES003593,Osaka Burger Place 3593,Local,Burger,2.706231,144.055798,Osaka,Japan,1951,True,False,True,False,2,2.7,333,Operational
RES003594,London Italian Place 3594,Local,Italian,-58.849229,169.689594,London,United Kingdom,1958,True,False,False,True,4,4.7,1731,Operational
RES003595,Japanese Chain 3595,Chain,Japanese,-76.53824,169.767846,New York,USA,1969,True,True,True,False,3,2.9,3655,Operational
RES003596,New York Thai Place 3596,Local,Thai,-82.950255,-19.905069,New York,USA,2013,True,False,False,True,3,3.0,3281,Operational
RES003597,Manchester Mediterranean Place 3597,Local,Mediterranean,-7.351525,-13.530879,Manchester,United Kingdom,2010,True,True,False,False,3,2.5,2655,Operational
RES003598,Mexican Chain 3598,Chain,Mexican,-63.205193,-97.404928,New York,USA,1978,False,True,True,False,4,4.9,3857,Operational
RES003599,Italian Chain 3599,Chain,Italian,37.606788,-174.60536,New York,USA,2003,True,True,False,False,4,2.6,4405,Operational
RES003600,Chinese Chain 3600,Chain,Chinese,-63.019992,162.994616,Sao Paulo,Brazil,1950,False,True,True,False,2,4.5,4848,Operational
RES003601,Tokyo Brazilian Place 3601,Local,Brazilian,80.94301,77.605485,Tokyo,Japan,2015,True,False,True,False,1,3.4,783,Operational
RES003602,Osaka Pizza Place 3602,Local,Pizza,-17.950754,-86.80995,Osaka,Japan,1969,False,True,False,False,3,2.8,2528,Operational
RES003603,Thai Chain 3603,Chain,Thai,-19.304836,-109.153036,New York,USA,1997,True,False,False,False,1,2.1,1820,Operational
RES003604,New York Mexican Place 3604,Local,Mexican,89.451114,152.810282,New York,USA,2007,True,False,False,True,4,2.0,1757,Operational
RES003605,Japanese Chain 3605,Chain,Japanese,-65.913467,122.916994,Tokyo,Japan,2017,False,True,False,False,1,3.6,3245,Operational
RES003606,Mumbai Mexican Place 3606,Local,Mexican,15.347452,20.008926,Mumbai,India,1951,True,False,False,False,3,4.1,1747,Operational
RES003607,Los Angeles Japanese Place 3607,Local,Japanese,-5.011945,-150.800679,Los Angeles,USA,1964,True,False,False,False,4,4.8,457,Operational
RES003608,Mumbai American Place 3608,Local,American,23.333606,113.380333,Mumbai,India,1998,False,False,True,False,2,4.4,1190,Operational
RES003609,London French Place 3609,Local,French,-6.422594,6.005895,London,United Kingdom,2012,True,True,False,False,4,2.4,13,Operational
RES003610,Italian Chain 3610,Chain,Italian,-36.000702,-21.195838,Rio de Janeiro,Brazil,2000,True,True,True,False,3,2.6,4384,Operational
RES003611,Los Angeles American Place 3611,Local,American,64.813086,-164.404198,Los Angeles,USA,1985,True,False,True,False,1,3.5,2423,Operational
RES003612,Italian Chain 3612,Chain,Italian,-15.959757,-10.749849,Osaka,Japan,1978,False,False,True,True,2,2.9,1098,Operational
RES003613,New York Brazilian Place 3613,Local,Brazilian,75.629891,34.798778,New York,USA,2018,False,True,True,False,3,4.7,739,Closed Temporarily
RES003614,Tokyo Mexican Place 3614,Local,Mexican,7.769042,91.629118,Tokyo,Japan,1960,True,False,False,True,3,3.2,4894,Operational
RES003615,New York Mediterranean Place 3615,Local,Mediterranean,76.789465,-159.150658,New York,USA,1950,True,False,True,True,2,3.3,422,Operational
RES003616,Sao Paulo Japanese Place 3616,Local,Japanese,85.521675,-8.042914,Sao Paulo,Brazil,1999,True,True,False,False,1,3.0,4997,Operational
RES003617,Manchester Indian Place 3617,Local,Indian,3.603936,-175.728707,Manchester,United Kingdom,1958,True,False,False,True,1,4.5,1325,Operational
RES003618,Sao Paulo Burger Place 3618,Local,Burger,75.766633,131.468317,Sao Paulo,Brazil,1955,False,True,True,True,4,5.0,3371,Operational
RES003619,Delhi Italian Place 3619,Local,Italian,-66.564602,-63.102142,Delhi,India,2018,False,True,True,False,3,2.9,3800,Operational
RES003620,Tokyo Chinese Place 3620,Local,Chinese,24.624987,107.553517,Tokyo,Japan,1955,True,False,False,True,2,4.1,241,Operational
RES003621,Sao Paulo Japanese Place 3621,Local,Japanese,-19.024294,-50.060278,Sao Paulo,Brazil,1959,True,False,True,False,4,3.4,1651,Operational
RES003622,Japanese Chain 3622,Chain,Japanese,-12.841558,65.712751,London,United Kingdom,1991,False,True,True,True,3,2.1,1822,Operational
RES003623,Manchester Indian Place 3623,Local,Indian,65.112427,-30.091057,Manchester,United Kingdom,1953,True,False,True,True,3,4.4,4095,Operational
RES003624,Sao Paulo Pizza Place 3624,Local,Pizza,86.936958,-93.064681,Sao Paulo,Brazil,1994,True,False,False,True,2,4.1,3568,Operational
RES003625,Los Angeles Mediterranean Place 3625,Local,Mediterranean,-67.762214,-9.717816,Los Angeles,USA,1991,False,True,False,False,4,4.2,855,Operational
RES003626,Chinese Chain 3626,Chain,Chinese,57.969157,57.115127,Manchester,United Kingdom,1959,False,False,True,False,1,2.9,39,Operational
RES003627,French Chain 3627,Chain,French,21.990978,-101.548014,London,United Kingdom,2018,True,False,False,False,3,4.0,4236,Operational
RES003628,Burger Chain 3628,Chain,Burger,-49.230819,-179.83227,Osaka,Japan,1991,True,False,True,False,1,4.0,532,Operational
RES003629,Osaka Thai Place 3629,Local,Thai,-0.642003,-71.365219,Osaka,Japan,1963,True,True,True,False,3,4.3,3563,Operational
RES003630,Rio de Janeiro Chinese Place 3630,Local,Chinese,-25.539459,-147.457584,Rio de Janeiro,Brazil,1995,True,False,False,True,1,4.6,1839,Operational
RES003631,Osaka Burger Place 3631,Local,Burger,17.526374,-14.743097,Osaka,Japan,1980,True,False,False,False,3,5.0,1735,Operational
RES003632,Delhi Mediterranean Place 3632,Local,Mediterranean,-78.166689,178.144571,Delhi,India,1990,True,False,False,True,1,2.1,1937,Operational
RES003633,Los Angeles French Place 3633,Local,French,54.414179,162.246638,Los Angeles,USA,2011,True,True,False,False,3,3.9,1070,Operational
RES003634,Chinese Chain 3634,Chain,Chinese,77.945145,72.701946,Rio de Janeiro,Brazil,1961,False,True,True,True,4,3.2,548,Operational
RES003635,Sao Paulo Indian Place 3635,Local,Indian,37.45532,-142.080015,Sao Paulo,Brazil,2012,True,True,False,False,4,4.3,768,Operational
RES003636,Mumbai Mexican Place 3636,Local,Mexican,61.873924,56.628311,Mumbai,India,1979,True,False,True,False,3,3.8,3120,Operational
RES003637,Los Angeles Pizza Place 3637,Local,Pizza,82.620932,152.081948,Los Angeles,USA,2001,True,False,False,False,3,3.7,2384,Operational
RES003638,Delhi Thai Place 3638,Local,Thai,-59.82499,-80.299995,Delhi,India,2007,True,False,True,True,3,4.2,1653,Operational
RES003639,Manchester Chinese Place 3639,Local,Chinese,39.101413,-53.216753,Manchester,United Kingdom,2001,True,False,True,False,2,2.4,2355,Operational
RES003640,Tokyo Japanese Place 3640,Local,Japanese,69.112389,87.302997,Tokyo,Japan,2014,False,True,False,True,1,3.0,2229,Operational
RES003641,London Brazilian Place 3641,Local,Brazilian,26.314543,45.870423,London,United Kingdom,1975,True,False,False,True,2,3.8,678,Operational
RES003642,Thai Chain 3642,Chain,Thai,-38.609088,-176.168563,Rio de Janeiro,Brazil,1972,False,True,True,True,1,4.8,875,Operational
RES003643,London French Place 3643,Local,French,46.809786,-91.800404,London,United Kingdom,1950,True,False,True,True,4,3.8,1551,Operational
RES003644,Mediterranean Chain 3644,Chain,Mediterranean,19.506604,-92.270242,Tokyo,Japan,2003,True,True,True,False,3,2.5,2622,Operational
RES003645,London Brazilian Place 3645,Local,Brazilian,-6.998174,-136.561056,London,United Kingdom,1976,True,False,True,True,1,3.1,3912,Operational
RES003646,London Thai Place 3646,Local,Thai,-44.026701,56.810603,London,United Kingdom,1983,True,True,True,True,1,2.3,3088,Operational
RES003647,Manchester Indian Place 3647,Local,Indian,-43.230392,84.120788,Manchester,United Kingdom,2015,True,True,True,True,1,3.2,1532,Closed Temporarily
RES003648,London French Place 3648,Local,French,-27.996575,-2.722422,London,United Kingdom,2008,False,True,False,False,3,2.7,1907,Operational
RES003649,Los Angeles Indian Place 3649,Local,Indian,50.448836,-110.54968,Los Angeles,USA,2019,True,False,False,False,2,4.8,66,Operational
RES003650,Japanese Chain 3650,Chain,Japanese,76.574944,96.323928,Delhi,India,1977,False,True,True,False,3,2.4,1581,Operational
RES003651,Sao Paulo American Place 3651,Local,American,60.517059,-19.607315,Sao Paulo,Brazil,2012,False,True,True,False,4,4.0,1465,Operational
RES003652,Japanese Chain 3652,Chain,Japanese,-46.7545,-3.915478,New York,USA,1988,False,True,True,True,4,4.4,795,Operational
RES003653,Delhi Mexican Place 3653,Local,Mexican,51.969889,169.487968,Delhi,India,1990,True,True,False,True,3,2.2,1654,Operational
RES003654,Los Angeles Mediterranean Place 3654,Local,Mediterranean,-41.011583,80.991323,Los Angeles,USA,1985,True,False,True,True,4,4.4,2976,Closed Temporarily
RES003655,Los Angeles French Place 3655,Local,French,-16.534233,-20.414758,Los Angeles,USA,1975,False,False,True,False,2,3.7,97,Closed Temporarily
RES003656,Japanese Chain 3656,Chain,Japanese,-80.703581,-151.490828,Los Angeles,USA,1955,False,True,False,True,2,2.6,4880,Operational
RES003657,Indian Chain 3657,Chain,Indian,-2.183461,-95.465639,Mumbai,India,1982,False,True,True,False,4,3.9,3974,Operational
RES003658,Rio de Janeiro French Place 3658,Local,French,-40.742352,-106.170565,Rio de Janeiro,Brazil,1958,True,False,True,True,1,3.6,922,Operational
RES003659,Rio de Janeiro American Place 3659,Local,American,-14.259354,118.221128,Rio de Janeiro,Brazil,1966,True,False,False,False,1,3.0,3307,Operational
RES003660,Manchester Mexican Place 3660,Local,Mexican,25.434295,15.457572,Manchester,United Kingdom,1962,False,True,True,False,3,4.1,3630,Operational
RES003661,French Chain 3661,Chain,French,84.914179,102.937398,Tokyo,Japan,1955,True,False,False,True,3,3.8,761,Operational
RES003662,Delhi American Place 3662,Local,American,61.043164,75.396356,Delhi,India,1966,True,False,True,True,1,3.9,2782,Operational
RES003663,Osaka Burger Place 3663,Local,Burger,-75.505022,-52.325887,Osaka,Japan,2021,True,False,False,False,2,2.6,3953,Operational
RES003664,Manchester American Place 3664,Local,American,-42.349403,-133.581906,Manchester,United Kingdom,2002,True,False,True,True,4,3.8,756,Closed Temporarily
RES003665,Los Angeles Brazilian Place 3665,Local,Brazilian,8.574326,-177.510156,Los Angeles,USA,2015,False,True,True,False,4,4.5,2720,Operational
RES003666,Sao Paulo Mexican Place 3666,Local,Mexican,-4.492659,107.344297,Sao Paulo,Brazil,1972,False,True,False,False,3,2.2,1611,Operational
RES003667,Manchester Brazilian Place 3667,Local,Brazilian,-35.566571,168.809485,Manchester,United Kingdom,1955,True,False,False,True,2,3.0,1653,Operational
RES003668,New York Brazilian Place 3668,Local,Brazilian,65.981656,-18.296214,New York,USA,1985,False,True,False,False,2,4.0,31,Operational
RES003669,Manchester Italian Place 3669,Local,Italian,5.822899,-0.288839,Manchester,United Kingdom,1993,True,True,False,False,3,4.0,840,Operational
RES003670,Pizza Chain 3670,Chain,Pizza,-86.731927,-95.038522,Delhi,India,1981,False,False,True,True,1,3.9,3180,Operational
RES003671,Pizza Chain 3671,Chain,Pizza,15.823081,-116.067524,Mumbai,India,1964,True,False,True,False,1,3.1,373,Operational
RES003672,Manchester Mediterranean Place 3672,Local,Mediterranean,77.414292,-145.240204,Manchester,United Kingdom,1976,False,False,True,True,4,2.2,1829,Operational
RES003673,New York Italian Place 3673,Local,Italian,-89.074298,-38.656957,New York,USA,2000,True,False,False,False,1,2.2,3272,Operational
RES003674,Rio de Janeiro Brazilian Place 3674,Local,Brazilian,-15.894278,-49.622066,Rio de Janeiro,Brazil,1998,True,True,False,False,3,2.9,2578,Operational
RES003675,Rio de Janeiro Thai Place 3675,Local,Thai,74.114774,49.824217,Rio de Janeiro,Brazil,2014,True,False,True,True,1,2.2,1915,Operational
RES003676,Osaka Pizza Place 3676,Local,Pizza,-4.272674,-83.181269,Osaka,Japan,2010,True,False,True,False,4,4.3,3474,Operational
RES003677,Delhi Mediterranean Place 3677,Local,Mediterranean,-11.342102,-34.015391,Delhi,India,1998,False,True,False,True,2,4.6,472,Operational
RES003678,Sao Paulo Mediterranean Place 3678,Local,Mediterranean,-40.736314,-52.810503,Sao Paulo,Brazil,1961,True,False,False,True,1,4.3,3279,Operational
RES003679,Los Angeles Pizza Place 3679,Local,Pizza,5.975526,-154.47356,Los Angeles,USA,2005,True,False,False,False,3,3.4,4448,Operational
RES003680,Los Angeles Thai Place 3680,Local,Thai,-79.30923,-178.490626,Los Angeles,USA,2009,True,True,True,False,1,3.1,1866,Operational
RES003681,Los Angeles Burger Place 3681,Local,Burger,-3.370652,-167.367112,Los Angeles,USA,1960,False,False,True,False,3,4.2,1034,Operational
RES003682,Brazilian Chain 3682,Chain,Brazilian,-7.308122,-79.353078,Rio de Janeiro,Brazil,2000,True,False,True,False,1,4.4,2486,Operational
RES003683,French Chain 3683,Chain,French,54.485467,-53.963626,New York,USA,1974,True,False,False,False,2,2.0,227,Operational
RES003684,Pizza Chain 3684,Chain,Pizza,-72.354797,-137.194971,New York,USA,2005,False,False,True,False,2,2.3,4348,Operational
RES003685,London Burger Place 3685,Local,Burger,-81.612559,53.241519,London,United Kingdom,2011,True,True,True,True,1,5.0,1728,Operational
RES003686,Delhi Indian Place 3686,Local,Indian,-47.32498,-32.890256,Delhi,India,1986,True,True,False,True,3,3.5,1429,Closed Temporarily
RES003687,Delhi Chinese Place 3687,Local,Chinese,-28.273214,-40.281098,Delhi,India,1973,True,True,True,True,3,4.1,4157,Operational
RES003688,New York Italian Place 3688,Local,Italian,67.016004,-132.134953,New York,USA,1974,False,False,True,True,2,2.1,1080,Operational
RES003689,Pizza Chain 3689,Chain,Pizza,14.76608,136.047253,London,United Kingdom,2016,True,True,False,False,4,4.8,3353,Operational
RES003690,Rio de Janeiro Mexican Place 3690,Local,Mexican,-4.905042,-112.630416,Rio de Janeiro,Brazil,1957,False,True,True,False,2,3.8,4281,Operational
RES003691,Manchester Japanese Place 3691,Local,Japanese,77.456377,-162.676797,Manchester,United Kingdom,2012,False,False,True,True,1,2.6,2192,Operational
RES003692,Los Angeles Mediterranean Place 3692,Local,Mediterranean,52.040058,142.034439,Los Angeles,USA,1965,False,True,True,True,3,2.8,3794,Operational
RES003693,Delhi American Place 3693,Local,American,59.932779,-125.370733,Delhi,India,1962,False,True,False,False,2,3.8,1480,Operational
RES003694,Indian Chain 3694,Chain,Indian,82.830088,26.633633,Osaka,Japan,2007,True,False,True,False,4,4.6,4603,Operational
RES003695,French Chain 3695,Chain,French,65.508785,-166.686288,Delhi,India,1972,False,True,False,True,1,3.5,1596,Operational
RES003696,Tokyo Brazilian Place 3696,Local,Brazilian,1.153396,-69.399739,Tokyo,Japan,2014,True,False,True,False,2,3.8,2290,Operational
RES003697,Rio de Janeiro Indian Place 3697,Local,Indian,23.196316,-102.180129,Rio de Janeiro,Brazil,2011,False,True,True,True,1,2.5,2128,Operational
RES003698,Mediterranean Chain 3698,Chain,Mediterranean,29.305247,-120.116553,Manchester,United Kingdom,1971,False,True,True,True,3,2.1,690,Operational
RES003699,Tokyo Mediterranean Place 3699,Local,Mediterranean,21.360797,57.220186,Tokyo,Japan,2003,False,False,True,False,4,2.0,1537,Operational
RES003700,Mumbai French Place 3700,Local,French,-67.477374,-62.948864,Mumbai,India,1984,True,False,False,False,4,3.8,760,Operational
RES003701,Rio de Janeiro French Place 3701,Local,French,-46.378483,130.768805,Rio de Janeiro,Brazil,1997,False,False,True,True,4,3.2,4859,Operational
RES003702,Chinese Chain 3702,Chain,Chinese,-14.255785,-121.676414,Rio de Janeiro,Brazil,2002,False,False,True,False,2,3.8,4950,Operational
RES003703,Sao Paulo Italian Place 3703,Local,Italian,75.694436,167.180886,Sao Paulo,Brazil,1984,False,False,True,True,1,2.4,4215,Operational
RES003704,Osaka Indian Place 3704,Local,Indian,89.576468,-85.670969,Osaka,Japan,1958,True,False,False,True,3,4.7,1165,Operational
RES003705,Sao Paulo Indian Place 3705,Local,Indian,80.749635,168.611269,Sao Paulo,Brazil,1983,False,False,True,True,4,2.2,2842,Operational
RES003706,French Chain 3706,Chain,French,-49.031681,111.86343,Rio de Janeiro,Brazil,1952,True,False,False,True,1,2.9,3138,Operational
RES003707,Mumbai Indian Place 3707,Local,Indian,30.638127,-121.899459,Mumbai,India,1990,True,True,False,False,4,4.2,4164,Operational
RES003708,London Brazilian Place 3708,Local,Brazilian,22.693715,-83.211364,London,United Kingdom,1968,True,False,False,True,1,2.9,3063,Operational
RES003709,French Chain 3709,Chain,French,-64.996,-28.831862,Los Angeles,USA,1965,True,False,False,False,3,2.6,4441,Operational
RES003710,Delhi Indian Place 3710,Local,Indian,-61.572404,-56.476319,Delhi,India,1954,True,True,False,True,2,4.1,3472,Closed Temporarily
RES003711,London Mexican Place 3711,Local,Mexican,-4.662388,-6.519562,London,United Kingdom,2005,True,False,False,True,2,3.6,2191,Operational
RES003712,Sao Paulo Indian Place 3712,Local,Indian,-9.885959,-126.836965,Sao Paulo,Brazil,2002,True,False,False,True,2,2.4,2651,Operational
RES003713,Manchester Brazilian Place 3713,Local,Brazilian,-34.507601,162.267781,Manchester,United Kingdom,2012,False,True,False,True,2,2.7,4894,Operational
RES003714,Rio de Janeiro Japanese Place 3714,Local,Japanese,-7.336017,-41.164116,Rio de Janeiro,Brazil,1967,True,False,False,True,3,3.3,896,Operational
RES003715,London American Place 3715,Local,American,42.939447,31.316792,London,United Kingdom,2009,False,True,True,False,2,3.6,4795,Operational
RES003716,Manchester Mexican Place 3716,Local,Mexican,58.037551,-28.74857,Manchester,United Kingdom,2015,False,False,True,True,4,2.5,3984,Operational
RES003717,Manchester Mediterranean Place 3717,Local,Mediterranean,75.805505,-104.753821,Manchester,United Kingdom,1976,False,False,True,False,3,4.3,2040,Operational
RES003718,Sao Paulo Indian Place 3718,Local,Indian,-7.085679,-1.834363,Sao Paulo,Brazil,1993,True,True,True,False,4,2.1,4753,Operational
RES003719,Manchester Pizza Place 3719,Local,Pizza,60.556348,159.763912,Manchester,United Kingdom,1976,False,False,True,False,4,3.4,1282,Operational
RES003720,Tokyo Thai Place 3720,Local,Thai,-83.524996,-85.445509,Tokyo,Japan,1991,True,False,True,False,3,2.8,3317,Operational
RES003721,Mumbai Mediterranean Place 3721,Local,Mediterranean,13.674141,85.108498,Mumbai,India,1986,False,False,True,True,4,3.4,3833,Operational
RES003722,Osaka Chinese Place 3722,Local,Chinese,-6.128619,-71.791295,Osaka,Japan,1961,False,True,False,False,1,3.5,4978,Operational
RES003723,London American Place 3723,Local,American,43.331864,125.852733,London,United Kingdom,1955,True,True,True,False,4,4.7,1388,Operational
RES003724,Osaka Pizza Place 3724,Local,Pizza,-19.979454,-116.083004,Osaka,Japan,2014,True,True,False,False,3,4.8,1167,Operational
RES003725,New York Italian Place 3725,Local,Italian,31.956655,70.401372,New York,USA,2000,True,False,False,False,4,3.4,3032,Operational
RES003726,Manchester Japanese Place 3726,Local,Japanese,16.26215,100.767402,Manchester,United Kingdom,2002,True,False,False,False,4,3.1,3592,Operational
RES003727,Italian Chain 3727,Chain,Italian,66.615884,-37.834,Mumbai,India,2012,False,True,False,False,3,3.3,1044,Operational
RES003728,London Indian Place 3728,Local,Indian,-34.465097,175.885819,London,United Kingdom,1995,True,False,True,True,2,4.2,1810,Operational
RES003729,Osaka Japanese Place 3729,Local,Japanese,21.877269,-82.757759,Osaka,Japan,2016,True,False,True,True,1,2.7,1119,Operational
RES003730,Manchester Mexican Place 3730,Local,Mexican,79.14795,-46.899165,Manchester,United Kingdom,1961,True,True,True,False,4,4.8,4920,Operational
RES003731,American Chain 3731,Chain,American,57.633723,-65.930845,Osaka,Japan,1996,False,True,False,False,1,3.8,2252,Operational
RES003732,New York Chinese Place 3732,Local,Chinese,-0.462861,-23.191818,New York,USA,2003,True,True,True,False,3,2.1,4648,Operational
RES003733,Osaka Japanese Place 3733,Local,Japanese,-44.665429,-86.394246,Osaka,Japan,1992,True,False,False,True,3,4.0,3477,Operational
RES003734,Japanese Chain 3734,Chain,Japanese,-82.307285,150.508351,London,United Kingdom,1979,False,False,True,False,1,2.2,3898,Operational
RES003735,Sao Paulo French Place 3735,Local,French,-40.782854,-177.686614,Sao Paulo,Brazil,1970,True,False,True,False,3,2.4,1019,Operational
RES003736,Japanese Chain 3736,Chain,Japanese,80.52531,135.863095,Osaka,Japan,1952,True,False,False,False,1,2.9,3245,Operational
RES003737,Mediterranean Chain 3737,Chain,Mediterranean,-35.524323,166.292362,Rio de Janeiro,Brazil,2019,True,True,True,False,4,4.6,3553,Operational
RES003738,New York Burger Place 3738,Local,Burger,26.76998,81.799088,New York,USA,2001,True,False,False,False,1,4.4,554,Operational
RES003739,Osaka Brazilian Place 3739,Local,Brazilian,67.059269,24.485954,Osaka,Japan,1998,False,False,True,True,4,3.2,1893,Operational
RES003740,Los Angeles American Place 3740,Local,American,-88.926765,-21.470036,Los Angeles,USA,2006,True,False,False,False,4,3.9,1764,Operational
RES003741,Chinese Chain 3741,Chain,Chinese,66.858669,87.117215,Sao Paulo,Brazil,2017,True,True,False,False,3,2.1,3583,Operational
RES003742,Tokyo Italian Place 3742,Local,Italian,14.316428,166.563923,Tokyo,Japan,1996,True,False,False,False,3,3.1,1798,Operational
RES003743,Thai Chain 3743,Chain,Thai,12.124676,50.107305,Tokyo,Japan,1954,False,False,True,True,2,2.9,591,Operational
RES003744,Los Angeles Burger Place 3744,Local,Burger,-69.102363,-135.883178,Los Angeles,USA,2016,False,False,True,False,1,4.6,912,Operational
RES003745,Japanese Chain 3745,Chain,Japanese,-2.47637,138.064893,Tokyo,Japan,1989,False,True,True,True,3,3.5,2188,Operational
RES003746,Brazilian Chain 3746,Chain,Brazilian,39.15112,-136.434045,Tokyo,Japan,1985,False,True,True,False,4,3.2,2108,Operational
RES003747,Brazilian Chain 3747,Chain,Brazilian,-29.227827,-85.912364,Osaka,Japan,1962,False,True,True,False,3,3.8,3887,Operational
RES003748,Mumbai Mexican Place 3748,Local,Mexican,30.15548,-43.343252,Mumbai,India,1993,False,True,True,True,1,3.4,4131,Operational
RES003749,Osaka Chinese Place 3749,Local,Chinese,-66.331242,-61.343779,Osaka,Japan,2015,False,True,True,True,1,3.4,2232,Operational
RES003750,Manchester Pizza Place 3750,Local,Pizza,-25.928077,179.768773,Manchester,United Kingdom,1950,True,True,True,True,1,4.8,2014,Operational
RES003751,Manchester Chinese Place 3751,Local,Chinese,29.162846,-123.486367,Manchester,United Kingdom,2014,True,False,True,False,4,4.7,3099,Operational
RES003752,Osaka French Place 3752,Local,French,-20.05031,72.623858,Osaka,Japan,2004,True,True,False,True,3,4.8,3638,Operational
RES003753,Chinese Chain 3753,Chain,Chinese,33.177965,156.724636,Mumbai,India,1999,True,False,False,True,2,2.5,3714,Operational
RES003754,New York Burger Place 3754,Local,Burger,-88.407552,-3.323769,New York,USA,1982,True,True,True,False,1,2.9,3668,Operational
RES003755,New York Burger Place 3755,Local,Burger,-72.494051,118.268795,New York,USA,2005,True,True,False,False,2,3.1,52,Operational
RES003756,Burger Chain 3756,Chain,Burger,22.587589,19.738161,Mumbai,India,1957,True,True,True,True,1,5.0,1431,Operational
RES003757,Osaka Mexican Place 3757,Local,Mexican,-65.106509,89.858164,Osaka,Japan,1984,False,True,False,False,1,3.5,694,Closed Temporarily
RES003758,London Mediterranean Place 3758,Local,Mediterranean,-49.661353,39.383521,London,United Kingdom,2000,True,True,True,True,3,2.9,830,Closed Temporarily
RES003759,Sao Paulo Pizza Place 3759,Local,Pizza,-9.843577,145.837445,Sao Paulo,Brazil,1959,True,False,True,True,2,5.0,1908,Operational
RES003760,Manchester Brazilian Place 3760,Local,Brazilian,59.590391,-41.875999,Manchester,United Kingdom,1986,True,False,False,True,3,5.0,2449,Operational
RES003761,New York Brazilian Place 3761,Local,Brazilian,32.266833,-37.662174,New York,USA,1977,True,False,True,False,4,3.4,3749,Operational
RES003762,Manchester Japanese Place 3762,Local,Japanese,34.157594,-89.566875,Manchester,United Kingdom,1969,True,True,True,True,1,4.8,1964,Closed Temporarily
RES003763,Osaka Pizza Place 3763,Local,Pizza,-52.224164,130.21996,Osaka,Japan,2001,False,False,True,True,3,2.8,1094,Operational
RES003764,Sao Paulo French Place 3764,Local,French,17.033963,-24.674342,Sao Paulo,Brazil,1967,True,True,False,False,2,2.4,2750,Operational
RES003765,Mumbai Indian Place 3765,Local,Indian,-21.564358,-69.316603,Mumbai,India,1958,False,True,True,True,4,3.4,1605,Operational
RES003766,Delhi Indian Place 3766,Local,Indian,-13.513274,45.032701,Delhi,India,2003,True,False,False,False,1,2.9,1329,Operational
RES003767,Italian Chain 3767,Chain,Italian,5.176858,95.539987,Delhi,India,2012,True,True,False,False,2,4.8,2232,Operational
RES003768,New York Chinese Place 3768,Local,Chinese,44.32485,-76.492195,New York,USA,1963,False,False,True,False,4,4.3,3275,Operational
RES003769,Tokyo Chinese Place 3769,Local,Chinese,-66.842914,23.903413,Tokyo,Japan,1957,True,True,False,True,2,2.8,991,Operational
RES003770,Mexican Chain 3770,Chain,Mexican,17.020034,131.380707,Osaka,Japan,2015,True,False,False,False,4,2.1,541,Operational
RES003771,Manchester Mediterranean Place 3771,Local,Mediterranean,10.206132,45.530762,Manchester,United Kingdom,2007,True,False,False,False,1,4.6,2976,Operational
RES003772,Delhi Mediterranean Place 3772,Local,Mediterranean,-25.761031,-6.576645,Delhi,India,1952,True,False,False,False,2,4.3,3889,Operational
RES003773,Rio de Janeiro Mediterranean Place 3773,Local,Mediterranean,-1.166385,113.250126,Rio de Janeiro,Brazil,2023,True,False,False,False,3,4.6,3370,Operational
RES003774,Tokyo Indian Place 3774,Local,Indian,26.186906,-161.060451,Tokyo,Japan,1983,True,False,False,False,2,2.3,3304,Operational
RES003775,Mexican Chain 3775,Chain,Mexican,67.65017,119.000808,Mumbai,India,1995,False,False,True,True,3,4.0,3647,Operational
RES003776,Rio de Janeiro Mediterranean Place 3776,Local,Mediterranean,-71.594153,-122.108337,Rio de Janeiro,Brazil,1971,True,False,False,False,1,4.9,4651,Operational
RES003777,Sao Paulo Chinese Place 3777,Local,Chinese,-73.97144,-11.734706,Sao Paulo,Brazil,2004,True,False,False,False,4,4.2,3632,Operational
RES003778,Tokyo Indian Place 3778,Local,Indian,-9.288331,125.22603,Tokyo,Japan,1957,True,False,True,False,2,2.8,3226,Operational
RES003779,Manchester Brazilian Place 3779,Local,Brazilian,79.392413,-26.062607,Manchester,United Kingdom,2022,True,True,False,True,3,3.0,590,Operational
RES003780,Los Angeles French Place 3780,Local,French,-86.347423,58.412272,Los Angeles,USA,1974,True,True,True,True,4,3.8,1779,Operational
RES003781,Manchester Thai Place 3781,Local,Thai,-49.955956,59.042441,Manchester,United Kingdom,1950,True,True,False,False,3,3.4,4099,Operational
RES003782,London Mexican Place 3782,Local,Mexican,-62.946635,125.383775,London,United Kingdom,1956,False,True,False,False,2,4.7,946,Operational
RES003783,London Indian Place 3783,Local,Indian,-64.965308,87.767213,London,United Kingdom,1955,False,True,False,False,4,3.3,2932,Operational
RES003784,Mumbai Burger Place 3784,Local,Burger,-64.048182,165.813426,Mumbai,India,1970,True,False,True,False,1,2.7,806,Closed Temporarily
RES003785,French Chain 3785,Chain,French,27.007751,65.890605,Mumbai,India,2014,True,False,False,False,1,3.0,448,Operational
RES003786,Brazilian Chain 3786,Chain,Brazilian,3.735464,55.357075,Mumbai,India,2020,True,False,True,False,1,2.2,4140,Operational
RES003787,Osaka Thai Place 3787,Local,Thai,22.354959,-178.070793,Osaka,Japan,1961,True,False,True,True,2,2.3,2879,Operational
RES003788,Sao Paulo Burger Place 3788,Local,Burger,-87.231614,41.824921,Sao Paulo,Brazil,1959,True,False,False,True,2,3.5,2656,Operational
RES003789,Brazilian Chain 3789,Chain,Brazilian,8.346361,22.241546,Osaka,Japan,2001,True,False,False,True,4,2.8,4107,Operational
RES003790,Delhi Burger Place 3790,Local,Burger,-31.023153,27.276324,Delhi,India,1966,False,True,False,True,4,2.0,1283,Operational
RES003791,Sao Paulo Chinese Place 3791,Local,Chinese,-48.348196,-34.002853,Sao Paulo,Brazil,2018,True,False,False,True,2,4.3,2025,Operational
RES003792,New York Chinese Place 3792,Local,Chinese,-86.059294,80.160218,New York,USA,1968,True,True,False,True,3,4.1,505,Operational
RES003793,Indian Chain 3793,Chain,Indian,36.332443,98.140892,Mumbai,India,1953,True,False,True,True,1,3.2,3439,Operational
RES003794,New York Mexican Place 3794,Local,Mexican,-34.236157,-45.765752,New York,USA,1985,True,False,False,False,1,5.0,2608,Operational
RES003795,Manchester Mediterranean Place 3795,Local,Mediterranean,6.141325,112.121121,Manchester,United Kingdom,2007,True,False,False,True,3,2.5,3557,Operational
RES003796,Japanese Chain 3796,Chain,Japanese,71.883776,-49.751115,Manchester,United Kingdom,2002,True,False,True,False,2,4.1,4875,Operational
RES003797,Los Angeles Mexican Place 3797,Local,Mexican,26.068905,-75.764285,Los Angeles,USA,2020,False,True,False,True,4,3.6,1426,Operational
RES003798,Osaka Chinese Place 3798,Local,Chinese,-20.802886,-134.798118,Osaka,Japan,1958,False,False,True,True,4,3.7,2392,Operational
RES003799,Los Angeles Japanese Place 3799,Local,Japanese,4.235908,50.711857,Los Angeles,USA,1959,False,True,True,False,2,3.7,4409,Operational
RES003800,American Chain 3800,Chain,American,-1.253364,84.818449,Osaka,Japan,1971,True,True,True,False,1,2.8,313,Operational
RES003801,London Italian Place 3801,Local,Italian,-82.370398,117.605994,London,United Kingdom,1972,True,False,True,True,4,2.5,2260,Closed Temporarily
RES003802,Osaka American Place 3802,Local,American,52.061785,0.630429,Osaka,Japan,1962,True,False,True,False,4,4.5,1621,Operational
RES003803,Manchester Chinese Place 3803,Local,Chinese,-23.252552,-140.29682,Manchester,United Kingdom,1991,True,False,False,False,3,3.3,4743,Operational
RES003804,Japanese Chain 3804,Chain,Japanese,-7.31631,-137.178295,Delhi,India,1997,False,True,True,True,2,2.4,1847,Operational
RES003805,Indian Chain 3805,Chain,Indian,2.311812,162.491469,London,United Kingdom,2015,True,False,True,False,2,4.2,199,Operational
RES003806,Sao Paulo Pizza Place 3806,Local,Pizza,71.572088,52.056719,Sao Paulo,Brazil,1973,True,True,False,True,1,4.0,4616,Operational
RES003807,Italian Chain 3807,Chain,Italian,81.50694,-163.975182,Osaka,Japan,1994,False,False,True,True,3,2.2,2107,Operational
RES003808,Los Angeles Mexican Place 3808,Local,Mexican,-77.523929,-154.920455,Los Angeles,USA,1955,False,True,False,True,4,3.3,1847,Operational
RES003809,Rio de Janeiro French Place 3809,Local,French,-17.247519,-11.770456,Rio de Janeiro,Brazil,1966,False,True,True,True,1,3.5,1126,Operational
RES003810,Los Angeles Burger Place 3810,Local,Burger,14.208415,122.288554,Los Angeles,USA,2019,False,True,True,False,2,4.5,4815,Operational
RES003811,Los Angeles Brazilian Place 3811,Local,Brazilian,61.225678,45.108004,Los Angeles,USA,2010,True,False,False,False,3,2.4,2398,Operational
RES003812,Sao Paulo Mexican Place 3812,Local,Mexican,13.174636,-72.164274,Sao Paulo,Brazil,1966,False,True,False,False,4,2.3,3099,Operational
RES003813,New York American Place 3813,Local,American,20.445468,-76.585021,New York,USA,2004,True,False,False,True,3,2.8,4616,Operational
RES003814,Rio de Janeiro American Place 3814,Local,American,-87.308816,-133.984113,Rio de Janeiro,Brazil,1965,False,False,True,False,4,2.7,1748,Operational
RES003815,Rio de Janeiro Mediterranean Place 3815,Local,Mediterranean,-13.412824,-15.126632,Rio de Janeiro,Brazil,1958,True,False,False,False,4,5.0,1311,Operational
RES003816,Osaka Mexican Place 3816,Local,Mexican,81.259809,-178.454527,Osaka,Japan,2004,True,True,False,True,3,2.6,4844,Operational
RES003817,Delhi Mediterranean Place 3817,Local,Mediterranean,44.161981,108.036343,Delhi,India,1993,True,False,True,False,3,4.8,2280,Operational
RES003818,Los Angeles Pizza Place 3818,Local,Pizza,42.264833,113.846077,Los Angeles,USA,2018,False,True,True,False,2,3.7,4280,Operational
RES003819,Rio de Janeiro Brazilian Place 3819,Local,Brazilian,11.260769,-163.327843,Rio de Janeiro,Brazil,2002,False,False,True,True,2,2.5,448,Operational
RES003820,American Chain 3820,Chain,American,-46.823341,-36.150022,Sao Paulo,Brazil,1977,True,False,False,True,3,4.9,2436,Operational
RES003821,Delhi Mediterranean Place 3821,Local,Mediterranean,-51.765823,47.883238,Delhi,India,2007,True,False,False,False,2,3.0,4418,Operational
RES003822,Osaka Indian Place 3822,Local,Indian,-43.753439,-79.438388,Osaka,Japan,1994,True,False,True,False,2,2.6,1023,Operational
RES003823,Mexican Chain 3823,Chain,Mexican,27.722046,-72.07362,Mumbai,India,2019,True,False,False,True,2,3.2,4245,Operational
RES003824,Rio de Janeiro American Place 3824,Local,American,50.262434,28.007413,Rio de Janeiro,Brazil,1959,True,False,True,False,2,4.4,1897,Closed Temporarily
RES003825,Sao Paulo Mediterranean Place 3825,Local,Mediterranean,-41.022747,-99.893852,Sao Paulo,Brazil,1976,True,True,False,True,2,2.3,1964,Operational
RES003826,Thai Chain 3826,Chain,Thai,32.652331,31.7253,Rio de Janeiro,Brazil,1953,False,False,True,True,2,4.8,2626,Operational
RES003827,Delhi Chinese Place 3827,Local,Chinese,-56.175226,176.569671,Delhi,India,2017,True,False,False,True,4,2.7,2796,Operational
RES003828,Los Angeles Burger Place 3828,Local,Burger,-78.764482,-51.472788,Los Angeles,USA,2004,True,False,True,False,3,4.6,170,Operational
RES003829,Japanese Chain 3829,Chain,Japanese,-46.986864,-33.882165,New York,USA,2013,False,True,False,True,1,2.9,4378,Operational
RES003830,Delhi Pizza Place 3830,Local,Pizza,-8.970289,143.943562,Delhi,India,2015,False,False,True,True,4,4.3,4767,Operational
RES003831,French Chain 3831,Chain,French,35.13657,44.724613,Manchester,United Kingdom,1953,True,False,False,True,1,2.4,2387,Operational
RES003832,London Brazilian Place 3832,Local,Brazilian,49.967369,152.403827,London,United Kingdom,1953,False,True,False,False,2,3.8,4204,Operational
RES003833,London Indian Place 3833,Local,Indian,9.42642,-129.95118,London,United Kingdom,1968,False,False,True,False,4,3.4,821,Operational
RES003834,Italian Chain 3834,Chain,Italian,-9.246471,16.861004,Rio de Janeiro,Brazil,1986,False,True,True,False,1,3.5,2349,Operational
RES003835,Mexican Chain 3835,Chain,Mexican,78.599221,114.050752,Mumbai,India,1996,False,True,True,False,1,3.6,3108,Operational
RES003836,Osaka Chinese Place 3836,Local,Chinese,24.104976,42.71548,Osaka,Japan,1976,True,False,False,True,4,4.6,513,Operational
RES003837,Mumbai Burger Place 3837,Local,Burger,-79.718055,-24.410877,Mumbai,India,1982,False,True,True,False,1,3.2,4417,Operational
RES003838,Tokyo Italian Place 3838,Local,Italian,-87.303158,9.240309,Tokyo,Japan,1958,True,False,False,True,2,2.2,4085,Operational
RES003839,Sao Paulo Brazilian Place 3839,Local,Brazilian,59.232429,40.195058,Sao Paulo,Brazil,1991,False,True,True,True,3,3.2,762,Operational
RES003840,Manchester Thai Place 3840,Local,Thai,86.209892,141.669276,Manchester,United Kingdom,2007,True,True,False,False,1,3.3,2934,Operational
RES003841,Los Angeles Pizza Place 3841,Local,Pizza,-72.271703,-83.454974,Los Angeles,USA,1988,False,True,False,False,1,4.5,1699,Operational
RES003842,New York Pizza Place 3842,Local,Pizza,23.362706,-152.265995,New York,USA,1994,False,True,False,True,2,2.7,3680,Operational
RES003843,London American Place 3843,Local,American,36.399994,-51.915491,London,United Kingdom,1987,True,False,False,False,3,3.3,2112,Operational
RES003844,American Chain 3844,Chain,American,70.841858,-3.181779,Rio de Janeiro,Brazil,1979,False,True,False,False,1,3.5,113,Operational
RES003845,American Chain 3845,Chain,American,-81.317498,176.773151,Manchester,United Kingdom,1995,False,False,True,True,2,2.3,3510,Operational
RES003846,Burger Chain 3846,Chain,Burger,-10.441579,-68.087703,Manchester,United Kingdom,1957,True,False,False,True,2,2.2,2209,Operational
RES003847,London Brazilian Place 3847,Local,Brazilian,-67.831047,-62.761758,London,United Kingdom,1969,False,True,True,False,4,3.5,4814,Operational
RES003848,Rio de Janeiro Mexican Place 3848,Local,Mexican,-88.576033,-82.15885,Rio de Janeiro,Brazil,1993,False,True,False,True,2,3.8,380,Operational
RES003849,Sao Paulo Italian Place 3849,Local,Italian,-75.847231,136.644016,Sao Paulo,Brazil,1956,False,True,False,True,2,4.2,3703,Operational
RES003850,Thai Chain 3850,Chain,Thai,2.03779,171.587364,Rio de Janeiro,Brazil,2015,True,True,False,True,1,5.0,3270,Operational
RES003851,Sao Paulo Italian Place 3851,Local,Italian,51.816587,175.85853,Sao Paulo,Brazil,1973,False,True,True,True,2,4.8,69,Operational
RES003852,Sao Paulo American Place 3852,Local,American,75.339355,-107.087083,Sao Paulo,Brazil,2015,True,False,True,False,1,3.7,1579,Operational
RES003853,New York Indian Place 3853,Local,Indian,-41.886397,-102.21719,New York,USA,2021,False,True,False,False,1,4.4,1058,Operational
RES003854,New York French Place 3854,Local,French,-62.213453,-22.565748,New York,USA,2023,True,False,False,True,2,2.6,1703,Operational
RES003855,Manchester Mediterranean Place 3855,Local,Mediterranean,-70.75613,111.688171,Manchester,United Kingdom,2009,False,False,True,False,4,3.1,2079,Operational
RES003856,Manchester French Place 3856,Local,French,77.893268,-121.306518,Manchester,United Kingdom,2023,False,True,False,True,3,2.8,2762,Operational
RES003857,Los Angeles Mexican Place 3857,Local,Mexican,34.840955,111.286684,Los Angeles,USA,2021,True,True,False,True,3,2.2,3976,Operational
RES003858,Los Angeles Chinese Place 3858,Local,Chinese,-63.813682,136.491411,Los Angeles,USA,2004,True,True,True,True,1,3.3,1725,Operational
RES003859,Mexican Chain 3859,Chain,Mexican,51.01906,162.441094,Mumbai,India,1964,True,True,True,True,1,4.2,273,Operational
RES003860,Manchester Thai Place 3860,Local,Thai,74.028335,156.676463,Manchester,United Kingdom,1972,True,False,False,True,3,4.3,643,Operational
RES003861,Tokyo American Place 3861,Local,American,61.513457,48.969334,Tokyo,Japan,1950,False,True,True,True,3,4.6,2965,Operational
RES003862,London Chinese Place 3862,Local,Chinese,-58.443165,-96.484335,London,United Kingdom,2022,False,True,False,False,2,3.7,4153,Operational
RES003863,Sao Paulo French Place 3863,Local,French,-87.967901,101.119584,Sao Paulo,Brazil,1992,False,True,True,False,1,3.4,1138,Operational
RES003864,Delhi Mediterranean Place 3864,Local,Mediterranean,83.242801,-66.564511,Delhi,India,1988,True,True,True,True,1,2.8,691,Operational
RES003865,French Chain 3865,Chain,French,-18.589192,-30.687623,Osaka,Japan,2014,False,True,True,False,2,3.0,2482,Operational
RES003866,Tokyo Indian Place 3866,Local,Indian,60.513383,29.21301,Tokyo,Japan,2002,False,False,True,True,1,4.8,1412,Operational
RES003867,Osaka Italian Place 3867,Local,Italian,-25.043226,142.063199,Osaka,Japan,1984,False,False,True,False,4,2.2,1141,Operational
RES003868,Japanese Chain 3868,Chain,Japanese,-23.288563,-162.059447,Sao Paulo,Brazil,2018,True,True,True,False,4,2.1,2782,Operational
RES003869,Manchester Brazilian Place 3869,Local,Brazilian,-83.875202,-79.502761,Manchester,United Kingdom,1992,False,True,True,False,2,2.4,1423,Operational
RES003870,Los Angeles Pizza Place 3870,Local,Pizza,87.028842,-20.508271,Los Angeles,USA,1963,True,False,True,False,1,4.4,720,Operational
RES003871,Sao Paulo Mexican Place 3871,Local,Mexican,55.455695,-110.773091,Sao Paulo,Brazil,1955,False,False,True,True,3,4.6,15,Operational
RES003872,Osaka Indian Place 3872,Local,Indian,21.03243,17.635622,Osaka,Japan,1972,True,False,False,True,3,3.5,1427,Operational
RES003873,American Chain 3873,Chain,American,20.425138,-86.4948,Sao Paulo,Brazil,2011,True,False,False,False,2,4.8,3097,Operational
RES003874,Rio de Janeiro Brazilian Place 3874,Local,Brazilian,72.241191,-33.830771,Rio de Janeiro,Brazil,1996,True,False,True,False,4,3.7,1372,Operational
RES003875,Brazilian Chain 3875,Chain,Brazilian,-80.534715,58.893979,London,United Kingdom,1973,True,False,False,True,3,2.2,3777,Operational
RES003876,Mediterranean Chain 3876,Chain,Mediterranean,71.659355,37.669682,New York,USA,1989,False,True,True,False,3,2.4,212,Operational
RES003877,Mumbai Mexican Place 3877,Local,Mexican,3.81999,-40.422471,Mumbai,India,1962,True,True,True,True,2,4.4,3012,Operational
RES003878,Delhi American Place 3878,Local,American,22.987312,162.60007,Delhi,India,1980,False,True,True,True,4,2.1,871,Operational
RES003879,Chinese Chain 3879,Chain,Chinese,3.783483,-93.683625,Osaka,Japan,1963,False,True,False,True,3,2.4,4409,Operational
RES003880,Los Angeles Mexican Place 3880,Local,Mexican,34.426248,-72.096345,Los Angeles,USA,2008,False,True,False,True,1,4.9,2841,Operational
RES003881,London Burger Place 3881,Local,Burger,-71.140976,58.408,London,United Kingdom,2006,False,True,True,False,3,5.0,2985,Operational
RES003882,Tokyo Mediterranean Place 3882,Local,Mediterranean,-83.140956,-91.44382,Tokyo,Japan,1979,True,True,False,False,2,3.1,3197,Operational
RES003883,Burger Chain 3883,Chain,Burger,-44.834263,168.562795,Delhi,India,1988,True,False,False,True,3,4.3,2988,Operational
RES003884,Mexican Chain 3884,Chain,Mexican,23.418041,71.447964,London,United Kingdom,2000,True,True,True,True,4,3.2,2659,Operational
RES003885,Osaka Chinese Place 3885,Local,Chinese,-23.843774,-139.093259,Osaka,Japan,1959,True,False,True,True,4,2.4,3660,Operational
RES003886,Italian Chain 3886,Chain,Italian,40.035401,115.979898,Delhi,India,1959,False,True,False,False,2,3.6,2592,Operational
RES003887,Mexican Chain 3887,Chain,Mexican,3.114313,-111.875452,Manchester,United Kingdom,1992,True,False,False,True,4,4.3,4326,Operational
RES003888,Osaka Mediterranean Place 3888,Local,Mediterranean,-29.520793,58.469551,Osaka,Japan,1966,True,False,False,False,4,4.4,1572,Operational
RES003889,Indian Chain 3889,Chain,Indian,48.368395,-69.418669,Delhi,India,1959,False,False,True,True,1,3.2,312,Operational
RES003890,Manchester Thai Place 3890,Local,Thai,-78.190696,170.024416,Manchester,United Kingdom,1999,True,True,True,False,2,4.9,589,Operational
RES003891,Sao Paulo Japanese Place 3891,Local,Japanese,-69.363286,-149.96906,Sao Paulo,Brazil,2019,True,True,True,False,2,3.5,917,Operational
RES003892,Indian Chain 3892,Chain,Indian,-66.752698,-133.019116,Sao Paulo,Brazil,1971,False,True,False,False,2,2.0,4699,Operational
RES003893,Delhi American Place 3893,Local,American,81.888765,-1.984394,Delhi,India,2013,True,False,False,True,4,3.1,3824,Operational
RES003894,Chinese Chain 3894,Chain,Chinese,-60.478273,-95.972258,Osaka,Japan,2019,False,True,False,False,2,4.6,4792,Operational
RES003895,Sao Paulo Pizza Place 3895,Local,Pizza,-15.752721,-152.49613,Sao Paulo,Brazil,1968,False,False,True,False,1,4.1,1980,Operational
RES003896,Mumbai Pizza Place 3896,Local,Pizza,-37.760107,161.146608,Mumbai,India,1951,False,True,False,True,2,2.7,2200,Operational
RES003897,Manchester Brazilian Place 3897,Local,Brazilian,-87.000016,-13.465177,Manchester,United Kingdom,1956,True,False,False,True,4,2.7,3084,Operational
RES003898,Mexican Chain 3898,Chain,Mexican,-40.393548,-10.209488,New York,USA,1969,True,False,False,True,3,2.6,4981,Operational
RES003899,Mediterranean Chain 3899,Chain,Mediterranean,-36.293897,-156.162108,Tokyo,Japan,1962,True,False,True,False,3,3.1,2394,Operational
RES003900,Burger Chain 3900,Chain,Burger,78.095753,30.834591,Sao Paulo,Brazil,1996,False,True,True,True,1,3.0,632,Operational
RES003901,Mumbai Chinese Place 3901,Local,Chinese,74.783415,26.948024,Mumbai,India,1961,True,False,False,False,1,3.5,2513,Operational
RES003902,Mediterranean Chain 3902,Chain,Mediterranean,-68.091182,-11.227922,Delhi,India,1971,False,True,True,True,1,4.5,2173,Operational
RES003903,Los Angeles Italian Place 3903,Local,Italian,9.962965,-91.936039,Los Angeles,USA,1965,True,False,False,True,1,4.2,1693,Operational
RES003904,Los Angeles American Place 3904,Local,American,38.971935,76.452588,Los Angeles,USA,1952,True,False,True,True,2,4.4,1156,Operational
RES003905,Delhi Thai Place 3905,Local,Thai,58.509098,90.565452,Delhi,India,1992,True,True,True,False,3,4.0,2963,Operational
RES003906,Los Angeles Italian Place 3906,Local,Italian,-25.528532,-109.209477,Los Angeles,USA,1971,True,False,False,False,1,2.9,3751,Operational
RES003907,Tokyo French Place 3907,Local,French,-36.590064,-38.167396,Tokyo,Japan,1967,True,False,True,True,3,4.4,129,Operational
RES003908,Sao Paulo Italian Place 3908,Local,Italian,-77.879878,9.023256,Sao Paulo,Brazil,1978,True,True,False,False,2,4.4,2998,Operational
RES003909,American Chain 3909,Chain,American,-6.039374,179.75492,Manchester,United Kingdom,1997,False,True,False,True,1,4.7,4511,Operational
RES003910,Sao Paulo Mexican Place 3910,Local,Mexican,77.268345,171.041012,Sao Paulo,Brazil,1974,True,False,True,False,2,3.3,2028,Operational
RES003911,Los Angeles Japanese Place 3911,Local,Japanese,72.740232,-84.428067,Los Angeles,USA,1988,True,False,False,True,1,3.4,333,Operational
RES003912,Thai Chain 3912,Chain,Thai,59.704533,101.952457,Mumbai,India,2006,True,True,False,True,1,3.4,255,Operational
RES003913,Burger Chain 3913,Chain,Burger,89.213916,142.588045,Rio de Janeiro,Brazil,1976,True,False,False,True,2,2.9,2747,Operational
RES003914,American Chain 3914,Chain,American,47.656178,145.439925,Los Angeles,USA,2019,True,True,False,False,2,4.6,2047,Operational
RES003915,Manchester Mexican Place 3915,Local,Mexican,-82.251273,19.987088,Manchester,United Kingdom,1992,True,True,True,False,3,4.7,2732,Operational
RES003916,Mumbai Chinese Place 3916,Local,Chinese,-73.25835,-66.995739,Mumbai,India,2014,False,False,True,True,4,2.3,3878,Operational
RES003917,Rio de Janeiro Thai Place 3917,Local,Thai,19.040533,32.966805,Rio de Janeiro,Brazil,2014,False,False,True,False,3,4.7,2872,Operational
RES003918,Indian Chain 3918,Chain,Indian,45.114355,-131.011207,Tokyo,Japan,1982,True,False,False,True,1,4.4,546,Operational
RES003919,Sao Paulo Mediterranean Place 3919,Local,Mediterranean,-76.25624,-101.418416,Sao Paulo,Brazil,1986,False,True,True,True,2,4.2,3526,Closed Temporarily
RES003920,French Chain 3920,Chain,French,-44.650854,98.908132,Manchester,United Kingdom,1971,True,False,False,True,2,2.3,940,Operational
RES003921,London Mediterranean Place 3921,Local,Mediterranean,44.62043,151.442216,London,United Kingdom,1954,False,True,False,False,4,2.9,3328,Operational
RES003922,Manchester Mexican Place 3922,Local,Mexican,64.975838,-37.423206,Manchester,United Kingdom,1972,False,True,False,True,4,3.1,61,Operational
RES003923,Manchester Burger Place 3923,Local,Burger,49.75538,-42.873178,Manchester,United Kingdom,2022,False,True,False,True,3,4.2,2949,Operational
RES003924,French Chain 3924,Chain,French,-61.821139,86.324891,Tokyo,Japan,1991,True,True,True,True,3,3.5,4371,Operational
RES003925,Delhi Brazilian Place 3925,Local,Brazilian,-59.595094,74.486353,Delhi,India,2002,False,False,True,True,1,2.9,512,Operational
RES003926,Delhi Mexican Place 3926,Local,Mexican,-66.896325,41.980374,Delhi,India,1969,False,False,True,False,4,3.4,4278,Operational
RES003927,Italian Chain 3927,Chain,Italian,-66.094335,-21.059215,Rio de Janeiro,Brazil,1960,True,True,True,True,1,2.0,214,Operational
RES003928,Los Angeles Italian Place 3928,Local,Italian,-34.974012,-22.607643,Los Angeles,USA,1983,False,False,True,False,4,4.9,1180,Operational
RES003929,London Mediterranean Place 3929,Local,Mediterranean,79.980549,-84.826524,London,United Kingdom,1969,True,False,False,False,1,2.2,3875,Operational
RES003930,French Chain 3930,Chain,French,33.307399,-5.082498,Osaka,Japan,1971,False,True,True,False,1,2.0,2666,Operational
RES003931,Mumbai Mexican Place 3931,Local,Mexican,49.369037,-90.803667,Mumbai,India,1988,False,True,True,False,4,2.3,606,Operational
RES003932,Burger Chain 3932,Chain,Burger,60.542502,24.481929,Los Angeles,USA,2008,True,False,False,False,3,3.2,183,Operational
RES003933,Rio de Janeiro Italian Place 3933,Local,Italian,53.192512,122.074502,Rio de Janeiro,Brazil,1973,False,False,True,False,3,3.4,2892,Operational
RES003934,American Chain 3934,Chain,American,62.802706,48.303351,Los Angeles,USA,1995,False,True,True,False,2,3.6,471,Operational
RES003935,Sao Paulo Italian Place 3935,Local,Italian,48.32913,144.801384,Sao Paulo,Brazil,1978,False,True,False,True,4,2.0,238,Operational
RES003936,Japanese Chain 3936,Chain,Japanese,-73.921069,178.820576,London,United Kingdom,1954,False,True,True,True,2,4.3,1790,Operational
RES003937,New York Italian Place 3937,Local,Italian,-25.924877,-56.866987,New York,USA,1960,True,False,False,False,2,3.8,4347,Operational
RES003938,American Chain 3938,Chain,American,47.463953,125.159896,Los Angeles,USA,2012,False,False,True,False,2,2.3,2263,Operational
RES003939,Delhi American Place 3939,Local,American,79.603735,-132.664788,Delhi,India,2002,False,False,True,True,4,3.6,2491,Operational
RES003940,Delhi Mexican Place 3940,Local,Mexican,57.674808,-55.988654,Delhi,India,1954,True,False,False,False,1,4.3,4987,Operational
RES003941,Mediterranean Chain 3941,Chain,Mediterranean,22.460886,-142.347743,Delhi,India,1973,True,False,False,False,1,2.9,4940,Operational
RES003942,London American Place 3942,Local,American,-89.337298,177.965975,London,United Kingdom,1980,True,False,True,False,2,2.4,2732,Operational
RES003943,Manchester Indian Place 3943,Local,Indian,63.194742,118.795899,Manchester,United Kingdom,2009,True,False,True,False,2,3.1,557,Operational
RES003944,Mediterranean Chain 3944,Chain,Mediterranean,-18.815016,113.947709,Osaka,Japan,1994,True,True,False,False,4,4.8,430,Operational
RES003945,Delhi Burger Place 3945,Local,Burger,26.031884,-159.867117,Delhi,India,1981,True,False,True,False,2,2.5,2014,Operational
RES003946,Sao Paulo Italian Place 3946,Local,Italian,49.610183,104.875627,Sao Paulo,Brazil,1970,True,False,False,True,3,3.1,757,Operational
RES003947,Tokyo Thai Place 3947,Local,Thai,-57.393371,-20.661879,Tokyo,Japan,1988,True,True,True,False,1,2.7,2611,Operational
RES003948,Japanese Chain 3948,Chain,Japanese,-27.274042,-154.760208,Osaka,Japan,1955,False,False,True,True,4,3.3,1770,Operational
RES003949,Tokyo Thai Place 3949,Local,Thai,28.998937,-99.237889,Tokyo,Japan,2019,True,True,False,True,4,4.4,1955,Operational
RES003950,London French Place 3950,Local,French,62.674901,-115.019771,London,United Kingdom,1971,True,False,True,False,2,3.7,3637,Operational
RES003951,New York Mexican Place 3951,Local,Mexican,74.880577,-114.297873,New York,USA,2021,False,True,False,False,4,4.3,1600,Closed Temporarily
RES003952,New York American Place 3952,Local,American,41.358843,-9.316079,New York,USA,2002,True,True,False,True,1,2.7,2167,Operational
RES003953,Mexican Chain 3953,Chain,Mexican,-4.6408,171.996242,Los Angeles,USA,1975,True,True,True,False,2,4.2,2463,Operational
RES003954,Mumbai Italian Place 3954,Local,Italian,-21.71571,65.343861,Mumbai,India,1982,False,True,True,True,4,3.2,3522,Operational
RES003955,Rio de Janeiro French Place 3955,Local,French,-65.952998,-80.095553,Rio de Janeiro,Brazil,2008,True,True,False,True,4,2.3,4796,Operational
RES003956,Sao Paulo Chinese Place 3956,Local,Chinese,78.268319,-174.508719,Sao Paulo,Brazil,1995,False,False,True,True,1,2.8,2803,Operational
RES003957,Mediterranean Chain 3957,Chain,Mediterranean,67.961154,123.73037,London,United Kingdom,1969,True,True,True,True,4,4.1,2443,Operational
RES003958,Sao Paulo French Place 3958,Local,French,-27.983347,-152.409472,Sao Paulo,Brazil,1956,False,True,True,True,2,3.5,3860,Operational
RES003959,Tokyo Burger Place 3959,Local,Burger,-5.58801,176.875338,Tokyo,Japan,1987,False,True,False,False,4,3.8,3032,Operational
RES003960,Osaka Thai Place 3960,Local,Thai,-43.551465,100.116889,Osaka,Japan,1967,True,True,True,False,3,3.1,2202,Operational
RES003961,London American Place 3961,Local,American,-39.448458,138.913121,London,United Kingdom,1986,True,False,True,False,1,4.3,2721,Operational
RES003962,Rio de Janeiro Thai Place 3962,Local,Thai,35.146624,-126.055253,Rio de Janeiro,Brazil,1965,True,True,False,False,1,2.9,99,Operational
RES003963,New York Thai Place 3963,Local,Thai,-75.900102,102.112241,New York,USA,1969,True,False,False,False,2,2.8,4970,Operational
RES003964,Tokyo American Place 3964,Local,American,80.752778,-74.088068,Tokyo,Japan,1958,True,True,True,False,2,2.6,2663,Operational
RES003965,Mexican Chain 3965,Chain,Mexican,-73.347923,-129.055371,New York,USA,1979,False,False,True,False,3,4.5,2813,Operational
RES003966,Los Angeles French Place 3966,Local,French,14.038364,-139.256778,Los Angeles,USA,1972,True,False,False,True,3,3.3,3056,Operational
RES003967,London Brazilian Place 3967,Local,Brazilian,-87.775357,47.829446,London,United Kingdom,2022,False,False,True,True,3,4.6,1130,Operational
RES003968,Mumbai French Place 3968,Local,French,-75.348773,9.485749,Mumbai,India,1967,False,True,False,True,2,4.9,3933,Operational
RES003969,Delhi Chinese Place 3969,Local,Chinese,66.347882,-81.648409,Delhi,India,1980,True,False,True,False,3,4.8,2528,Closed Temporarily
RES003970,Rio de Janeiro Brazilian Place 3970,Local,Brazilian,-0.246932,-135.27186,Rio de Janeiro,Brazil,2021,False,False,True,False,2,2.9,2292,Operational
RES003971,Chinese Chain 3971,Chain,Chinese,-74.994929,-170.677541,Sao Paulo,Brazil,1991,True,False,False,False,4,2.3,3321,Operational
RES003972,Mediterranean Chain 3972,Chain,Mediterranean,49.678026,-100.548845,Los Angeles,USA,1977,True,False,False,True,4,3.5,183,Operational
RES003973,Tokyo Burger Place 3973,Local,Burger,44.169935,-95.96304,Tokyo,Japan,2020,True,False,False,False,4,3.9,889,Operational
RES003974,London Mediterranean Place 3974,Local,Mediterranean,-64.823652,12.221361,London,United Kingdom,1988,False,True,True,True,3,3.1,4014,Operational
RES003975,Sao Paulo Italian Place 3975,Local,Italian,28.357061,35.655579,Sao Paulo,Brazil,2012,False,False,True,True,3,3.7,3230,Operational
RES003976,Japanese Chain 3976,Chain,Japanese,-18.028491,-90.718391,Mumbai,India,1965,True,False,True,True,2,4.2,804,Operational
RES003977,Manchester Italian Place 3977,Local,Italian,-72.026256,-114.388027,Manchester,United Kingdom,1974,False,False,True,False,4,3.3,4515,Operational
RES003978,Manchester Chinese Place 3978,Local,Chinese,-79.249957,-79.033009,Manchester,United Kingdom,1971,True,False,True,False,4,3.6,1570,Operational
RES003979,Tokyo Mexican Place 3979,Local,Mexican,51.726042,31.1072,Tokyo,Japan,1990,True,False,False,True,4,2.4,4855,Operational
RES003980,Los Angeles American Place 3980,Local,American,-13.959439,-38.574717,Los Angeles,USA,1973,False,True,False,True,4,4.3,1987,Operational
RES003981,London American Place 3981,Local,American,81.926161,111.241806,London,United Kingdom,1977,True,True,True,True,2,2.1,977,Operational
RES003982,Rio de Janeiro Pizza Place 3982,Local,Pizza,23.559635,-15.217382,Rio de Janeiro,Brazil,1964,True,True,False,True,4,3.4,3129,Operational
RES003983,Italian Chain 3983,Chain,Italian,41.034084,-86.718001,Mumbai,India,1997,False,False,True,True,3,2.2,1815,Operational
RES003984,Sao Paulo Japanese Place 3984,Local,Japanese,36.932743,115.026234,Sao Paulo,Brazil,1994,True,False,False,True,4,3.9,3820,Closed Temporarily
RES003985,Delhi French Place 3985,Local,French,-21.927024,-79.890546,Delhi,India,1981,True,False,False,True,1,3.1,3102,Operational
RES003986,Manchester Italian Place 3986,Local,Italian,57.867236,150.69137,Manchester,United Kingdom,1981,True,True,True,True,3,4.5,1515,Operational
RES003987,Delhi Mediterranean Place 3987,Local,Mediterranean,4.74673,23.071507,Delhi,India,1966,False,False,True,False,1,3.5,2398,Operational
RES003988,Mexican Chain 3988,Chain,Mexican,44.63749,73.305593,Tokyo,Japan,1960,False,False,True,False,3,3.1,279,Operational
RES003989,Sao Paulo American Place 3989,Local,American,74.670429,27.785186,Sao Paulo,Brazil,1980,True,False,True,True,2,3.0,1286,Operational
RES003990,Manchester Mediterranean Place 3990,Local,Mediterranean,32.577519,-122.490332,Manchester,United Kingdom,1982,False,True,False,False,3,3.9,405,Operational
RES003991,Delhi American Place 3991,Local,American,-89.70803,-131.552603,Delhi,India,2005,False,False,True,True,4,3.7,2015,Operational
RES003992,Rio de Janeiro Mexican Place 3992,Local,Mexican,-28.30443,163.851524,Rio de Janeiro,Brazil,1985,True,False,False,True,2,4.4,3178,Operational
RES003993,Manchester Pizza Place 3993,Local,Pizza,-15.086045,-150.753332,Manchester,United Kingdom,1962,True,False,False,False,2,2.4,564,Operational
RES003994,Mumbai Mediterranean Place 3994,Local,Mediterranean,47.933489,-176.807495,Mumbai,India,2021,True,True,False,False,2,3.7,4988,Operational
RES003995,Mediterranean Chain 3995,Chain,Mediterranean,42.225367,-91.305336,Sao Paulo,Brazil,1971,False,True,True,False,2,2.5,4928,Operational
RES003996,Tokyo Brazilian Place 3996,Local,Brazilian,-44.176254,-120.819278,Tokyo,Japan,2017,False,False,True,False,1,2.5,3617,Operational
RES003997,Osaka Japanese Place 3997,Local,Japanese,23.179417,97.315839,Osaka,Japan,1955,True,True,False,False,2,4.3,3261,Operational
RES003998,Delhi French Place 3998,Local,French,48.563668,78.223279,Delhi,India,1981,True,False,False,True,4,3.4,3632,Operational
RES003999,Manchester Chinese Place 3999,Local,Chinese,62.220641,150.390594,Manchester,United Kingdom,1979,True,False,False,True,2,2.6,646,Operational
RES004000,Chinese Chain 4000,Chain,Chinese,-88.953936,-16.283087,London,United Kingdom,2013,False,False,True,False,1,4.7,434,Operational
RES004001,Osaka Italian Place 4001,Local,Italian,57.13773,169.943004,Osaka,Japan,2012,False,False,True,True,3,2.1,4067,Operational
RES004002,Manchester Burger Place 4002,Local,Burger,-48.108809,-129.896533,Manchester,United Kingdom,2001,True,False,False,True,2,2.4,3279,Operational
RES004003,Delhi Mediterranean Place 4003,Local,Mediterranean,-0.321742,-41.293477,Delhi,India,2022,True,True,True,False,3,2.1,543,Operational
RES004004,London Mexican Place 4004,Local,Mexican,15.791779,-41.482102,London,United Kingdom,1956,True,False,True,False,2,3.6,2219,Operational
RES004005,Mumbai Brazilian Place 4005,Local,Brazilian,-41.759687,-140.140132,Mumbai,India,1979,True,False,True,False,3,4.0,1481,Closed Temporarily
RES004006,New York Indian Place 4006,Local,Indian,65.674607,119.385102,New York,USA,1979,False,True,False,True,3,4.5,4200,Operational
RES004007,Pizza Chain 4007,Chain,Pizza,88.538895,31.3721,Delhi,India,2013,True,False,True,False,2,2.4,4241,Operational
RES004008,Sao Paulo American Place 4008,Local,American,61.7747,-96.55473,Sao Paulo,Brazil,2005,True,True,False,False,3,4.2,1047,Operational
RES004009,Los Angeles American Place 4009,Local,American,30.244506,54.952199,Los Angeles,USA,1966,True,False,False,False,4,4.0,3795,Operational
RES004010,Sao Paulo Mediterranean Place 4010,Local,Mediterranean,84.807081,150.190841,Sao Paulo,Brazil,2017,False,False,True,True,2,2.1,2,Closed Temporarily
RES004011,Japanese Chain 4011,Chain,Japanese,-78.946644,56.752724,Osaka,Japan,2005,True,True,False,True,1,3.2,1513,Operational
RES004012,London Mexican Place 4012,Local,Mexican,-36.762691,-49.743678,London,United Kingdom,1959,False,True,False,True,3,3.7,1594,Operational
RES004013,Mumbai Italian Place 4013,Local,Italian,46.437707,-61.861568,Mumbai,India,1983,False,True,False,True,4,4.0,1908,Operational
RES004014,Delhi Brazilian Place 4014,Local,Brazilian,16.863877,89.3312,Delhi,India,1998,True,True,False,False,2,4.4,4797,Operational
RES004015,New York French Place 4015,Local,French,48.535419,-56.742347,New York,USA,1982,True,False,False,True,3,3.8,1472,Operational
RES004016,New York Mediterranean Place 4016,Local,Mediterranean,-5.741015,67.924192,New York,USA,1961,True,False,False,False,2,2.3,1104,Operational
RES004017,Thai Chain 4017,Chain,Thai,83.60287,-124.897284,Los Angeles,USA,1975,True,True,True,False,1,2.9,3023,Operational
RES004018,Chinese Chain 4018,Chain,Chinese,-23.715778,3.038051,Sao Paulo,Brazil,1999,True,False,False,True,3,3.3,4927,Operational
RES004019,London Burger Place 4019,Local,Burger,55.275552,111.630291,London,United Kingdom,1965,True,False,False,True,2,2.8,4843,Operational
RES004020,Italian Chain 4020,Chain,Italian,-89.564755,-3.830144,Sao Paulo,Brazil,2000,True,False,False,True,3,4.8,4853,Operational
RES004021,Brazilian Chain 4021,Chain,Brazilian,8.904617,89.890275,Mumbai,India,1998,False,False,True,False,3,2.7,3164,Operational
RES004022,Brazilian Chain 4022,Chain,Brazilian,74.517592,108.639122,New York,USA,1966,False,True,False,False,2,2.6,1103,Operational
RES004023,Delhi Indian Place 4023,Local,Indian,52.768468,15.897129,Delhi,India,2013,False,False,True,False,2,2.4,3926,Operational
RES004024,Delhi Japanese Place 4024,Local,Japanese,87.638978,-77.495105,Delhi,India,1998,True,False,True,True,4,4.8,3770,Operational
RES004025,London American Place 4025,Local,American,16.201003,-61.029913,London,United Kingdom,1951,True,False,False,False,2,4.4,3512,Operational
RES004026,New York Thai Place 4026,Local,Thai,71.588405,33.224141,New York,USA,2001,True,False,False,False,4,4.0,4524,Operational
RES004027,Tokyo Indian Place 4027,Local,Indian,-24.872222,160.897528,Tokyo,Japan,1954,True,False,True,False,2,4.5,3928,Operational
RES004028,Mexican Chain 4028,Chain,Mexican,-35.72199,-124.871296,Rio de Janeiro,Brazil,2000,True,True,False,True,4,3.9,1130,Closed Temporarily
RES004029,Italian Chain 4029,Chain,Italian,-23.742772,40.606199,Sao Paulo,Brazil,2023,False,True,True,False,4,2.7,1764,Operational
RES004030,Sao Paulo Burger Place 4030,Local,Burger,57.909171,-160.851423,Sao Paulo,Brazil,2015,True,False,False,True,2,3.4,2414,Operational
RES004031,Manchester Italian Place 4031,Local,Italian,57.852988,26.990294,Manchester,United Kingdom,2004,True,False,False,True,2,2.0,3560,Operational
RES004032,French Chain 4032,Chain,French,-9.801353,97.399351,Los Angeles,USA,1958,True,False,False,False,2,3.6,272,Operational
RES004033,Sao Paulo Mexican Place 4033,Local,Mexican,-18.994777,127.174576,Sao Paulo,Brazil,2010,True,True,False,True,2,3.8,3081,Operational
RES004034,New York Burger Place 4034,Local,Burger,41.167832,147.56446,New York,USA,2006,False,False,True,True,1,2.5,3925,Operational
RES004035,Los Angeles Indian Place 4035,Local,Indian,-78.651664,-93.929551,Los Angeles,USA,1984,False,True,True,True,3,4.9,246,Operational
RES004036,Pizza Chain 4036,Chain,Pizza,23.560998,104.588075,Manchester,United Kingdom,2022,True,False,False,True,3,2.4,2593,Operational
RES004037,Osaka Mediterranean Place 4037,Local,Mediterranean,-21.355995,13.081747,Osaka,Japan,2023,True,False,False,False,4,3.1,2635,Operational
RES004038,Osaka Chinese Place 4038,Local,Chinese,-29.025625,18.616942,Osaka,Japan,2013,True,False,False,False,3,4.6,1237,Operational
RES004039,Indian Chain 4039,Chain,Indian,-38.221194,71.394828,New York,USA,1968,False,False,True,False,1,2.6,771,Closed Temporarily
RES004040,Sao Paulo American Place 4040,Local,American,55.291454,54.166264,Sao Paulo,Brazil,1954,True,True,True,False,3,3.0,1021,Operational
RES004041,Chinese Chain 4041,Chain,Chinese,43.932942,63.345982,Rio de Janeiro,Brazil,1969,True,False,False,True,3,4.3,349,Operational
RES004042,Rio de Janeiro Burger Place 4042,Local,Burger,88.909796,108.80284,Rio de Janeiro,Brazil,1952,True,False,True,False,4,2.6,1161,Operational
RES004043,Tokyo Italian Place 4043,Local,Italian,84.759679,-3.711273,Tokyo,Japan,1956,True,True,True,True,3,4.0,2572,Operational
RES004044,Manchester Japanese Place 4044,Local,Japanese,35.441776,-102.857679,Manchester,United Kingdom,2022,False,False,True,False,1,2.3,2968,Operational
RES004045,Osaka French Place 4045,Local,French,24.368333,-139.657077,Osaka,Japan,1991,False,True,True,False,3,2.2,553,Operational
RES004046,Indian Chain 4046,Chain,Indian,10.830394,-78.18184,Los Angeles,USA,1980,True,True,True,True,2,3.1,2190,Operational
RES004047,French Chain 4047,Chain,French,48.239713,-99.732585,Los Angeles,USA,1960,False,True,False,True,4,4.9,2895,Operational
RES004048,Tokyo French Place 4048,Local,French,-42.441762,100.553745,Tokyo,Japan,1994,True,True,False,False,2,2.0,2239,Operational
RES004049,Tokyo Mediterranean Place 4049,Local,Mediterranean,68.349103,-152.861194,Tokyo,Japan,1965,True,False,True,True,4,3.9,1302,Operational
RES004050,Delhi Indian Place 4050,Local,Indian,84.883284,-17.467408,Delhi,India,1966,False,False,True,True,3,3.1,357,Operational
RES004051,Italian Chain 4051,Chain,Italian,76.737627,-7.951242,Delhi,India,2017,False,True,False,True,2,2.3,1588,Operational
RES004052,Osaka Japanese Place 4052,Local,Japanese,-58.258497,-109.273148,Osaka,Japan,1999,False,True,False,False,4,4.8,4171,Operational
RES004053,London American Place 4053,Local,American,-42.789221,-89.194351,London,United Kingdom,1963,True,True,False,True,2,4.3,406,Operational
RES004054,Rio de Janeiro Mexican Place 4054,Local,Mexican,13.75434,99.191675,Rio de Janeiro,Brazil,2001,True,True,True,False,1,4.7,4197,Operational
RES004055,Mumbai Italian Place 4055,Local,Italian,-83.0766,-53.647465,Mumbai,India,1969,True,False,False,True,3,2.0,3873,Operational
RES004056,Mumbai American Place 4056,Local,American,44.11434,-50.560322,Mumbai,India,1969,False,True,True,True,3,4.7,3675,Operational
RES004057,Tokyo Burger Place 4057,Local,Burger,-43.893977,51.705126,Tokyo,Japan,1983,True,False,True,False,3,4.5,4515,Operational
RES004058,Rio de Janeiro Japanese Place 4058,Local,Japanese,24.580785,-64.793966,Rio de Janeiro,Brazil,1970,False,True,True,False,1,4.0,746,Closed Temporarily
RES004059,Delhi Pizza Place 4059,Local,Pizza,-74.163323,-99.284111,Delhi,India,1991,True,False,False,False,3,2.1,3852,Operational
RES004060,Mexican Chain 4060,Chain,Mexican,23.583014,99.395694,Los Angeles,USA,1953,False,True,False,False,3,4.4,4610,Operational
RES004061,Burger Chain 4061,Chain,Burger,1.229385,13.051317,Los Angeles,USA,1954,False,True,False,False,3,3.9,4663,Operational
RES004062,Los Angeles Burger Place 4062,Local,Burger,-85.584142,-4.070678,Los Angeles,USA,2022,True,True,True,False,2,4.9,85,Operational
RES004063,Brazilian Chain 4063,Chain,Brazilian,-16.847197,-69.416901,Osaka,Japan,2011,False,True,True,True,1,4.4,2863,Operational
RES004064,Chinese Chain 4064,Chain,Chinese,74.763028,-36.255094,New York,USA,1992,True,True,False,False,1,3.4,3927,Operational
RES004065,New York Brazilian Place 4065,Local,Brazilian,-59.910958,2.563692,New York,USA,1977,False,True,True,True,2,2.5,1333,Operational
RES004066,Delhi American Place 4066,Local,American,-57.197306,72.381471,Delhi,India,1959,True,True,True,True,4,5.0,640,Operational
RES004067,Los Angeles Indian Place 4067,Local,Indian,64.443576,-107.707268,Los Angeles,USA,2012,True,False,False,False,1,3.2,2473,Operational
RES004068,London Mediterranean Place 4068,Local,Mediterranean,-70.242099,58.301767,London,United Kingdom,2002,True,False,False,False,3,2.0,1402,Operational
RES004069,London Thai Place 4069,Local,Thai,72.415375,149.59864,London,United Kingdom,2016,True,False,False,False,2,4.2,2086,Operational
RES004070,Pizza Chain 4070,Chain,Pizza,-38.805546,-88.803161,Osaka,Japan,1959,True,False,True,True,2,2.2,2836,Operational
RES004071,American Chain 4071,Chain,American,-42.117637,-178.902315,Manchester,United Kingdom,1961,True,True,True,True,1,4.7,149,Operational
RES004072,London Thai Place 4072,Local,Thai,60.532146,122.229052,London,United Kingdom,1970,True,False,True,False,1,4.4,1759,Operational
RES004073,New York Burger Place 4073,Local,Burger,81.936539,7.376215,New York,USA,2022,True,True,True,False,4,3.5,897,Operational
RES004074,London Indian Place 4074,Local,Indian,-86.357156,162.463045,London,United Kingdom,1985,False,False,True,True,4,3.6,1818,Operational
RES004075,Burger Chain 4075,Chain,Burger,-87.398569,-179.726546,Mumbai,India,1982,False,True,False,True,4,3.4,4170,Operational
RES004076,French Chain 4076,Chain,French,23.663271,127.531202,New York,USA,1953,True,False,False,False,4,3.6,351,Operational
RES004077,Delhi Japanese Place 4077,Local,Japanese,-21.632145,-20.061747,Delhi,India,1963,False,False,True,True,2,3.4,323,Closed Temporarily
RES004078,Burger Chain 4078,Chain,Burger,-60.926938,-72.543639,Osaka,Japan,1957,False,True,True,False,2,3.5,2943,Operational
RES004079,Indian Chain 4079,Chain,Indian,9.814938,113.315278,New York,USA,2013,True,False,False,True,1,3.3,4660,Operational
RES004080,Japanese Chain 4080,Chain,Japanese,-3.028146,-70.575892,Mumbai,India,2000,False,True,True,True,3,4.7,2874,Operational
RES004081,Manchester Burger Place 4081,Local,Burger,20.879736,-162.688286,Manchester,United Kingdom,1964,False,True,True,False,2,4.2,3670,Operational
RES004082,Sao Paulo French Place 4082,Local,French,-40.671962,-134.784859,Sao Paulo,Brazil,2016,True,False,False,True,3,4.9,245,Operational
RES004083,Brazilian Chain 4083,Chain,Brazilian,-29.875415,-44.646789,London,United Kingdom,1976,True,False,True,True,4,4.5,4868,Operational
RES004084,Mediterranean Chain 4084,Chain,Mediterranean,-64.254263,59.600419,Osaka,Japan,1994,True,False,False,False,2,4.9,1244,Operational
RES004085,Mumbai Burger Place 4085,Local,Burger,-72.816793,118.018084,Mumbai,India,2019,True,False,True,False,1,2.5,348,Operational
RES004086,Mexican Chain 4086,Chain,Mexican,-41.945215,100.111669,Delhi,India,1996,False,True,False,True,2,2.2,4892,Operational
RES004087,Delhi Mediterranean Place 4087,Local,Mediterranean,-64.417391,143.362172,Delhi,India,2020,False,True,False,False,1,3.7,989,Operational
RES004088,Indian Chain 4088,Chain,Indian,-28.306684,-80.582306,Rio de Janeiro,Brazil,1960,True,False,False,True,4,3.6,3318,Operational
RES004089,Indian Chain 4089,Chain,Indian,-68.682041,-103.497424,Manchester,United Kingdom,1962,True,False,True,False,4,2.8,2926,Operational
RES004090,Mediterranean Chain 4090,Chain,Mediterranean,-49.048704,-16.247865,New York,USA,2016,True,False,False,True,4,2.8,1128,Operational
RES004091,French Chain 4091,Chain,French,-88.931391,-131.391805,Osaka,Japan,2008,True,True,False,True,4,4.6,1438,Operational
RES004092,Los Angeles Japanese Place 4092,Local,Japanese,-62.961796,100.401019,Los Angeles,USA,2013,False,True,False,True,4,4.6,2849,Operational
RES004093,New York Mediterranean Place 4093,Local,Mediterranean,50.879369,133.632732,New York,USA,2012,False,True,False,True,3,2.5,2010,Operational
RES004094,Indian Chain 4094,Chain,Indian,-36.208505,13.665902,Los Angeles,USA,2023,True,False,True,False,1,3.1,1519,Operational
RES004095,Tokyo Brazilian Place 4095,Local,Brazilian,-73.688422,22.776374,Tokyo,Japan,1950,False,True,True,False,2,4.3,3949,Operational
RES004096,Osaka Japanese Place 4096,Local,Japanese,-29.749712,-100.70608,Osaka,Japan,2001,True,False,False,True,1,3.7,1463,Operational
RES004097,Osaka Indian Place 4097,Local,Indian,47.350356,-144.771266,Osaka,Japan,1951,False,True,True,False,1,4.4,3813,Operational
RES004098,Tokyo Chinese Place 4098,Local,Chinese,65.932547,1.988398,Tokyo,Japan,2016,False,True,True,False,4,3.4,3457,Operational
RES004099,New York Italian Place 4099,Local,Italian,-60.672821,109.733068,New York,USA,1990,False,False,True,True,2,5.0,199,Operational
RES004100,Sao Paulo French Place 4100,Local,French,83.55532,172.764188,Sao Paulo,Brazil,1957,False,True,True,False,1,3.7,3663,Operational
RES004101,French Chain 4101,Chain,French,-69.590968,-11.503172,Osaka,Japan,1976,True,False,False,True,3,2.5,2668,Operational
RES004102,Los Angeles Italian Place 4102,Local,Italian,-25.188124,74.819392,Los Angeles,USA,1993,True,False,False,True,3,4.5,961,Operational
RES004103,Delhi Chinese Place 4103,Local,Chinese,-2.913831,160.631316,Delhi,India,2010,False,False,True,True,2,3.9,2077,Operational
RES004104,Los Angeles Chinese Place 4104,Local,Chinese,88.856603,-16.925371,Los Angeles,USA,1952,True,False,True,True,1,2.0,2823,Operational
RES004105,Indian Chain 4105,Chain,Indian,48.93853,174.212826,London,United Kingdom,1958,True,False,False,True,2,4.3,1615,Operational
RES004106,Los Angeles Burger Place 4106,Local,Burger,9.637259,-92.790859,Los Angeles,USA,2012,False,False,True,True,3,4.2,3476,Operational
RES004107,Los Angeles Burger Place 4107,Local,Burger,-6.983289,-174.516128,Los Angeles,USA,1960,False,False,True,True,3,2.9,3073,Operational
RES004108,Tokyo Mexican Place 4108,Local,Mexican,-68.27643,-88.867412,Tokyo,Japan,1961,True,True,True,True,4,2.1,889,Operational
RES004109,Rio de Janeiro Japanese Place 4109,Local,Japanese,-39.817548,23.518716,Rio de Janeiro,Brazil,1955,True,False,False,True,4,2.1,1519,Operational
RES004110,New York Italian Place 4110,Local,Italian,-2.914715,-90.181394,New York,USA,1978,True,True,False,True,2,3.3,3704,Operational
RES004111,London Italian Place 4111,Local,Italian,-71.945295,36.241007,London,United Kingdom,2000,False,False,True,False,2,2.0,3471,Operational
RES004112,American Chain 4112,Chain,American,-38.724222,-40.826198,Manchester,United Kingdom,1966,False,False,True,False,1,4.2,68,Operational
RES004113,American Chain 4113,Chain,American,-60.343421,130.098482,Tokyo,Japan,2015,False,True,False,False,4,2.5,947,Operational
RES004114,Japanese Chain 4114,Chain,Japanese,58.016439,-171.028184,New York,USA,1964,True,True,True,False,1,3.0,2118,Operational
RES004115,Manchester Italian Place 4115,Local,Italian,53.987315,67.789272,Manchester,United Kingdom,1972,True,False,False,False,1,3.8,1345,Operational
RES004116,Mumbai Thai Place 4116,Local,Thai,-38.844165,156.666543,Mumbai,India,2018,True,False,False,True,4,3.8,2879,Operational
RES004117,Japanese Chain 4117,Chain,Japanese,22.413249,21.128951,Tokyo,Japan,1997,True,False,False,True,2,3.1,3065,Operational
RES004118,Mumbai Indian Place 4118,Local,Indian,39.206936,-136.206199,Mumbai,India,1951,False,False,True,False,2,3.5,4150,Operational
RES004119,Tokyo Mexican Place 4119,Local,Mexican,-33.99769,-100.222182,Tokyo,Japan,1993,True,False,False,True,4,2.9,4970,Operational
RES004120,Delhi French Place 4120,Local,French,-10.239162,-110.729547,Delhi,India,1952,True,False,False,False,2,4.8,4515,Operational
RES004121,Tokyo Thai Place 4121,Local,Thai,-78.313833,-52.592162,Tokyo,Japan,2015,True,True,True,True,4,2.5,3408,Operational
RES004122,Mumbai Chinese Place 4122,Local,Chinese,81.951219,-57.44997,Mumbai,India,1966,True,False,False,False,1,3.4,3729,Operational
RES004123,Indian Chain 4123,Chain,Indian,-17.725506,-84.280337,Los Angeles,USA,1980,True,True,False,True,1,2.2,3185,Operational
RES004124,New York Burger Place 4124,Local,Burger,-2.014552,-169.006306,New York,USA,1965,False,False,True,False,2,4.4,1596,Operational
RES004125,Mumbai Japanese Place 4125,Local,Japanese,67.914086,-112.654212,Mumbai,India,2016,False,True,False,True,4,4.4,4106,Operational
RES004126,New York Mediterranean Place 4126,Local,Mediterranean,-25.43386,157.594257,New York,USA,1987,True,True,True,True,2,4.7,4441,Operational
RES004127,Mumbai American Place 4127,Local,American,39.531376,111.135747,Mumbai,India,2002,False,False,True,False,2,3.9,3568,Operational
RES004128,Mumbai American Place 4128,Local,American,0.898077,-93.412976,Mumbai,India,2013,False,True,False,True,3,4.7,2597,Operational
RES004129,Sao Paulo American Place 4129,Local,American,65.076144,136.316526,Sao Paulo,Brazil,1988,True,False,True,True,2,4.1,414,Operational
RES004130,Manchester French Place 4130,Local,French,-52.772251,72.479874,Manchester,United Kingdom,1995,False,True,False,True,1,4.3,2470,Operational
RES004131,Osaka Pizza Place 4131,Local,Pizza,81.17543,47.493844,Osaka,Japan,1995,False,True,True,False,3,4.7,1518,Operational
RES004132,Chinese Chain 4132,Chain,Chinese,-75.292008,-22.097396,Rio de Janeiro,Brazil,1959,True,False,True,True,1,4.0,1969,Operational
RES004133,Manchester Mediterranean Place 4133,Local,Mediterranean,-4.525715,-84.261787,Manchester,United Kingdom,2015,True,False,False,False,1,2.7,3065,Operational
RES004134,Sao Paulo Mediterranean Place 4134,Local,Mediterranean,-30.221817,160.8537,Sao Paulo,Brazil,1975,True,True,False,False,3,3.1,4302,Operational
RES004135,Delhi Brazilian Place 4135,Local,Brazilian,-74.237279,24.906143,Delhi,India,2006,False,True,True,True,2,4.3,2485,Operational
RES004136,American Chain 4136,Chain,American,-39.925586,-151.843672,Rio de Janeiro,Brazil,1960,False,True,True,True,1,3.1,275,Operational
RES004137,Manchester Pizza Place 4137,Local,Pizza,-61.519122,25.125244,Manchester,United Kingdom,2000,False,True,False,False,1,2.7,4077,Operational
RES004138,Rio de Janeiro Pizza Place 4138,Local,Pizza,35.644721,77.509854,Rio de Janeiro,Brazil,1969,True,False,False,True,3,4.3,4591,Operational
RES004139,Los Angeles Mexican Place 4139,Local,Mexican,-9.902917,-124.991159,Los Angeles,USA,2017,True,False,True,True,1,4.2,4764,Operational
RES004140,Osaka Mediterranean Place 4140,Local,Mediterranean,89.988704,-142.176409,Osaka,Japan,2007,False,True,False,True,4,2.7,380,Operational
RES004141,London Indian Place 4141,Local,Indian,-24.015764,134.739144,London,United Kingdom,1994,True,False,True,True,3,2.5,4926,Operational
RES004142,Los Angeles Pizza Place 4142,Local,Pizza,8.357537,67.807679,Los Angeles,USA,2023,False,True,True,False,4,2.7,1181,Operational
RES004143,Los Angeles Pizza Place 4143,Local,Pizza,40.760282,159.411026,Los Angeles,USA,1975,False,True,False,False,4,4.9,1534,Operational
RES004144,Italian Chain 4144,Chain,Italian,-74.132939,154.73436,Delhi,India,1957,True,False,False,True,3,4.0,3524,Operational
RES004145,Delhi Chinese Place 4145,Local,Chinese,21.886242,-115.575401,Delhi,India,1958,True,True,True,True,3,3.5,1332,Operational
RES004146,Tokyo Indian Place 4146,Local,Indian,5.009064,-145.673336,Tokyo,Japan,1982,False,False,True,False,1,4.0,2604,Operational
RES004147,Mumbai American Place 4147,Local,American,-30.510585,135.257791,Mumbai,India,2003,True,False,True,True,4,3.3,3293,Operational
RES004148,Brazilian Chain 4148,Chain,Brazilian,-22.83371,-52.997534,Rio de Janeiro,Brazil,1954,False,True,True,False,3,3.6,2602,Operational
RES004149,Mumbai Chinese Place 4149,Local,Chinese,10.608843,-150.734744,Mumbai,India,1978,True,False,True,True,2,4.8,2209,Operational
RES004150,London Indian Place 4150,Local,Indian,52.915369,-68.864552,London,United Kingdom,1984,False,False,True,True,2,2.8,726,Operational
RES004151,New York Burger Place 4151,Local,Burger,70.056589,-165.451101,New York,USA,2009,False,True,False,True,4,4.2,2771,Operational
RES004152,Indian Chain 4152,Chain,Indian,-63.558144,31.56188,Tokyo,Japan,1985,True,False,False,True,2,2.7,3157,Operational
RES004153,New York Thai Place 4153,Local,Thai,-29.519337,15.908485,New York,USA,1964,True,False,True,False,3,2.2,2570,Operational
RES004154,Chinese Chain 4154,Chain,Chinese,32.310715,-96.078727,Osaka,Japan,2014,True,False,True,False,3,2.7,4455,Operational
RES004155,Delhi Japanese Place 4155,Local,Japanese,-74.2924,105.694934,Delhi,India,1977,False,True,True,False,1,3.6,2622,Operational
RES004156,London Chinese Place 4156,Local,Chinese,22.119331,79.241265,London,United Kingdom,1978,True,True,False,True,1,3.9,893,Operational
RES004157,London Chinese Place 4157,Local,Chinese,23.413386,126.689907,London,United Kingdom,1992,False,False,True,False,4,3.7,2931,Operational
RES004158,Mexican Chain 4158,Chain,Mexican,7.409308,128.983281,Tokyo,Japan,1961,False,False,True,True,2,3.3,423,Operational
RES004159,American Chain 4159,Chain,American,-80.243096,-133.140468,London,United Kingdom,1999,True,False,True,False,1,3.5,2765,Operational
RES004160,London Chinese Place 4160,Local,Chinese,55.145187,-7.468489,London,United Kingdom,1987,True,False,False,False,1,4.4,3866,Operational
RES004161,Tokyo Italian Place 4161,Local,Italian,63.929179,173.056583,Tokyo,Japan,2010,False,True,True,True,2,4.7,874,Operational
RES004162,Tokyo Italian Place 4162,Local,Italian,28.500077,-86.256099,Tokyo,Japan,2009,False,True,False,True,2,3.7,1558,Operational
RES004163,Tokyo American Place 4163,Local,American,69.820484,-124.261243,Tokyo,Japan,2022,True,False,False,True,4,3.8,2062,Operational
RES004164,Mumbai Pizza Place 4164,Local,Pizza,72.627611,68.644615,Mumbai,India,1960,False,False,True,False,2,4.4,2115,Operational
RES004165,Sao Paulo Brazilian Place 4165,Local,Brazilian,-45.853927,85.312482,Sao Paulo,Brazil,2001,False,True,True,True,1,2.9,460,Operational
RES004166,Burger Chain 4166,Chain,Burger,25.185984,-167.969274,Mumbai,India,2020,True,False,True,True,4,4.8,3184,Operational
RES004167,Sao Paulo Mexican Place 4167,Local,Mexican,-87.455286,-28.746346,Sao Paulo,Brazil,1993,True,True,False,True,3,4.4,1661,Operational
RES004168,Sao Paulo Mexican Place 4168,Local,Mexican,-18.463811,-110.878015,Sao Paulo,Brazil,1994,True,False,True,True,2,4.3,4954,Operational
RES004169,Los Angeles American Place 4169,Local,American,88.217325,-15.033853,Los Angeles,USA,1953,False,True,True,False,1,4.0,3663,Operational
RES004170,Mumbai Brazilian Place 4170,Local,Brazilian,45.087624,-62.791158,Mumbai,India,1958,False,True,False,True,4,4.8,3416,Operational
RES004171,Sao Paulo Burger Place 4171,Local,Burger,-9.90784,-15.584715,Sao Paulo,Brazil,1982,False,False,True,False,1,3.7,4347,Operational
RES004172,Manchester Italian Place 4172,Local,Italian,-65.314028,136.361199,Manchester,United Kingdom,1972,False,True,False,False,2,4.5,511,Operational
RES004173,French Chain 4173,Chain,French,-15.610049,69.085397,New York,USA,2011,True,True,True,True,1,4.3,919,Operational
RES004174,Los Angeles French Place 4174,Local,French,-55.549366,-134.469052,Los Angeles,USA,2015,False,True,True,True,2,4.5,3639,Operational
RES004175,Los Angeles Indian Place 4175,Local,Indian,57.824763,-133.961362,Los Angeles,USA,2008,False,False,True,False,4,3.0,4595,Operational
RES004176,Delhi French Place 4176,Local,French,-15.216017,-48.304563,Delhi,India,2021,False,True,True,False,3,4.9,2137,Operational
RES004177,Osaka Mediterranean Place 4177,Local,Mediterranean,50.204646,23.784411,Osaka,Japan,2000,False,True,False,False,3,2.3,622,Operational
RES004178,Los Angeles Burger Place 4178,Local,Burger,-8.522914,38.813275,Los Angeles,USA,1990,True,False,False,False,1,2.4,4050,Closed Temporarily
RES004179,Mediterranean Chain 4179,Chain,Mediterranean,-30.005748,-157.396644,Tokyo,Japan,1980,True,True,True,True,4,4.5,4811,Operational
RES004180,Manchester Indian Place 4180,Local,Indian,1.724922,67.778936,Manchester,United Kingdom,2016,False,True,True,True,3,3.4,4577,Operational
RES004181,Osaka Brazilian Place 4181,Local,Brazilian,-19.148011,-53.060589,Osaka,Japan,2010,True,False,True,False,2,4.6,4231,Operational
RES004182,Osaka Mediterranean Place 4182,Local,Mediterranean,-50.810692,-156.286539,Osaka,Japan,2022,False,True,True,False,1,2.0,3650,Operational
RES004183,New York Thai Place 4183,Local,Thai,-42.03863,78.675748,New York,USA,2006,True,True,True,True,1,4.5,4036,Operational
RES004184,Sao Paulo American Place 4184,Local,American,-65.831193,26.971703,Sao Paulo,Brazil,1974,True,True,True,True,3,2.6,4146,Operational
RES004185,Los Angeles Thai Place 4185,Local,Thai,-83.697666,42.767125,Los Angeles,USA,1952,True,False,False,False,3,3.0,304,Operational
RES004186,Rio de Janeiro Thai Place 4186,Local,Thai,34.485938,-27.027458,Rio de Janeiro,Brazil,1953,False,True,False,True,3,3.4,4318,Operational
RES004187,Italian Chain 4187,Chain,Italian,4.1915,-147.831006,Manchester,United Kingdom,2003,True,True,False,True,4,5.0,3985,Operational
RES004188,Rio de Janeiro Pizza Place 4188,Local,Pizza,28.125259,30.085325,Rio de Janeiro,Brazil,2018,True,False,False,False,4,4.8,2124,Operational
RES004189,Tokyo Mediterranean Place 4189,Local,Mediterranean,-19.17956,174.949472,Tokyo,Japan,1997,True,False,True,True,3,3.2,2126,Operational
RES004190,Los Angeles Brazilian Place 4190,Local,Brazilian,24.643395,-60.66001,Los Angeles,USA,1954,True,True,False,False,3,4.3,2508,Operational
RES004191,Los Angeles French Place 4191,Local,French,23.844371,-131.334035,Los Angeles,USA,1987,False,False,True,True,3,4.9,1773,Operational
RES004192,London American Place 4192,Local,American,-24.106014,48.130867,London,United Kingdom,2008,False,True,False,True,3,4.1,2020,Operational
RES004193,Sao Paulo Pizza Place 4193,Local,Pizza,87.23149,-26.617798,Sao Paulo,Brazil,2006,True,False,True,False,4,4.5,1230,Operational
RES004194,London Pizza Place 4194,Local,Pizza,59.161982,-176.976204,London,United Kingdom,1989,True,True,True,True,3,3.5,2456,Operational
RES004195,Los Angeles Indian Place 4195,Local,Indian,77.477089,66.833896,Los Angeles,USA,2004,False,True,False,True,4,3.5,3809,Operational
RES004196,Mumbai Pizza Place 4196,Local,Pizza,38.761849,86.197944,Mumbai,India,1955,False,True,True,False,1,3.0,1317,Operational
RES004197,London French Place 4197,Local,French,37.308886,-38.469237,London,United Kingdom,1966,True,False,False,True,1,3.9,3089,Operational
RES004198,Manchester French Place 4198,Local,French,51.149291,-113.165381,Manchester,United Kingdom,1965,True,True,False,True,4,4.0,4998,Closed Temporarily
RES004199,Delhi Brazilian Place 4199,Local,Brazilian,-40.065844,73.33625,Delhi,India,1961,False,False,True,False,1,2.1,2014,Operational
RES004200,Rio de Janeiro Mexican Place 4200,Local,Mexican,50.209237,-45.447,Rio de Janeiro,Brazil,2022,False,True,True,False,3,3.0,2073,Operational
RES004201,Mexican Chain 4201,Chain,Mexican,-75.275585,71.841634,Delhi,India,1961,False,True,True,True,3,4.4,2449,Operational
RES004202,Delhi Thai Place 4202,Local,Thai,7.382998,149.525974,Delhi,India,1975,True,False,False,False,1,3.4,1515,Operational
RES004203,Thai Chain 4203,Chain,Thai,-33.849235,81.451999,Sao Paulo,Brazil,1979,False,False,True,True,2,4.1,2628,Operational
RES004204,Osaka American Place 4204,Local,American,31.274656,159.894268,Osaka,Japan,1997,True,True,False,True,4,2.6,1007,Operational
RES004205,Rio de Janeiro Pizza Place 4205,Local,Pizza,55.562557,-113.050784,Rio de Janeiro,Brazil,1997,True,False,False,False,4,2.1,781,Operational
RES004206,Thai Chain 4206,Chain,Thai,69.86635,-170.167174,London,United Kingdom,1972,False,True,True,False,2,2.1,3721,Operational
RES004207,Japanese Chain 4207,Chain,Japanese,-14.70856,178.25155,Mumbai,India,1978,True,False,False,False,3,2.7,2438,Operational
RES004208,Mumbai Mediterranean Place 4208,Local,Mediterranean,11.193076,138.367874,Mumbai,India,1982,False,True,False,False,4,2.3,1589,Operational
RES004209,Mumbai Mediterranean Place 4209,Local,Mediterranean,-83.910279,-15.572938,Mumbai,India,2005,True,False,False,True,2,4.5,204,Operational
RES004210,Los Angeles Pizza Place 4210,Local,Pizza,-41.880284,32.616856,Los Angeles,USA,1973,True,False,False,True,4,4.5,3659,Operational
RES004211,Indian Chain 4211,Chain,Indian,65.125951,96.27805,Los Angeles,USA,1987,True,False,False,False,3,4.5,2257,Operational
RES004212,Tokyo Mexican Place 4212,Local,Mexican,-56.579173,30.785596,Tokyo,Japan,2017,False,False,True,False,2,2.6,3248,Operational
RES004213,Chinese Chain 4213,Chain,Chinese,52.419324,34.816604,Sao Paulo,Brazil,1989,True,True,True,False,2,4.4,4629,Operational
RES004214,Italian Chain 4214,Chain,Italian,-62.608688,71.117301,London,United Kingdom,1956,True,False,False,False,4,4.3,2791,Operational
RES004215,Thai Chain 4215,Chain,Thai,43.926914,148.237581,Mumbai,India,1954,False,True,False,False,2,2.0,2765,Operational
RES004216,Burger Chain 4216,Chain,Burger,-38.173019,94.000476,Tokyo,Japan,1951,True,True,False,True,2,2.3,1911,Closed Temporarily
RES004217,French Chain 4217,Chain,French,47.074179,-102.508561,Sao Paulo,Brazil,1964,True,True,False,False,1,3.8,4385,Operational
RES004218,New York French Place 4218,Local,French,-47.871398,-127.630409,New York,USA,2010,True,False,True,False,2,3.2,2407,Operational
RES004219,Indian Chain 4219,Chain,Indian,-48.441733,27.574154,Sao Paulo,Brazil,1954,True,False,False,True,2,2.9,4376,Operational
RES004220,American Chain 4220,Chain,American,-59.325281,-9.451888,New York,USA,2011,True,False,False,False,4,4.5,2405,Operational
RES004221,Tokyo Indian Place 4221,Local,Indian,26.978175,-112.989114,Tokyo,Japan,1955,False,False,True,True,4,4.2,140,Operational
RES004222,Pizza Chain 4222,Chain,Pizza,-81.104335,-101.526443,Sao Paulo,Brazil,2023,False,True,False,False,2,3.5,3676,Operational
RES004223,London Thai Place 4223,Local,Thai,-39.255549,178.092818,London,United Kingdom,1982,True,False,True,True,4,2.0,3656,Operational
RES004224,Mexican Chain 4224,Chain,Mexican,-10.486088,-21.160923,Mumbai,India,1988,True,True,True,True,4,3.9,866,Operational
RES004225,Delhi Chinese Place 4225,Local,Chinese,-6.853588,117.008384,Delhi,India,1962,True,False,False,False,1,3.2,1996,Operational
RES004226,London Chinese Place 4226,Local,Chinese,81.153958,101.372489,London,United Kingdom,2001,True,True,True,False,4,2.5,2806,Operational
RES004227,Sao Paulo Indian Place 4227,Local,Indian,41.358399,-121.74327,Sao Paulo,Brazil,2017,False,True,False,True,4,3.3,3818,Operational
RES004228,Chinese Chain 4228,Chain,Chinese,-42.411391,-110.634923,Rio de Janeiro,Brazil,2018,False,True,True,True,2,2.5,1100,Operational
RES004229,London Brazilian Place 4229,Local,Brazilian,35.035223,-92.820849,London,United Kingdom,1986,True,False,True,False,1,4.8,3660,Operational
RES004230,New York Indian Place 4230,Local,Indian,-47.217116,-65.019189,New York,USA,1959,True,False,False,True,2,4.8,2421,Operational
RES004231,Manchester Pizza Place 4231,Local,Pizza,27.81048,34.60532,Manchester,United Kingdom,1999,True,True,True,True,2,4.5,1971,Operational
RES004232,Rio de Janeiro Pizza Place 4232,Local,Pizza,-0.766706,-110.854958,Rio de Janeiro,Brazil,1991,False,False,True,False,3,2.2,4026,Operational
RES004233,Manchester Thai Place 4233,Local,Thai,-70.430319,32.770916,Manchester,United Kingdom,2005,True,True,True,False,4,3.5,3265,Operational
RES004234,New York Mexican Place 4234,Local,Mexican,12.347836,6.276521,New York,USA,1982,True,True,False,False,3,2.0,934,Operational
RES004235,Indian Chain 4235,Chain,Indian,-47.549789,6.727344,London,United Kingdom,2010,True,False,False,True,2,3.4,2702,Operational
RES004236,Sao Paulo American Place 4236,Local,American,-33.951366,-151.678252,Sao Paulo,Brazil,1950,False,False,True,False,2,3.0,4468,Operational
RES004237,French Chain 4237,Chain,French,0.774346,56.301067,Tokyo,Japan,1980,True,False,False,False,2,2.7,3601,Operational
RES004238,Osaka Brazilian Place 4238,Local,Brazilian,58.154009,-2.50642,Osaka,Japan,1953,False,True,False,True,2,3.2,4444,Operational
RES004239,Mediterranean Chain 4239,Chain,Mediterranean,82.47305,27.533065,Tokyo,Japan,1968,True,True,False,False,1,3.5,3497,Operational
RES004240,Sao Paulo Thai Place 4240,Local,Thai,-37.074572,138.85797,Sao Paulo,Brazil,1984,True,True,True,False,1,4.3,3637,Operational
RES004241,Tokyo Mediterranean Place 4241,Local,Mediterranean,57.331584,-21.848016,Tokyo,Japan,1954,True,True,False,True,1,2.7,2711,Operational
RES004242,Mumbai Indian Place 4242,Local,Indian,-43.291778,134.497995,Mumbai,India,1954,True,False,False,False,2,2.6,1654,Operational
RES004243,French Chain 4243,Chain,French,69.62906,-65.595199,Mumbai,India,1963,False,True,True,True,3,4.4,1712,Operational
RES004244,Tokyo Chinese Place 4244,Local,Chinese,58.319865,13.589539,Tokyo,Japan,1963,True,True,True,True,1,2.5,3776,Operational
RES004245,Delhi Indian Place 4245,Local,Indian,-27.85831,50.905206,Delhi,India,1963,True,False,False,True,4,4.8,3481,Operational
RES004246,New York Mexican Place 4246,Local,Mexican,-52.019965,-4.591257,New York,USA,1967,True,False,False,True,4,4.7,4375,Operational
RES004247,Osaka Mediterranean Place 4247,Local,Mediterranean,37.81065,-141.424092,Osaka,Japan,1987,False,False,True,True,2,2.4,2977,Operational
RES004248,Osaka Pizza Place 4248,Local,Pizza,21.254165,72.834047,Osaka,Japan,2012,True,False,True,False,3,3.5,1908,Operational
RES004249,New York French Place 4249,Local,French,-65.210106,-62.325955,New York,USA,1974,True,False,False,True,2,3.5,3802,Operational
RES004250,London Pizza Place 4250,Local,Pizza,-33.982702,-110.059379,London,United Kingdom,1980,True,False,True,False,1,4.8,3299,Operational
RES004251,Brazilian Chain 4251,Chain,Brazilian,6.140897,-114.314284,Mumbai,India,1952,False,True,False,False,3,2.2,5000,Operational
RES004252,New York Chinese Place 4252,Local,Chinese,13.955734,33.538881,New York,USA,1967,True,False,True,True,1,2.7,1620,Operational
RES004253,Tokyo Japanese Place 4253,Local,Japanese,-31.473749,29.320072,Tokyo,Japan,1985,True,False,False,False,2,3.4,334,Operational
RES004254,Rio de Janeiro French Place 4254,Local,French,-82.785352,125.165879,Rio de Janeiro,Brazil,1953,True,False,False,True,2,4.4,1330,Operational
RES004255,Brazilian Chain 4255,Chain,Brazilian,34.649437,2.270097,Los Angeles,USA,1973,False,True,True,False,3,2.3,4078,Operational
RES004256,Sao Paulo Pizza Place 4256,Local,Pizza,-79.988144,-177.233039,Sao Paulo,Brazil,1976,True,True,False,False,3,2.4,1206,Operational
RES004257,Chinese Chain 4257,Chain,Chinese,44.323826,11.553351,London,United Kingdom,1984,True,True,True,True,2,3.3,3884,Operational
RES004258,Pizza Chain 4258,Chain,Pizza,-54.172305,9.597258,New York,USA,1953,True,True,False,True,3,4.7,1718,Operational
RES004259,Italian Chain 4259,Chain,Italian,17.708049,-43.585432,London,United Kingdom,1975,False,True,False,False,4,3.1,3725,Operational
RES004260,French Chain 4260,Chain,French,54.511419,-103.093196,London,United Kingdom,1958,False,True,False,False,1,2.4,275,Operational
RES004261,Manchester American Place 4261,Local,American,54.034125,-38.216432,Manchester,United Kingdom,1972,True,False,False,True,3,4.6,1772,Operational
RES004262,Osaka Pizza Place 4262,Local,Pizza,-10.844194,29.09891,Osaka,Japan,2009,True,False,False,True,2,2.2,3744,Operational
RES004263,New York Japanese Place 4263,Local,Japanese,-74.446117,-9.811658,New York,USA,1973,True,False,False,True,2,2.1,1278,Operational
RES004264,Manchester Japanese Place 4264,Local,Japanese,-80.383346,-34.178699,Manchester,United Kingdom,2020,False,True,True,False,2,4.7,2250,Operational
RES004265,Osaka Thai Place 4265,Local,Thai,-29.657606,8.898922,Osaka,Japan,1989,False,True,False,False,2,2.5,3527,Operational
RES004266,American Chain 4266,Chain,American,-80.101867,40.469024,Osaka,Japan,1986,True,True,True,True,2,4.6,2694,Operational
RES004267,Los Angeles Brazilian Place 4267,Local,Brazilian,12.098598,-21.8079,Los Angeles,USA,1976,False,True,True,False,4,4.7,4211,Operational
RES004268,Delhi Brazilian Place 4268,Local,Brazilian,-42.18174,135.081646,Delhi,India,1957,True,False,False,True,1,4.6,4665,Operational
RES004269,Mumbai Brazilian Place 4269,Local,Brazilian,23.89356,120.974262,Mumbai,India,2015,True,False,False,False,3,4.5,4803,Operational
RES004270,Los Angeles Italian Place 4270,Local,Italian,61.06992,27.039904,Los Angeles,USA,2006,False,True,False,True,3,4.3,4603,Operational
RES004271,Los Angeles Japanese Place 4271,Local,Japanese,23.819257,139.558199,Los Angeles,USA,1952,True,True,False,False,1,2.5,4939,Operational
RES004272,Delhi Italian Place 4272,Local,Italian,-21.63069,-113.65933,Delhi,India,1979,False,True,False,True,4,3.0,378,Operational
RES004273,Sao Paulo Japanese Place 4273,Local,Japanese,21.263428,-138.083109,Sao Paulo,Brazil,1952,True,False,False,False,1,2.5,2343,Operational
RES004274,New York Pizza Place 4274,Local,Pizza,6.821827,-36.225364,New York,USA,1989,False,True,False,True,4,4.8,1904,Operational
RES004275,Pizza Chain 4275,Chain,Pizza,79.788528,94.764963,Mumbai,India,2009,True,False,True,False,1,4.4,2050,Operational
RES004276,London Mexican Place 4276,Local,Mexican,-16.611511,164.477427,London,United Kingdom,1980,True,False,True,False,2,4.9,4920,Closed Temporarily
RES004277,London Pizza Place 4277,Local,Pizza,-86.463554,64.435914,London,United Kingdom,2010,True,True,True,True,1,3.6,3052,Operational
RES004278,Rio de Janeiro Indian Place 4278,Local,Indian,43.092117,51.304289,Rio de Janeiro,Brazil,2010,False,True,True,False,3,4.8,895,Operational
RES004279,Los Angeles Japanese Place 4279,Local,Japanese,73.262285,155.174574,Los Angeles,USA,2007,True,False,False,False,4,5.0,1931,Operational
RES004280,London American Place 4280,Local,American,54.31736,107.627753,London,United Kingdom,1964,True,False,False,False,3,2.7,4267,Operational
RES004281,Mexican Chain 4281,Chain,Mexican,55.913872,-137.703439,Tokyo,Japan,1984,False,True,True,True,4,2.3,2904,Operational
RES004282,Manchester Brazilian Place 4282,Local,Brazilian,-55.374139,133.825366,Manchester,United Kingdom,2004,True,False,False,True,1,4.0,2597,Operational
RES004283,Mexican Chain 4283,Chain,Mexican,23.332288,-19.933379,Tokyo,Japan,1975,False,True,False,True,3,2.7,1849,Operational
RES004284,Manchester Burger Place 4284,Local,Burger,-65.828055,-129.364011,Manchester,United Kingdom,1968,True,True,True,True,4,3.2,4505,Operational
RES004285,French Chain 4285,Chain,French,-21.773744,-26.122376,New York,USA,1950,False,True,False,True,3,2.6,4799,Operational
RES004286,Chinese Chain 4286,Chain,Chinese,8.065505,83.023364,Sao Paulo,Brazil,2019,True,True,False,True,2,4.4,1984,Operational
RES004287,Italian Chain 4287,Chain,Italian,-40.009453,159.664869,New York,USA,1983,True,True,False,False,3,3.9,3525,Operational
RES004288,Delhi Thai Place 4288,Local,Thai,-71.51632,177.44333,Delhi,India,1954,False,True,False,True,4,4.6,306,Operational
RES004289,French Chain 4289,Chain,French,-66.469888,156.962603,Los Angeles,USA,2005,True,True,False,True,2,3.6,1970,Operational
RES004290,Mexican Chain 4290,Chain,Mexican,35.119359,86.733551,Delhi,India,2019,True,False,True,False,4,4.4,1604,Closed Temporarily
RES004291,Mediterranean Chain 4291,Chain,Mediterranean,57.654478,6.951672,Rio de Janeiro,Brazil,1979,True,False,False,True,3,3.1,926,Operational
RES004292,Delhi French Place 4292,Local,French,20.651147,-147.523679,Delhi,India,2001,False,False,True,True,4,4.1,1546,Operational
RES004293,London Burger Place 4293,Local,Burger,-73.477554,94.086108,London,United Kingdom,2020,True,True,True,False,2,3.6,3718,Operational
RES004294,Tokyo Japanese Place 4294,Local,Japanese,41.057388,-5.517164,Tokyo,Japan,2012,True,False,False,True,4,4.0,4328,Operational
RES004295,New York American Place 4295,Local,American,-37.770992,129.309772,New York,USA,2023,False,True,False,False,2,3.6,4976,Operational
RES004296,Mumbai American Place 4296,Local,American,-56.829688,-54.884042,Mumbai,India,2006,False,True,False,False,4,3.3,2436,Operational
RES004297,London French Place 4297,Local,French,39.424112,110.778614,London,United Kingdom,2001,True,False,False,False,1,3.7,3988,Operational
RES004298,Italian Chain 4298,Chain,Italian,20.663385,-6.249584,New York,USA,1998,True,True,True,True,2,3.2,109,Operational
RES004299,London Pizza Place 4299,Local,Pizza,30.629804,3.520553,London,United Kingdom,1971,False,True,False,False,4,4.7,3669,Operational
RES004300,New York American Place 4300,Local,American,-55.601315,38.216003,New York,USA,1961,True,True,True,True,2,4.0,3442,Operational
RES004301,Chinese Chain 4301,Chain,Chinese,-8.088417,-156.377691,Mumbai,India,1952,False,True,True,True,1,3.5,4297,Operational
RES004302,American Chain 4302,Chain,American,-47.486928,2.021713,Los Angeles,USA,1987,True,True,True,False,4,4.5,3351,Operational
RES004303,London Mediterranean Place 4303,Local,Mediterranean,-56.280809,88.056134,London,United Kingdom,1980,True,False,True,False,2,2.9,4692,Operational
RES004304,Sao Paulo Burger Place 4304,Local,Burger,84.640724,-83.661266,Sao Paulo,Brazil,1967,True,False,False,True,3,2.8,3437,Operational
RES004305,Rio de Janeiro Indian Place 4305,Local,Indian,-20.663536,66.565731,Rio de Janeiro,Brazil,2003,False,False,True,False,1,3.3,3610,Operational
RES004306,American Chain 4306,Chain,American,4.568488,79.830048,London,United Kingdom,2005,True,True,False,False,1,3.9,3289,Operational
RES004307,Pizza Chain 4307,Chain,Pizza,81.844631,113.736038,Los Angeles,USA,1986,True,False,False,False,3,3.6,176,Operational
RES004308,Rio de Janeiro Indian Place 4308,Local,Indian,23.668888,-167.895117,Rio de Janeiro,Brazil,1976,True,True,True,False,1,4.8,3468,Operational
RES004309,Delhi Chinese Place 4309,Local,Chinese,-15.35863,-35.784218,Delhi,India,2017,False,False,True,True,4,5.0,2959,Operational
RES004310,Osaka Mexican Place 4310,Local,Mexican,71.467637,-44.092438,Osaka,Japan,2013,False,True,False,False,3,3.5,3584,Operational
RES004311,Manchester Pizza Place 4311,Local,Pizza,48.462128,-150.364366,Manchester,United Kingdom,2009,True,False,False,False,3,3.8,557,Operational
RES004312,London Pizza Place 4312,Local,Pizza,-64.600383,167.845843,London,United Kingdom,1963,True,True,False,True,4,5.0,3251,Operational
RES004313,New York Pizza Place 4313,Local,Pizza,-15.465733,47.950628,New York,USA,1990,True,True,True,True,2,2.4,3167,Operational
RES004314,Mexican Chain 4314,Chain,Mexican,-79.948014,-165.825852,Sao Paulo,Brazil,1996,True,False,False,True,2,3.8,2067,Operational
RES004315,Osaka American Place 4315,Local,American,-68.007985,147.630722,Osaka,Japan,1979,True,False,True,True,3,4.8,46,Operational
RES004316,London Italian Place 4316,Local,Italian,77.56918,130.316308,London,United Kingdom,1985,True,False,True,False,2,4.6,3630,Operational
RES004317,Manchester Burger Place 4317,Local,Burger,-55.897293,79.702342,Manchester,United Kingdom,2005,True,False,False,True,2,3.4,1916,Closed Temporarily
RES004318,Japanese Chain 4318,Chain,Japanese,87.054558,-175.756159,Mumbai,India,2012,True,True,False,True,3,3.2,3760,Operational
RES004319,Mumbai Thai Place 4319,Local,Thai,3.589599,127.506412,Mumbai,India,1971,True,False,False,True,4,3.5,3886,Operational
RES004320,Mexican Chain 4320,Chain,Mexican,-70.792384,-53.495535,Delhi,India,1995,False,True,True,False,3,4.5,208,Operational
RES004321,Chinese Chain 4321,Chain,Chinese,75.740927,-126.053383,Tokyo,Japan,2006,True,True,True,False,2,4.7,4371,Operational
RES004322,Tokyo Indian Place 4322,Local,Indian,4.091341,-66.474283,Tokyo,Japan,1995,False,True,False,False,3,3.7,1081,Operational
RES004323,Osaka French Place 4323,Local,French,-46.100516,72.219782,Osaka,Japan,1977,True,True,True,False,3,2.5,2236,Operational
RES004324,New York Italian Place 4324,Local,Italian,-6.249072,16.105985,New York,USA,2009,True,False,False,True,2,3.5,3218,Operational
RES004325,New York Japanese Place 4325,Local,Japanese,26.492155,-75.128596,New York,USA,2022,True,False,False,False,1,2.7,182,Operational
RES004326,Osaka Mexican Place 4326,Local,Mexican,8.225365,-113.864408,Osaka,Japan,1973,True,False,True,True,1,2.1,1879,Operational
RES004327,New York Indian Place 4327,Local,Indian,-60.720762,-137.161137,New York,USA,1953,True,True,True,False,3,2.1,236,Operational
RES004328,Osaka Chinese Place 4328,Local,Chinese,72.530871,-111.374804,Osaka,Japan,2002,True,False,True,False,2,3.3,4681,Operational
RES004329,Los Angeles Italian Place 4329,Local,Italian,77.771133,-70.974274,Los Angeles,USA,1971,True,True,False,False,2,3.1,3584,Operational
RES004330,Brazilian Chain 4330,Chain,Brazilian,-67.033545,29.669028,Osaka,Japan,2019,False,True,False,True,3,4.8,1803,Operational
RES004331,London Pizza Place 4331,Local,Pizza,-33.136127,-144.034725,London,United Kingdom,1972,False,True,True,False,1,3.0,1392,Closed Temporarily
RES004332,Rio de Janeiro Mediterranean Place 4332,Local,Mediterranean,1.843483,-176.300547,Rio de Janeiro,Brazil,1992,True,False,True,True,1,4.1,1103,Operational
RES004333,Manchester Italian Place 4333,Local,Italian,-36.209784,-68.15332,Manchester,United Kingdom,1994,True,False,False,False,2,4.7,232,Operational
RES004334,Manchester Brazilian Place 4334,Local,Brazilian,-20.246726,134.034417,Manchester,United Kingdom,1991,True,True,False,False,1,2.1,2738,Operational
RES004335,Sao Paulo Chinese Place 4335,Local,Chinese,82.926977,5.187525,Sao Paulo,Brazil,1999,True,False,True,True,4,2.6,643,Operational
RES004336,Rio de Janeiro French Place 4336,Local,French,45.448125,-119.148248,Rio de Janeiro,Brazil,2016,True,True,True,False,2,4.8,4748,Operational
RES004337,Los Angeles French Place 4337,Local,French,-42.022561,32.352072,Los Angeles,USA,1958,False,True,True,False,4,3.1,604,Operational
RES004338,American Chain 4338,Chain,American,-5.217086,147.07719,Sao Paulo,Brazil,1994,True,False,True,True,4,3.0,2021,Operational
RES004339,Osaka Burger Place 4339,Local,Burger,81.915029,54.849103,Osaka,Japan,1957,True,True,False,True,1,3.3,644,Closed Temporarily
RES004340,Delhi French Place 4340,Local,French,0.571655,-39.560583,Delhi,India,1950,True,False,False,False,1,3.5,101,Operational
RES004341,Mumbai Mediterranean Place 4341,Local,Mediterranean,61.803447,23.61651,Mumbai,India,1974,False,True,False,False,1,4.6,469,Operational
RES004342,New York Indian Place 4342,Local,Indian,50.75189,-133.066678,New York,USA,1971,True,False,False,False,4,2.8,3394,Operational
RES004343,London Japanese Place 4343,Local,Japanese,64.690215,-61.942102,London,United Kingdom,1964,False,True,False,False,1,3.5,574,Operational
RES004344,Rio de Janeiro American Place 4344,Local,American,75.284263,-121.495423,Rio de Janeiro,Brazil,1963,False,True,True,False,4,2.0,1232,Operational
RES004345,Indian Chain 4345,Chain,Indian,50.386332,91.943241,London,United Kingdom,1989,True,True,True,False,2,4.0,823,Operational
RES004346,Burger Chain 4346,Chain,Burger,80.868237,2.728499,London,United Kingdom,1969,True,True,True,False,1,4.2,3416,Closed Temporarily
RES004347,London Chinese Place 4347,Local,Chinese,56.223701,65.57207,London,United Kingdom,2017,True,True,False,False,3,3.1,4964,Operational
RES004348,Manchester Pizza Place 4348,Local,Pizza,-86.138668,-28.396897,Manchester,United Kingdom,1996,True,False,True,True,2,3.6,935,Operational
RES004349,Burger Chain 4349,Chain,Burger,47.049109,-56.171293,Delhi,India,2004,True,False,True,False,2,3.0,4971,Operational
RES004350,New York Italian Place 4350,Local,Italian,-28.729402,63.246334,New York,USA,2003,True,False,False,True,3,5.0,2339,Operational
RES004351,London Thai Place 4351,Local,Thai,45.868205,115.513757,London,United Kingdom,1981,False,False,True,True,4,3.4,2245,Operational
RES004352,French Chain 4352,Chain,French,-13.443977,84.399848,Osaka,Japan,1958,True,False,False,True,4,3.0,1697,Closed Temporarily
RES004353,Mumbai Pizza Place 4353,Local,Pizza,44.88653,-96.718476,Mumbai,India,1998,False,False,True,True,4,4.3,4880,Operational
RES004354,Pizza Chain 4354,Chain,Pizza,-20.044179,-54.193011,Sao Paulo,Brazil,1996,True,False,True,True,4,4.5,3250,Operational
RES004355,Manchester Japanese Place 4355,Local,Japanese,14.471751,-124.47037,Manchester,United Kingdom,1984,False,True,True,True,2,3.3,3106,Operational
RES004356,London Italian Place 4356,Local,Italian,-63.970842,-107.414515,London,United Kingdom,1993,True,False,True,False,1,2.3,1114,Operational
RES004357,Mexican Chain 4357,Chain,Mexican,60.650998,-124.701849,Mumbai,India,1973,False,False,True,False,3,2.5,1000,Operational
RES004358,Sao Paulo Mexican Place 4358,Local,Mexican,-77.563678,60.813885,Sao Paulo,Brazil,1951,True,True,False,False,3,2.3,2344,Closed Temporarily
RES004359,Rio de Janeiro Mexican Place 4359,Local,Mexican,57.336594,146.9241,Rio de Janeiro,Brazil,1990,True,False,True,False,4,4.5,3392,Operational
RES004360,Delhi French Place 4360,Local,French,-29.089492,107.543711,Delhi,India,1968,True,False,False,False,1,4.5,1473,Operational
RES004361,Italian Chain 4361,Chain,Italian,-84.445928,-47.415965,Delhi,India,1967,False,True,True,False,4,2.7,1149,Operational
RES004362,Mexican Chain 4362,Chain,Mexican,25.754207,-134.87619,Rio de Janeiro,Brazil,1965,True,True,False,True,4,4.2,110,Operational
RES004363,American Chain 4363,Chain,American,15.21247,-21.192783,Delhi,India,2020,True,False,False,True,1,2.6,2187,Operational
RES004364,Rio de Janeiro Burger Place 4364,Local,Burger,-4.166374,-85.296127,Rio de Janeiro,Brazil,1968,False,True,True,False,4,3.3,3033,Operational
RES004365,Mumbai Brazilian Place 4365,Local,Brazilian,8.168276,-36.295784,Mumbai,India,1980,False,True,False,True,4,4.9,640,Operational
RES004366,Mediterranean Chain 4366,Chain,Mediterranean,20.275189,76.893986,Tokyo,Japan,1999,True,False,False,False,1,2.7,1188,Operational
RES004367,Burger Chain 4367,Chain,Burger,41.675609,-150.995513,Los Angeles,USA,2004,False,True,True,False,1,5.0,2666,Operational
RES004368,Tokyo Mexican Place 4368,Local,Mexican,22.448697,94.206792,Tokyo,Japan,1997,False,True,False,False,1,4.3,3995,Closed Temporarily
RES004369,Rio de Janeiro Brazilian Place 4369,Local,Brazilian,-75.123359,-62.582145,Rio de Janeiro,Brazil,1977,True,True,False,False,2,3.7,4893,Operational
RES004370,Mediterranean Chain 4370,Chain,Mediterranean,78.874943,58.756532,Rio de Janeiro,Brazil,1952,True,True,False,True,1,3.0,1663,Operational
RES004371,Delhi Pizza Place 4371,Local,Pizza,49.870178,-101.885025,Delhi,India,1953,True,False,True,False,4,4.9,1351,Operational
RES004372,Thai Chain 4372,Chain,Thai,76.456804,3.668253,Delhi,India,1960,True,True,True,True,4,3.5,4208,Operational
RES004373,Mumbai French Place 4373,Local,French,-50.389057,118.418915,Mumbai,India,1952,True,False,False,True,1,3.1,4823,Operational
RES004374,Los Angeles Italian Place 4374,Local,Italian,-53.010962,140.788603,Los Angeles,USA,1990,False,True,False,False,3,4.2,1885,Operational
RES004375,Mexican Chain 4375,Chain,Mexican,81.011877,-53.326092,Manchester,United Kingdom,2022,False,True,True,True,2,4.0,79,Operational
RES004376,Mumbai Chinese Place 4376,Local,Chinese,-86.895463,77.004673,Mumbai,India,1985,True,True,True,False,3,2.0,3049,Operational
RES004377,Mumbai Thai Place 4377,Local,Thai,57.612041,171.953604,Mumbai,India,1986,True,True,True,True,2,2.7,1550,Operational
RES004378,Osaka Italian Place 4378,Local,Italian,-66.540682,15.619478,Osaka,Japan,2017,True,True,False,False,3,3.6,3686,Operational
RES004379,London Italian Place 4379,Local,Italian,-32.357599,-50.017263,London,United Kingdom,1973,True,True,False,True,3,2.0,4831,Operational
RES004380,London Pizza Place 4380,Local,Pizza,74.561738,5.949839,London,United Kingdom,2004,False,True,True,True,3,4.0,2089,Operational
RES004381,London Burger Place 4381,Local,Burger,38.052315,155.281498,London,United Kingdom,1975,True,False,False,False,1,4.7,2333,Operational
RES004382,Tokyo American Place 4382,Local,American,7.42126,66.215028,Tokyo,Japan,1979,False,True,False,False,4,2.4,4530,Operational
RES004383,Manchester Italian Place 4383,Local,Italian,40.922938,18.852235,Manchester,United Kingdom,2003,False,False,True,True,2,2.2,3992,Operational
RES004384,New York Mediterranean Place 4384,Local,Mediterranean,69.991031,-40.214286,New York,USA,1975,True,False,False,False,2,3.0,2391,Operational
RES004385,New York Indian Place 4385,Local,Indian,54.881005,21.130023,New York,USA,2015,False,True,False,True,4,2.8,4667,Operational
RES004386,Tokyo Italian Place 4386,Local,Italian,85.86938,-130.481838,Tokyo,Japan,2022,False,True,True,True,3,3.9,3595,Operational
RES004387,Rio de Janeiro Thai Place 4387,Local,Thai,-6.574577,-98.396414,Rio de Janeiro,Brazil,2018,True,False,False,True,2,4.3,2866,Closed Temporarily
RES004388,Delhi American Place 4388,Local,American,-34.291465,-132.9195,Delhi,India,1999,True,False,False,True,1,3.0,851,Operational
RES004389,American Chain 4389,Chain,American,64.160371,33.060137,Los Angeles,USA,1988,True,True,True,False,4,3.5,1598,Operational
RES004390,New York Japanese Place 4390,Local,Japanese,59.589441,-106.041321,New York,USA,2005,True,False,False,False,3,2.1,698,Operational
RES004391,Osaka American Place 4391,Local,American,84.831576,89.086746,Osaka,Japan,1980,True,True,False,True,3,2.9,3613,Operational
RES004392,Osaka Indian Place 4392,Local,Indian,-55.527086,78.573632,Osaka,Japan,1991,True,True,True,True,1,2.4,2782,Operational
RES004393,Manchester Pizza Place 4393,Local,Pizza,24.966136,-165.33438,Manchester,United Kingdom,2004,True,True,False,False,2,2.3,4937,Operational
RES004394,Thai Chain 4394,Chain,Thai,-3.187087,46.175344,New York,USA,1967,False,True,True,True,1,4.9,2408,Operational
RES004395,Chinese Chain 4395,Chain,Chinese,-33.373213,-69.778761,Los Angeles,USA,1999,True,True,False,True,2,4.3,1682,Operational
RES004396,Delhi Thai Place 4396,Local,Thai,-6.783261,-97.635235,Delhi,India,1951,True,False,True,False,2,2.5,3609,Operational
RES004397,Pizza Chain 4397,Chain,Pizza,-16.366471,-122.384315,Delhi,India,2022,False,True,False,True,2,4.9,2670,Operational
RES004398,Mumbai Indian Place 4398,Local,Indian,-15.904761,-23.326571,Mumbai,India,2007,False,True,True,False,4,2.9,3689,Operational
RES004399,London Indian Place 4399,Local,Indian,6.24743,52.589493,London,United Kingdom,2005,False,False,True,True,4,4.9,1916,Operational
RES004400,Brazilian Chain 4400,Chain,Brazilian,-70.276146,1.905783,New York,USA,1967,True,True,True,True,3,2.8,174,Operational
RES004401,Osaka Italian Place 4401,Local,Italian,55.923362,-152.467716,Osaka,Japan,1991,True,False,False,True,1,5.0,2261,Operational
RES004402,Mediterranean Chain 4402,Chain,Mediterranean,-26.928085,-94.483553,Sao Paulo,Brazil,1985,False,False,True,True,1,2.2,3428,Operational
RES004403,Sao Paulo Brazilian Place 4403,Local,Brazilian,-52.331676,110.636741,Sao Paulo,Brazil,1994,False,True,False,True,1,2.1,2674,Operational
RES004404,Delhi Mexican Place 4404,Local,Mexican,-18.037381,69.779098,Delhi,India,1973,False,False,True,True,4,3.5,4981,Operational
RES004405,Burger Chain 4405,Chain,Burger,15.496367,88.221592,Los Angeles,USA,2000,True,True,True,False,1,4.0,688,Closed Temporarily
RES004406,Delhi Chinese Place 4406,Local,Chinese,21.806429,37.207299,Delhi,India,1961,False,True,False,True,3,3.4,2357,Operational
RES004407,Manchester Brazilian Place 4407,Local,Brazilian,-78.706159,-117.913988,Manchester,United Kingdom,2009,True,False,True,False,2,2.4,2039,Operational
RES004408,Osaka Pizza Place 4408,Local,Pizza,-79.389182,-106.283625,Osaka,Japan,1986,True,True,True,False,4,2.7,4187,Operational
RES004409,Thai Chain 4409,Chain,Thai,-87.829065,-107.736661,New York,USA,2016,False,True,True,False,1,3.9,2146,Operational
RES004410,Rio de Janeiro Mexican Place 4410,Local,Mexican,-29.309276,-78.759093,Rio de Janeiro,Brazil,1977,True,True,True,False,2,4.2,3075,Operational
RES004411,Delhi Indian Place 4411,Local,Indian,-43.316761,-150.519326,Delhi,India,1978,True,False,False,True,4,4.2,573,Operational
RES004412,Sao Paulo Chinese Place 4412,Local,Chinese,55.101282,-69.635453,Sao Paulo,Brazil,1956,False,False,True,True,1,2.2,1029,Operational
RES004413,Sao Paulo Japanese Place 4413,Local,Japanese,-38.675247,-22.527158,Sao Paulo,Brazil,1985,True,True,False,True,1,3.6,1136,Operational
RES004414,Mumbai Pizza Place 4414,Local,Pizza,-16.757006,4.43468,Mumbai,India,2022,True,False,False,False,3,2.5,2753,Operational
RES004415,Mexican Chain 4415,Chain,Mexican,-52.496271,114.212378,New York,USA,1987,True,False,True,False,2,4.9,2084,Operational
RES004416,Tokyo Italian Place 4416,Local,Italian,68.543605,166.71224,Tokyo,Japan,1971,True,False,True,False,3,3.8,434,Operational
RES004417,New York American Place 4417,Local,American,-69.56665,-73.129611,New York,USA,1966,True,True,False,False,3,4.1,384,Operational
RES004418,Burger Chain 4418,Chain,Burger,-1.452321,0.442643,Tokyo,Japan,1962,True,False,True,False,4,4.6,541,Closed Temporarily
RES004419,London Indian Place 4419,Local,Indian,13.125904,-140.13395,London,United Kingdom,2022,False,True,False,False,4,4.6,341,Operational
RES004420,New York American Place 4420,Local,American,86.672113,151.69867,New York,USA,1970,True,False,True,True,4,3.9,635,Operational
RES004421,Osaka Thai Place 4421,Local,Thai,-42.965585,19.377911,Osaka,Japan,1968,False,False,True,True,2,3.4,741,Operational
RES004422,New York Indian Place 4422,Local,Indian,38.32036,-67.043508,New York,USA,1955,True,False,False,True,1,3.6,1949,Operational
RES004423,Osaka Thai Place 4423,Local,Thai,77.298301,-130.574684,Osaka,Japan,2012,True,False,True,False,4,3.3,2517,Operational
RES004424,Thai Chain 4424,Chain,Thai,-73.10082,5.196618,Osaka,Japan,2017,False,True,False,False,1,2.0,4961,Operational
RES004425,Manchester French Place 4425,Local,French,-74.391765,113.617887,Manchester,United Kingdom,1967,False,False,True,False,1,4.9,980,Operational
RES004426,Los Angeles American Place 4426,Local,American,83.462328,75.311194,Los Angeles,USA,1971,True,True,True,True,1,3.2,2809,Operational
RES004427,Delhi Italian Place 4427,Local,Italian,-88.153131,40.386758,Delhi,India,1994,False,True,True,True,3,4.5,2485,Operational
RES004428,Osaka Thai Place 4428,Local,Thai,42.551321,-96.598108,Osaka,Japan,1953,True,False,False,True,2,4.1,4018,Operational
RES004429,New York Mediterranean Place 4429,Local,Mediterranean,-16.5113,-156.259041,New York,USA,1956,True,True,True,False,2,3.6,1252,Operational
RES004430,Tokyo Burger Place 4430,Local,Burger,88.012205,167.318216,Tokyo,Japan,2011,True,False,True,True,1,5.0,1538,Operational
RES004431,Mumbai Mexican Place 4431,Local,Mexican,-80.198684,-10.380258,Mumbai,India,1960,False,True,False,True,1,2.2,3468,Operational
RES004432,Delhi Brazilian Place 4432,Local,Brazilian,-77.980741,50.527541,Delhi,India,1995,True,False,False,True,1,3.6,4466,Operational
RES004433,Mumbai Thai Place 4433,Local,Thai,-60.177472,82.445624,Mumbai,India,1981,True,False,False,False,3,4.7,4147,Operational
RES004434,Sao Paulo Italian Place 4434,Local,Italian,51.557941,147.80114,Sao Paulo,Brazil,1999,True,False,True,True,4,2.7,3653,Operational
RES004435,Los Angeles Chinese Place 4435,Local,Chinese,25.791976,-20.776157,Los Angeles,USA,1970,True,True,False,True,1,2.1,4527,Operational
RES004436,London Chinese Place 4436,Local,Chinese,51.964321,-56.445997,London,United Kingdom,1966,True,False,False,False,1,4.2,3889,Operational
RES004437,Mediterranean Chain 4437,Chain,Mediterranean,54.204607,-6.904862,Sao Paulo,Brazil,1966,True,False,False,True,1,2.8,4734,Operational
RES004438,New York Italian Place 4438,Local,Italian,-48.392589,74.635202,New York,USA,2002,False,True,False,False,3,2.9,1105,Operational
RES004439,Chinese Chain 4439,Chain,Chinese,18.45514,122.93511,Sao Paulo,Brazil,2015,True,False,False,True,1,2.1,4123,Closed Temporarily
RES004440,Indian Chain 4440,Chain,Indian,-36.870767,-140.973386,Rio de Janeiro,Brazil,2007,False,True,False,True,1,2.5,1045,Operational
RES004441,Rio de Janeiro Chinese Place 4441,Local,Chinese,73.69818,-6.930791,Rio de Janeiro,Brazil,1992,False,False,True,True,1,2.3,438,Operational
RES004442,New York Japanese Place 4442,Local,Japanese,-7.576922,11.515404,New York,USA,1971,False,True,True,True,2,4.5,1545,Closed Temporarily
RES004443,Sao Paulo Japanese Place 4443,Local,Japanese,-22.111144,62.888744,Sao Paulo,Brazil,1981,True,False,False,False,2,2.9,1119,Operational
RES004444,New York Italian Place 4444,Local,Italian,66.781104,3.923785,New York,USA,1972,True,False,False,False,1,2.8,1739,Operational
RES004445,Mexican Chain 4445,Chain,Mexican,-4.044395,-63.491031,Mumbai,India,1958,True,False,True,False,3,2.5,1648,Operational
RES004446,Rio de Janeiro Brazilian Place 4446,Local,Brazilian,64.861901,138.686552,Rio de Janeiro,Brazil,1978,False,True,True,False,2,2.4,3456,Operational
RES004447,Burger Chain 4447,Chain,Burger,52.104509,115.045293,Osaka,Japan,1998,True,False,True,True,1,3.2,2549,Operational
RES004448,Osaka Chinese Place 4448,Local,Chinese,18.877466,-111.255869,Osaka,Japan,1976,False,True,True,True,1,2.1,2075,Operational
RES004449,Rio de Janeiro Mediterranean Place 4449,Local,Mediterranean,-19.958007,145.519609,Rio de Janeiro,Brazil,2017,True,True,True,False,2,3.5,3956,Operational
RES004450,Mexican Chain 4450,Chain,Mexican,-19.266253,-58.988986,Tokyo,Japan,2021,False,True,False,True,2,2.1,313,Operational
RES004451,Delhi Brazilian Place 4451,Local,Brazilian,-7.150114,-151.930683,Delhi,India,1968,True,True,False,True,4,4.1,2858,Operational
RES004452,Tokyo Indian Place 4452,Local,Indian,53.514982,-47.645603,Tokyo,Japan,2007,True,True,False,True,2,3.1,1537,Operational
RES004453,Thai Chain 4453,Chain,Thai,17.174138,-82.504363,Manchester,United Kingdom,1976,True,False,True,False,3,2.0,4105,Operational
RES004454,Rio de Janeiro Burger Place 4454,Local,Burger,24.589242,-64.772594,Rio de Janeiro,Brazil,2001,True,False,False,False,2,3.5,1281,Operational
RES004455,London Mediterranean Place 4455,Local,Mediterranean,16.041812,-82.774239,London,United Kingdom,1980,False,True,True,True,1,4.9,115,Operational
RES004456,Osaka Chinese Place 4456,Local,Chinese,-68.088457,-92.952232,Osaka,Japan,1978,True,True,True,False,3,2.2,4875,Operational
RES004457,American Chain 4457,Chain,American,25.895459,-47.341225,Sao Paulo,Brazil,2019,False,False,True,True,1,3.4,551,Operational
RES004458,Mediterranean Chain 4458,Chain,Mediterranean,-74.931708,108.652764,Rio de Janeiro,Brazil,2015,True,False,True,True,2,3.2,4302,Operational
RES004459,Indian Chain 4459,Chain,Indian,35.773873,-69.86866,Sao Paulo,Brazil,1971,True,False,True,True,3,2.6,1787,Operational
RES004460,London French Place 4460,Local,French,47.582869,-98.439207,London,United Kingdom,2017,True,False,False,True,4,3.2,3562,Operational
RES004461,Rio de Janeiro Mediterranean Place 4461,Local,Mediterranean,34.085417,-132.480924,Rio de Janeiro,Brazil,1999,False,False,True,False,1,2.4,414,Operational
RES004462,Delhi Japanese Place 4462,Local,Japanese,57.821289,91.963423,Delhi,India,1993,True,False,True,False,1,4.9,1451,Operational
RES004463,New York Indian Place 4463,Local,Indian,-1.442848,138.83161,New York,USA,2003,False,False,True,True,3,3.6,4849,Operational
RES004464,Tokyo Brazilian Place 4464,Local,Brazilian,70.514558,-21.652182,Tokyo,Japan,1966,True,False,False,True,4,4.8,324,Operational
RES004465,New York Japanese Place 4465,Local,Japanese,41.11296,-105.561332,New York,USA,1964,True,True,True,False,3,3.9,116,Operational
RES004466,Delhi Burger Place 4466,Local,Burger,-48.362333,-79.805578,Delhi,India,1977,True,True,True,True,1,2.6,1147,Operational
RES004467,Los Angeles American Place 4467,Local,American,70.661188,11.213601,Los Angeles,USA,1986,True,False,False,True,4,2.8,3271,Operational
RES004468,Indian Chain 4468,Chain,Indian,75.933144,-2.59143,London,United Kingdom,1960,True,False,False,False,2,3.0,4355,Operational
RES004469,Los Angeles Thai Place 4469,Local,Thai,-52.788921,-61.645277,Los Angeles,USA,1972,True,False,True,True,4,3.5,3811,Operational
RES004470,Mumbai Mexican Place 4470,Local,Mexican,83.72027,-69.801667,Mumbai,India,2021,True,True,True,False,1,3.3,963,Operational
RES004471,Tokyo French Place 4471,Local,French,-54.734002,-14.730946,Tokyo,Japan,1964,True,True,False,True,2,3.7,4125,Operational
RES004472,French Chain 4472,Chain,French,73.192039,100.112177,Los Angeles,USA,1960,False,True,False,False,1,4.9,2315,Operational
RES004473,Mumbai French Place 4473,Local,French,-73.54494,-79.879405,Mumbai,India,1984,True,False,False,True,1,2.9,2977,Operational
RES004474,Sao Paulo American Place 4474,Local,American,1.851338,-51.060681,Sao Paulo,Brazil,1992,False,False,True,True,2,4.3,1579,Operational
RES004475,Manchester Pizza Place 4475,Local,Pizza,14.222494,19.441775,Manchester,United Kingdom,2023,True,False,False,False,1,2.9,3033,Operational
RES004476,Sao Paulo Italian Place 4476,Local,Italian,76.152409,-143.45987,Sao Paulo,Brazil,2001,False,True,True,True,4,2.3,4088,Operational
RES004477,Osaka Burger Place 4477,Local,Burger,9.369347,74.310613,Osaka,Japan,2021,True,True,False,False,4,2.6,4327,Operational
RES004478,Pizza Chain 4478,Chain,Pizza,76.523466,83.09952,Sao Paulo,Brazil,1987,True,False,False,True,2,4.0,3477,Operational
RES004479,Indian Chain 4479,Chain,Indian,-23.349025,-53.284155,Tokyo,Japan,1988,True,False,True,True,3,3.4,591,Operational
RES004480,Los Angeles American Place 4480,Local,American,64.526339,-86.09493,Los Angeles,USA,2006,True,False,False,False,1,4.4,1866,Operational
RES004481,Mumbai Chinese Place 4481,Local,Chinese,-56.01324,-117.848271,Mumbai,India,2012,True,True,False,True,2,4.6,4003,Operational
RES004482,Tokyo Mediterranean Place 4482,Local,Mediterranean,63.519025,-76.67159,Tokyo,Japan,1973,False,True,True,True,3,3.8,511,Operational
RES004483,Mumbai Italian Place 4483,Local,Italian,44.146726,-36.387711,Mumbai,India,1998,False,True,True,False,3,3.5,4041,Operational
RES004484,New York Brazilian Place 4484,Local,Brazilian,40.883615,23.343368,New York,USA,1965,True,True,False,True,4,2.8,3046,Operational
RES004485,Los Angeles Mexican Place 4485,Local,Mexican,45.858934,-107.216996,Los Angeles,USA,1997,False,False,True,True,1,2.9,4711,Operational
RES004486,Manchester Indian Place 4486,Local,Indian,68.361406,-176.716916,Manchester,United Kingdom,1970,True,False,False,True,1,4.9,1228,Operational
RES004487,Chinese Chain 4487,Chain,Chinese,-72.777874,20.674977,Osaka,Japan,1999,True,False,False,True,1,2.6,1111,Operational
RES004488,Manchester Mediterranean Place 4488,Local,Mediterranean,-18.183417,42.81292,Manchester,United Kingdom,1973,True,True,True,False,1,3.1,1136,Operational
RES004489,Delhi Japanese Place 4489,Local,Japanese,17.048839,40.359173,Delhi,India,2018,True,False,True,True,3,3.0,2455,Closed Temporarily
RES004490,Mumbai Italian Place 4490,Local,Italian,84.309257,147.917208,Mumbai,India,2009,True,True,False,False,1,3.8,322,Operational
RES004491,Los Angeles Thai Place 4491,Local,Thai,-11.808619,167.709255,Los Angeles,USA,1964,False,True,False,False,2,4.7,2336,Operational
RES004492,Mumbai Burger Place 4492,Local,Burger,-64.241769,57.236116,Mumbai,India,2005,True,False,False,True,3,3.1,872,Operational
RES004493,London Thai Place 4493,Local,Thai,57.156805,43.252264,London,United Kingdom,1992,True,True,False,True,2,4.2,4075,Operational
RES004494,New York Pizza Place 4494,Local,Pizza,-26.010767,-19.108278,New York,USA,1997,True,False,False,True,1,4.5,4794,Operational
RES004495,Italian Chain 4495,Chain,Italian,-43.006148,146.229576,Manchester,United Kingdom,1992,False,True,False,True,1,5.0,4061,Operational
RES004496,Los Angeles French Place 4496,Local,French,58.254727,-48.283642,Los Angeles,USA,2011,True,False,True,True,1,3.3,4880,Operational
RES004497,Rio de Janeiro Pizza Place 4497,Local,Pizza,-86.8564,20.05728,Rio de Janeiro,Brazil,1991,True,False,True,True,3,2.7,1114,Operational
RES004498,Delhi Indian Place 4498,Local,Indian,-35.804527,-133.923584,Delhi,India,1985,True,False,True,False,2,4.2,4877,Operational
RES004499,Tokyo American Place 4499,Local,American,-8.158614,-158.201773,Tokyo,Japan,2001,True,True,True,False,2,2.4,1735,Operational
RES004500,Delhi American Place 4500,Local,American,60.877253,135.938439,Delhi,India,1964,True,False,False,True,2,3.7,1461,Operational
RES004501,Osaka Mediterranean Place 4501,Local,Mediterranean,-32.644793,55.872435,Osaka,Japan,2018,True,False,False,False,3,2.7,1260,Operational
RES004502,Manchester Mediterranean Place 4502,Local,Mediterranean,76.697848,36.288286,Manchester,United Kingdom,1981,False,True,True,True,1,2.0,1352,Operational
RES004503,Rio de Janeiro Pizza Place 4503,Local,Pizza,40.675175,75.857805,Rio de Janeiro,Brazil,2020,True,False,True,False,4,2.5,3650,Operational
RES004504,Manchester Japanese Place 4504,Local,Japanese,-66.969132,-81.97211,Manchester,United Kingdom,1950,False,True,False,True,1,3.8,4679,Operational
RES004505,French Chain 4505,Chain,French,45.33799,-168.119669,Delhi,India,1976,False,True,False,True,4,4.5,417,Operational
RES004506,Los Angeles Chinese Place 4506,Local,Chinese,-5.540739,167.05018,Los Angeles,USA,2019,True,False,False,False,2,3.6,1151,Operational
RES004507,French Chain 4507,Chain,French,-11.797007,-3.999318,Osaka,Japan,1970,False,True,True,True,2,3.1,4178,Operational
RES004508,Tokyo American Place 4508,Local,American,66.263403,45.324167,Tokyo,Japan,2015,False,False,True,False,2,4.6,3700,Operational
RES004509,Manchester Japanese Place 4509,Local,Japanese,-7.767967,162.034054,Manchester,United Kingdom,1979,False,True,False,False,1,4.7,386,Operational
RES004510,Delhi Pizza Place 4510,Local,Pizza,57.601993,-109.546538,Delhi,India,1974,True,False,True,False,3,4.0,1510,Operational
RES004511,American Chain 4511,Chain,American,-33.364427,-49.018455,Sao Paulo,Brazil,1998,True,False,False,True,2,3.9,1987,Operational
RES004512,Osaka Italian Place 4512,Local,Italian,63.474821,-16.33299,Osaka,Japan,1953,False,True,False,False,1,3.8,2006,Operational
RES004513,Mumbai Indian Place 4513,Local,Indian,35.962117,-82.752563,Mumbai,India,1977,True,True,True,True,3,4.6,1300,Operational
RES004514,Sao Paulo Japanese Place 4514,Local,Japanese,80.704492,-166.312004,Sao Paulo,Brazil,1985,True,False,False,False,2,2.7,3508,Operational
RES004515,Chinese Chain 4515,Chain,Chinese,75.38206,-50.665006,Los Angeles,USA,1971,False,True,True,False,3,2.4,4238,Operational
RES004516,Delhi French Place 4516,Local,French,6.354248,-37.865918,Delhi,India,1988,True,False,False,False,1,2.4,3353,Operational
RES004517,Pizza Chain 4517,Chain,Pizza,-66.50094,-108.538057,London,United Kingdom,1998,False,False,True,False,3,4.0,3921,Operational
RES004518,Thai Chain 4518,Chain,Thai,-28.245451,114.612595,Rio de Janeiro,Brazil,2003,True,False,True,False,1,4.1,2904,Operational
RES004519,Mumbai Italian Place 4519,Local,Italian,75.493924,67.3085,Mumbai,India,1984,True,False,True,True,4,2.8,3501,Operational
RES004520,Brazilian Chain 4520,Chain,Brazilian,-68.926088,-144.441432,London,United Kingdom,2022,True,False,False,False,1,3.7,388,Operational
RES004521,Pizza Chain 4521,Chain,Pizza,65.035695,-173.098701,Mumbai,India,2020,True,False,True,False,1,3.1,297,Operational
RES004522,Indian Chain 4522,Chain,Indian,87.50152,-41.685809,Tokyo,Japan,1962,True,False,False,False,4,2.6,3671,Operational
RES004523,Rio de Janeiro Japanese Place 4523,Local,Japanese,-78.230387,-87.861439,Rio de Janeiro,Brazil,1950,True,False,False,True,3,3.3,1939,Operational
RES004524,Burger Chain 4524,Chain,Burger,83.769801,124.672459,Sao Paulo,Brazil,2000,True,False,False,False,2,3.2,720,Operational
RES004525,Thai Chain 4525,Chain,Thai,-75.269343,84.270894,Rio de Janeiro,Brazil,2006,True,True,False,True,2,3.4,2933,Operational
RES004526,Tokyo Indian Place 4526,Local,Indian,-80.788767,-165.876294,Tokyo,Japan,2018,True,False,False,False,3,3.0,3642,Closed Temporarily
RES004527,Osaka Pizza Place 4527,Local,Pizza,73.369666,7.536716,Osaka,Japan,1968,True,True,False,False,1,4.7,4029,Operational
RES004528,Osaka Thai Place 4528,Local,Thai,-14.550592,173.600309,Osaka,Japan,1975,False,False,True,False,4,3.2,3724,Operational
RES004529,Rio de Janeiro American Place 4529,Local,American,7.185699,-124.243361,Rio de Janeiro,Brazil,2009,True,False,True,False,3,3.3,2680,Operational
RES004530,French Chain 4530,Chain,French,64.329325,-48.478975,Tokyo,Japan,1981,False,False,True,True,2,2.2,4111,Operational
RES004531,Mexican Chain 4531,Chain,Mexican,-83.205007,-89.592516,Tokyo,Japan,1990,False,False,True,False,1,2.1,138,Operational
RES004532,Mumbai Mexican Place 4532,Local,Mexican,-61.071463,27.851437,Mumbai,India,1968,False,False,True,False,4,3.2,649,Closed Temporarily
RES004533,Mumbai Mediterranean Place 4533,Local,Mediterranean,40.9206,-134.458821,Mumbai,India,1992,True,False,False,False,1,2.7,4474,Operational
RES004534,Pizza Chain 4534,Chain,Pizza,21.56003,-156.154794,Manchester,United Kingdom,1956,False,True,False,True,3,3.5,2137,Operational
RES004535,Rio de Janeiro Burger Place 4535,Local,Burger,-26.127365,98.626831,Rio de Janeiro,Brazil,2016,False,True,True,False,2,3.3,2732,Operational
RES004536,French Chain 4536,Chain,French,53.868054,18.982038,Osaka,Japan,1957,True,False,False,True,4,4.4,2428,Operational
RES004537,Sao Paulo Indian Place 4537,Local,Indian,-81.265591,114.47985,Sao Paulo,Brazil,1983,True,False,False,False,2,2.4,306,Closed Temporarily
RES004538,French Chain 4538,Chain,French,-18.97835,0.980511,London,United Kingdom,1982,True,True,True,False,3,2.8,151,Operational
RES004539,Mediterranean Chain 4539,Chain,Mediterranean,44.376489,-85.20235,Delhi,India,2012,False,True,False,False,3,4.2,213,Operational
RES004540,Los Angeles Pizza Place 4540,Local,Pizza,17.071962,107.656947,Los Angeles,USA,1976,True,True,False,False,1,2.7,1409,Operational
RES004541,London Italian Place 4541,Local,Italian,-49.497246,38.656095,London,United Kingdom,1958,True,False,True,True,1,4.7,3173,Operational
RES004542,Mediterranean Chain 4542,Chain,Mediterranean,-87.87934,50.687772,London,United Kingdom,1980,True,False,False,True,3,4.8,32,Operational
RES004543,Osaka Italian Place 4543,Local,Italian,-40.143053,65.316282,Osaka,Japan,1981,True,False,False,False,3,3.7,3455,Operational
RES004544,New York Brazilian Place 4544,Local,Brazilian,72.721563,124.960004,New York,USA,1984,False,True,True,False,1,2.9,4868,Operational
RES004545,Indian Chain 4545,Chain,Indian,-25.643682,60.061427,Tokyo,Japan,1969,False,False,True,False,3,2.3,2294,Operational
RES004546,Sao Paulo American Place 4546,Local,American,-57.894451,81.07478,Sao Paulo,Brazil,2014,True,False,False,False,2,4.7,4042,Operational
RES004547,Chinese Chain 4547,Chain,Chinese,63.04304,-97.522375,Mumbai,India,1969,True,False,False,False,2,4.3,78,Operational
RES004548,Osaka Mexican Place 4548,Local,Mexican,-38.595988,36.148976,Osaka,Japan,1992,True,False,False,True,1,2.8,1830,Operational
RES004549,Pizza Chain 4549,Chain,Pizza,-22.388235,174.830036,Sao Paulo,Brazil,2019,True,True,False,False,2,2.7,651,Closed Temporarily
RES004550,Delhi Italian Place 4550,Local,Italian,45.299466,-142.590444,Delhi,India,1975,True,True,True,True,1,3.7,3126,Operational
RES004551,Tokyo Indian Place 4551,Local,Indian,-9.402648,-159.501688,Tokyo,Japan,1976,False,True,False,False,4,2.3,4888,Operational
RES004552,Pizza Chain 4552,Chain,Pizza,-54.41972,90.312028,London,United Kingdom,2006,True,False,False,True,2,2.3,1747,Operational
RES004553,Tokyo Mediterranean Place 4553,Local,Mediterranean,37.887931,-103.244685,Tokyo,Japan,1953,False,False,True,True,4,2.5,31,Operational
RES004554,Indian Chain 4554,Chain,Indian,42.79382,80.351851,Manchester,United Kingdom,1980,True,False,False,False,2,4.5,1011,Operational
RES004555,American Chain 4555,Chain,American,8.816034,-40.734525,Los Angeles,USA,2004,False,True,True,True,3,4.0,3242,Operational
RES004556,New York American Place 4556,Local,American,-21.969841,-86.895466,New York,USA,2022,False,True,True,True,3,4.3,2737,Operational
RES004557,Mexican Chain 4557,Chain,Mexican,75.407561,3.336832,Rio de Janeiro,Brazil,1975,False,False,True,False,2,2.8,4725,Operational
RES004558,Rio de Janeiro Thai Place 4558,Local,Thai,84.475673,7.176836,Rio de Janeiro,Brazil,2008,False,True,True,True,3,2.1,3177,Operational
RES004559,Manchester American Place 4559,Local,American,-6.710933,2.420312,Manchester,United Kingdom,2006,True,True,False,False,1,4.6,3566,Operational
RES004560,Los Angeles Pizza Place 4560,Local,Pizza,-67.84445,88.251473,Los Angeles,USA,2009,False,False,True,False,2,3.7,3074,Operational
RES004561,Tokyo Mediterranean Place 4561,Local,Mediterranean,-46.157298,-60.293854,Tokyo,Japan,1961,True,False,False,True,2,2.9,1230,Operational
RES004562,London Mediterranean Place 4562,Local,Mediterranean,75.280402,101.385382,London,United Kingdom,1996,True,True,False,True,1,3.0,2543,Operational
RES004563,Mumbai Japanese Place 4563,Local,Japanese,-62.306263,141.875815,Mumbai,India,2011,True,True,False,False,4,2.9,2883,Operational
RES004564,Manchester Burger Place 4564,Local,Burger,-71.604817,-137.391387,Manchester,United Kingdom,1953,True,False,False,False,2,3.8,4976,Operational
RES004565,Los Angeles Japanese Place 4565,Local,Japanese,-34.773349,101.86409,Los Angeles,USA,2022,True,True,False,False,3,3.1,1621,Operational
RES004566,Los Angeles Pizza Place 4566,Local,Pizza,29.525558,-84.3679,Los Angeles,USA,1986,True,True,True,True,2,3.8,2169,Operational
RES004567,London Thai Place 4567,Local,Thai,85.207542,119.681552,London,United Kingdom,2010,True,False,True,True,1,4.8,3586,Operational
RES004568,New York Japanese Place 4568,Local,Japanese,54.438208,47.821417,New York,USA,1979,True,False,False,True,3,4.7,2067,Operational
RES004569,Osaka Mediterranean Place 4569,Local,Mediterranean,3.440398,178.468791,Osaka,Japan,2017,False,False,True,True,4,4.0,3475,Operational
RES004570,Rio de Janeiro Pizza Place 4570,Local,Pizza,21.743354,80.538233,Rio de Janeiro,Brazil,2017,True,False,False,True,2,2.7,4220,Operational
RES004571,Manchester Thai Place 4571,Local,Thai,-0.720287,-139.596857,Manchester,United Kingdom,1984,True,True,False,False,3,3.4,3233,Operational
RES004572,Los Angeles Japanese Place 4572,Local,Japanese,-27.464524,-164.682741,Los Angeles,USA,1958,False,False,True,False,1,2.6,3887,Operational
RES004573,Rio de Janeiro Burger Place 4573,Local,Burger,50.006907,-110.218685,Rio de Janeiro,Brazil,2021,True,True,True,True,3,3.0,332,Operational
RES004574,Los Angeles French Place 4574,Local,French,-42.295581,-64.641625,Los Angeles,USA,1975,True,True,True,True,3,3.3,2784,Operational
RES004575,Chinese Chain 4575,Chain,Chinese,59.888124,-124.77037,Rio de Janeiro,Brazil,1997,True,False,False,True,1,2.3,2025,Operational
RES004576,Osaka Indian Place 4576,Local,Indian,-49.627375,-18.587737,Osaka,Japan,1994,False,False,True,True,4,4.8,4259,Operational
RES004577,Mexican Chain 4577,Chain,Mexican,-5.761456,-73.254838,London,United Kingdom,2022,False,True,True,False,3,4.1,561,Operational
RES004578,Sao Paulo Brazilian Place 4578,Local,Brazilian,-81.70334,-20.413592,Sao Paulo,Brazil,2007,True,False,False,True,1,3.3,4310,Operational
RES004579,Sao Paulo Japanese Place 4579,Local,Japanese,12.198142,12.552648,Sao Paulo,Brazil,1973,True,False,False,False,1,2.2,1637,Operational
RES004580,New York Indian Place 4580,Local,Indian,-24.390848,-40.249104,New York,USA,1964,False,False,True,False,3,3.1,3588,Operational
RES004581,Manchester Brazilian Place 4581,Local,Brazilian,20.733221,62.199443,Manchester,United Kingdom,2021,True,False,False,False,2,2.0,4678,Operational
RES004582,Tokyo Indian Place 4582,Local,Indian,16.066987,-137.345415,Tokyo,Japan,2011,True,False,False,False,2,4.3,730,Operational
RES004583,Chinese Chain 4583,Chain,Chinese,-6.67845,-102.279409,Tokyo,Japan,2023,True,True,True,True,4,2.9,2900,Operational
RES004584,American Chain 4584,Chain,American,-67.87719,2.410645,Los Angeles,USA,2001,False,True,False,False,2,4.8,2598,Operational
RES004585,Los Angeles French Place 4585,Local,French,-17.482412,50.419148,Los Angeles,USA,2020,True,True,False,False,1,4.5,2652,Operational
RES004586,Osaka American Place 4586,Local,American,-24.006436,-67.553508,Osaka,Japan,1987,False,True,True,False,2,2.5,3351,Operational
RES004587,New York Chinese Place 4587,Local,Chinese,-50.733816,-39.69516,New York,USA,2021,True,True,True,False,3,2.2,4678,Operational
RES004588,Osaka Mexican Place 4588,Local,Mexican,77.82328,-178.736864,Osaka,Japan,1994,True,True,True,True,2,2.2,4032,Operational
RES004589,Manchester American Place 4589,Local,American,-32.283441,107.09732,Manchester,United Kingdom,2015,False,True,False,False,4,3.1,3926,Operational
RES004590,New York Mediterranean Place 4590,Local,Mediterranean,-35.524276,79.381475,New York,USA,2012,False,True,True,False,4,3.9,2078,Operational
RES004591,Osaka Chinese Place 4591,Local,Chinese,-36.879831,129.662685,Osaka,Japan,2013,False,True,True,False,3,4.1,3421,Operational
RES004592,Mumbai Burger Place 4592,Local,Burger,9.461216,58.077001,Mumbai,India,1967,True,True,False,False,1,2.8,3113,Operational
RES004593,Sao Paulo American Place 4593,Local,American,12.156909,28.610091,Sao Paulo,Brazil,1997,True,True,True,True,4,3.6,1401,Operational
RES004594,London Pizza Place 4594,Local,Pizza,-83.244664,-59.118672,London,United Kingdom,1978,True,True,True,False,1,4.2,1646,Operational
RES004595,Manchester Thai Place 4595,Local,Thai,45.68602,-169.965654,Manchester,United Kingdom,2007,True,False,False,False,4,4.9,1563,Operational
RES004596,Mexican Chain 4596,Chain,Mexican,-22.219946,-86.973214,Sao Paulo,Brazil,1995,True,False,True,False,3,3.2,4643,Operational
RES004597,Tokyo Japanese Place 4597,Local,Japanese,-22.024608,60.122809,Tokyo,Japan,2016,True,True,False,False,2,2.4,4892,Operational
RES004598,Thai Chain 4598,Chain,Thai,86.948424,54.860783,Delhi,India,1980,True,False,False,False,1,4.3,4223,Operational
RES004599,Delhi Italian Place 4599,Local,Italian,40.101477,75.067137,Delhi,India,1971,True,False,True,True,2,2.5,2993,Operational
RES004600,Tokyo Burger Place 4600,Local,Burger,-11.208891,-32.145463,Tokyo,Japan,1954,True,False,True,True,4,2.8,2331,Operational
RES004601,Delhi Pizza Place 4601,Local,Pizza,67.221671,14.635334,Delhi,India,1955,True,False,False,False,2,3.2,2304,Operational
RES004602,Rio de Janeiro Brazilian Place 4602,Local,Brazilian,-56.742356,177.542948,Rio de Janeiro,Brazil,1962,False,True,False,False,3,3.7,943,Operational
RES004603,American Chain 4603,Chain,American,8.856723,-93.752421,Tokyo,Japan,1959,True,True,False,False,3,2.8,1851,Operational
RES004604,Sao Paulo American Place 4604,Local,American,-52.668401,59.903406,Sao Paulo,Brazil,1995,True,True,True,False,4,2.8,2506,Operational
RES004605,Manchester American Place 4605,Local,American,-55.521699,73.681228,Manchester,United Kingdom,1992,False,True,True,False,4,3.5,3940,Operational
RES004606,New York Brazilian Place 4606,Local,Brazilian,43.940243,84.88388,New York,USA,2007,True,False,False,False,4,3.9,4545,Operational
RES004607,London Mediterranean Place 4607,Local,Mediterranean,13.523314,-99.508161,London,United Kingdom,2003,False,True,True,True,2,3.1,2680,Operational
RES004608,New York Italian Place 4608,Local,Italian,57.219789,-7.057384,New York,USA,1956,False,True,False,False,1,2.8,2685,Operational
RES004609,London Chinese Place 4609,Local,Chinese,-30.402966,145.02685,London,United Kingdom,1963,True,True,True,False,2,2.3,2967,Operational
RES004610,Manchester Burger Place 4610,Local,Burger,-47.604857,-94.946907,Manchester,United Kingdom,1991,True,False,False,True,2,3.9,3064,Operational
RES004611,Osaka Italian Place 4611,Local,Italian,46.809057,-52.067372,Osaka,Japan,1988,False,True,False,True,1,4.1,2766,Operational
RES004612,Rio de Janeiro Mexican Place 4612,Local,Mexican,-28.71467,4.304603,Rio de Janeiro,Brazil,1958,True,False,False,False,2,4.5,718,Operational
RES004613,New York Thai Place 4613,Local,Thai,72.597472,134.37446,New York,USA,1969,False,True,True,True,4,2.2,343,Operational
RES004614,French Chain 4614,Chain,French,64.294411,104.96351,Rio de Janeiro,Brazil,2012,False,True,False,False,3,2.7,3150,Operational
RES004615,Rio de Janeiro Burger Place 4615,Local,Burger,-41.189448,-24.158781,Rio de Janeiro,Brazil,1989,False,True,True,False,1,3.5,2876,Operational
RES004616,American Chain 4616,Chain,American,85.276899,106.015965,Manchester,United Kingdom,1982,True,False,False,True,4,2.2,3030,Operational
RES004617,Pizza Chain 4617,Chain,Pizza,-49.596189,2.361109,Tokyo,Japan,2009,True,False,False,True,1,5.0,1410,Operational
RES004618,Tokyo Brazilian Place 4618,Local,Brazilian,-10.149272,-78.638823,Tokyo,Japan,1979,True,False,False,False,1,4.2,741,Operational
RES004619,Thai Chain 4619,Chain,Thai,-67.289401,-71.848289,Sao Paulo,Brazil,1979,True,False,False,True,1,2.3,513,Operational
RES004620,Manchester Mediterranean Place 4620,Local,Mediterranean,39.474003,-37.29231,Manchester,United Kingdom,1979,True,True,False,False,4,2.5,4240,Operational
RES004621,Sao Paulo Burger Place 4621,Local,Burger,-23.867915,-164.943362,Sao Paulo,Brazil,1957,False,False,True,True,1,2.1,155,Operational
RES004622,Thai Chain 4622,Chain,Thai,59.503517,-123.558958,Mumbai,India,1988,False,True,True,False,3,5.0,4979,Operational
RES004623,Manchester Thai Place 4623,Local,Thai,-60.990452,-160.834852,Manchester,United Kingdom,1964,False,True,False,False,4,2.5,3741,Operational
RES004624,London Indian Place 4624,Local,Indian,-70.138218,-93.576641,London,United Kingdom,1955,False,True,True,True,3,3.2,3203,Closed Temporarily
RES004625,Japanese Chain 4625,Chain,Japanese,-65.558014,-115.646268,Sao Paulo,Brazil,1957,True,True,False,False,2,4.7,3110,Closed Temporarily
RES004626,Osaka Burger Place 4626,Local,Burger,11.676978,-72.026992,Osaka,Japan,1983,False,True,False,True,1,2.8,3435,Operational
RES004627,Manchester American Place 4627,Local,American,61.577357,-106.207094,Manchester,United Kingdom,2013,True,True,True,True,1,4.9,250,Operational
RES004628,Los Angeles Chinese Place 4628,Local,Chinese,-20.793921,-34.47177,Los Angeles,USA,1960,True,True,False,False,4,3.2,4366,Operational
RES004629,Delhi Mediterranean Place 4629,Local,Mediterranean,8.777846,-179.754681,Delhi,India,1960,False,True,False,True,2,4.2,943,Operational
RES004630,American Chain 4630,Chain,American,-26.139333,127.278742,Manchester,United Kingdom,2005,False,False,True,True,3,2.6,1242,Operational
RES004631,Thai Chain 4631,Chain,Thai,-20.722548,1.173543,Mumbai,India,1991,True,True,False,True,1,3.1,2460,Operational
RES004632,Thai Chain 4632,Chain,Thai,6.896669,128.195552,London,United Kingdom,1954,False,True,True,False,3,3.6,466,Operational
RES004633,Sao Paulo Mediterranean Place 4633,Local,Mediterranean,-26.18425,121.22998,Sao Paulo,Brazil,1999,False,True,True,False,4,3.3,106,Operational
RES004634,French Chain 4634,Chain,French,-28.70017,-49.798818,Manchester,United Kingdom,2003,True,False,False,False,3,4.8,4041,Operational
RES004635,Mumbai Mexican Place 4635,Local,Mexican,-27.470329,-130.756501,Mumbai,India,1973,True,False,True,True,2,4.1,4647,Operational
RES004636,Los Angeles Pizza Place 4636,Local,Pizza,-50.694388,88.984159,Los Angeles,USA,1975,True,False,False,True,2,3.1,871,Operational
RES004637,Manchester Mexican Place 4637,Local,Mexican,-44.398421,7.215576,Manchester,United Kingdom,1998,True,False,False,False,4,3.5,2464,Operational
RES004638,American Chain 4638,Chain,American,26.733683,40.010725,Osaka,Japan,2021,True,True,False,True,2,4.3,2498,Operational
RES004639,Tokyo Italian Place 4639,Local,Italian,21.460491,-50.470889,Tokyo,Japan,2016,True,False,True,True,3,2.6,1233,Operational
RES004640,Osaka Pizza Place 4640,Local,Pizza,-60.144892,118.708815,Osaka,Japan,1964,True,True,True,True,2,4.5,2226,Operational
RES004641,Italian Chain 4641,Chain,Italian,-18.79364,-26.585438,Manchester,United Kingdom,1972,False,False,True,True,2,3.5,2394,Operational
RES004642,Tokyo Chinese Place 4642,Local,Chinese,76.945142,-179.076883,Tokyo,Japan,1958,True,False,False,False,3,2.3,3740,Operational
RES004643,Indian Chain 4643,Chain,Indian,67.973845,-175.546043,Osaka,Japan,1985,True,False,False,True,2,2.4,4485,Operational
RES004644,Chinese Chain 4644,Chain,Chinese,-67.307303,26.559822,Rio de Janeiro,Brazil,1959,True,False,True,False,1,3.6,1961,Operational
RES004645,Mediterranean Chain 4645,Chain,Mediterranean,5.253537,-118.559226,Tokyo,Japan,2016,True,True,True,False,3,3.6,3072,Operational
RES004646,Tokyo Pizza Place 4646,Local,Pizza,33.549694,32.742505,Tokyo,Japan,2004,False,True,False,False,3,2.6,1822,Operational
RES004647,Pizza Chain 4647,Chain,Pizza,-65.57373,-33.502193,Sao Paulo,Brazil,2020,True,False,False,True,1,4.7,3213,Operational
RES004648,Japanese Chain 4648,Chain,Japanese,53.986922,176.971485,Sao Paulo,Brazil,1974,False,False,True,True,2,2.2,2827,Operational
RES004649,Los Angeles Mexican Place 4649,Local,Mexican,41.387226,73.641262,Los Angeles,USA,1989,True,False,False,True,3,4.2,1564,Operational
RES004650,Rio de Janeiro Chinese Place 4650,Local,Chinese,-45.654871,149.304148,Rio de Janeiro,Brazil,1979,False,True,False,True,2,4.5,4494,Operational
RES004651,Tokyo Mexican Place 4651,Local,Mexican,-37.359447,119.669313,Tokyo,Japan,1979,True,False,True,False,2,4.4,2129,Operational
RES004652,Osaka French Place 4652,Local,French,-84.396041,-112.69528,Osaka,Japan,1998,True,True,False,False,1,4.9,3079,Operational
RES004653,Mumbai Thai Place 4653,Local,Thai,61.670929,151.105874,Mumbai,India,1984,True,False,True,False,2,4.5,3111,Operational
RES004654,Chinese Chain 4654,Chain,Chinese,76.24663,125.111051,Osaka,Japan,2010,False,False,True,False,1,3.8,1549,Operational
RES004655,Delhi Japanese Place 4655,Local,Japanese,73.885608,166.138501,Delhi,India,2014,False,True,True,False,4,2.7,3308,Operational
RES004656,Los Angeles Burger Place 4656,Local,Burger,-80.43654,35.550379,Los Angeles,USA,1959,False,True,True,True,4,4.7,1038,Operational
RES004657,Osaka Indian Place 4657,Local,Indian,-66.149523,26.936144,Osaka,Japan,1994,False,True,False,True,4,2.9,1346,Operational
RES004658,Rio de Janeiro Mexican Place 4658,Local,Mexican,38.476342,-8.662446,Rio de Janeiro,Brazil,2003,False,True,False,True,2,3.8,2306,Operational
RES004659,Delhi Japanese Place 4659,Local,Japanese,-13.723518,90.228863,Delhi,India,2020,False,False,True,False,4,3.0,2808,Operational
RES004660,Manchester Mexican Place 4660,Local,Mexican,11.068681,157.359393,Manchester,United Kingdom,1965,False,True,False,True,1,3.7,2002,Operational
RES004661,London Italian Place 4661,Local,Italian,33.751176,-41.253033,London,United Kingdom,1963,True,False,False,False,3,2.1,3937,Operational
RES004662,Los Angeles French Place 4662,Local,French,9.51468,16.146018,Los Angeles,USA,1963,True,True,True,False,1,4.5,3951,Operational
RES004663,Delhi Burger Place 4663,Local,Burger,-66.62158,-44.772013,Delhi,India,2009,False,True,True,False,4,2.1,3115,Operational
RES004664,Manchester Pizza Place 4664,Local,Pizza,-46.614935,-3.932295,Manchester,United Kingdom,1950,True,False,True,True,4,4.0,4462,Operational
RES004665,Mumbai Mexican Place 4665,Local,Mexican,5.105076,-9.146468,Mumbai,India,2008,True,False,False,False,1,3.4,758,Operational
RES004666,Osaka Brazilian Place 4666,Local,Brazilian,40.575428,-163.212461,Osaka,Japan,1979,False,True,False,True,2,3.4,4180,Operational
RES004667,American Chain 4667,Chain,American,-73.485388,-27.162178,Delhi,India,1961,False,True,False,True,4,3.2,3690,Operational
RES004668,New York French Place 4668,Local,French,35.574246,-160.484737,New York,USA,1964,True,False,True,False,4,4.6,4379,Operational
RES004669,New York French Place 4669,Local,French,-26.481632,-6.851782,New York,USA,1959,False,True,True,True,1,4.0,914,Closed Temporarily
RES004670,Mediterranean Chain 4670,Chain,Mediterranean,-74.510995,-93.522671,Los Angeles,USA,1975,True,True,False,True,4,3.1,4834,Operational
RES004671,Indian Chain 4671,Chain,Indian,-80.351315,-74.827387,Manchester,United Kingdom,2023,False,True,True,False,4,3.7,4813,Operational
RES004672,Burger Chain 4672,Chain,Burger,-78.102948,97.043108,Rio de Janeiro,Brazil,1957,True,True,False,False,3,3.6,4777,Operational
RES004673,Tokyo Brazilian Place 4673,Local,Brazilian,26.516336,22.70803,Tokyo,Japan,1957,True,True,False,True,1,2.9,3680,Operational
RES004674,Mediterranean Chain 4674,Chain,Mediterranean,54.180577,-137.412617,London,United Kingdom,1974,False,False,True,True,3,2.1,2123,Operational
RES004675,Delhi Burger Place 4675,Local,Burger,9.473299,-21.875749,Delhi,India,1961,True,True,False,False,4,3.9,35,Operational
RES004676,Rio de Janeiro Pizza Place 4676,Local,Pizza,14.391273,-40.034384,Rio de Janeiro,Brazil,1963,False,True,True,False,4,4.9,803,Operational
RES004677,Rio de Janeiro Brazilian Place 4677,Local,Brazilian,83.963034,71.005037,Rio de Janeiro,Brazil,1982,True,True,False,True,3,3.9,2976,Operational
RES004678,French Chain 4678,Chain,French,37.936876,-10.817672,Rio de Janeiro,Brazil,1971,True,True,False,False,4,4.1,432,Operational
RES004679,New York Chinese Place 4679,Local,Chinese,-80.627361,-154.826076,New York,USA,1955,True,False,False,False,2,3.3,2243,Operational
RES004680,Brazilian Chain 4680,Chain,Brazilian,-54.703749,176.088813,New York,USA,2000,True,False,False,False,3,3.1,1206,Operational
RES004681,Rio de Janeiro Mediterranean Place 4681,Local,Mediterranean,-43.487323,147.918576,Rio de Janeiro,Brazil,1998,True,False,False,False,3,3.9,653,Operational
RES004682,Rio de Janeiro Pizza Place 4682,Local,Pizza,-1.63766,91.176514,Rio de Janeiro,Brazil,2010,True,True,True,False,4,3.2,3730,Operational
RES004683,New York Italian Place 4683,Local,Italian,47.462019,-90.127098,New York,USA,2023,False,True,False,False,2,4.4,3303,Operational
RES004684,London American Place 4684,Local,American,-88.789018,77.413438,London,United Kingdom,1964,True,True,False,True,2,4.4,397,Operational
RES004685,Sao Paulo Mexican Place 4685,Local,Mexican,-71.528468,-103.203469,Sao Paulo,Brazil,1990,False,True,False,True,3,3.6,3516,Operational
RES004686,Osaka Japanese Place 4686,Local,Japanese,20.294771,58.775113,Osaka,Japan,1952,True,True,False,True,4,2.3,3095,Operational
RES004687,Manchester Mexican Place 4687,Local,Mexican,-77.622344,43.661113,Manchester,United Kingdom,1957,True,False,True,False,2,2.2,4208,Operational
RES004688,New York Mexican Place 4688,Local,Mexican,71.819007,-171.700743,New York,USA,1954,True,False,True,True,2,3.2,3865,Operational
RES004689,Japanese Chain 4689,Chain,Japanese,39.054047,-81.488303,Delhi,India,1978,True,False,False,True,3,4.7,4607,Operational
RES004690,Chinese Chain 4690,Chain,Chinese,-35.871622,13.224731,Mumbai,India,2004,True,False,False,False,2,2.7,4408,Operational
RES004691,Pizza Chain 4691,Chain,Pizza,-53.580885,103.776971,Rio de Janeiro,Brazil,2007,True,True,False,False,3,3.9,1781,Operational
RES004692,Rio de Janeiro Indian Place 4692,Local,Indian,54.951211,144.590482,Rio de Janeiro,Brazil,1955,True,False,False,True,4,2.5,3201,Operational
RES004693,Mumbai Mexican Place 4693,Local,Mexican,-81.958174,-151.517984,Mumbai,India,1965,False,False,True,True,2,2.7,1130,Operational
RES004694,New York Chinese Place 4694,Local,Chinese,40.911316,80.546223,New York,USA,1989,True,False,False,False,4,3.6,245,Operational
RES004695,New York Burger Place 4695,Local,Burger,40.272937,-46.116097,New York,USA,1985,False,True,True,True,4,2.0,2325,Operational
RES004696,Rio de Janeiro Indian Place 4696,Local,Indian,10.361547,175.035025,Rio de Janeiro,Brazil,1998,False,False,True,True,1,2.5,2112,Operational
RES004697,Rio de Janeiro Mediterranean Place 4697,Local,Mediterranean,-13.752333,170.960224,Rio de Janeiro,Brazil,1976,True,False,False,True,1,3.5,557,Operational
RES004698,Mumbai Japanese Place 4698,Local,Japanese,-38.839908,82.007052,Mumbai,India,1965,False,False,True,True,2,4.5,1208,Operational
RES004699,Thai Chain 4699,Chain,Thai,-6.612943,-23.627909,Rio de Janeiro,Brazil,2012,True,False,False,False,3,4.8,3780,Operational
RES004700,Sao Paulo Mexican Place 4700,Local,Mexican,47.939164,-164.689248,Sao Paulo,Brazil,2017,True,False,False,True,3,5.0,2154,Operational
RES004701,Sao Paulo Pizza Place 4701,Local,Pizza,89.814161,90.426405,Sao Paulo,Brazil,1979,True,False,True,True,2,4.8,4561,Operational
RES004702,London Indian Place 4702,Local,Indian,-69.81057,-144.602048,London,United Kingdom,2015,True,True,True,False,1,3.0,3870,Operational
RES004703,Pizza Chain 4703,Chain,Pizza,57.512544,156.712458,Delhi,India,1978,True,False,True,False,2,4.5,2195,Operational
RES004704,Indian Chain 4704,Chain,Indian,-13.394376,156.438288,London,United Kingdom,2004,True,False,False,False,3,2.5,3323,Closed Temporarily
RES004705,Los Angeles Burger Place 4705,Local,Burger,-19.738988,28.813913,Los Angeles,USA,1993,True,False,False,True,2,4.7,890,Operational
RES004706,New York Pizza Place 4706,Local,Pizza,-21.16298,49.620852,New York,USA,2022,True,False,False,False,3,2.6,2115,Operational
RES004707,Los Angeles Mexican Place 4707,Local,Mexican,58.189452,-34.886221,Los Angeles,USA,1952,True,False,False,False,2,4.4,2717,Operational
RES004708,Los Angeles Mediterranean Place 4708,Local,Mediterranean,12.920269,-83.829256,Los Angeles,USA,2021,False,True,False,True,2,2.9,2028,Operational
RES004709,Pizza Chain 4709,Chain,Pizza,9.107985,111.827513,Tokyo,Japan,1958,True,False,True,False,1,3.4,2572,Operational
RES004710,Pizza Chain 4710,Chain,Pizza,-31.932838,163.742498,New York,USA,1958,True,False,False,True,4,4.6,4736,Operational
RES004711,Tokyo Pizza Place 4711,Local,Pizza,79.499767,4.721943,Tokyo,Japan,1986,True,False,True,True,2,3.1,196,Operational
RES004712,Los Angeles Burger Place 4712,Local,Burger,86.846996,97.664325,Los Angeles,USA,1951,False,True,True,True,2,4.9,4727,Operational
RES004713,Manchester Japanese Place 4713,Local,Japanese,62.577915,22.079051,Manchester,United Kingdom,1951,True,False,False,False,1,2.9,3343,Closed Temporarily
RES004714,French Chain 4714,Chain,French,-80.002409,-176.967331,Rio de Janeiro,Brazil,1954,True,True,False,True,4,3.6,2479,Operational
RES004715,Indian Chain 4715,Chain,Indian,-6.124241,162.582687,Tokyo,Japan,2005,True,True,True,False,4,4.1,3393,Operational
RES004716,Delhi American Place 4716,Local,American,35.637077,153.320042,Delhi,India,1985,True,False,False,False,3,3.5,1571,Operational
RES004717,Mexican Chain 4717,Chain,Mexican,86.375524,-73.657484,New York,USA,2012,True,True,False,False,3,3.6,4375,Operational
RES004718,Mediterranean Chain 4718,Chain,Mediterranean,-41.883889,120.711147,Rio de Janeiro,Brazil,1979,True,True,False,False,2,3.8,3646,Operational
RES004719,Los Angeles Brazilian Place 4719,Local,Brazilian,61.950933,-178.903019,Los Angeles,USA,2011,True,True,False,False,4,4.8,4850,Operational
RES004720,Chinese Chain 4720,Chain,Chinese,7.23805,-124.449535,New York,USA,1976,True,True,True,True,4,4.6,162,Operational
RES004721,Rio de Janeiro Japanese Place 4721,Local,Japanese,18.839123,42.771724,Rio de Janeiro,Brazil,1961,False,False,True,True,4,2.0,3871,Operational
RES004722,London Japanese Place 4722,Local,Japanese,27.659735,-47.391085,London,United Kingdom,1957,False,False,True,False,4,4.9,131,Operational
RES004723,Rio de Janeiro Thai Place 4723,Local,Thai,60.985582,-70.803363,Rio de Janeiro,Brazil,1998,True,False,False,False,4,2.2,208,Operational
RES004724,Mumbai Mexican Place 4724,Local,Mexican,50.464539,77.604225,Mumbai,India,1973,False,True,True,True,4,4.6,2245,Operational
RES004725,Indian Chain 4725,Chain,Indian,-32.509781,24.116183,Delhi,India,2023,True,False,True,True,3,4.4,2808,Operational
RES004726,Tokyo Italian Place 4726,Local,Italian,61.005655,-90.717155,Tokyo,Japan,1987,False,True,False,False,4,2.1,3052,Operational
RES004727,Mumbai Mediterranean Place 4727,Local,Mediterranean,-29.249906,144.412677,Mumbai,India,2000,True,True,True,False,1,2.6,3339,Operational
RES004728,Osaka Indian Place 4728,Local,Indian,-15.398845,-46.942335,Osaka,Japan,2008,False,True,False,True,4,4.6,3766,Operational
RES004729,Mediterranean Chain 4729,Chain,Mediterranean,2.774442,47.02612,London,United Kingdom,1960,True,False,True,False,4,2.5,4056,Operational
RES004730,Delhi Thai Place 4730,Local,Thai,85.359987,33.132629,Delhi,India,1963,True,True,False,False,1,4.8,1165,Operational
RES004731,Mumbai American Place 4731,Local,American,-20.281644,91.766352,Mumbai,India,2005,True,False,False,True,3,4.4,1891,Operational
RES004732,Brazilian Chain 4732,Chain,Brazilian,-62.386669,81.749862,Tokyo,Japan,1984,False,True,True,False,2,4.6,98,Operational
RES004733,Tokyo Japanese Place 4733,Local,Japanese,72.025293,-71.413396,Tokyo,Japan,1968,True,False,True,True,2,5.0,709,Operational
RES004734,Osaka American Place 4734,Local,American,-19.473362,115.413849,Osaka,Japan,2017,False,True,False,True,2,3.7,537,Operational
RES004735,Manchester Mexican Place 4735,Local,Mexican,-37.429718,-106.770487,Manchester,United Kingdom,1952,True,True,False,True,4,4.5,3276,Operational
RES004736,Delhi Italian Place 4736,Local,Italian,-14.095137,-118.881511,Delhi,India,1996,False,False,True,True,3,2.4,3870,Operational
RES004737,London American Place 4737,Local,American,-34.937342,-101.66309,London,United Kingdom,1975,True,False,True,False,4,2.9,1082,Operational
RES004738,New York Brazilian Place 4738,Local,Brazilian,-69.795286,-138.819664,New York,USA,2010,True,False,False,False,2,3.5,4495,Operational
RES004739,Los Angeles Indian Place 4739,Local,Indian,80.47877,131.819799,Los Angeles,USA,2005,True,False,False,False,4,2.3,4863,Operational
RES004740,Manchester Chinese Place 4740,Local,Chinese,-28.637508,74.256804,Manchester,United Kingdom,1958,True,False,False,True,1,3.1,1429,Operational
RES004741,Sao Paulo French Place 4741,Local,French,-14.626089,-115.551951,Sao Paulo,Brazil,1971,False,False,True,True,4,2.1,4018,Operational
RES004742,Manchester American Place 4742,Local,American,-23.132547,-158.397231,Manchester,United Kingdom,1995,True,False,False,True,3,4.0,4037,Operational
RES004743,New York Thai Place 4743,Local,Thai,-37.433507,-122.465488,New York,USA,1969,True,False,False,True,4,4.0,4193,Operational
RES004744,Manchester Japanese Place 4744,Local,Japanese,68.30474,-33.475578,Manchester,United Kingdom,1977,True,False,True,False,4,4.1,3733,Operational
RES004745,Osaka Mediterranean Place 4745,Local,Mediterranean,75.859374,-6.361727,Osaka,Japan,1985,True,True,True,False,3,3.0,4946,Closed Temporarily
RES004746,Delhi Thai Place 4746,Local,Thai,-79.067484,160.46875,Delhi,India,1958,True,False,False,True,2,2.7,4715,Operational
RES004747,London French Place 4747,Local,French,2.14511,-98.623797,London,United Kingdom,1967,False,True,False,True,4,2.4,3463,Operational
RES004748,Sao Paulo Burger Place 4748,Local,Burger,-12.698719,-48.570202,Sao Paulo,Brazil,2002,True,True,False,False,2,5.0,3813,Operational
RES004749,Delhi Chinese Place 4749,Local,Chinese,56.405575,37.164153,Delhi,India,1988,False,True,False,True,1,4.0,3288,Operational
RES004750,Mumbai Chinese Place 4750,Local,Chinese,10.998044,2.346977,Mumbai,India,1999,True,False,True,False,4,2.7,607,Operational
RES004751,Mumbai Pizza Place 4751,Local,Pizza,-85.243422,64.330259,Mumbai,India,1960,True,False,True,False,4,2.5,3415,Operational
RES004752,Sao Paulo Thai Place 4752,Local,Thai,-86.617947,-3.547241,Sao Paulo,Brazil,1960,False,True,True,True,2,2.5,565,Operational
RES004753,Japanese Chain 4753,Chain,Japanese,26.919616,-40.72893,Manchester,United Kingdom,1975,True,False,False,False,2,4.2,824,Operational
RES004754,Thai Chain 4754,Chain,Thai,-1.862953,-81.309934,Tokyo,Japan,1961,False,True,True,False,3,3.7,999,Operational
RES004755,Sao Paulo Burger Place 4755,Local,Burger,-73.580857,-52.324941,Sao Paulo,Brazil,1961,False,False,True,False,2,4.8,1548,Operational
RES004756,Japanese Chain 4756,Chain,Japanese,-16.25362,-147.716361,Osaka,Japan,2006,True,True,True,True,4,3.4,1858,Operational
RES004757,Chinese Chain 4757,Chain,Chinese,83.454079,86.299729,Mumbai,India,1971,True,True,True,False,4,2.7,4952,Operational
RES004758,New York American Place 4758,Local,American,69.114971,26.467184,New York,USA,1983,True,True,False,False,2,2.5,430,Operational
RES004759,New York Chinese Place 4759,Local,Chinese,-85.749253,-92.041723,New York,USA,2017,True,False,True,True,1,4.7,3515,Operational
RES004760,Los Angeles Italian Place 4760,Local,Italian,12.290637,-149.157043,Los Angeles,USA,1957,True,True,True,False,1,4.6,307,Operational
RES004761,Mediterranean Chain 4761,Chain,Mediterranean,15.620431,-15.693513,Rio de Janeiro,Brazil,1958,True,True,False,False,1,4.9,2696,Operational
RES004762,Manchester Indian Place 4762,Local,Indian,-65.760108,-20.316166,Manchester,United Kingdom,1981,True,True,True,True,3,3.5,639,Operational
RES004763,Mexican Chain 4763,Chain,Mexican,-38.47306,-140.874764,Mumbai,India,1966,True,True,True,False,4,3.1,883,Operational
RES004764,Tokyo Japanese Place 4764,Local,Japanese,-56.073348,-45.969,Tokyo,Japan,2000,True,False,True,True,2,2.3,4081,Operational
RES004765,London Italian Place 4765,Local,Italian,-28.858828,-154.859877,London,United Kingdom,1993,False,True,True,True,3,4.1,431,Operational
RES004766,French Chain 4766,Chain,French,81.656252,93.827869,Rio de Janeiro,Brazil,1966,False,False,True,True,3,4.8,1494,Closed Temporarily
RES004767,Pizza Chain 4767,Chain,Pizza,30.861484,43.975194,Osaka,Japan,1964,False,True,False,False,2,3.4,4756,Operational
RES004768,Delhi Chinese Place 4768,Local,Chinese,-68.90435,64.108531,Delhi,India,2011,True,False,False,False,3,3.4,3565,Operational
RES004769,Chinese Chain 4769,Chain,Chinese,45.074126,-32.27298,Manchester,United Kingdom,2005,False,False,True,False,1,2.1,1399,Operational
RES004770,American Chain 4770,Chain,American,-8.772117,-137.231129,Los Angeles,USA,1988,True,False,True,True,3,3.7,504,Operational
RES004771,Manchester French Place 4771,Local,French,-42.926791,68.880865,Manchester,United Kingdom,1996,False,False,True,True,4,3.2,4043,Operational
RES004772,Osaka Thai Place 4772,Local,Thai,48.18079,-72.040704,Osaka,Japan,1977,True,False,False,False,3,3.6,1457,Operational
RES004773,French Chain 4773,Chain,French,-70.014496,126.503599,Manchester,United Kingdom,1996,True,True,False,True,2,4.2,606,Operational
RES004774,Tokyo Japanese Place 4774,Local,Japanese,52.387724,-175.160511,Tokyo,Japan,2018,False,True,False,False,1,3.2,2256,Operational
RES004775,Manchester Chinese Place 4775,Local,Chinese,78.049176,-5.950472,Manchester,United Kingdom,1985,True,False,False,True,3,2.2,1838,Operational
RES004776,American Chain 4776,Chain,American,-73.947206,-30.38768,Rio de Janeiro,Brazil,2004,True,True,True,True,4,4.5,4337,Operational
RES004777,Manchester Mexican Place 4777,Local,Mexican,-68.252166,4.002823,Manchester,United Kingdom,2002,True,False,True,True,1,2.9,481,Operational
RES004778,New York Mexican Place 4778,Local,Mexican,-20.655518,87.914407,New York,USA,1966,False,True,True,True,1,4.4,2888,Operational
RES004779,Mediterranean Chain 4779,Chain,Mediterranean,5.538795,-142.297486,Rio de Janeiro,Brazil,1980,False,False,True,False,2,3.8,2369,Operational
RES004780,Mumbai Japanese Place 4780,Local,Japanese,18.792873,23.891347,Mumbai,India,2004,False,True,False,False,4,3.7,3434,Operational
RES004781,Los Angeles Pizza Place 4781,Local,Pizza,86.937349,122.17755,Los Angeles,USA,1954,True,False,False,False,3,4.7,3545,Operational
RES004782,Tokyo American Place 4782,Local,American,-62.867926,-170.142604,Tokyo,Japan,2010,False,True,True,True,2,3.4,4458,Operational
RES004783,New York Mexican Place 4783,Local,Mexican,0.603567,-168.688007,New York,USA,1956,True,False,False,True,1,3.9,577,Operational
RES004784,Pizza Chain 4784,Chain,Pizza,29.24105,-152.20335,Manchester,United Kingdom,1982,False,True,True,True,2,2.6,4638,Operational
RES004785,Los Angeles Burger Place 4785,Local,Burger,-10.347231,-157.739267,Los Angeles,USA,1986,True,True,True,True,4,3.2,1054,Operational
RES004786,Pizza Chain 4786,Chain,Pizza,-72.942068,-73.178592,Osaka,Japan,1951,True,False,False,False,3,3.7,1495,Operational
RES004787,Japanese Chain 4787,Chain,Japanese,-24.669124,39.572472,Manchester,United Kingdom,1978,True,False,False,True,4,2.5,2683,Operational
RES004788,Italian Chain 4788,Chain,Italian,47.251402,2.355358,Sao Paulo,Brazil,2003,True,True,False,True,2,4.3,2500,Operational
RES004789,Tokyo Indian Place 4789,Local,Indian,83.984733,-123.586573,Tokyo,Japan,1990,True,True,True,True,1,2.7,2172,Operational
RES004790,Pizza Chain 4790,Chain,Pizza,64.942303,166.993226,Delhi,India,2023,False,False,True,False,3,4.9,1699,Operational
RES004791,London Japanese Place 4791,Local,Japanese,49.10304,4.796156,London,United Kingdom,1985,True,False,True,True,1,4.9,2870,Operational
RES004792,Mediterranean Chain 4792,Chain,Mediterranean,-14.626327,-70.52838,Delhi,India,2002,False,True,True,False,2,2.5,4395,Operational
RES004793,Tokyo Pizza Place 4793,Local,Pizza,-54.788336,-81.706655,Tokyo,Japan,1961,False,True,True,True,3,2.2,4260,Operational
RES004794,Mumbai Japanese Place 4794,Local,Japanese,-38.113717,-86.686559,Mumbai,India,1981,True,True,True,True,2,3.4,2715,Operational
RES004795,Brazilian Chain 4795,Chain,Brazilian,-48.895204,30.883174,Delhi,India,1968,True,True,True,True,1,4.7,2348,Operational
RES004796,Mumbai Mediterranean Place 4796,Local,Mediterranean,75.491183,9.04005,Mumbai,India,1972,True,False,False,False,1,4.7,964,Operational
RES004797,Brazilian Chain 4797,Chain,Brazilian,11.731723,5.222478,Tokyo,Japan,1996,True,True,True,True,1,3.3,519,Operational
RES004798,Delhi Brazilian Place 4798,Local,Brazilian,69.120583,172.474636,Delhi,India,1981,False,False,True,True,1,4.5,1381,Operational
RES004799,Tokyo French Place 4799,Local,French,39.972057,-88.395326,Tokyo,Japan,1984,True,False,False,False,3,4.2,4629,Operational
RES004800,Mumbai Mediterranean Place 4800,Local,Mediterranean,-58.190752,91.681849,Mumbai,India,1958,True,False,False,True,4,2.2,3879,Operational
RES004801,London Mediterranean Place 4801,Local,Mediterranean,-65.580695,134.829135,London,United Kingdom,1982,False,False,True,False,1,4.4,4308,Operational
RES004802,Mumbai Pizza Place 4802,Local,Pizza,10.992152,-120.753525,Mumbai,India,1952,False,True,True,False,2,3.9,2319,Operational
RES004803,Rio de Janeiro Chinese Place 4803,Local,Chinese,26.583926,178.862495,Rio de Janeiro,Brazil,1998,True,False,False,False,2,5.0,4998,Operational
RES004804,Chinese Chain 4804,Chain,Chinese,-58.51268,-135.877794,Mumbai,India,2021,True,True,True,False,4,4.0,3339,Operational
RES004805,Osaka Italian Place 4805,Local,Italian,-50.892818,-136.97451,Osaka,Japan,1998,False,True,True,True,1,2.8,3568,Operational
RES004806,Delhi Brazilian Place 4806,Local,Brazilian,89.387259,150.149705,Delhi,India,1962,True,False,True,False,1,4.8,4770,Operational
RES004807,American Chain 4807,Chain,American,78.489336,71.930362,Los Angeles,USA,1970,True,True,True,False,3,2.9,754,Operational
RES004808,Sao Paulo Thai Place 4808,Local,Thai,11.214712,30.118391,Sao Paulo,Brazil,2022,True,True,False,True,4,2.0,59,Operational
RES004809,Italian Chain 4809,Chain,Italian,-25.971552,72.373872,Rio de Janeiro,Brazil,2002,True,True,False,False,3,2.8,4612,Operational
RES004810,Osaka Burger Place 4810,Local,Burger,-78.590462,78.784216,Osaka,Japan,2019,True,False,True,True,3,3.2,2517,Operational
RES004811,Sao Paulo Thai Place 4811,Local,Thai,-68.427845,-49.463418,Sao Paulo,Brazil,2006,False,True,True,True,4,4.8,235,Operational
RES004812,Pizza Chain 4812,Chain,Pizza,41.938371,68.975244,London,United Kingdom,1998,True,True,True,False,4,2.4,89,Operational
RES004813,Los Angeles Chinese Place 4813,Local,Chinese,-17.510087,-71.866855,Los Angeles,USA,1963,False,False,True,False,4,3.5,3480,Operational
RES004814,Italian Chain 4814,Chain,Italian,55.884242,-84.32457,Osaka,Japan,2012,True,True,True,False,1,2.4,1948,Operational
RES004815,Los Angeles Brazilian Place 4815,Local,Brazilian,-9.218973,158.882496,Los Angeles,USA,2015,True,True,False,False,4,3.5,2827,Closed Temporarily
RES004816,Chinese Chain 4816,Chain,Chinese,53.699093,38.609703,Los Angeles,USA,1951,False,True,True,True,2,4.0,968,Operational
RES004817,Osaka Burger Place 4817,Local,Burger,-74.652575,-0.071507,Osaka,Japan,1965,True,False,False,True,4,4.3,369,Operational
RES004818,Los Angeles Chinese Place 4818,Local,Chinese,-58.55674,116.417102,Los Angeles,USA,1996,False,False,True,False,4,3.8,3791,Operational
RES004819,Delhi Pizza Place 4819,Local,Pizza,-3.171723,140.185903,Delhi,India,1983,True,False,False,True,2,3.8,574,Operational
RES004820,London Italian Place 4820,Local,Italian,79.356279,-133.495125,London,United Kingdom,1967,False,True,True,False,2,4.4,614,Operational
RES004821,Pizza Chain 4821,Chain,Pizza,59.880584,104.331737,Delhi,India,1956,True,False,False,False,2,2.4,3643,Closed Temporarily
RES004822,Tokyo Thai Place 4822,Local,Thai,71.659896,80.478957,Tokyo,Japan,1970,True,False,True,False,2,3.4,1279,Operational
RES004823,Manchester Italian Place 4823,Local,Italian,-46.220238,157.083883,Manchester,United Kingdom,1963,True,False,True,True,1,2.3,3083,Operational
RES004824,Los Angeles Indian Place 4824,Local,Indian,79.730195,159.532075,Los Angeles,USA,1991,True,False,True,True,1,5.0,2022,Operational
RES004825,American Chain 4825,Chain,American,-69.421275,-153.065444,New York,USA,1951,True,False,False,True,3,2.1,657,Operational
RES004826,Sao Paulo Thai Place 4826,Local,Thai,-38.212144,175.09027,Sao Paulo,Brazil,2023,False,True,False,True,2,3.8,632,Operational
RES004827,Pizza Chain 4827,Chain,Pizza,5.857125,56.186213,Tokyo,Japan,1977,True,True,False,True,2,4.9,4194,Operational
RES004828,Sao Paulo Thai Place 4828,Local,Thai,4.220204,-157.02248,Sao Paulo,Brazil,1950,True,False,True,False,3,3.2,321,Operational
RES004829,Los Angeles Mexican Place 4829,Local,Mexican,36.565678,33.260023,Los Angeles,USA,1970,False,True,False,True,1,2.4,2520,Operational
RES004830,Mumbai Indian Place 4830,Local,Indian,-87.714139,63.10485,Mumbai,India,2006,True,False,False,True,1,4.7,2490,Operational
RES004831,New York Pizza Place 4831,Local,Pizza,86.719608,48.161205,New York,USA,2018,False,True,False,False,3,3.5,3947,Operational
RES004832,Pizza Chain 4832,Chain,Pizza,-77.553879,-89.281906,London,United Kingdom,2013,True,True,True,False,1,3.6,4729,Operational
RES004833,Delhi American Place 4833,Local,American,-89.610603,-115.538503,Delhi,India,1964,True,True,True,True,3,3.5,3659,Operational
RES004834,Italian Chain 4834,Chain,Italian,-42.649318,46.13232,Rio de Janeiro,Brazil,1999,True,False,True,True,3,4.0,4942,Operational
RES004835,Indian Chain 4835,Chain,Indian,23.788081,83.855789,Manchester,United Kingdom,2018,True,False,False,True,4,4.3,3935,Operational
RES004836,Japanese Chain 4836,Chain,Japanese,55.665471,-114.793216,Tokyo,Japan,2016,False,False,True,True,4,3.5,1079,Operational
RES004837,Delhi American Place 4837,Local,American,-21.956379,-40.346624,Delhi,India,2000,True,True,True,False,1,4.2,1993,Operational
RES004838,Rio de Janeiro Italian Place 4838,Local,Italian,-74.75258,-152.979778,Rio de Janeiro,Brazil,2019,False,True,False,True,3,3.7,1193,Operational
RES004839,Osaka Thai Place 4839,Local,Thai,49.307814,6.562394,Osaka,Japan,2007,True,False,True,True,2,4.3,181,Operational
RES004840,Rio de Janeiro Thai Place 4840,Local,Thai,48.721316,95.919099,Rio de Janeiro,Brazil,1965,False,True,True,True,3,3.7,766,Operational
RES004841,Chinese Chain 4841,Chain,Chinese,-59.137591,-79.086086,Los Angeles,USA,1958,True,True,False,True,4,3.3,648,Operational
RES004842,Japanese Chain 4842,Chain,Japanese,86.429967,-144.272574,Manchester,United Kingdom,1950,True,True,True,False,1,3.9,1816,Operational
RES004843,Indian Chain 4843,Chain,Indian,52.138082,-21.996961,Los Angeles,USA,1964,False,False,True,False,3,2.5,2039,Operational
RES004844,Manchester Indian Place 4844,Local,Indian,66.132332,-158.455788,Manchester,United Kingdom,2004,True,False,True,True,4,3.3,4711,Operational
RES004845,Manchester Pizza Place 4845,Local,Pizza,-3.71013,167.936423,Manchester,United Kingdom,1990,True,False,False,False,2,3.0,1288,Operational
RES004846,Japanese Chain 4846,Chain,Japanese,-50.114801,163.217443,Tokyo,Japan,1977,False,False,True,True,4,3.6,2670,Operational
RES004847,New York Mediterranean Place 4847,Local,Mediterranean,-24.719745,-100.506025,New York,USA,1999,True,True,False,False,3,4.0,4399,Operational
RES004848,Mumbai American Place 4848,Local,American,-86.068105,-160.838069,Mumbai,India,1971,True,True,True,False,3,2.5,3625,Closed Temporarily
RES004849,Mumbai French Place 4849,Local,French,-42.928156,145.31039,Mumbai,India,1995,True,True,False,False,4,3.3,4085,Operational
RES004850,Indian Chain 4850,Chain,Indian,7.500449,-53.8013,Los Angeles,USA,1992,True,False,True,True,2,3.2,4503,Operational
RES004851,Tokyo Italian Place 4851,Local,Italian,33.886266,23.337874,Tokyo,Japan,2005,True,False,True,False,4,3.4,2187,Operational
RES004852,Osaka Thai Place 4852,Local,Thai,-81.220171,-30.305165,Osaka,Japan,1976,True,True,False,False,4,3.6,49,Operational
RES004853,American Chain 4853,Chain,American,-80.786337,-52.481541,Delhi,India,1959,True,True,True,True,3,4.1,4049,Closed Temporarily
RES004854,Los Angeles Thai Place 4854,Local,Thai,-45.701238,61.954097,Los Angeles,USA,2008,True,False,True,False,2,2.2,3980,Operational
RES004855,Delhi Thai Place 4855,Local,Thai,-5.750232,5.088267,Delhi,India,1963,True,False,True,True,2,2.9,2768,Operational
RES004856,Chinese Chain 4856,Chain,Chinese,15.051139,169.847612,London,United Kingdom,2018,True,False,True,False,4,3.9,4889,Operational
RES004857,Chinese Chain 4857,Chain,Chinese,-61.398365,64.967536,Mumbai,India,1983,False,True,True,False,4,3.6,301,Operational
RES004858,Manchester Thai Place 4858,Local,Thai,-65.095523,65.991729,Manchester,United Kingdom,1968,True,False,False,False,3,4.7,2609,Operational
RES004859,Sao Paulo French Place 4859,Local,French,-19.307165,164.515496,Sao Paulo,Brazil,1974,True,False,False,True,2,4.6,2926,Operational
RES004860,Burger Chain 4860,Chain,Burger,-52.720744,-106.106931,Mumbai,India,1952,True,False,False,False,1,2.4,3230,Operational
RES004861,Mumbai Italian Place 4861,Local,Italian,21.236448,-11.770349,Mumbai,India,1962,True,False,False,False,3,4.6,4873,Operational
RES004862,American Chain 4862,Chain,American,-51.616602,120.80453,Delhi,India,2013,True,False,False,False,3,3.7,292,Operational
RES004863,Rio de Janeiro Burger Place 4863,Local,Burger,-64.562693,21.632227,Rio de Janeiro,Brazil,1969,True,False,False,True,1,4.0,4973,Operational
RES004864,Mumbai Italian Place 4864,Local,Italian,-38.791567,-4.248032,Mumbai,India,1989,True,False,False,False,4,4.2,302,Closed Temporarily
RES004865,Delhi Indian Place 4865,Local,Indian,13.557173,55.535959,Delhi,India,2010,True,False,True,False,4,5.0,2408,Operational
RES004866,Mumbai Thai Place 4866,Local,Thai,27.527091,-152.504585,Mumbai,India,2010,True,True,True,False,2,2.1,2809,Operational
RES004867,London Indian Place 4867,Local,Indian,77.347211,-144.90622,London,United Kingdom,1998,True,True,True,False,1,4.1,4767,Operational
RES004868,Tokyo French Place 4868,Local,French,-65.83342,-50.458217,Tokyo,Japan,1977,True,True,False,False,2,2.7,2743,Operational
RES004869,Indian Chain 4869,Chain,Indian,40.306203,-85.245774,Delhi,India,1967,False,False,True,False,3,4.3,91,Operational
RES004870,Osaka Italian Place 4870,Local,Italian,74.004532,24.667543,Osaka,Japan,1979,True,True,True,False,3,2.3,42,Operational
RES004871,Rio de Janeiro Mexican Place 4871,Local,Mexican,40.525836,-163.133468,Rio de Janeiro,Brazil,1982,True,False,False,False,4,3.5,3616,Operational
RES004872,London Pizza Place 4872,Local,Pizza,27.822159,169.378029,London,United Kingdom,2015,True,False,True,False,3,2.3,108,Operational
RES004873,New York French Place 4873,Local,French,77.883236,110.605731,New York,USA,2017,False,False,True,False,2,4.3,109,Operational
RES004874,New York Brazilian Place 4874,Local,Brazilian,-10.404535,94.682435,New York,USA,2016,True,True,True,True,1,3.5,1452,Operational
RES004875,Delhi Brazilian Place 4875,Local,Brazilian,-12.389644,9.168386,Delhi,India,2000,False,True,False,True,2,3.8,3856,Operational
RES004876,London Brazilian Place 4876,Local,Brazilian,58.557371,-64.236047,London,United Kingdom,1987,False,True,False,True,2,4.6,2421,Operational
RES004877,Rio de Janeiro French Place 4877,Local,French,-79.812437,-7.812818,Rio de Janeiro,Brazil,2001,True,False,False,True,4,3.5,3326,Operational
RES004878,Pizza Chain 4878,Chain,Pizza,38.54876,-178.968889,New York,USA,1973,True,False,False,True,2,3.2,3260,Operational
RES004879,Manchester Mexican Place 4879,Local,Mexican,-57.504281,-105.161086,Manchester,United Kingdom,1981,True,True,False,False,1,4.5,3161,Operational
RES004880,Mexican Chain 4880,Chain,Mexican,29.076397,-115.911354,Osaka,Japan,2001,True,False,False,False,3,4.8,1791,Operational
RES004881,Brazilian Chain 4881,Chain,Brazilian,-2.567167,-39.881261,Mumbai,India,1965,False,True,False,True,2,4.5,2320,Operational
RES004882,London Japanese Place 4882,Local,Japanese,18.467261,-142.544296,London,United Kingdom,1979,True,False,False,False,1,4.4,1882,Operational
RES004883,Brazilian Chain 4883,Chain,Brazilian,78.185309,-27.709722,Manchester,United Kingdom,1983,False,False,True,True,2,4.3,3001,Operational
RES004884,Los Angeles French Place 4884,Local,French,41.70547,-127.38823,Los Angeles,USA,1978,False,True,True,False,3,2.2,1462,Operational
RES004885,Rio de Janeiro American Place 4885,Local,American,16.850523,-40.726846,Rio de Janeiro,Brazil,1989,True,True,True,True,4,3.9,1844,Operational
RES004886,Los Angeles American Place 4886,Local,American,-63.667477,147.304148,Los Angeles,USA,2022,True,True,False,False,2,4.6,4988,Operational
RES004887,Manchester Mediterranean Place 4887,Local,Mediterranean,-16.673867,134.35908,Manchester,United Kingdom,1980,True,True,False,True,3,4.0,4731,Operational
RES004888,Tokyo Burger Place 4888,Local,Burger,43.106822,101.797808,Tokyo,Japan,1954,True,True,True,True,2,2.3,1507,Operational
RES004889,Mumbai Chinese Place 4889,Local,Chinese,-13.697823,-176.396296,Mumbai,India,1959,True,True,True,False,4,2.8,1267,Operational
RES004890,Los Angeles Thai Place 4890,Local,Thai,-27.564011,109.681048,Los Angeles,USA,1952,False,False,True,True,3,4.9,4570,Operational
RES004891,Manchester Mediterranean Place 4891,Local,Mediterranean,-41.014091,-33.090176,Manchester,United Kingdom,1976,True,True,True,True,1,3.3,1787,Operational
RES004892,Tokyo Burger Place 4892,Local,Burger,47.249485,23.004561,Tokyo,Japan,1978,False,True,True,False,4,2.8,4381,Operational
RES004893,Delhi Burger Place 4893,Local,Burger,-19.45016,52.315649,Delhi,India,1976,True,False,False,False,4,2.4,2226,Operational
RES004894,Manchester French Place 4894,Local,French,-73.272402,157.970162,Manchester,United Kingdom,1951,True,True,True,False,4,3.8,674,Operational
RES004895,Los Angeles French Place 4895,Local,French,7.878756,-19.034535,Los Angeles,USA,1951,False,True,False,True,2,3.1,37,Operational
RES004896,Sao Paulo Mediterranean Place 4896,Local,Mediterranean,-18.56933,104.472004,Sao Paulo,Brazil,2021,True,False,True,True,3,4.0,4232,Operational
RES004897,New York Japanese Place 4897,Local,Japanese,-88.375223,132.090383,New York,USA,1955,True,True,False,False,2,4.4,1991,Operational
RES004898,New York Mediterranean Place 4898,Local,Mediterranean,-44.315538,70.905825,New York,USA,2006,False,False,True,False,3,3.2,3513,Operational
RES004899,Burger Chain 4899,Chain,Burger,70.336219,78.747195,London,United Kingdom,1977,True,False,True,True,3,4.0,3034,Closed Temporarily
RES004900,Chinese Chain 4900,Chain,Chinese,-15.18519,161.850634,Osaka,Japan,1963,True,False,False,True,4,3.8,546,Operational
RES004901,Tokyo French Place 4901,Local,French,-86.936242,-98.843736,Tokyo,Japan,1966,False,False,True,False,2,2.6,331,Operational
RES004902,Manchester Brazilian Place 4902,Local,Brazilian,-88.188284,66.000806,Manchester,United Kingdom,2020,False,True,True,False,3,4.5,287,Operational
RES004903,Delhi American Place 4903,Local,American,11.884303,64.421297,Delhi,India,2009,False,True,True,False,1,2.0,14,Operational
RES004904,Osaka Japanese Place 4904,Local,Japanese,-9.866742,104.058848,Osaka,Japan,1996,False,True,True,True,1,4.6,1031,Operational
RES004905,Los Angeles Mediterranean Place 4905,Local,Mediterranean,-2.613508,65.061957,Los Angeles,USA,2023,True,True,False,False,1,3.5,1398,Operational
RES004906,Thai Chain 4906,Chain,Thai,-82.265098,166.60425,Osaka,Japan,1962,True,True,False,True,4,2.5,1613,Operational
RES004907,Mumbai Japanese Place 4907,Local,Japanese,35.86611,-156.234509,Mumbai,India,1980,False,True,True,False,4,4.8,934,Operational
RES004908,Delhi Pizza Place 4908,Local,Pizza,-57.620003,-100.456352,Delhi,India,2022,True,True,True,True,3,2.6,2345,Operational
RES004909,London Chinese Place 4909,Local,Chinese,12.773565,-98.187993,London,United Kingdom,1964,True,False,False,True,4,3.2,2244,Operational
RES004910,London Indian Place 4910,Local,Indian,21.17947,71.899226,London,United Kingdom,1955,True,False,False,False,2,4.9,4767,Operational
RES004911,American Chain 4911,Chain,American,47.103648,46.890949,Tokyo,Japan,1951,False,False,True,False,4,4.5,815,Operational
RES004912,Los Angeles Mexican Place 4912,Local,Mexican,75.432386,-176.919187,Los Angeles,USA,2021,False,False,True,True,4,4.0,448,Operational
RES004913,Sao Paulo Italian Place 4913,Local,Italian,-35.40986,-124.10842,Sao Paulo,Brazil,2002,False,True,False,True,3,3.9,1439,Operational
RES004914,Burger Chain 4914,Chain,Burger,-70.656088,40.850783,New York,USA,1982,True,True,False,True,1,3.7,4861,Closed Temporarily
RES004915,Delhi Indian Place 4915,Local,Indian,-65.902425,117.800588,Delhi,India,2020,True,True,False,False,3,4.3,2097,Operational
RES004916,Osaka Pizza Place 4916,Local,Pizza,44.087202,-79.899898,Osaka,Japan,1955,True,True,False,False,2,4.0,1553,Operational
RES004917,Italian Chain 4917,Chain,Italian,-67.04354,-121.309597,Manchester,United Kingdom,1998,True,False,False,True,1,4.4,3745,Operational
RES004918,Osaka Brazilian Place 4918,Local,Brazilian,-86.549044,13.620345,Osaka,Japan,1997,True,False,False,True,2,4.2,3318,Operational
RES004919,Mumbai Chinese Place 4919,Local,Chinese,-22.463737,46.318874,Mumbai,India,1970,True,True,True,True,3,4.5,1810,Operational
RES004920,Rio de Janeiro Brazilian Place 4920,Local,Brazilian,24.157673,-121.575863,Rio de Janeiro,Brazil,1968,False,True,False,True,1,4.4,2135,Operational
RES004921,Delhi American Place 4921,Local,American,-43.958758,-97.103132,Delhi,India,1975,False,True,False,True,4,3.2,826,Operational
RES004922,New York Mediterranean Place 4922,Local,Mediterranean,32.551827,100.641683,New York,USA,1969,True,False,False,False,3,4.6,1430,Operational
RES004923,Tokyo Chinese Place 4923,Local,Chinese,-36.319593,-158.984954,Tokyo,Japan,1963,True,True,True,False,2,2.1,1048,Operational
RES004924,Brazilian Chain 4924,Chain,Brazilian,-29.283592,5.074183,Rio de Janeiro,Brazil,2021,True,False,True,True,1,4.2,641,Operational
RES004925,Rio de Janeiro Brazilian Place 4925,Local,Brazilian,44.984053,154.283696,Rio de Janeiro,Brazil,1991,True,False,True,True,1,2.6,4026,Operational
RES004926,Mexican Chain 4926,Chain,Mexican,-58.803923,99.599426,Osaka,Japan,1980,False,True,False,True,1,3.0,3711,Operational
RES004927,Los Angeles Indian Place 4927,Local,Indian,-2.467528,-40.8771,Los Angeles,USA,1996,False,False,True,False,3,4.3,3360,Operational
RES004928,Delhi Burger Place 4928,Local,Burger,50.188862,-66.003187,Delhi,India,1963,True,False,False,False,1,3.0,1761,Operational
RES004929,Tokyo Indian Place 4929,Local,Indian,64.975106,152.483701,Tokyo,Japan,1978,False,True,True,False,1,2.9,846,Operational
RES004930,Rio de Janeiro Mexican Place 4930,Local,Mexican,-87.222824,-33.408007,Rio de Janeiro,Brazil,1960,False,False,True,False,4,3.3,2610,Operational
RES004931,Thai Chain 4931,Chain,Thai,1.400131,-179.300339,Mumbai,India,1986,True,True,True,False,1,3.3,3754,Operational
RES004932,Manchester French Place 4932,Local,French,64.780693,90.60646,Manchester,United Kingdom,1959,True,True,True,True,2,4.9,4654,Operational
RES004933,French Chain 4933,Chain,French,56.866274,41.933239,New York,USA,2022,True,False,True,True,3,2.6,1323,Operational
RES004934,Mediterranean Chain 4934,Chain,Mediterranean,40.927461,136.134895,Mumbai,India,1973,True,False,True,True,4,3.4,3241,Operational
RES004935,Tokyo Mexican Place 4935,Local,Mexican,23.365927,-128.359218,Tokyo,Japan,1989,False,False,True,False,3,4.3,1218,Operational
RES004936,Osaka Burger Place 4936,Local,Burger,-80.685283,-49.040226,Osaka,Japan,1972,True,False,False,False,4,4.7,1995,Operational
RES004937,Indian Chain 4937,Chain,Indian,-27.289029,39.442499,London,United Kingdom,2021,False,True,True,True,2,2.8,2503,Operational
RES004938,Japanese Chain 4938,Chain,Japanese,-27.11896,-77.664424,Delhi,India,2006,False,False,True,True,2,2.6,1606,Operational
RES004939,Pizza Chain 4939,Chain,Pizza,9.570099,148.809861,Rio de Janeiro,Brazil,1976,True,False,True,False,3,3.9,1713,Closed Temporarily
RES004940,Tokyo Japanese Place 4940,Local,Japanese,-53.401783,-136.944463,Tokyo,Japan,2016,True,False,False,False,3,2.6,4483,Operational
RES004941,London Brazilian Place 4941,Local,Brazilian,-25.37439,-46.822381,London,United Kingdom,1999,True,False,False,True,1,3.3,2021,Operational
RES004942,London Chinese Place 4942,Local,Chinese,-18.223052,56.356852,London,United Kingdom,1991,True,True,True,False,1,2.5,2956,Operational
RES004943,Los Angeles Italian Place 4943,Local,Italian,3.885312,-116.028806,Los Angeles,USA,2009,True,True,False,True,1,2.3,3492,Closed Temporarily
RES004944,Delhi Burger Place 4944,Local,Burger,86.934466,-83.714495,Delhi,India,1998,True,True,True,True,4,2.9,2523,Operational
RES004945,Brazilian Chain 4945,Chain,Brazilian,-16.852081,96.645806,Manchester,United Kingdom,1969,True,False,False,False,4,2.5,1777,Operational
RES004946,Manchester Italian Place 4946,Local,Italian,48.241505,-58.73385,Manchester,United Kingdom,1994,False,True,True,False,3,2.8,3951,Operational
RES004947,Sao Paulo Thai Place 4947,Local,Thai,49.073058,-135.702919,Sao Paulo,Brazil,1965,True,False,True,True,2,2.1,1830,Operational
RES004948,Rio de Janeiro Indian Place 4948,Local,Indian,-3.468371,51.445293,Rio de Janeiro,Brazil,1999,True,False,False,True,4,3.0,688,Operational
RES004949,Mumbai American Place 4949,Local,American,-35.725568,55.51809,Mumbai,India,1957,False,True,True,True,2,4.0,348,Operational
RES004950,Sao Paulo Burger Place 4950,Local,Burger,40.598936,179.554576,Sao Paulo,Brazil,2009,True,True,False,True,1,2.9,2091,Operational
RES004951,Tokyo Italian Place 4951,Local,Italian,51.533683,157.21966,Tokyo,Japan,2014,True,False,False,True,1,4.1,798,Operational
RES004952,Tokyo American Place 4952,Local,American,43.577591,151.147114,Tokyo,Japan,1990,True,False,False,False,3,4.2,4398,Operational
RES004953,Osaka Mediterranean Place 4953,Local,Mediterranean,-86.864104,-79.591287,Osaka,Japan,2022,False,False,True,True,3,3.7,3152,Operational
RES004954,Brazilian Chain 4954,Chain,Brazilian,3.882038,43.789994,London,United Kingdom,2014,True,True,True,False,3,3.5,3304,Operational
RES004955,Rio de Janeiro Thai Place 4955,Local,Thai,59.030046,-68.412744,Rio de Janeiro,Brazil,1953,False,True,True,True,1,3.9,4935,Operational
RES004956,Pizza Chain 4956,Chain,Pizza,-55.033754,-79.482191,Los Angeles,USA,1970,False,False,True,True,2,4.4,1725,Operational
RES004957,New York Burger Place 4957,Local,Burger,28.165244,165.945421,New York,USA,1983,True,False,False,False,1,3.0,3461,Operational
RES004958,Pizza Chain 4958,Chain,Pizza,71.278415,-36.64493,Manchester,United Kingdom,1983,True,False,False,False,3,2.5,2027,Operational
RES004959,Chinese Chain 4959,Chain,Chinese,60.751474,-59.695,Delhi,India,1967,False,True,False,False,4,2.4,2529,Operational
RES004960,Mumbai Indian Place 4960,Local,Indian,12.618654,-121.31346,Mumbai,India,1994,True,False,True,False,2,3.1,3281,Operational
RES004961,London Pizza Place 4961,Local,Pizza,12.300122,99.770898,London,United Kingdom,2017,True,True,False,True,4,3.4,4687,Operational
RES004962,Italian Chain 4962,Chain,Italian,54.940923,-31.221174,Sao Paulo,Brazil,1998,False,True,True,True,4,3.3,2214,Operational
RES004963,New York Mexican Place 4963,Local,Mexican,-76.278871,-179.551569,New York,USA,2023,True,False,False,False,4,2.5,4582,Operational
RES004964,Mumbai Italian Place 4964,Local,Italian,-76.544707,77.816103,Mumbai,India,1956,True,False,False,False,2,4.6,1932,Operational
RES004965,New York Brazilian Place 4965,Local,Brazilian,65.49419,163.105073,New York,USA,1973,False,True,False,False,4,2.2,2032,Operational
RES004966,Brazilian Chain 4966,Chain,Brazilian,-29.003482,33.455243,Osaka,Japan,2017,True,True,False,False,2,4.7,3789,Operational
RES004967,Manchester Mediterranean Place 4967,Local,Mediterranean,29.365222,-41.59891,Manchester,United Kingdom,1997,False,True,False,True,4,3.7,194,Operational
RES004968,Mediterranean Chain 4968,Chain,Mediterranean,-58.977623,-96.789792,Delhi,India,1984,True,False,False,True,1,4.6,1365,Operational
RES004969,Los Angeles Mediterranean Place 4969,Local,Mediterranean,79.023295,4.783288,Los Angeles,USA,2018,True,False,True,False,2,3.8,2792,Operational
RES004970,Sao Paulo Mexican Place 4970,Local,Mexican,79.706471,-136.714945,Sao Paulo,Brazil,1956,True,False,False,False,3,2.8,2227,Operational
RES004971,Los Angeles Mexican Place 4971,Local,Mexican,-60.706481,-21.898792,Los Angeles,USA,1958,True,False,False,True,4,2.7,2442,Operational
RES004972,Brazilian Chain 4972,Chain,Brazilian,78.866784,15.813792,Sao Paulo,Brazil,1967,True,False,True,False,1,3.0,3630,Operational
RES004973,London Brazilian Place 4973,Local,Brazilian,-61.079584,-27.491577,London,United Kingdom,1976,False,True,True,False,1,4.1,3579,Operational
RES004974,Manchester Italian Place 4974,Local,Italian,-2.949187,172.020682,Manchester,United Kingdom,2014,False,False,True,False,1,4.5,1451,Operational
RES004975,Pizza Chain 4975,Chain,Pizza,-65.47686,106.940833,Manchester,United Kingdom,1963,True,False,True,True,3,2.5,2143,Closed Temporarily
RES004976,Pizza Chain 4976,Chain,Pizza,85.202853,6.458304,Osaka,Japan,2022,False,True,False,True,2,3.1,1555,Operational
RES004977,New York Thai Place 4977,Local,Thai,-30.527907,26.858694,New York,USA,1978,False,True,False,False,1,3.9,525,Operational
RES004978,French Chain 4978,Chain,French,47.867282,-165.843496,Tokyo,Japan,1973,True,False,False,True,2,3.5,600,Operational
RES004979,Osaka Burger Place 4979,Local,Burger,-62.574431,89.93762,Osaka,Japan,1986,False,True,True,False,3,3.3,4893,Operational
RES004980,French Chain 4980,Chain,French,-5.896333,156.26685,Rio de Janeiro,Brazil,1983,True,False,False,True,1,4.1,3845,Operational
RES004981,London Mediterranean Place 4981,Local,Mediterranean,-22.84606,158.33469,London,United Kingdom,1985,True,False,True,False,3,4.5,1893,Operational
RES004982,London Brazilian Place 4982,Local,Brazilian,-89.713854,57.960465,London,United Kingdom,2009,True,False,False,True,4,2.2,625,Operational
RES004983,London Burger Place 4983,Local,Burger,56.858002,-69.009446,London,United Kingdom,1979,True,False,False,True,1,2.2,1346,Operational
RES004984,Osaka Mediterranean Place 4984,Local,Mediterranean,-76.448048,-93.714953,Osaka,Japan,1963,True,False,False,True,1,2.7,4541,Operational
RES004985,Pizza Chain 4985,Chain,Pizza,-62.157585,-37.644979,Manchester,United Kingdom,1979,True,False,False,True,3,2.1,815,Operational
RES004986,London Chinese Place 4986,Local,Chinese,-5.234524,79.863648,London,United Kingdom,1950,True,False,True,False,2,4.7,3276,Operational
RES004987,Rio de Janeiro Pizza Place 4987,Local,Pizza,-62.522495,102.991259,Rio de Janeiro,Brazil,1968,True,False,False,True,4,4.3,2867,Operational
RES004988,Delhi American Place 4988,Local,American,35.708333,-118.098017,Delhi,India,1994,True,True,True,False,3,3.1,472,Operational
RES004989,Los Angeles French Place 4989,Local,French,-80.989747,-138.385937,Los Angeles,USA,1959,False,True,True,True,1,4.4,3574,Operational
RES004990,Rio de Janeiro American Place 4990,Local,American,51.684734,106.060292,Rio de Janeiro,Brazil,1997,True,False,True,True,3,2.7,4455,Operational
RES004991,Mumbai Mediterranean Place 4991,Local,Mediterranean,-49.167345,63.070025,Mumbai,India,1976,True,False,True,True,4,3.1,4604,Operational
RES004992,Los Angeles Japanese Place 4992,Local,Japanese,-34.283065,114.663773,Los Angeles,USA,1973,False,True,True,False,1,3.8,2091,Operational
RES004993,Los Angeles French Place 4993,Local,French,64.959404,-40.74971,Los Angeles,USA,1985,False,True,True,True,3,3.7,3949,Operational
RES004994,Delhi Indian Place 4994,Local,Indian,17.871408,162.642696,Delhi,India,2020,False,False,True,True,1,4.0,323,Operational
RES004995,Sao Paulo Italian Place 4995,Local,Italian,35.110476,-28.521859,Sao Paulo,Brazil,2023,False,True,False,True,1,3.7,1287,Operational
RES004996,Japanese Chain 4996,Chain,Japanese,44.480302,-83.028577,Osaka,Japan,1965,True,False,False,False,1,4.7,3599,Operational
RES004997,Tokyo Mexican Place 4997,Local,Mexican,18.993077,-95.392237,Tokyo,Japan,1978,True,False,False,True,2,2.0,3919,Operational
RES004998,Sao Paulo Thai Place 4998,Local,Thai,89.383766,13.447984,Sao Paulo,Brazil,1954,False,False,True,False,2,4.8,1852,Closed Temporarily
RES004999,Tokyo Japanese Place 4999,Local,Japanese,28.786686,-162.941357,Tokyo,Japan,2015,True,False,False,False,1,2.2,4711,Operational
