Restaurant_ID,Average_menu_price,Most_common_cuisine,Average_delivery_time,Popularity_score,Estimated_value_score
RES000000,19.36,Thai,23,95.0,7.2
RES000001,70.93,Italian,24,82.4,6.6
RES000002,51.78,Italian,,76.4,1.5
RES000003,93.31,Chinese,,35.8,7.0
RES000004,20.09,Chinese,65,97.3,1.0
RES000005,39.33,French,16,32.2,9.5
RES000006,78.91,Brazilian,46,73.8,1.6
RES000007,44.05,American,33,72.7,5.5
RES000008,23.06,Mediterranean,70,36.0,9.1
RES000009,36.5,American,38,91.2,4.0
RES000010,19.12,Mexican,,35.5,8.1
RES000011,25.24,Japanese,43,11.2,1.0
RES000012,75.67,Mexican,,23.0,9.1
RES000013,85.92,Italian,67,15.5,5.8
RES000014,43.51,Italian,,9.7,2.0
RES000015,51.89,Chinese,,34.6,3.4
RES000016,67.58,Pizza,82,55.4,7.9
RES000017,94.59,Japanese,69,92.9,4.0
RES000018,47.54,Pizza,74,32.2,5.1
RES000019,23.52,Mediterranean,14,26.1,4.3
RES000020,24.24,Burger,91,30.8,4.6
RES000021,91.17,Chinese,25,23.0,4.3
RES000022,90.82,Burger,,76.5,2.4
RES000023,21.12,Mediterranean,,2.1,9.4
RES000024,36.17,Chinese,,85.5,6.2
RES000025,32.54,Mexican,23,75.5,1.6
RES000026,58.32,Burger,73,41.8,2.9
RES000027,49.39,Mexican,100,78.5,6.1
RES000028,62.89,American,25,99.3,2.2
RES000029,71.2,Italian,86,68.9,0.7
RES000030,39.59,Brazilian,24,25.9,1.2
RES000031,39.88,Burger,,66.5,7.1
RES000032,73.38,Japanese,62,60.0,4.1
RES000033,43.36,Brazilian,80,87.3,4.5
RES000034,85.77,French,22,86.9,8.2
RES000035,92.65,Japanese,,61.5,7.5
RES000036,66.71,French,70,1.5,2.1
RES000037,109.36,Italian,68,69.3,1.9
RES000038,52.61,Thai,,91.9,2.2
RES000039,21.59,French,,36.8,5.3
RES000040,20.62,Thai,,17.4,4.8
RES000041,25.5,French,24,86.8,6.1
RES000042,33.64,American,83,2.9,8.0
RES000043,72.44,Thai,46,56.2,8.7
RES000044,74.46,Brazilian,43,54.3,8.4
RES000045,105.12,American,24,18.7,9.3
RES000046,62.31,Japanese,76,40.0,0.8
RES000047,86.06,Burger,62,83.9,6.7
RES000048,23.67,Pizza,42,10.0,0.5
RES000049,41.65,Mexican,84,78.5,8.9
RES000050,77.0,Japanese,92,6.9,8.2
RES000051,41.86,Italian,,23.4,3.6
RES000052,63.3,French,45,30.6,1.6
RES000053,90.01,Mediterranean,86,36.9,3.2
RES000054,81.3,French,80,19.4,4.1
RES000055,46.15,Burger,73,25.2,2.4
RES000056,64.7,Mediterranean,72,26.4,9.8
RES000057,73.58,Indian,,64.4,5.1
RES000058,23.33,Indian,78,21.8,4.1
RES000059,40.96,Italian,27,54.9,7.3
RES000060,40.08,Mediterranean,26,49.0,0.8
RES000061,27.56,American,66,79.9,5.1
RES000062,70.04,Italian,95,9.4,3.0
RES000063,84.51,Indian,,70.4,4.2
RES000064,85.1,Japanese,24,38.0,7.0
RES000065,113.39,Italian,83,43.0,0.4
RES000066,57.58,Mexican,,48.6,4.8
RES000067,70.89,Thai,26,48.5,8.5
RES000068,24.27,French,71,81.3,5.5
RES000069,84.92,Italian,67,55.6,0.8
RES000070,80.67,Thai,,56.6,7.2
RES000071,24.89,Chinese,41,98.3,9.2
RES000072,22.1,Brazilian,,70.6,1.3
RES000073,71.88,Mediterranean,69,3.4,2.7
RES000074,23.21,Japanese,44,56.5,4.7
RES000075,58.91,Chinese,,5.7,2.2
RES000076,74.75,Brazilian,37,3.4,5.6
RES000077,41.95,Burger,,98.3,2.1
RES000078,62.78,Mexican,31,19.0,9.3
RES000079,55.27,Japanese,,36.5,1.3
RES000080,101.8,Burger,20,99.7,9.5
RES000081,98.2,Indian,51,16.8,2.5
RES000082,27.81,Indian,57,6.8,2.8
RES000083,93.64,Thai,95,24.9,4.5
RES000084,80.26,Indian,49,26.7,0.5
RES000085,83.14,Burger,,87.2,9.6
RES000086,93.27,Japanese,,42.4,3.4
RES000087,88.91,Brazilian,,6.2,1.5
RES000088,106.88,Brazilian,,64.3,0.9
RES000089,81.69,Burger,22,37.4,5.6
RES000090,30.27,French,66,56.1,6.1
RES000091,24.89,French,80,56.7,6.9
RES000092,66.81,American,,83.6,7.8
RES000093,21.13,American,16,68.2,7.0
RES000094,118.51,Japanese,74,2.9,0.6
RES000095,60.79,Mexican,,46.4,8.0
RES000096,105.76,Indian,59,8.2,6.3
RES000097,66.32,Thai,,60.0,2.1
RES000098,20.12,Indian,60,88.1,8.2
RES000099,23.3,Indian,55,64.4,9.6
RES000100,77.65,Thai,94,58.1,3.9
RES000101,41.88,Italian,57,48.3,2.1
RES000102,58.52,Chinese,45,16.6,3.9
RES000103,26.44,Indian,90,23.0,5.5
RES000104,65.68,Mexican,,38.9,3.6
RES000105,78.03,Japanese,23,36.3,7.7
RES000106,20.35,Indian,41,61.1,3.0
RES000107,69.74,Thai,23,50.0,2.9
RES000108,63.91,American,,62.3,1.3
RES000109,78.21,Japanese,,0.2,3.1
RES000110,41.8,Chinese,,38.1,2.9
RES000111,21.21,Mexican,76,35.3,8.1
RES000112,93.07,Thai,56,94.6,9.0
RES000113,20.28,Indian,,86.3,4.2
RES000114,36.91,American,88,59.4,2.6
RES000115,20.64,French,28,25.7,3.6
RES000116,23.91,Chinese,,48.4,2.0
RES000117,25.54,Indian,,24.4,1.1
RES000118,19.7,Thai,57,98.2,5.6
RES000119,29.24,Italian,,80.1,1.9
RES000120,108.2,Mexican,,21.4,2.4
RES000121,101.53,Pizza,,36.9,2.2
RES000122,19.21,Burger,78,10.4,9.8
RES000123,83.84,Thai,25,47.5,0.1
RES000124,94.29,Chinese,56,27.8,1.0
RES000125,63.37,American,55,67.6,2.1
RES000126,25.74,Japanese,78,10.1,4.5
RES000127,50.8,Indian,78,3.1,6.9
RES000128,67.29,Chinese,,53.2,2.7
RES000129,52.07,Pizza,30,50.2,4.0
RES000130,68.61,Pizza,35,98.2,9.6
RES000131,48.32,Japanese,,21.3,1.8
RES000132,22.17,French,92,69.4,4.1
RES000133,44.19,Japanese,59,8.8,0.1
RES000134,78.64,Brazilian,,13.4,7.5
RES000135,59.06,Mexican,88,45.2,5.8
RES000136,51.07,American,45,70.0,4.1
RES000137,40.34,Thai,85,82.9,1.4
RES000138,37.35,Japanese,67,6.6,8.9
RES000139,66.88,Pizza,26,50.7,6.7
RES000140,100.45,Mediterranean,37,55.0,9.8
RES000141,37.71,Chinese,75,1.9,2.2
RES000142,22.3,Japanese,56,11.9,5.5
RES000143,20.96,Brazilian,97,68.9,4.1
RES000144,82.63,Brazilian,,30.3,0.8
RES000145,83.05,Italian,,64.9,3.0
RES000146,75.81,Japanese,,24.2,7.5
RES000147,74.38,Mediterranean,,16.4,0.3
RES000148,85.4,Italian,25,6.0,8.1
RES000149,39.57,Mediterranean,79,30.4,6.2
RES000150,21.61,French,,8.5,0.5
RES000151,28.92,Pizza,,66.2,3.2
RES000152,44.74,American,90,88.6,0.6
RES000153,70.04,Mexican,23,17.8,9.8
RES000154,43.7,Japanese,76,38.4,4.8
RES000155,106.07,Burger,19,100.0,4.6
RES000156,50.79,Italian,53,74.9,3.3
RES000157,67.37,Mediterranean,,36.2,4.3
RES000158,63.71,American,,19.8,3.0
RES000159,33.21,Pizza,31,8.9,3.9
RES000160,48.04,Mexican,,46.2,4.9
RES000161,18.37,Mediterranean,,23.1,3.2
RES000162,31.52,American,18,67.8,9.2
RES000163,52.17,Japanese,20,60.7,6.7
RES000164,116.4,Chinese,68,65.0,1.5
RES000165,43.22,Italian,,57.2,4.0
RES000166,64.05,Pizza,42,64.4,2.2
RES000167,98.32,Indian,69,5.2,4.3
RES000168,44.96,Brazilian,42,70.2,6.8
RES000169,48.76,Indian,68,18.6,6.8
RES000170,77.89,Mediterranean,,43.6,3.2
RES000171,71.7,Pizza,23,0.1,0.2
RES000172,43.75,Burger,93,28.5,5.6
RES000173,39.65,Chinese,84,61.9,7.2
RES000174,28.51,Italian,25,67.0,2.8
RES000175,23.59,Chinese,97,19.3,2.0
RES000176,85.89,Mediterranean,57,72.5,8.3
RES000177,18.96,Pizza,47,80.7,0.9
RES000178,23.46,Italian,,36.1,4.0
RES000179,50.17,Pizza,,63.0,0.4
RES000180,18.68,Italian,,5.1,9.4
RES000181,20.28,Indian,29,72.1,8.1
RES000182,19.19,Brazilian,,40.3,8.6
RES000183,49.31,Pizza,24,6.6,2.6
RES000184,23.14,Chinese,,60.9,1.1
RES000185,23.44,American,,57.2,6.3
RES000186,25.73,Chinese,71,76.3,8.7
RES000187,22.23,Chinese,41,1.5,10.0
RES000188,77.37,Mexican,49,82.5,0.8
RES000189,61.43,Brazilian,84,86.9,4.3
RES000190,84.15,Indian,86,61.4,0.5
RES000191,84.31,Pizza,,18.8,6.2
RES000192,76.08,Mexican,,6.7,7.0
RES000193,74.45,American,40,53.0,7.5
RES000194,44.35,Chinese,33,78.4,3.0
RES000195,81.67,Indian,29,64.9,3.7
RES000196,59.27,Mexican,,10.0,4.0
RES000197,97.38,Pizza,,99.3,3.1
RES000198,69.64,Pizza,,95.3,3.2
RES000199,45.26,Mediterranean,,14.0,0.7
RES000200,52.93,Thai,75,65.3,8.5
RES000201,45.29,Thai,59,66.5,4.9
RES000202,23.49,Japanese,65,80.0,6.7
RES000203,54.61,Japanese,66,85.4,7.8
RES000204,49.35,American,69,88.5,2.9
RES000205,28.45,French,50,93.7,1.5
RES000206,22.56,Indian,90,93.4,6.2
RES000207,74.07,French,72,95.0,3.4
RES000208,103.35,Pizza,71,98.1,4.6
RES000209,43.93,American,,13.9,7.4
RES000210,20.22,Italian,61,14.1,3.7
RES000211,33.7,Pizza,73,51.4,6.9
RES000212,124.98,Mexican,,38.9,3.8
RES000213,57.52,Thai,,31.1,6.0
RES000214,88.02,Japanese,32,78.1,8.3
RES000215,24.03,French,,4.4,3.9
RES000216,23.56,Thai,68,18.8,4.8
RES000217,37.9,French,66,15.7,5.8
RES000218,76.86,Indian,49,13.9,3.4
RES000219,63.4,American,,29.8,8.1
RES000220,24.68,Italian,,37.1,4.8
RES000221,76.57,Chinese,27,52.0,4.0
RES000222,101.44,Brazilian,66,64.6,7.5
RES000223,84.61,Indian,59,75.3,4.3
RES000224,79.27,Indian,63,56.5,8.0
RES000225,82.46,Japanese,31,74.4,6.9
RES000226,23.33,Burger,44,88.5,5.5
RES000227,100.03,Brazilian,65,22.6,4.2
RES000228,74.53,Indian,70,13.8,9.9
RES000229,71.07,Japanese,,50.9,2.4
RES000230,49.68,Thai,31,41.5,0.3
RES000231,42.19,Japanese,37,37.8,3.0
RES000232,34.39,American,,90.4,5.2
RES000233,93.59,Italian,,88.0,8.9
RES000234,50.05,Indian,,83.2,2.6
RES000235,61.87,Japanese,83,80.1,2.4
RES000236,70.06,Burger,,87.1,6.1
RES000237,22.23,French,,26.0,9.6
RES000238,71.75,Brazilian,98,69.4,7.3
RES000239,24.44,American,,0.1,9.5
RES000240,36.67,Thai,,34.9,8.9
RES000241,82.76,Brazilian,,55.9,3.8
RES000242,34.58,Mexican,58,45.6,2.4
RES000243,22.65,Burger,68,87.2,7.7
RES000244,21.04,Mediterranean,80,63.7,9.5
RES000245,22.04,Brazilian,,94.3,1.9
RES000246,57.66,Japanese,36,66.5,1.4
RES000247,29.72,French,86,24.3,9.5
RES000248,22.84,Indian,,25.1,1.9
RES000249,94.94,Burger,45,26.9,2.9
RES000250,39.56,French,19,90.3,7.8
RES000251,60.86,Brazilian,52,70.8,2.5
RES000252,40.69,Japanese,91,58.0,4.3
RES000253,18.37,Indian,82,27.8,2.8
RES000254,44.39,Mediterranean,84,19.6,1.2
RES000255,21.84,Italian,51,18.1,3.5
RES000256,20.07,American,51,66.7,1.1
RES000257,78.08,Thai,70,28.9,8.2
RES000258,92.06,French,,95.8,3.4
RES000259,88.16,French,,31.6,1.0
RES000260,23.36,Burger,80,41.3,3.4
RES000261,49.53,Pizza,,37.0,1.8
RES000262,79.11,Italian,32,85.3,6.7
RES000263,48.89,Indian,66,78.7,7.5
RES000264,62.05,Japanese,73,90.8,7.0
RES000265,66.95,French,69,100.0,7.0
RES000266,25.67,American,,33.0,8.2
RES000267,25.38,Indian,44,72.6,5.3
RES000268,44.88,French,85,50.2,8.7
RES000269,16.81,American,54,93.6,2.7
RES000270,85.78,Chinese,,21.5,5.4
RES000271,23.74,Brazilian,,2.8,4.7
RES000272,102.33,American,44,65.4,8.3
RES000273,105.87,Chinese,,52.4,1.6
RES000274,19.43,Thai,,45.8,1.3
RES000275,24.89,Thai,93,12.6,3.1
RES000276,19.19,Indian,,28.0,7.7
RES000277,57.24,Brazilian,,11.2,6.0
RES000278,94.9,Mediterranean,,33.2,8.6
RES000279,90.25,Chinese,25,89.1,1.0
RES000280,48.55,Thai,91,50.2,8.7
RES000281,97.48,Italian,,83.4,5.1
RES000282,25.17,Chinese,32,99.8,8.1
RES000283,25.31,Thai,,35.7,4.9
RES000284,81.61,Mediterranean,61,26.0,10.0
RES000285,49.43,American,,42.6,1.1
RES000286,16.05,French,80,63.9,0.6
RES000287,44.88,Japanese,18,82.0,2.2
RES000288,82.34,Mediterranean,54,78.4,1.7
RES000289,94.14,Japanese,61,13.1,6.7
RES000290,70.24,Mediterranean,,91.3,0.1
RES000291,19.62,Pizza,25,31.5,7.4
RES000292,22.7,American,47,38.1,0.1
RES000293,99.56,Japanese,86,11.5,9.9
RES000294,46.84,Japanese,92,83.0,0.9
RES000295,55.1,Chinese,86,88.5,5.7
RES000296,26.55,Pizza,,45.4,0.7
RES000297,62.81,Brazilian,20,32.7,2.2
RES000298,63.23,Pizza,57,69.3,9.4
RES000299,53.84,French,,86.9,6.4
RES000300,90.13,Indian,97,4.9,2.8
RES000301,46.38,Italian,42,78.3,3.6
RES000302,70.37,French,61,89.1,4.7
RES000303,54.83,Pizza,87,16.8,8.4
RES000304,70.67,Burger,56,85.0,0.9
RES000305,75.15,Burger,31,57.2,3.4
RES000306,102.34,Mexican,82,28.8,8.5
RES000307,26.98,Brazilian,82,55.3,7.9
RES000308,23.19,Mexican,63,88.4,3.2
RES000309,104.88,Indian,,37.0,1.8
RES000310,74.32,Mexican,96,81.5,5.7
RES000311,26.47,Mediterranean,,68.7,2.8
RES000312,85.43,Thai,83,95.3,3.2
RES000313,52.21,Pizza,,96.7,9.8
RES000314,48.82,Brazilian,72,2.6,9.6
RES000315,36.44,Japanese,45,90.8,9.6
RES000316,20.11,Pizza,82,87.9,5.4
RES000317,65.71,Thai,,87.9,4.0
RES000318,49.38,Thai,,98.2,0.5
RES000319,73.86,Indian,,6.2,3.0
RES000320,24.04,American,57,17.5,4.1
RES000321,69.54,Mexican,64,92.7,9.7
RES000322,77.69,American,,66.9,3.9
RES000323,60.35,Brazilian,,17.7,1.0
RES000324,105.3,American,31,56.3,1.6
RES000325,94.48,Mediterranean,18,72.5,8.1
RES000326,72.12,Chinese,35,84.9,0.7
RES000327,80.89,Japanese,58,87.0,7.1
RES000328,59.77,Indian,,17.2,0.6
RES000329,47.73,Italian,71,80.5,3.9
RES000330,102.6,Japanese,,20.6,8.0
RES000331,44.32,Mediterranean,,53.0,2.8
RES000332,22.07,Burger,,22.1,3.8
RES000333,37.79,Mediterranean,,95.2,4.4
RES000334,22.86,American,89,16.9,0.8
RES000335,27.3,Thai,,88.5,0.6
RES000336,76.71,Thai,,83.9,2.2
RES000337,74.69,Pizza,,53.4,8.7
RES000338,69.0,American,,2.5,4.0
RES000339,95.63,Indian,74,75.9,7.3
RES000340,63.96,Indian,21,7.4,2.4
RES000341,69.58,Japanese,74,11.8,1.1
RES000342,73.62,Chinese,,56.2,6.4
RES000343,58.26,Mexican,47,47.2,9.6
RES000344,23.57,Pizza,47,42.1,7.0
RES000345,26.45,Mediterranean,49,63.8,9.9
RES000346,48.89,Brazilian,24,27.4,2.7
RES000347,24.48,French,,79.2,2.1
RES000348,39.99,French,85,73.1,7.3
RES000349,50.35,Pizza,,72.9,2.8
RES000350,83.1,Indian,,72.9,0.9
RES000351,69.97,Brazilian,44,40.3,9.0
RES000352,39.48,Thai,,68.2,6.8
RES000353,60.92,Mexican,46,6.2,8.5
RES000354,43.45,French,78,60.0,9.8
RES000355,88.2,Pizza,82,11.6,9.0
RES000356,33.47,Mediterranean,64,27.2,1.9
RES000357,22.9,Burger,61,86.1,0.2
RES000358,48.5,Pizza,29,96.8,9.1
RES000359,77.42,Indian,76,74.1,4.9
RES000360,20.65,Mexican,,19.4,6.6
RES000361,23.58,Thai,,43.9,0.4
RES000362,67.18,Indian,27,24.0,1.1
RES000363,54.78,Italian,79,61.8,4.7
RES000364,64.76,Italian,,97.5,0.8
RES000365,75.51,Indian,,0.4,9.5
RES000366,23.52,Mexican,,38.3,5.3
RES000367,42.36,Burger,,14.1,4.0
RES000368,74.48,Brazilian,69,55.2,9.1
RES000369,39.45,Indian,21,70.7,9.1
RES000370,35.26,Italian,,55.5,9.9
RES000371,42.59,Japanese,85,77.4,1.1
RES000372,65.88,Indian,55,71.9,9.1
RES000373,56.46,Indian,86,88.2,8.9
RES000374,24.07,Pizza,56,84.5,5.8
RES000375,57.05,Chinese,38,14.8,6.7
RES000376,24.3,Pizza,51,95.3,7.8
RES000377,24.18,Japanese,30,7.3,9.1
RES000378,52.83,French,63,10.1,2.7
RES000379,67.32,Mexican,82,63.0,0.6
RES000380,49.9,Japanese,,72.8,1.5
RES000381,24.48,American,20,95.6,7.1
RES000382,24.15,French,85,76.1,4.7
RES000383,21.88,Burger,,70.7,3.8
RES000384,92.48,Pizza,66,71.5,7.5
RES000385,91.25,Japanese,87,16.5,0.0
RES000386,46.41,French,,42.5,2.2
RES000387,41.72,Burger,,12.2,4.3
RES000388,48.68,Italian,56,51.9,8.1
RES000389,67.81,American,75,10.9,5.3
RES000390,24.47,Chinese,87,23.7,1.1
RES000391,53.26,Brazilian,25,4.1,5.4
RES000392,21.04,Indian,48,18.5,4.2
RES000393,20.29,Pizza,79,88.9,3.2
RES000394,65.84,Mediterranean,79,88.5,4.9
RES000395,51.32,Mexican,50,55.4,2.5
RES000396,88.29,Pizza,93,57.1,6.4
RES000397,72.15,Mediterranean,78,29.0,4.3
RES000398,69.52,American,66,50.5,9.7
RES000399,39.81,Japanese,30,72.7,2.7
RES000400,39.39,American,96,20.8,6.6
RES000401,22.57,French,,3.0,0.1
RES000402,84.67,Burger,93,90.2,9.3
RES000403,58.64,American,82,9.1,4.3
RES000404,92.41,Pizza,93,7.4,0.0
RES000405,101.32,Indian,26,64.5,4.4
RES000406,86.29,French,16,35.2,4.1
RES000407,72.37,French,,0.8,1.6
RES000408,23.04,Thai,26,77.0,9.5
RES000409,20.05,Mediterranean,,51.3,4.0
RES000410,18.31,Brazilian,29,20.8,1.6
RES000411,51.48,Pizza,,84.1,8.5
RES000412,34.21,Mexican,,94.8,5.1
RES000413,57.71,Mexican,,80.6,1.9
RES000414,67.91,Thai,,7.5,3.6
RES000415,21.0,Thai,26,68.3,9.7
RES000416,48.11,Mexican,74,25.2,7.7
RES000417,43.96,Pizza,39,26.4,6.1
RES000418,70.8,Pizza,26,11.4,5.4
RES000419,41.74,French,,70.9,9.7
RES000420,24.72,French,77,29.6,7.9
RES000421,79.96,French,64,56.0,2.9
RES000422,34.4,Burger,,5.2,7.1
RES000423,21.46,Thai,43,26.4,1.8
RES000424,74.53,Japanese,74,52.8,5.7
RES000425,28.66,American,32,32.8,9.9
RES000426,70.89,Indian,78,57.8,4.3
RES000427,75.27,Mexican,,77.6,2.0
RES000428,19.99,Pizza,,29.1,6.3
RES000429,55.97,French,,28.0,2.6
RES000430,21.83,Mexican,10,14.6,8.4
RES000431,23.63,American,77,50.3,3.5
RES000432,19.83,Pizza,24,15.4,7.4
RES000433,82.72,Chinese,92,14.0,0.9
RES000434,53.72,Japanese,94,26.4,0.4
RES000435,72.1,Burger,74,72.6,4.9
RES000436,21.39,Thai,,15.2,1.7
RES000437,83.53,Mexican,66,47.9,4.0
RES000438,44.34,Chinese,58,53.1,3.4
RES000439,24.22,Brazilian,39,86.7,6.9
RES000440,25.86,Thai,64,35.5,5.5
RES000441,87.21,Mexican,79,41.1,0.6
RES000442,72.96,American,,65.1,8.0
RES000443,23.29,American,,96.2,5.3
RES000444,45.72,Chinese,34,50.3,5.4
RES000445,65.44,American,72,24.4,9.1
RES000446,95.56,Mexican,,65.3,6.6
RES000447,60.58,Brazilian,,82.8,0.8
RES000448,38.06,Japanese,79,34.6,6.7
RES000449,85.13,American,38,9.5,4.9
RES000450,104.97,French,30,95.0,5.2
RES000451,71.41,Chinese,49,63.5,6.3
RES000452,38.13,French,94,5.1,1.4
RES000453,63.1,Thai,,56.8,3.1
RES000454,21.9,Pizza,74,56.7,8.0
RES000455,70.25,American,,5.8,7.6
RES000456,73.17,Brazilian,65,4.3,1.2
RES000457,73.03,Japanese,81,65.6,8.1
RES000458,73.22,Thai,41,30.1,0.2
RES000459,18.24,Mexican,,27.3,2.9
RES000460,89.05,American,,87.9,1.5
RES000461,80.69,Italian,52,20.1,9.9
RES000462,110.45,American,75,90.3,4.8
RES000463,86.03,Indian,82,35.4,5.6
RES000464,23.61,Chinese,23,89.9,0.4
RES000465,86.85,Thai,27,33.3,5.4
RES000466,62.25,Chinese,,61.1,10.0
RES000467,46.74,French,,36.6,8.8
RES000468,25.56,American,,71.3,3.1
RES000469,57.77,Thai,94,9.2,6.5
RES000470,29.43,Chinese,,79.0,1.1
RES000471,19.89,Italian,38,56.9,0.2
RES000472,43.74,French,94,53.8,2.0
RES000473,19.73,Japanese,,48.2,2.5
RES000474,25.98,Italian,,21.5,4.9
RES000475,19.83,Burger,69,84.3,3.9
RES000476,22.65,Brazilian,61,42.0,9.5
RES000477,40.75,French,76,54.6,4.0
RES000478,107.14,Thai,50,73.8,7.5
RES000479,21.89,Thai,34,5.3,8.0
RES000480,46.22,Chinese,82,43.8,7.0
RES000481,61.67,Brazilian,86,37.4,4.4
RES000482,81.48,American,25,52.8,9.8
RES000483,45.01,French,,78.0,6.1
RES000484,38.6,Indian,24,54.4,5.7
RES000485,21.4,Thai,27,39.6,7.3
RES000486,67.39,Brazilian,,38.8,0.8
RES000487,75.98,Burger,80,82.9,9.8
RES000488,41.26,Pizza,,48.1,5.3
RES000489,34.51,Japanese,,88.9,5.0
RES000490,90.0,Mediterranean,58,17.2,5.2
RES000491,37.09,Chinese,47,84.7,0.8
RES000492,72.84,Burger,62,88.7,6.9
RES000493,18.7,Italian,43,11.7,6.1
RES000494,24.55,Thai,93,52.4,6.1
RES000495,61.57,Italian,,37.4,1.5
RES000496,21.06,Italian,67,42.0,3.4
RES000497,68.55,Brazilian,,51.9,8.1
RES000498,62.44,Pizza,94,0.8,0.0
RES000499,43.94,Burger,,91.9,2.0
RES000500,22.41,Italian,70,41.9,6.5
RES000501,21.4,Japanese,,41.0,8.7
RES000502,24.41,Thai,,22.8,2.5
RES000503,72.81,French,63,7.7,5.1
RES000504,62.8,Japanese,,37.7,6.9
RES000505,23.0,Mexican,,82.2,6.7
RES000506,51.67,Pizza,57,57.2,0.9
RES000507,42.99,Mexican,,31.5,4.5
RES000508,42.46,Indian,53,81.7,9.4
RES000509,70.24,Pizza,77,20.2,2.2
RES000510,22.44,Indian,81,4.2,2.0
RES000511,21.32,Burger,45,98.3,6.2
RES000512,38.84,Japanese,,96.2,7.1
RES000513,87.15,Indian,55,48.3,2.1
RES000514,69.65,Pizza,93,83.5,3.9
RES000515,35.45,Japanese,82,34.2,5.2
RES000516,91.24,Mexican,36,45.3,3.4
RES000517,86.59,Mexican,76,14.5,3.0
RES000518,39.25,Chinese,,48.0,6.6
RES000519,78.9,Burger,,27.6,6.2
RES000520,50.42,Pizza,97,68.7,6.4
RES000521,77.58,Chinese,77,10.0,9.7
RES000522,83.2,French,51,99.8,3.5
RES000523,65.99,Mexican,,68.2,1.3
RES000524,43.08,Mediterranean,70,78.2,3.4
RES000525,25.3,American,34,62.5,7.4
RES000526,103.09,American,28,33.1,8.3
RES000527,65.94,American,,49.7,5.6
RES000528,19.43,Chinese,60,89.1,7.0
RES000529,70.8,Indian,,37.3,5.4
RES000530,62.65,American,,13.7,5.7
RES000531,93.54,Mediterranean,87,44.2,2.6
RES000532,93.91,French,,96.1,9.1
RES000533,79.04,Brazilian,44,9.2,8.3
RES000534,57.73,Indian,,2.1,2.2
RES000535,65.16,American,92,51.9,6.9
RES000536,55.97,Italian,48,20.5,0.1
RES000537,82.07,Mediterranean,16,56.0,7.5
RES000538,25.37,Indian,34,8.0,8.8
RES000539,47.21,Mediterranean,41,68.4,3.0
RES000540,46.07,Mexican,51,54.9,8.4
RES000541,92.51,Indian,,35.7,2.4
RES000542,26.16,Thai,33,94.3,7.0
RES000543,37.22,Indian,,23.6,3.0
RES000544,46.61,Mediterranean,69,0.1,7.0
RES000545,67.35,Mexican,,88.5,1.9
RES000546,81.47,French,65,61.9,9.4
RES000547,40.26,Brazilian,80,66.4,4.1
RES000548,73.09,Thai,96,62.3,3.6
RES000549,19.22,Japanese,74,66.0,1.9
RES000550,88.63,French,29,7.5,1.7
RES000551,20.86,Pizza,33,41.2,3.7
RES000552,101.42,Chinese,88,86.9,5.0
RES000553,58.54,Italian,,83.3,1.7
RES000554,81.97,American,,18.7,5.4
RES000555,40.16,Italian,90,68.2,2.9
RES000556,88.64,Japanese,,10.9,4.6
RES000557,83.77,French,38,40.6,9.2
RES000558,83.7,Brazilian,53,0.6,2.9
RES000559,83.7,Brazilian,66,82.7,4.1
RES000560,69.66,Mediterranean,63,39.0,6.1
RES000561,74.35,Mediterranean,28,51.1,8.9
RES000562,47.25,Chinese,62,44.4,4.1
RES000563,89.95,Burger,,53.7,8.4
RES000564,59.5,Chinese,90,43.8,4.7
RES000565,19.32,Mexican,91,54.1,1.3
RES000566,24.96,American,,1.3,2.3
RES000567,49.77,French,,84.6,8.9
RES000568,81.06,Brazilian,94,2.3,4.3
RES000569,47.67,Indian,38,81.4,4.6
RES000570,44.02,Japanese,76,99.7,7.0
RES000571,88.05,Burger,84,37.9,0.0
RES000572,53.54,Indian,,16.5,6.8
RES000573,41.97,Mexican,25,73.9,2.7
RES000574,87.1,Mexican,,20.1,8.4
RES000575,25.24,American,22,59.6,3.1
RES000576,18.21,American,,4.1,2.5
RES000577,24.73,Brazilian,62,97.4,2.9
RES000578,47.98,Mediterranean,,45.9,5.8
RES000579,21.97,Mexican,,49.5,0.8
RES000580,66.17,Mexican,,23.1,3.5
RES000581,22.59,American,66,51.4,3.2
RES000582,19.59,Brazilian,53,49.3,4.1
RES000583,44.13,French,27,98.7,5.6
RES000584,46.65,Pizza,65,15.0,4.7
RES000585,76.26,Brazilian,63,85.1,9.6
RES000586,67.01,American,71,16.3,8.9
RES000587,50.12,Indian,71,72.9,4.5
RES000588,84.58,Japanese,87,37.3,4.0
RES000589,102.39,Pizza,58,4.1,7.6
RES000590,40.08,American,,32.3,3.4
RES000591,44.27,American,,26.5,9.9
RES000592,77.12,American,73,41.9,3.8
RES000593,44.59,Thai,,18.4,0.6
RES000594,79.1,Mexican,62,37.3,8.0
RES000595,20.12,Mexican,,37.7,0.4
RES000596,21.27,Mexican,56,25.6,5.3
RES000597,50.16,Italian,44,46.5,1.5
RES000598,66.84,Indian,,29.0,6.0
RES000599,102.71,American,,41.1,4.2
RES000600,63.22,American,70,41.7,1.6
RES000601,58.85,Pizza,,88.0,0.5
RES000602,79.18,Thai,55,47.1,0.9
RES000603,25.05,Japanese,45,9.1,7.4
RES000604,74.83,Burger,48,81.9,1.8
RES000605,43.29,Chinese,57,35.3,6.3
RES000606,76.55,Chinese,,37.1,3.9
RES000607,22.93,Thai,56,8.4,2.4
RES000608,41.51,Brazilian,,98.9,9.9
RES000609,63.57,Brazilian,62,90.0,4.7
RES000610,111.43,Indian,,91.7,3.1
RES000611,18.65,Mediterranean,,42.7,4.4
RES000612,79.78,Mexican,25,11.9,1.5
RES000613,107.45,Mediterranean,,30.6,6.2
RES000614,70.79,Brazilian,80,21.6,5.7
RES000615,24.22,Brazilian,,98.3,1.1
RES000616,77.76,French,,38.7,2.9
RES000617,104.07,Italian,54,61.4,2.5
RES000618,77.33,Thai,45,63.1,4.2
RES000619,87.04,Brazilian,51,55.7,9.4
RES000620,81.23,Italian,32,98.8,9.4
RES000621,71.07,Thai,75,99.7,2.7
RES000622,36.06,Thai,72,75.3,5.4
RES000623,69.84,Italian,,61.3,8.2
RES000624,86.72,Burger,49,82.7,4.5
RES000625,36.97,Burger,44,50.9,4.1
RES000626,66.49,Japanese,,78.3,9.6
RES000627,78.01,Pizza,,68.3,2.7
RES000628,51.72,Brazilian,,26.2,6.3
RES000629,41.85,Japanese,92,31.8,9.4
RES000630,20.68,Mediterranean,,36.9,1.6
RES000631,48.61,Mexican,28,52.6,2.6
RES000632,71.16,Indian,25,95.9,3.1
RES000633,88.09,Indian,,21.5,2.2
RES000634,85.11,Indian,19,73.0,9.0
RES000635,26.74,Brazilian,33,52.5,7.4
RES000636,24.4,Pizza,22,81.8,9.7
RES000637,49.28,Chinese,,23.9,5.0
RES000638,46.58,Mediterranean,,34.3,9.9
RES000639,17.73,Japanese,39,75.0,7.3
RES000640,76.41,Brazilian,,31.3,6.3
RES000641,50.59,Mexican,45,30.4,5.5
RES000642,20.99,Brazilian,80,31.7,8.9
RES000643,23.05,Brazilian,86,20.8,4.8
RES000644,68.88,American,54,55.5,6.8
RES000645,58.95,Pizza,30,52.1,7.0
RES000646,23.75,French,,11.0,8.8
RES000647,20.54,French,63,72.2,8.3
RES000648,23.94,Italian,44,97.0,7.8
RES000649,77.22,Mexican,,39.7,0.9
RES000650,26.81,Thai,41,46.2,9.6
RES000651,85.65,Chinese,25,67.0,3.5
RES000652,39.57,Mexican,50,84.3,3.8
RES000653,53.42,Italian,,27.6,8.9
RES000654,80.27,Japanese,,6.4,5.2
RES000655,86.22,Indian,74,99.6,7.8
RES000656,27.76,American,69,73.3,6.8
RES000657,43.21,Mexican,45,59.7,9.0
RES000658,22.58,Burger,66,70.6,9.2
RES000659,22.94,Brazilian,,77.5,1.3
RES000660,60.57,Thai,87,90.1,6.0
RES000661,18.63,Burger,,76.9,1.5
RES000662,45.18,French,,27.0,1.6
RES000663,47.94,American,94,36.4,2.6
RES000664,75.73,Brazilian,,12.1,4.1
RES000665,23.15,French,,40.3,3.5
RES000666,18.92,Burger,49,0.7,1.9
RES000667,66.51,Pizza,13,23.1,5.3
RES000668,29.71,Japanese,56,90.7,0.1
RES000669,62.85,Pizza,,33.6,2.7
RES000670,22.41,Thai,,52.8,6.4
RES000671,20.35,Japanese,,90.4,3.8
RES000672,77.34,Italian,58,9.9,2.3
RES000673,93.57,Chinese,79,52.7,0.1
RES000674,77.29,Thai,89,47.3,4.6
RES000675,62.2,Japanese,59,7.5,8.3
RES000676,90.37,French,37,13.7,9.7
RES000677,91.87,Burger,23,26.6,2.1
RES000678,47.72,Mediterranean,41,34.7,3.6
RES000679,44.35,French,86,40.6,0.4
RES000680,94.63,Thai,55,87.2,7.9
RES000681,35.46,Mexican,,71.4,7.1
RES000682,44.92,Mexican,65,39.5,8.3
RES000683,104.43,Brazilian,27,81.1,6.3
RES000684,35.95,French,98,69.6,4.0
RES000685,44.04,Japanese,82,35.9,3.0
RES000686,26.24,Mexican,42,84.6,7.5
RES000687,67.06,Burger,21,26.0,4.2
RES000688,43.13,French,,93.7,2.7
RES000689,61.13,French,,18.5,8.8
RES000690,42.05,Chinese,,48.4,1.2
RES000691,90.92,Mediterranean,84,65.7,1.4
RES000692,61.68,French,,32.5,5.7
RES000693,22.77,Pizza,,55.7,9.0
RES000694,19.33,American,48,36.1,6.6
RES000695,18.62,Pizza,,52.6,3.5
RES000696,71.3,Mexican,88,61.8,9.2
RES000697,63.02,Chinese,,0.6,1.4
RES000698,45.44,French,15,8.8,8.9
RES000699,34.41,American,39,31.3,6.6
RES000700,81.74,American,53,13.0,6.9
RES000701,41.01,Pizza,25,84.0,0.4
RES000702,21.65,Thai,,71.5,0.7
RES000703,86.63,Italian,,78.3,0.4
RES000704,97.39,French,,53.3,4.6
RES000705,26.03,Japanese,,99.8,0.5
RES000706,77.57,American,39,45.8,1.9
RES000707,21.35,Indian,74,3.1,2.0
RES000708,24.46,Italian,50,42.8,6.2
RES000709,47.92,Thai,,41.6,1.1
RES000710,95.17,Pizza,51,9.6,3.4
RES000711,72.56,Indian,25,34.3,3.1
RES000712,18.58,Mediterranean,68,85.9,5.5
RES000713,67.71,Mediterranean,96,73.3,3.8
RES000714,55.78,Italian,77,42.0,9.5
RES000715,69.19,American,44,33.8,0.9
RES000716,24.97,Pizza,28,87.3,9.9
RES000717,95.18,Japanese,,36.6,3.3
RES000718,27.44,Pizza,34,36.4,3.5
RES000719,70.84,Thai,,85.0,7.9
RES000720,48.35,Thai,,31.0,6.0
RES000721,23.84,Mediterranean,,0.7,8.0
RES000722,64.86,Italian,33,61.7,1.4
RES000723,23.17,Burger,67,18.0,3.6
RES000724,26.01,Pizza,53,9.7,6.4
RES000725,33.97,Mediterranean,35,48.0,8.5
RES000726,71.34,Pizza,47,75.0,7.8
RES000727,98.93,Burger,,65.9,1.1
RES000728,75.94,Indian,,19.2,4.4
RES000729,43.48,Italian,32,98.4,1.0
RES000730,29.53,Italian,,50.3,7.1
RES000731,47.1,Burger,86,68.8,8.0
RES000732,45.69,Mexican,,26.2,7.5
RES000733,64.25,Mediterranean,68,60.8,4.7
RES000734,20.93,French,,58.7,0.4
RES000735,43.0,Burger,,90.3,3.3
RES000736,109.61,Burger,51,95.8,6.8
RES000737,23.07,Thai,35,65.7,6.0
RES000738,55.03,Thai,76,13.2,3.9
RES000739,95.68,Mediterranean,61,47.9,3.4
RES000740,20.34,Burger,60,19.4,0.9
RES000741,65.19,French,,37.4,5.4
RES000742,83.09,Indian,25,63.9,10.0
RES000743,99.71,Mexican,51,20.5,0.5
RES000744,121.43,Japanese,,37.8,8.0
RES000745,27.08,Italian,51,42.1,2.1
RES000746,43.5,Mediterranean,65,15.2,6.5
RES000747,60.27,Chinese,,66.3,7.9
RES000748,49.07,Chinese,26,92.4,0.3
RES000749,68.0,Pizza,55,3.9,1.9
RES000750,43.79,Chinese,,62.3,1.4
RES000751,60.96,Chinese,,88.8,6.9
RES000752,83.29,American,45,22.1,8.3
RES000753,25.4,Indian,46,80.7,2.9
RES000754,53.24,Pizza,,68.2,1.6
RES000755,54.94,Indian,77,7.0,1.9
RES000756,62.26,American,,87.9,0.5
RES000757,82.46,French,,48.0,3.5
RES000758,45.14,Mexican,37,10.6,3.4
RES000759,71.4,Mexican,,77.3,5.7
RES000760,88.57,Brazilian,,27.6,6.9
RES000761,23.71,Mexican,87,86.9,5.3
RES000762,78.86,Thai,66,7.4,2.2
RES000763,89.24,Pizza,,67.9,6.3
RES000764,43.95,Pizza,,32.4,6.0
RES000765,72.96,Japanese,,84.6,3.9
RES000766,53.33,Burger,31,56.5,9.3
RES000767,26.59,Indian,91,56.4,5.9
RES000768,74.12,Pizza,85,57.6,5.6
RES000769,47.18,Chinese,78,51.6,7.7
RES000770,67.04,American,51,25.1,2.5
RES000771,65.76,Thai,87,76.1,6.9
RES000772,42.01,Pizza,,1.6,9.9
RES000773,14.9,American,24,11.7,9.9
RES000774,39.5,Italian,68,58.4,3.3
RES000775,16.86,Chinese,,38.7,0.4
RES000776,24.04,Japanese,33,53.6,3.2
RES000777,31.64,Mediterranean,76,42.0,8.4
RES000778,19.61,Chinese,,97.5,0.3
RES000779,46.75,Thai,63,13.2,4.1
RES000780,37.85,Mediterranean,47,86.9,3.8
RES000781,68.47,Pizza,59,84.9,5.9
RES000782,28.28,American,47,59.2,7.5
RES000783,40.99,Burger,,91.7,8.9
RES000784,24.47,Thai,23,24.7,4.4
RES000785,91.72,Brazilian,53,71.1,2.1
RES000786,73.16,American,51,78.5,9.4
RES000787,48.32,Chinese,21,63.5,9.0
RES000788,92.42,Thai,47,69.1,2.1
RES000789,90.04,Mediterranean,,74.9,4.2
RES000790,21.8,Indian,72,92.2,7.0
RES000791,90.25,French,,31.0,8.0
RES000792,52.54,Mediterranean,,77.1,8.9
RES000793,68.18,Japanese,,67.7,4.1
RES000794,45.62,Pizza,,86.3,0.1
RES000795,70.19,Italian,96,56.3,9.5
RES000796,107.89,Indian,44,88.1,5.7
RES000797,50.55,Japanese,,15.5,9.6
RES000798,51.07,Pizza,32,2.0,8.2
RES000799,39.06,Thai,53,58.0,2.0
RES000800,70.09,Mexican,,45.5,2.4
RES000801,21.94,Burger,30,91.7,3.4
RES000802,44.15,Indian,,34.1,7.5
RES000803,18.12,Brazilian,46,16.6,3.8
RES000804,81.92,American,43,33.5,2.0
RES000805,69.2,Chinese,70,87.7,2.9
RES000806,22.64,Indian,,84.9,0.6
RES000807,43.23,Mediterranean,39,8.0,8.0
RES000808,44.92,Japanese,,67.6,1.5
RES000809,102.87,Brazilian,83,43.2,9.5
RES000810,82.18,Italian,74,97.3,6.0
RES000811,21.21,Burger,92,58.4,7.3
RES000812,83.87,Chinese,,73.7,0.8
RES000813,91.32,Thai,,70.9,3.2
RES000814,47.22,Mexican,80,38.6,3.9
RES000815,61.47,Chinese,,59.4,3.2
RES000816,20.39,Mediterranean,68,6.2,6.2
RES000817,108.52,Italian,83,79.5,5.5
RES000818,94.39,American,81,87.5,3.1
RES000819,49.56,Italian,,34.1,4.3
RES000820,97.24,French,70,5.3,0.0
RES000821,23.32,Mediterranean,,84.3,4.8
RES000822,51.81,Mexican,,55.5,6.2
RES000823,88.22,Chinese,28,5.1,8.5
RES000824,70.61,Thai,83,60.8,9.6
RES000825,54.15,Japanese,,62.3,4.0
RES000826,61.9,Pizza,,85.1,4.0
RES000827,24.73,Pizza,34,16.1,5.6
RES000828,67.92,Indian,32,3.8,8.3
RES000829,67.46,Thai,33,46.7,5.8
RES000830,49.4,Burger,50,63.9,0.8
RES000831,69.59,Indian,45,12.7,3.5
RES000832,48.68,Indian,,1.5,2.0
RES000833,40.26,Japanese,67,88.8,0.9
RES000834,40.27,Burger,,9.5,3.3
RES000835,93.4,Italian,54,52.6,3.1
RES000836,22.56,Italian,,31.8,8.0
RES000837,18.8,American,,51.2,9.6
RES000838,51.53,Mexican,64,21.7,3.8
RES000839,43.42,Brazilian,60,75.3,2.9
RES000840,24.12,Italian,,61.6,9.4
RES000841,76.53,Thai,,79.1,7.8
RES000842,45.41,Japanese,33,19.6,9.2
RES000843,84.25,Japanese,,29.4,7.9
RES000844,43.78,Mediterranean,,7.4,7.6
RES000845,103.84,Mexican,,80.3,9.2
RES000846,24.17,Brazilian,,12.5,10.0
RES000847,84.85,Mexican,52,30.8,9.6
RES000848,21.14,Mexican,37,87.4,2.8
RES000849,103.05,French,,43.9,6.1
RES000850,43.92,Chinese,,35.3,9.3
RES000851,76.25,Brazilian,86,63.9,6.9
RES000852,63.32,Mediterranean,34,89.2,6.5
RES000853,82.33,Indian,87,97.4,3.5
RES000854,65.59,Indian,55,30.6,8.2
RES000855,22.25,Mexican,,74.8,2.5
RES000856,24.06,French,95,3.7,6.5
RES000857,75.26,Pizza,60,81.0,8.5
RES000858,21.59,Burger,57,58.1,2.9
RES000859,62.22,Italian,69,57.9,8.9
RES000860,87.36,Pizza,34,44.5,5.5
RES000861,87.77,Brazilian,18,59.7,8.7
RES000862,19.11,Japanese,,48.2,2.7
RES000863,18.12,Indian,83,37.1,5.7
RES000864,85.87,Brazilian,,6.7,6.9
RES000865,81.06,American,44,92.5,5.8
RES000866,80.71,Mediterranean,42,14.7,7.8
RES000867,84.75,Pizza,,41.8,1.0
RES000868,21.51,Pizza,58,58.3,5.2
RES000869,23.26,Brazilian,,74.5,5.4
RES000870,91.98,French,38,19.2,1.1
RES000871,40.48,Italian,,26.0,1.8
RES000872,23.12,Mediterranean,20,49.8,4.8
RES000873,101.25,French,98,76.1,5.9
RES000874,21.45,Brazilian,81,8.4,8.1
RES000875,19.33,Brazilian,48,5.1,6.8
RES000876,18.05,American,,31.1,7.3
RES000877,77.26,Pizza,51,26.6,1.0
RES000878,23.14,American,25,17.0,4.5
RES000879,55.42,Indian,,19.9,9.6
RES000880,51.58,Burger,25,28.4,0.8
RES000881,103.8,Brazilian,16,54.4,8.1
RES000882,68.87,Italian,77,29.6,4.3
RES000883,68.63,French,41,4.6,9.9
RES000884,68.64,American,71,30.7,9.6
RES000885,19.46,Pizza,79,69.2,5.3
RES000886,79.55,Thai,81,40.0,6.2
RES000887,73.2,Indian,57,99.4,5.4
RES000888,98.15,Italian,,83.6,5.4
RES000889,26.25,American,,0.3,1.5
RES000890,27.87,Mediterranean,41,71.6,7.4
RES000891,71.5,Thai,79,40.3,2.0
RES000892,24.02,Mediterranean,77,75.1,2.7
RES000893,23.36,Pizza,,58.8,8.4
RES000894,18.46,Mexican,,25.9,2.3
RES000895,21.88,Brazilian,,90.7,9.4
RES000896,89.5,Pizza,87,85.1,5.3
RES000897,73.85,Mediterranean,44,45.5,2.3
RES000898,45.53,French,53,34.3,3.1
RES000899,21.12,Mediterranean,,33.7,5.0
RES000900,60.7,Indian,55,76.0,0.0
RES000901,60.38,Thai,,68.8,8.9
RES000902,32.45,Thai,84,69.1,9.4
RES000903,43.94,Mediterranean,34,1.8,3.9
RES000904,23.61,Brazilian,90,43.8,4.7
RES000905,89.53,Italian,41,53.6,6.8
RES000906,68.75,American,,65.4,3.0
RES000907,18.8,Indian,64,46.6,9.0
RES000908,40.36,Pizza,,87.3,5.4
RES000909,24.24,Mexican,35,94.4,4.5
RES000910,21.68,French,50,62.6,5.2
RES000911,87.65,French,72,98.8,5.8
RES000912,23.3,Indian,34,34.4,9.1
RES000913,20.72,Mexican,65,84.9,0.1
RES000914,22.2,Japanese,56,27.2,2.9
RES000915,67.55,Burger,29,49.6,7.6
RES000916,63.77,Pizza,33,6.1,2.5
RES000917,65.92,Brazilian,,97.3,1.4
RES000918,101.94,Indian,,4.5,2.1
RES000919,52.37,Japanese,,92.4,1.2
RES000920,89.15,Pizza,,57.9,1.5
RES000921,43.68,Pizza,,49.0,9.4
RES000922,19.55,Chinese,,66.2,1.0
RES000923,59.47,Chinese,87,54.6,6.8
RES000924,21.51,Mexican,76,5.1,3.2
RES000925,77.15,Brazilian,,78.2,9.6
RES000926,102.36,Burger,30,38.1,6.8
RES000927,87.31,American,52,81.2,7.6
RES000928,74.37,Thai,,14.6,1.7
RES000929,24.99,Japanese,26,13.9,1.5
RES000930,88.19,American,75,92.7,7.5
RES000931,17.07,Mediterranean,,2.1,9.4
RES000932,39.34,Chinese,,49.4,9.4
RES000933,23.89,Burger,,15.9,0.9
RES000934,51.08,Brazilian,,40.7,0.9
RES000935,20.52,Pizza,,94.0,2.6
RES000936,62.63,Mediterranean,41,29.9,5.2
RES000937,103.73,Japanese,84,38.6,5.3
RES000938,38.85,Burger,21,22.7,10.0
RES000939,64.19,Chinese,,23.0,6.4
RES000940,89.9,Thai,,63.2,0.3
RES000941,39.92,Thai,,85.0,4.2
RES000942,51.49,Mexican,74,15.6,9.5
RES000943,20.01,Mediterranean,,39.5,3.7
RES000944,47.86,Burger,21,16.6,2.5
RES000945,93.1,French,49,54.9,7.9
RES000946,86.97,Mediterranean,73,17.0,7.0
RES000947,63.67,Brazilian,,11.6,8.5
RES000948,79.92,Burger,,40.7,1.7
RES000949,17.46,French,,10.9,2.3
RES000950,94.61,Pizza,92,27.7,2.1
RES000951,42.31,Thai,64,12.9,7.1
RES000952,66.33,Mediterranean,,27.1,0.7
RES000953,103.64,Thai,,37.2,3.6
RES000954,41.9,Brazilian,,90.2,3.3
RES000955,112.88,Burger,96,27.0,4.2
RES000956,23.58,American,52,31.3,1.0
RES000957,24.07,Mediterranean,,50.8,6.1
RES000958,54.81,Chinese,68,44.6,8.1
RES000959,25.22,Brazilian,,69.4,9.1
RES000960,51.22,Chinese,25,82.0,5.1
RES000961,76.71,Indian,,24.6,9.7
RES000962,22.02,Chinese,49,28.2,7.1
RES000963,74.58,Brazilian,52,74.9,0.2
RES000964,106.26,Italian,20,1.5,5.6
RES000965,50.68,Thai,63,44.3,6.2
RES000966,56.46,Mexican,61,69.7,5.3
RES000967,25.51,Japanese,30,41.4,7.0
RES000968,37.19,Indian,52,93.8,1.9
RES000969,21.52,Pizza,27,99.6,0.4
RES000970,35.73,Mediterranean,58,33.4,9.8
RES000971,38.69,Mediterranean,,47.4,2.1
RES000972,52.16,Indian,,68.0,5.0
RES000973,21.75,Mediterranean,,5.7,8.1
RES000974,112.59,Mediterranean,47,8.0,7.5
RES000975,24.0,Mexican,32,15.0,1.8
RES000976,40.66,Chinese,47,54.4,9.5
RES000977,23.69,French,57,80.8,0.1
RES000978,22.28,Japanese,72,83.4,5.2
RES000979,80.55,Burger,73,42.1,8.4
RES000980,47.2,Mexican,,72.1,6.7
RES000981,56.5,French,84,80.9,5.4
RES000982,99.43,Mediterranean,,70.1,3.6
RES000983,86.63,Japanese,,71.4,9.6
RES000984,69.95,Japanese,25,15.6,0.3
RES000985,24.44,Brazilian,,45.5,3.9
RES000986,22.3,Thai,60,49.4,9.0
RES000987,34.93,Japanese,29,58.6,9.5
RES000988,43.71,Burger,79,65.8,4.6
RES000989,73.34,Burger,,61.5,8.6
RES000990,23.99,Italian,81,9.8,1.1
RES000991,23.19,Mediterranean,,6.6,6.1
RES000992,86.16,Pizza,47,24.8,3.4
RES000993,94.56,Mexican,87,50.6,4.6
RES000994,101.02,Indian,,3.5,0.1
RES000995,48.12,Brazilian,,72.5,3.9
RES000996,40.64,Thai,69,33.5,7.9
RES000997,75.75,Indian,,47.0,8.6
RES000998,66.4,Brazilian,,94.6,6.3
RES000999,103.12,Brazilian,47,36.5,4.5
RES001000,41.52,Brazilian,,86.4,6.5
RES001001,26.2,Brazilian,,57.5,8.3
RES001002,41.4,Japanese,71,89.0,6.7
RES001003,63.33,American,,81.1,2.4
RES001004,63.23,Thai,86,77.0,3.9
RES001005,80.16,American,78,24.7,2.3
RES001006,55.94,Pizza,33,77.5,2.1
RES001007,73.69,Japanese,32,61.3,8.3
RES001008,47.86,Burger,38,25.9,8.1
RES001009,76.73,Mexican,91,2.9,1.9
RES001010,24.59,French,78,12.4,1.2
RES001011,44.92,Brazilian,33,39.8,5.9
RES001012,20.22,Indian,54,7.5,6.8
RES001013,91.46,Brazilian,88,4.8,8.4
RES001014,68.99,Japanese,,96.7,9.2
RES001015,48.85,Brazilian,80,92.7,4.3
RES001016,44.33,Chinese,50,10.4,5.1
RES001017,52.4,Brazilian,72,63.7,5.1
RES001018,23.69,Indian,47,94.8,7.4
RES001019,23.88,Mediterranean,83,6.9,1.7
RES001020,55.6,Indian,33,2.3,3.0
RES001021,71.58,French,,96.7,2.4
RES001022,59.16,Chinese,40,44.7,6.4
RES001023,21.36,Mediterranean,,83.8,8.5
RES001024,101.55,Brazilian,49,82.4,8.3
RES001025,67.24,Burger,38,44.2,3.4
RES001026,21.12,Italian,87,93.0,9.6
RES001027,20.05,Burger,69,6.8,2.0
RES001028,38.78,American,55,52.8,3.7
RES001029,77.39,Mexican,66,74.6,2.8
RES001030,55.29,Indian,82,29.6,3.5
RES001031,22.05,Chinese,,65.1,0.7
RES001032,64.81,Indian,50,57.3,8.0
RES001033,50.08,Burger,,5.4,6.2
RES001034,99.06,Japanese,,29.4,8.5
RES001035,30.85,Mediterranean,35,74.2,3.3
RES001036,25.24,Chinese,,60.7,2.5
RES001037,67.49,Chinese,53,54.7,7.6
RES001038,43.43,Pizza,77,88.4,9.6
RES001039,22.27,Pizza,,60.8,5.1
RES001040,24.05,Italian,,20.7,5.3
RES001041,19.32,Thai,,58.0,3.3
RES001042,25.27,Chinese,,99.9,0.2
RES001043,91.04,Italian,75,36.0,0.4
RES001044,93.7,American,,75.7,3.5
RES001045,55.59,Italian,85,85.0,3.3
RES001046,58.69,French,90,88.4,4.4
RES001047,22.68,Japanese,,89.6,9.1
RES001048,61.85,Burger,63,52.6,4.7
RES001049,80.32,Chinese,63,63.7,0.3
RES001050,50.75,Indian,,23.0,0.7
RES001051,20.23,Pizza,40,32.4,2.3
RES001052,93.67,Indian,97,1.2,9.6
RES001053,78.73,Italian,,12.1,9.7
RES001054,23.38,Thai,24,68.3,5.8
RES001055,20.34,Mediterranean,,16.4,3.3
RES001056,67.79,French,86,46.2,7.5
RES001057,22.62,Pizza,77,63.5,2.7
RES001058,91.34,Italian,,86.5,9.4
RES001059,85.83,Brazilian,74,69.9,7.2
RES001060,39.32,Mediterranean,,30.2,8.1
RES001061,88.16,Burger,44,8.4,7.0
RES001062,46.1,Burger,53,73.6,5.5
RES001063,16.16,Japanese,41,15.7,2.5
RES001064,95.26,American,56,27.8,10.0
RES001065,22.57,French,,53.6,7.2
RES001066,48.27,Mediterranean,84,21.4,9.3
RES001067,25.04,Mediterranean,54,41.4,6.0
RES001068,66.68,Pizza,75,19.8,1.5
RES001069,47.04,Italian,83,89.3,4.0
RES001070,23.37,Brazilian,70,99.3,1.6
RES001071,84.84,Brazilian,,33.5,1.2
RES001072,67.91,Italian,,4.9,9.8
RES001073,44.17,Chinese,,65.0,3.7
RES001074,54.84,Japanese,,57.6,8.2
RES001075,100.23,Chinese,36,17.6,7.7
RES001076,17.19,Chinese,,54.5,3.7
RES001077,84.81,Brazilian,,11.0,8.4
RES001078,100.85,French,28,95.4,3.3
RES001079,60.72,Mediterranean,,9.1,5.7
RES001080,23.67,Japanese,62,87.5,3.8
RES001081,22.02,Chinese,51,97.5,9.0
RES001082,63.41,French,,48.8,4.6
RES001083,85.38,Japanese,41,45.7,3.8
RES001084,69.85,Burger,92,64.7,8.9
RES001085,90.95,Burger,39,80.5,6.5
RES001086,89.71,Japanese,70,76.0,2.1
RES001087,25.96,Burger,,88.3,9.8
RES001088,101.22,Thai,,11.6,7.1
RES001089,111.01,American,58,36.2,7.1
RES001090,42.89,Thai,,79.8,8.2
RES001091,36.96,Italian,,52.9,0.8
RES001092,52.12,Indian,67,26.8,0.3
RES001093,69.76,French,39,44.8,2.2
RES001094,43.02,Pizza,50,79.3,0.7
RES001095,82.8,Brazilian,,84.4,3.5
RES001096,77.97,Burger,66,62.2,1.8
RES001097,41.42,Japanese,40,35.9,3.1
RES001098,46.75,French,81,10.8,1.5
RES001099,42.56,Indian,,69.0,7.0
RES001100,68.09,Japanese,43,10.3,4.9
RES001101,18.63,Italian,63,47.5,0.0
RES001102,20.45,Chinese,,86.5,4.8
RES001103,67.17,Pizza,63,75.4,7.0
RES001104,74.48,French,,88.3,1.4
RES001105,22.6,Pizza,40,11.9,6.5
RES001106,44.77,Chinese,31,61.1,5.3
RES001107,17.27,Indian,77,62.4,2.9
RES001108,18.62,Chinese,36,0.9,1.2
RES001109,49.42,Japanese,,43.2,4.0
RES001110,77.17,Mexican,24,85.0,6.0
RES001111,54.87,Italian,53,77.5,7.6
RES001112,38.61,Mexican,85,39.2,1.2
RES001113,20.32,American,32,9.3,5.3
RES001114,74.76,Burger,,9.4,5.0
RES001115,28.1,Indian,,98.1,10.0
RES001116,99.53,Indian,,43.8,2.2
RES001117,75.59,American,90,53.0,7.6
RES001118,41.97,Indian,21,86.9,5.8
RES001119,73.57,Burger,29,73.0,3.7
RES001120,69.78,Mediterranean,91,76.7,5.9
RES001121,25.89,Brazilian,52,30.9,9.3
RES001122,95.82,Indian,74,3.0,0.8
RES001123,24.17,French,78,61.2,3.7
RES001124,73.49,Mediterranean,,62.2,1.6
RES001125,27.91,Thai,12,29.3,3.0
RES001126,77.35,Thai,23,25.5,6.3
RES001127,98.41,American,,37.7,9.2
RES001128,37.98,Japanese,45,16.5,8.7
RES001129,47.02,Pizza,33,34.3,3.2
RES001130,90.78,Pizza,70,55.0,2.4
RES001131,83.38,Japanese,,9.1,0.3
RES001132,46.11,American,66,86.8,3.7
RES001133,91.88,Japanese,77,69.5,3.5
RES001134,58.35,French,,94.6,5.9
RES001135,40.99,Italian,45,29.4,3.2
RES001136,48.24,Mexican,60,39.7,2.1
RES001137,20.84,Brazilian,87,51.7,8.0
RES001138,23.13,Pizza,,73.3,3.0
RES001139,101.45,Italian,20,97.7,9.1
RES001140,88.71,French,74,38.1,2.4
RES001141,63.2,Indian,82,60.3,10.0
RES001142,65.6,American,,12.7,7.5
RES001143,86.13,Pizza,84,51.0,0.3
RES001144,72.63,Thai,65,56.6,9.7
RES001145,27.11,French,,4.1,9.9
RES001146,62.72,Burger,99,31.7,4.2
RES001147,81.18,Pizza,33,75.0,0.6
RES001148,68.89,Pizza,12,68.3,9.7
RES001149,72.69,French,63,95.1,3.8
RES001150,43.6,French,,43.0,3.4
RES001151,88.39,Burger,95,82.7,3.4
RES001152,29.86,Chinese,22,85.4,9.2
RES001153,24.53,Italian,,1.7,7.7
RES001154,21.95,Chinese,72,84.0,2.1
RES001155,62.8,Italian,21,34.2,2.0
RES001156,81.63,Pizza,30,54.1,8.4
RES001157,72.96,Mexican,43,28.6,8.4
RES001158,45.65,Japanese,75,43.7,1.5
RES001159,20.73,Thai,48,35.4,9.4
RES001160,36.72,Mediterranean,91,74.2,8.2
RES001161,49.63,Chinese,20,40.8,4.7
RES001162,71.62,American,,38.8,9.7
RES001163,40.17,Italian,81,62.7,6.7
RES001164,23.32,Indian,75,20.9,4.6
RES001165,27.3,Brazilian,52,84.5,8.7
RES001166,25.62,Brazilian,77,48.8,9.3
RES001167,66.36,Japanese,49,52.9,4.5
RES001168,74.34,Chinese,61,93.8,8.9
RES001169,23.14,American,,61.6,1.3
RES001170,19.23,Brazilian,63,11.5,1.6
RES001171,78.17,Italian,66,51.1,1.9
RES001172,26.47,Burger,85,53.7,0.3
RES001173,73.94,American,,59.5,4.8
RES001174,49.77,Pizza,89,91.2,5.9
RES001175,25.62,Italian,47,64.7,3.1
RES001176,67.06,Mexican,,36.3,0.6
RES001177,81.07,Chinese,51,75.6,7.7
RES001178,49.02,Mediterranean,63,59.2,3.5
RES001179,75.04,Japanese,,78.2,9.1
RES001180,43.08,Thai,76,97.9,9.4
RES001181,97.45,American,72,59.3,8.1
RES001182,64.67,Japanese,,56.1,8.3
RES001183,31.15,Thai,30,54.9,5.3
RES001184,82.44,Mexican,73,32.9,9.4
RES001185,26.46,Italian,50,0.3,8.1
RES001186,59.72,Mediterranean,52,33.8,3.8
RES001187,76.62,Japanese,74,31.2,1.8
RES001188,52.75,Indian,,77.7,2.3
RES001189,84.0,Chinese,39,5.4,9.9
RES001190,20.18,American,22,52.8,8.6
RES001191,102.51,Pizza,23,79.0,7.3
RES001192,55.44,American,,59.1,1.5
RES001193,49.74,Japanese,,73.7,8.4
RES001194,71.77,French,,20.9,6.2
RES001195,91.75,Chinese,,10.8,3.4
RES001196,22.25,Japanese,78,79.3,1.7
RES001197,87.98,Japanese,,98.3,7.3
RES001198,51.8,Burger,,69.2,8.9
RES001199,25.24,Brazilian,61,18.5,2.9
RES001200,62.65,Thai,,85.0,6.4
RES001201,21.75,Japanese,37,32.6,5.7
RES001202,52.46,Italian,,69.2,0.8
RES001203,25.87,Japanese,22,3.6,0.7
RES001204,20.31,Pizza,75,18.1,9.3
RES001205,40.09,Italian,,65.2,9.2
RES001206,24.19,Mediterranean,45,35.4,2.0
RES001207,22.62,American,79,27.3,6.5
RES001208,48.38,French,46,55.1,4.8
RES001209,76.31,Thai,20,27.3,4.2
RES001210,59.35,Italian,84,40.8,5.1
RES001211,11.7,Japanese,,35.7,0.4
RES001212,45.69,Indian,70,39.9,1.6
RES001213,66.66,Pizza,54,59.0,1.6
RES001214,70.13,Italian,22,23.1,7.1
RES001215,77.85,Japanese,39,80.9,8.9
RES001216,94.36,Pizza,43,86.1,2.0
RES001217,108.52,Chinese,76,16.8,3.0
RES001218,80.17,Japanese,59,27.2,6.2
RES001219,24.02,Brazilian,35,77.8,7.6
RES001220,19.72,Burger,,42.2,7.2
RES001221,57.01,Chinese,43,72.1,8.2
RES001222,25.1,Japanese,53,95.4,5.0
RES001223,45.22,French,,26.8,3.5
RES001224,70.4,Pizza,47,24.9,5.8
RES001225,23.64,French,61,98.7,6.5
RES001226,20.26,Japanese,,47.2,6.9
RES001227,50.52,Mediterranean,60,36.7,0.0
RES001228,112.43,Mexican,66,81.8,7.0
RES001229,48.56,Pizza,,44.0,8.9
RES001230,26.48,Thai,24,3.4,4.4
RES001231,90.71,Brazilian,31,71.3,7.3
RES001232,63.37,Brazilian,,95.6,8.9
RES001233,49.81,Indian,,79.3,7.0
RES001234,22.97,Chinese,,63.1,5.6
RES001235,78.22,American,92,37.6,9.3
RES001236,20.75,Burger,,28.1,2.1
RES001237,49.19,Japanese,,45.4,1.3
RES001238,82.27,French,72,62.5,0.9
RES001239,93.92,Indian,61,56.2,3.7
RES001240,77.59,Indian,19,8.1,9.6
RES001241,25.18,Chinese,,14.1,9.0
RES001242,19.98,Japanese,,1.9,4.0
RES001243,92.91,Pizza,11,75.7,8.2
RES001244,22.92,Brazilian,,50.6,9.6
RES001245,87.97,Thai,77,74.1,1.4
RES001246,72.49,Mexican,72,28.8,9.8
RES001247,91.03,Mediterranean,76,91.6,0.6
RES001248,11.93,Brazilian,80,22.4,4.5
RES001249,23.02,French,,7.9,3.4
RES001250,22.46,Italian,13,45.7,3.0
RES001251,67.73,Italian,32,93.6,9.9
RES001252,20.55,Pizza,24,9.5,2.2
RES001253,55.93,Indian,63,45.6,0.3
RES001254,20.76,Mediterranean,25,56.7,7.5
RES001255,88.66,French,,65.0,8.7
RES001256,44.69,Burger,56,14.5,5.8
RES001257,67.85,American,31,60.4,0.6
RES001258,12.1,Chinese,29,49.1,1.9
RES001259,21.03,Brazilian,66,34.7,5.8
RES001260,20.63,Thai,41,51.0,5.4
RES001261,40.25,Brazilian,93,49.0,7.6
RES001262,42.08,Mexican,33,97.7,0.0
RES001263,83.6,Mediterranean,63,39.6,1.5
RES001264,44.62,Thai,,83.1,3.5
RES001265,91.44,Chinese,,66.3,6.6
RES001266,23.77,Burger,75,49.2,1.0
RES001267,75.45,Thai,51,83.2,0.7
RES001268,90.62,Brazilian,,80.8,6.4
RES001269,89.0,Pizza,31,47.8,0.4
RES001270,22.59,Pizza,,99.2,9.4
RES001271,42.82,Burger,27,43.0,8.2
RES001272,62.21,Japanese,,43.1,4.3
RES001273,85.75,Indian,46,99.4,7.7
RES001274,82.1,Burger,90,79.1,8.3
RES001275,106.59,Pizza,81,71.9,7.5
RES001276,57.21,Japanese,53,44.0,7.7
RES001277,101.55,Thai,23,44.6,8.2
RES001278,67.52,Japanese,20,86.5,9.5
RES001279,61.78,Chinese,,13.7,9.3
RES001280,30.81,American,72,48.0,0.6
RES001281,63.11,American,,40.6,5.6
RES001282,82.38,Chinese,38,70.1,7.0
RES001283,63.05,Thai,,35.6,2.4
RES001284,79.58,Mediterranean,47,27.8,2.5
RES001285,65.6,Indian,65,47.3,2.2
RES001286,83.61,Japanese,89,44.7,7.9
RES001287,93.27,Burger,27,68.7,6.7
RES001288,63.73,French,39,85.1,0.8
RES001289,44.51,Thai,,80.2,2.1
RES001290,51.52,Mediterranean,26,33.1,3.2
RES001291,32.1,Mexican,83,80.7,8.9
RES001292,72.77,Mexican,84,18.9,8.0
RES001293,94.1,Chinese,,69.1,5.4
RES001294,101.86,Brazilian,21,80.6,5.2
RES001295,35.16,Mexican,16,71.8,9.7
RES001296,42.3,French,,44.9,5.5
RES001297,67.53,Chinese,78,77.6,5.6
RES001298,51.36,Burger,77,64.0,9.0
RES001299,44.68,Indian,45,14.9,8.8
RES001300,49.19,Indian,,92.7,6.1
RES001301,50.25,Pizza,,17.6,5.2
RES001302,113.65,American,,76.9,7.1
RES001303,22.58,French,97,74.5,4.2
RES001304,48.58,Italian,48,42.9,1.1
RES001305,56.56,Italian,49,36.2,5.9
RES001306,24.03,Italian,,28.6,9.5
RES001307,86.64,Thai,87,59.7,9.1
RES001308,76.03,Burger,51,41.9,9.3
RES001309,23.25,Thai,,79.4,6.7
RES001310,57.45,Pizza,,93.7,5.9
RES001311,18.89,Indian,93,64.2,8.6
RES001312,42.28,Indian,,54.0,9.2
RES001313,62.26,Chinese,69,69.1,9.5
RES001314,41.89,French,47,83.5,3.9
RES001315,25.74,Japanese,,84.1,0.2
RES001316,25.48,American,74,57.3,1.9
RES001317,24.39,Pizza,,67.0,8.5
RES001318,22.84,Brazilian,,61.4,6.3
RES001319,18.64,Italian,30,0.2,9.5
RES001320,71.92,Thai,27,80.2,1.9
RES001321,60.87,American,84,33.3,4.9
RES001322,93.12,Burger,75,41.8,4.4
RES001323,54.71,American,,73.2,8.9
RES001324,94.17,Mediterranean,94,51.3,0.5
RES001325,23.72,Pizza,84,79.7,8.5
RES001326,43.17,Indian,42,54.2,9.6
RES001327,17.58,Pizza,,8.2,5.0
RES001328,19.61,Japanese,,82.7,8.0
RES001329,31.49,Mexican,,34.0,8.4
RES001330,88.54,Chinese,38,1.8,7.5
RES001331,23.97,Indian,94,25.4,5.7
RES001332,89.06,Burger,59,76.5,7.4
RES001333,18.11,Mediterranean,52,7.4,5.1
RES001334,100.46,Mediterranean,,88.5,4.3
RES001335,21.48,Indian,64,92.5,0.8
RES001336,28.16,French,,40.0,0.6
RES001337,77.81,Chinese,,85.9,8.8
RES001338,25.94,Brazilian,44,4.7,0.9
RES001339,65.97,French,,8.1,0.1
RES001340,85.23,Chinese,37,7.8,6.2
RES001341,64.55,Mediterranean,76,26.9,7.7
RES001342,36.72,Brazilian,14,92.1,7.5
RES001343,97.08,Italian,,23.3,8.6
RES001344,57.95,Mexican,14,50.9,2.7
RES001345,99.13,Burger,38,23.3,8.0
RES001346,75.61,Burger,51,16.1,8.5
RES001347,17.36,Mediterranean,,43.6,6.6
RES001348,56.02,Japanese,,34.3,8.8
RES001349,43.88,American,52,94.3,3.5
RES001350,55.26,Brazilian,,88.6,8.2
RES001351,59.66,Pizza,64,35.4,3.3
RES001352,94.58,American,,28.8,1.5
RES001353,44.99,Italian,92,18.9,2.1
RES001354,40.1,Japanese,,86.6,8.1
RES001355,20.36,Burger,,6.2,6.9
RES001356,103.7,Indian,65,9.9,0.3
RES001357,19.99,Mexican,,37.4,4.4
RES001358,66.65,American,84,64.7,4.1
RES001359,55.68,Mediterranean,67,51.7,1.2
RES001360,71.05,Burger,37,72.4,2.7
RES001361,19.8,Burger,46,79.6,2.9
RES001362,20.37,Burger,,90.1,2.8
RES001363,96.09,Indian,,64.0,1.0
RES001364,96.46,French,56,46.2,8.1
RES001365,22.55,Mexican,53,64.4,2.2
RES001366,13.1,American,,45.5,5.0
RES001367,100.83,Japanese,44,78.9,6.6
RES001368,100.96,Pizza,67,56.2,1.2
RES001369,78.96,Indian,,83.6,1.0
RES001370,14.59,Mexican,,89.1,1.0
RES001371,78.12,Chinese,17,58.4,6.7
RES001372,81.37,Indian,,26.2,4.2
RES001373,46.5,Brazilian,,64.5,9.9
RES001374,72.15,Indian,53,80.7,4.6
RES001375,90.51,Japanese,,7.5,9.3
RES001376,21.1,American,31,51.2,2.3
RES001377,24.77,Italian,,64.5,9.9
RES001378,21.97,Indian,75,70.3,1.2
RES001379,98.2,Chinese,,55.6,0.8
RES001380,20.51,Italian,,71.8,7.8
RES001381,48.53,Pizza,42,68.1,9.9
RES001382,92.3,Mexican,,77.7,7.0
RES001383,97.81,Thai,32,49.3,6.8
RES001384,21.68,Brazilian,44,43.2,6.8
RES001385,96.5,Pizza,50,12.5,1.9
RES001386,55.61,American,64,38.4,1.1
RES001387,22.7,American,22,14.6,8.2
RES001388,103.41,Italian,84,4.2,9.2
RES001389,106.25,Thai,13,63.8,5.7
RES001390,33.6,Japanese,,62.3,4.8
RES001391,21.02,Mediterranean,60,19.4,3.9
RES001392,101.33,Chinese,83,66.4,2.8
RES001393,50.64,Mediterranean,22,95.3,9.4
RES001394,26.38,Burger,85,99.9,8.3
RES001395,70.32,Burger,,26.7,3.6
RES001396,86.99,Mexican,,91.2,0.1
RES001397,89.96,Burger,,58.2,8.8
RES001398,42.11,Indian,82,30.4,3.2
RES001399,65.94,French,94,36.6,9.8
RES001400,93.66,Burger,,39.0,0.8
RES001401,109.49,Mediterranean,70,81.3,4.7
RES001402,108.46,American,40,41.6,4.9
RES001403,24.4,Italian,57,61.9,1.3
RES001404,97.78,French,,95.1,9.4
RES001405,48.2,Italian,,12.5,2.0
RES001406,40.65,Thai,53,48.2,3.6
RES001407,83.16,Italian,40,22.9,5.6
RES001408,21.19,Burger,,64.5,6.2
RES001409,75.03,Mexican,81,12.4,3.9
RES001410,26.65,Brazilian,81,80.8,7.8
RES001411,26.78,Japanese,38,37.4,5.5
RES001412,39.17,Italian,46,21.0,5.2
RES001413,46.05,Mediterranean,26,87.0,0.5
RES001414,103.43,French,97,56.9,3.6
RES001415,109.2,Japanese,40,79.5,7.0
RES001416,60.64,Japanese,97,50.0,6.0
RES001417,24.03,Mexican,,62.3,8.1
RES001418,56.47,Brazilian,,69.7,9.9
RES001419,49.98,Burger,,21.9,10.0
RES001420,50.01,American,37,16.2,9.1
RES001421,51.15,Mediterranean,,79.9,5.2
RES001422,102.64,Mediterranean,,39.6,1.8
RES001423,40.17,American,55,4.2,7.2
RES001424,74.6,Mexican,,98.9,1.3
RES001425,48.31,Mexican,,73.8,3.3
RES001426,22.89,Mexican,79,76.6,6.5
RES001427,23.27,Thai,73,60.6,4.2
RES001428,80.48,Thai,41,18.0,4.0
RES001429,20.31,Chinese,59,9.8,6.4
RES001430,20.25,Thai,63,30.0,8.2
RES001431,23.77,Italian,,56.5,7.2
RES001432,36.03,Pizza,65,45.2,1.9
RES001433,23.22,Italian,,56.4,8.9
RES001434,66.93,French,64,2.1,6.1
RES001435,78.32,Indian,50,28.9,9.1
RES001436,103.8,Pizza,,94.2,4.2
RES001437,22.86,French,58,99.4,3.0
RES001438,40.51,Mexican,36,32.9,4.8
RES001439,70.44,Indian,30,41.2,0.6
RES001440,74.59,Italian,,6.2,2.5
RES001441,21.79,Thai,25,39.9,7.0
RES001442,51.64,Japanese,20,80.1,0.3
RES001443,43.42,Burger,,54.0,0.5
RES001444,21.78,Italian,,71.1,5.9
RES001445,81.64,Indian,35,25.3,2.9
RES001446,56.02,Brazilian,68,52.5,5.4
RES001447,26.4,Pizza,28,39.2,5.7
RES001448,51.42,Indian,,53.7,3.6
RES001449,26.89,Mexican,,74.5,1.2
RES001450,66.12,Mediterranean,,93.9,4.7
RES001451,93.01,Thai,,27.5,3.1
RES001452,91.14,Japanese,85,19.6,0.0
RES001453,41.35,Chinese,11,60.9,4.0
RES001454,67.42,American,,33.2,3.7
RES001455,84.57,Brazilian,74,60.6,8.7
RES001456,79.54,Indian,,18.2,8.3
RES001457,48.97,Chinese,,27.3,3.8
RES001458,69.29,Mexican,48,43.3,2.4
RES001459,26.0,Burger,39,26.8,3.2
RES001460,80.11,Brazilian,76,17.4,0.3
RES001461,70.72,French,78,51.7,4.5
RES001462,44.6,French,,92.7,3.1
RES001463,34.54,Mediterranean,,62.2,5.5
RES001464,51.75,American,85,92.0,2.3
RES001465,42.36,French,,3.7,9.9
RES001466,60.61,American,,61.8,9.5
RES001467,34.3,Chinese,56,66.2,3.5
RES001468,92.09,Brazilian,,53.6,6.1
RES001469,24.09,Thai,,83.3,7.0
RES001470,89.12,Japanese,,69.3,9.4
RES001471,49.5,Japanese,,37.9,0.4
RES001472,106.81,Mexican,,52.1,1.4
RES001473,21.64,Chinese,,78.4,1.6
RES001474,24.72,Chinese,,69.1,7.3
RES001475,28.42,Burger,,6.6,0.7
RES001476,47.87,Brazilian,25,24.1,9.5
RES001477,46.8,Thai,18,72.8,0.6
RES001478,93.28,Pizza,,82.5,3.7
RES001479,107.7,Indian,46,64.9,5.0
RES001480,44.41,Indian,,90.2,1.5
RES001481,86.0,Japanese,,53.2,4.7
RES001482,22.72,Japanese,81,3.2,5.1
RES001483,68.19,Japanese,,96.5,8.8
RES001484,72.53,French,49,51.9,5.2
RES001485,28.03,French,74,62.1,5.7
RES001486,49.1,Japanese,,95.2,0.0
RES001487,39.56,Thai,57,7.5,3.5
RES001488,100.62,Thai,45,3.2,7.5
RES001489,76.78,Japanese,47,98.9,6.5
RES001490,74.77,Indian,,58.6,3.2
RES001491,57.3,Burger,,5.7,6.2
RES001492,67.02,Mexican,91,27.6,2.6
RES001493,18.99,Mediterranean,59,57.5,8.8
RES001494,61.32,French,38,56.0,2.7
RES001495,57.8,Japanese,84,40.0,7.5
RES001496,84.85,Mexican,,41.7,9.5
RES001497,44.73,Mexican,45,54.3,7.7
RES001498,70.85,Brazilian,71,59.7,6.6
RES001499,79.7,Brazilian,,83.9,2.2
RES001500,20.12,Italian,36,67.7,7.1
RES001501,49.46,Thai,81,6.8,8.0
RES001502,76.35,Brazilian,70,78.2,9.8
RES001503,66.53,Japanese,92,69.0,9.5
RES001504,93.92,American,,0.3,3.7
RES001505,26.66,Mexican,55,81.9,5.2
RES001506,24.28,Burger,,26.6,5.8
RES001507,62.89,Chinese,,23.2,6.9
RES001508,89.53,Chinese,,32.1,7.7
RES001509,22.91,Thai,66,19.8,10.0
RES001510,97.3,Italian,68,13.5,1.6
RES001511,106.03,Italian,59,0.7,1.9
RES001512,23.81,French,79,21.0,8.6
RES001513,75.43,Mexican,53,1.1,8.7
RES001514,111.19,Mediterranean,48,32.2,3.3
RES001515,39.25,Japanese,81,80.6,2.4
RES001516,39.97,Thai,18,64.7,8.6
RES001517,23.14,Thai,,14.7,4.7
RES001518,84.84,Thai,,13.7,7.3
RES001519,113.72,American,32,70.9,9.9
RES001520,70.03,Chinese,69,27.8,5.8
RES001521,74.56,Burger,59,22.6,8.1
RES001522,90.55,Thai,,44.8,7.4
RES001523,95.85,Indian,47,57.1,1.9
RES001524,89.64,American,,99.3,2.0
RES001525,59.39,Burger,,35.1,6.9
RES001526,70.18,Thai,98,21.0,2.8
RES001527,55.67,Pizza,,8.5,7.1
RES001528,17.33,Mexican,,83.6,5.0
RES001529,98.02,French,,19.4,8.5
RES001530,46.76,Italian,53,36.6,9.8
RES001531,34.57,Burger,70,10.0,9.0
RES001532,21.76,Chinese,33,90.0,9.5
RES001533,78.97,Burger,,62.5,3.1
RES001534,48.33,Chinese,,53.7,6.8
RES001535,75.75,Mexican,,82.4,1.4
RES001536,97.03,Pizza,78,39.5,3.4
RES001537,46.17,Mexican,77,65.7,9.6
RES001538,106.89,Burger,13,33.1,7.7
RES001539,103.71,Burger,59,28.2,7.1
RES001540,108.5,Indian,70,53.4,0.4
RES001541,64.29,Japanese,22,58.3,2.8
RES001542,56.39,Burger,17,91.5,5.8
RES001543,42.66,Japanese,66,78.3,4.1
RES001544,91.91,Mediterranean,,35.9,9.7
RES001545,62.79,Burger,16,43.4,4.2
RES001546,91.51,Italian,38,3.2,2.9
RES001547,80.2,Thai,37,29.2,0.2
RES001548,26.19,Brazilian,,60.7,9.0
RES001549,89.67,Pizza,52,22.0,1.5
RES001550,24.72,Pizza,36,20.6,4.1
RES001551,55.85,Brazilian,87,82.8,6.3
RES001552,91.66,French,,16.3,5.6
RES001553,60.35,French,,47.1,3.1
RES001554,71.98,Mexican,53,43.6,3.1
RES001555,14.48,Burger,42,77.5,1.2
RES001556,90.84,Japanese,,27.1,5.2
RES001557,68.87,Mexican,63,74.4,7.8
RES001558,85.48,Pizza,85,24.3,8.4
RES001559,64.02,Japanese,57,44.8,5.4
RES001560,41.03,Mediterranean,,32.8,0.5
RES001561,72.48,French,,42.3,6.3
RES001562,56.47,Indian,,12.5,5.4
RES001563,21.98,Japanese,62,83.6,6.6
RES001564,109.06,Chinese,76,48.7,1.2
RES001565,92.34,French,,44.6,9.6
RES001566,104.07,Italian,87,20.6,2.4
RES001567,63.06,French,63,60.1,0.7
RES001568,88.07,Italian,85,87.1,7.1
RES001569,82.33,Indian,,12.7,1.1
RES001570,102.29,Italian,47,14.5,5.7
RES001571,53.48,Chinese,,21.8,5.7
RES001572,83.74,Chinese,73,34.5,4.0
RES001573,22.4,Mediterranean,,63.1,3.8
RES001574,21.76,Thai,27,80.4,3.2
RES001575,42.52,Mexican,,2.1,2.1
RES001576,65.94,Brazilian,,94.0,3.9
RES001577,36.89,Mexican,88,64.1,1.5
RES001578,20.6,Mediterranean,25,29.9,3.5
RES001579,20.7,Indian,39,90.6,8.0
RES001580,40.13,Mediterranean,42,15.9,5.2
RES001581,41.57,Pizza,81,22.5,2.2
RES001582,85.77,Italian,49,67.9,2.1
RES001583,18.24,Mexican,46,57.1,7.6
RES001584,38.76,Brazilian,,64.0,3.0
RES001585,22.47,Mediterranean,43,62.2,1.1
RES001586,46.87,Mediterranean,,26.2,5.4
RES001587,19.84,Mediterranean,18,2.5,9.0
RES001588,23.16,French,,83.6,8.8
RES001589,72.3,Indian,,92.8,0.9
RES001590,92.51,Brazilian,54,60.3,9.6
RES001591,64.66,Mexican,74,45.9,3.8
RES001592,23.73,American,,26.9,5.2
RES001593,36.28,Burger,29,98.9,0.3
RES001594,23.27,Italian,62,65.6,9.3
RES001595,109.73,Pizza,44,40.1,3.3
RES001596,45.85,Japanese,,50.7,4.7
RES001597,87.76,Burger,34,41.8,9.1
RES001598,40.01,Indian,,23.2,7.8
RES001599,58.3,French,,13.0,9.4
RES001600,64.06,French,43,6.8,9.7
RES001601,52.45,American,,77.7,8.9
RES001602,106.9,Japanese,75,32.2,2.8
RES001603,26.29,Chinese,39,71.2,8.4
RES001604,25.11,Mexican,79,66.0,4.6
RES001605,101.47,Italian,,65.9,3.6
RES001606,43.1,Italian,70,60.1,5.5
RES001607,38.71,Mexican,40,27.8,4.6
RES001608,47.37,Mexican,,0.7,9.2
RES001609,85.93,American,,71.0,0.2
RES001610,63.85,Chinese,,83.5,9.7
RES001611,27.58,Burger,46,12.8,4.2
RES001612,51.71,Indian,36,36.9,4.4
RES001613,39.96,Indian,,68.9,3.6
RES001614,113.95,Brazilian,22,96.4,1.7
RES001615,85.09,Chinese,,52.7,5.3
RES001616,100.62,French,,19.9,3.6
RES001617,87.59,Burger,66,18.9,3.5
RES001618,17.66,American,85,75.6,2.2
RES001619,70.19,Brazilian,32,25.4,6.5
RES001620,41.89,Brazilian,57,12.0,8.5
RES001621,81.25,Japanese,71,42.3,5.7
RES001622,95.03,Pizza,19,7.2,3.5
RES001623,44.12,Italian,,50.3,1.9
RES001624,44.99,Chinese,65,46.8,0.4
RES001625,97.59,Thai,,61.6,9.2
RES001626,42.93,Japanese,55,23.0,7.4
RES001627,73.39,Chinese,18,26.3,3.0
RES001628,24.36,American,64,12.1,2.3
RES001629,68.24,Japanese,62,51.6,5.5
RES001630,27.79,American,,81.2,5.6
RES001631,66.46,Mediterranean,,28.6,3.9
RES001632,20.84,American,31,32.0,1.9
RES001633,46.06,Mexican,38,97.8,6.3
RES001634,108.01,Thai,,56.5,8.7
RES001635,80.94,Thai,,26.8,6.4
RES001636,66.23,Mexican,28,96.6,3.4
RES001637,29.97,Italian,88,57.4,6.2
RES001638,36.49,French,20,26.1,0.7
RES001639,82.84,Indian,,49.0,9.9
RES001640,42.18,Burger,61,43.6,2.3
RES001641,65.71,Italian,66,49.6,9.5
RES001642,43.74,Italian,,6.1,9.5
RES001643,66.13,Brazilian,,73.3,2.9
RES001644,46.26,Chinese,,6.5,7.4
RES001645,66.85,French,,0.5,8.5
RES001646,71.15,American,71,19.5,4.5
RES001647,59.06,Thai,46,90.2,6.6
RES001648,51.58,Indian,,5.7,2.8
RES001649,39.43,American,,70.3,0.1
RES001650,23.96,Italian,79,28.7,9.0
RES001651,90.98,Japanese,,60.6,7.7
RES001652,57.01,Chinese,62,90.8,4.7
RES001653,59.72,Japanese,31,70.4,8.9
RES001654,47.72,Italian,49,6.8,8.4
RES001655,66.93,Brazilian,,31.4,1.1
RES001656,101.12,Chinese,53,70.0,0.0
RES001657,70.87,Pizza,60,5.9,9.2
RES001658,23.13,Mediterranean,,89.2,9.1
RES001659,93.08,Burger,28,93.9,3.9
RES001660,25.27,Brazilian,,27.4,4.8
RES001661,38.25,Burger,80,63.8,9.2
RES001662,60.72,French,40,87.4,0.2
RES001663,71.62,Burger,,76.4,4.3
RES001664,23.57,Burger,74,35.6,5.0
RES001665,22.74,French,39,19.5,2.3
RES001666,65.02,Japanese,63,58.7,4.1
RES001667,101.77,Burger,,40.9,9.6
RES001668,22.35,Mediterranean,30,17.3,6.7
RES001669,38.84,Indian,23,74.9,5.7
RES001670,21.38,Mediterranean,,17.0,2.7
RES001671,25.67,Mediterranean,,2.7,6.8
RES001672,109.19,Thai,,64.5,2.0
RES001673,43.42,French,77,47.9,0.9
RES001674,108.72,Mediterranean,49,97.9,4.4
RES001675,81.78,French,,33.2,3.3
RES001676,78.51,Italian,58,68.7,5.2
RES001677,64.64,Burger,,40.4,8.6
RES001678,70.24,Brazilian,75,92.9,8.5
RES001679,18.6,French,,49.1,7.1
RES001680,71.07,Chinese,,19.9,7.1
RES001681,34.75,Thai,57,71.1,1.5
RES001682,30.34,Mediterranean,88,73.2,4.5
RES001683,21.4,Burger,,76.6,2.8
RES001684,77.07,French,,23.0,7.7
RES001685,36.86,Thai,,55.8,1.3
RES001686,97.02,Mexican,48,47.7,0.3
RES001687,44.43,Mediterranean,,92.3,6.0
RES001688,60.31,Mediterranean,,84.3,0.4
RES001689,77.68,American,,45.4,4.9
RES001690,89.17,Pizza,,26.8,9.9
RES001691,60.87,Mediterranean,29,25.9,7.8
RES001692,107.44,Burger,85,69.2,9.1
RES001693,56.76,Japanese,51,39.9,1.7
RES001694,63.16,Chinese,34,28.0,8.7
RES001695,49.36,Italian,,24.2,9.9
RES001696,20.21,Mediterranean,32,47.5,4.8
RES001697,53.64,Mexican,45,47.8,8.0
RES001698,48.07,Mediterranean,81,77.5,6.9
RES001699,90.06,Thai,39,35.6,4.2
RES001700,71.82,American,,96.1,2.4
RES001701,62.98,Japanese,,25.2,8.4
RES001702,81.81,Indian,96,0.4,5.9
RES001703,104.99,Chinese,69,64.0,1.2
RES001704,83.87,Mediterranean,,22.4,9.6
RES001705,45.12,Brazilian,63,91.5,9.1
RES001706,74.21,Mediterranean,47,24.2,3.8
RES001707,42.56,Chinese,,33.1,8.7
RES001708,82.0,Japanese,50,61.8,6.2
RES001709,103.4,Indian,19,11.6,3.5
RES001710,21.62,Chinese,36,1.5,2.7
RES001711,22.08,Japanese,29,74.3,0.3
RES001712,68.77,Brazilian,70,47.1,8.3
RES001713,100.98,Thai,18,67.0,8.5
RES001714,49.74,Brazilian,58,26.0,5.0
RES001715,66.54,American,51,95.7,7.1
RES001716,22.16,Thai,41,16.4,3.0
RES001717,87.56,Mexican,88,8.5,5.4
RES001718,69.08,French,36,92.4,1.5
RES001719,70.8,Mexican,,63.3,7.4
RES001720,27.66,French,46,81.0,8.4
RES001721,50.7,Mexican,56,17.2,7.5
RES001722,46.6,Mexican,82,79.8,0.9
RES001723,103.21,Japanese,82,5.8,1.0
RES001724,23.81,Brazilian,76,22.5,2.1
RES001725,71.65,Mexican,,35.0,7.7
RES001726,63.09,Mediterranean,71,85.5,0.7
RES001727,39.07,Brazilian,35,45.9,9.9
RES001728,79.8,Brazilian,55,80.1,7.6
RES001729,41.4,Pizza,60,40.2,3.3
RES001730,43.85,Italian,26,77.1,2.5
RES001731,76.73,Brazilian,19,27.1,0.2
RES001732,99.42,Thai,,32.7,5.2
RES001733,52.11,French,57,5.1,3.5
RES001734,64.24,Pizza,,16.8,5.1
RES001735,82.98,Japanese,67,98.1,0.5
RES001736,83.06,Japanese,,55.2,4.6
RES001737,59.26,Thai,73,3.3,0.6
RES001738,39.9,Italian,79,31.6,6.5
RES001739,21.98,Thai,,2.2,9.3
RES001740,69.06,Chinese,39,20.2,0.8
RES001741,19.22,French,,32.2,5.1
RES001742,75.2,French,52,87.9,6.4
RES001743,104.87,Japanese,,97.4,5.7
RES001744,100.98,Mexican,27,42.2,0.6
RES001745,21.89,Mediterranean,,28.9,2.0
RES001746,23.3,Brazilian,79,5.6,4.2
RES001747,47.29,Thai,43,75.8,4.0
RES001748,46.08,Pizza,61,25.0,0.3
RES001749,69.76,American,,47.3,3.5
RES001750,42.92,Brazilian,51,40.0,8.3
RES001751,21.07,Brazilian,24,55.6,1.2
RES001752,66.85,Thai,52,73.5,1.6
RES001753,99.17,Brazilian,26,2.0,2.9
RES001754,103.95,American,75,21.3,7.4
RES001755,100.28,American,,14.4,7.6
RES001756,47.64,French,,14.8,1.0
RES001757,50.96,Chinese,25,37.9,3.8
RES001758,21.64,Italian,63,22.2,7.9
RES001759,82.66,Italian,68,50.4,7.3
RES001760,83.83,Chinese,67,23.4,4.1
RES001761,75.87,French,,8.3,5.9
RES001762,41.02,Indian,81,53.0,4.3
RES001763,42.57,Indian,28,27.6,4.9
RES001764,102.96,French,62,52.8,1.6
RES001765,90.89,Brazilian,47,2.1,3.9
RES001766,19.13,Pizza,56,72.5,2.6
RES001767,40.82,Indian,20,82.0,3.7
RES001768,115.85,Chinese,,70.0,5.8
RES001769,20.15,Brazilian,75,61.6,1.6
RES001770,28.06,Brazilian,,11.9,1.8
RES001771,102.52,Mediterranean,43,71.8,9.4
RES001772,44.34,Indian,46,12.2,7.8
RES001773,25.49,Mexican,34,92.6,2.2
RES001774,62.25,Pizza,50,85.6,1.3
RES001775,42.91,Italian,37,19.5,8.2
RES001776,78.11,Chinese,,13.1,6.8
RES001777,54.68,American,40,95.6,7.2
RES001778,80.34,Burger,26,40.0,9.7
RES001779,104.53,French,,8.6,6.7
RES001780,70.57,French,52,35.2,7.8
RES001781,40.69,Indian,54,67.1,4.5
RES001782,93.8,American,,40.5,1.1
RES001783,66.81,Burger,70,47.2,5.1
RES001784,56.45,American,,63.0,8.5
RES001785,22.89,American,60,13.8,7.5
RES001786,76.9,Brazilian,,8.9,3.0
RES001787,42.43,Brazilian,,56.7,6.4
RES001788,87.39,Italian,,72.7,9.4
RES001789,50.9,Mediterranean,52,15.8,1.7
RES001790,27.05,Thai,53,47.2,1.4
RES001791,66.52,Burger,,27.6,1.0
RES001792,20.5,Mexican,15,69.6,1.0
RES001793,97.77,Thai,44,68.7,3.8
RES001794,40.57,Mexican,59,30.0,1.6
RES001795,25.02,Japanese,58,33.5,6.6
RES001796,37.7,Pizza,80,49.7,7.8
RES001797,94.84,Chinese,25,76.0,7.0
RES001798,81.64,Japanese,24,93.5,0.9
RES001799,68.96,Japanese,,13.8,5.4
RES001800,67.25,Japanese,31,57.2,9.3
RES001801,51.68,French,38,51.4,1.6
RES001802,24.2,Burger,27,68.2,5.2
RES001803,51.27,Brazilian,,68.4,5.7
RES001804,89.12,Mediterranean,21,1.9,8.3
RES001805,91.75,Thai,59,71.9,1.9
RES001806,91.32,American,,47.7,3.0
RES001807,68.19,Brazilian,,10.6,8.6
RES001808,25.0,Mexican,59,33.1,2.7
RES001809,71.0,Burger,89,1.6,3.7
RES001810,53.03,Mexican,,24.5,4.8
RES001811,75.79,Indian,48,71.6,1.6
RES001812,58.98,Italian,,11.2,8.3
RES001813,25.83,American,,21.6,2.4
RES001814,81.66,Italian,67,0.0,2.4
RES001815,69.19,Italian,59,91.3,8.1
RES001816,46.53,Mediterranean,35,84.1,4.9
RES001817,40.4,Pizza,,77.3,8.0
RES001818,18.86,French,,50.6,8.0
RES001819,52.87,Italian,,36.3,3.8
RES001820,41.3,Indian,84,10.4,0.8
RES001821,20.5,Pizza,,93.4,4.4
RES001822,62.06,Pizza,50,60.1,6.7
RES001823,44.0,Chinese,69,8.6,8.7
RES001824,24.79,Mexican,20,5.6,1.0
RES001825,53.88,Burger,55,65.5,9.9
RES001826,21.95,Pizza,94,95.8,9.9
RES001827,21.22,French,78,50.9,4.8
RES001828,20.71,American,56,58.2,4.8
RES001829,22.06,Thai,65,39.1,3.6
RES001830,72.84,Burger,33,46.9,2.6
RES001831,51.75,Italian,58,47.8,9.1
RES001832,22.25,Burger,74,74.7,8.6
RES001833,95.83,Mediterranean,,43.8,8.8
RES001834,20.85,Burger,,96.5,6.6
RES001835,97.9,French,59,43.0,9.8
RES001836,61.35,Mediterranean,76,56.3,0.2
RES001837,47.83,American,,92.7,3.4
RES001838,92.36,Italian,43,92.2,4.9
RES001839,23.44,Chinese,22,35.5,5.6
RES001840,45.57,Italian,71,45.8,0.9
RES001841,72.35,Italian,,28.2,3.3
RES001842,58.77,Italian,43,53.4,6.6
RES001843,23.09,Japanese,86,4.1,8.2
RES001844,52.33,French,,76.7,2.7
RES001845,28.1,Mediterranean,,53.6,7.2
RES001846,74.7,Pizza,55,8.9,7.0
RES001847,86.03,Thai,,9.5,9.8
RES001848,97.58,Burger,37,14.1,7.4
RES001849,92.3,French,46,42.0,5.9
RES001850,105.86,Italian,80,22.3,7.2
RES001851,35.38,Burger,79,7.0,0.2
RES001852,41.82,Mexican,19,86.9,6.2
RES001853,57.11,Thai,,67.1,2.1
RES001854,54.66,Chinese,31,87.4,10.0
RES001855,51.98,Thai,45,10.0,2.0
RES001856,21.16,Brazilian,21,86.8,9.7
RES001857,45.88,French,23,60.1,0.9
RES001858,67.3,Chinese,55,25.0,8.4
RES001859,26.82,Italian,,96.8,4.9
RES001860,78.09,Thai,,29.8,2.9
RES001861,98.71,American,79,99.5,9.1
RES001862,20.67,Italian,,95.6,3.7
RES001863,78.85,Japanese,84,24.8,1.4
RES001864,28.24,Pizza,,60.4,8.4
RES001865,25.43,Italian,80,8.8,2.7
RES001866,68.03,Burger,,41.8,4.3
RES001867,100.62,French,,75.6,4.8
RES001868,23.0,Indian,75,97.4,1.2
RES001869,83.99,Chinese,,56.0,1.2
RES001870,43.64,French,31,94.4,6.5
RES001871,100.65,Italian,29,61.0,2.4
RES001872,46.35,Pizza,77,13.8,8.1
RES001873,74.12,American,62,66.5,7.2
RES001874,53.23,Japanese,49,68.5,0.2
RES001875,19.57,Mexican,91,46.3,6.0
RES001876,53.03,Mexican,42,28.8,6.8
RES001877,45.22,Mediterranean,,19.0,8.3
RES001878,52.19,Italian,,81.6,3.0
RES001879,64.33,Italian,48,62.7,2.1
RES001880,70.36,Burger,,67.3,0.9
RES001881,80.12,Chinese,73,49.0,4.1
RES001882,68.43,Italian,,53.6,0.3
RES001883,86.33,Burger,31,57.2,0.1
RES001884,70.52,Italian,55,66.5,3.7
RES001885,44.12,Mexican,,3.8,2.7
RES001886,51.75,Thai,,89.6,5.2
RES001887,82.03,French,50,98.0,5.7
RES001888,60.38,Pizza,70,93.0,1.3
RES001889,86.3,French,91,19.9,1.6
RES001890,95.41,French,72,23.7,3.3
RES001891,42.26,French,100,22.4,6.0
RES001892,59.33,Brazilian,11,24.4,0.8
RES001893,68.87,American,,99.2,5.6
RES001894,65.16,Japanese,92,37.8,6.2
RES001895,81.44,Mexican,29,7.6,2.4
RES001896,24.27,Chinese,29,78.1,8.7
RES001897,74.22,Pizza,79,16.6,0.4
RES001898,19.16,Japanese,,98.2,7.5
RES001899,23.21,French,,38.5,4.9
RES001900,24.18,Thai,,17.0,5.2
RES001901,82.75,Mediterranean,,93.0,3.3
RES001902,21.37,Japanese,84,84.7,2.3
RES001903,68.51,Brazilian,,79.5,3.9
RES001904,22.45,Burger,65,67.7,8.6
RES001905,67.54,Thai,22,53.0,3.4
RES001906,15.87,Thai,60,17.6,6.6
RES001907,63.22,American,39,89.6,7.0
RES001908,21.5,Japanese,,16.4,1.4
RES001909,27.11,French,57,50.5,9.4
RES001910,76.46,Chinese,,62.7,3.3
RES001911,25.91,Burger,,45.2,9.2
RES001912,91.78,Mediterranean,49,69.8,3.9
RES001913,47.66,Mediterranean,,45.8,2.2
RES001914,39.92,Brazilian,,78.5,7.8
RES001915,99.33,Mediterranean,83,60.8,7.3
RES001916,59.69,Japanese,27,60.4,2.3
RES001917,71.26,Chinese,40,86.6,5.1
RES001918,19.32,Pizza,68,4.7,8.7
RES001919,20.91,Mediterranean,66,39.4,6.9
RES001920,22.55,Brazilian,38,59.9,4.3
RES001921,108.12,Pizza,68,23.8,1.5
RES001922,71.43,Italian,26,58.5,1.5
RES001923,68.77,Italian,19,36.8,5.8
RES001924,34.21,American,30,5.7,3.1
RES001925,19.34,Chinese,74,34.7,9.7
RES001926,77.71,Italian,94,43.4,1.8
RES001927,47.05,Thai,74,58.2,2.0
RES001928,55.75,Mediterranean,25,11.5,0.6
RES001929,31.27,Burger,49,99.1,7.5
RES001930,61.46,Brazilian,,70.6,0.8
RES001931,93.01,Brazilian,,32.4,0.6
RES001932,45.94,Japanese,,45.9,8.3
RES001933,77.74,Mexican,70,45.0,4.8
RES001934,56.02,Indian,61,43.9,4.3
RES001935,18.28,Pizza,45,31.6,4.9
RES001936,43.66,Burger,47,39.5,0.3
RES001937,49.9,Brazilian,,32.2,8.3
RES001938,77.61,American,61,51.3,10.0
RES001939,55.62,Mexican,88,43.9,5.2
RES001940,20.8,Chinese,85,62.2,2.7
RES001941,57.97,Indian,84,93.6,1.9
RES001942,67.42,Mexican,17,27.1,1.5
RES001943,79.52,Indian,72,50.4,7.7
RES001944,47.03,Mexican,,58.2,7.3
RES001945,25.82,Japanese,22,13.6,6.8
RES001946,20.85,Mexican,74,54.9,6.4
RES001947,56.04,Chinese,49,85.5,0.9
RES001948,67.47,Italian,81,37.1,7.0
RES001949,78.58,Pizza,89,86.0,0.6
RES001950,72.7,Chinese,52,65.2,8.0
RES001951,80.77,Thai,29,17.5,4.0
RES001952,23.97,American,,96.1,9.2
RES001953,48.03,Chinese,,2.1,2.3
RES001954,43.47,Brazilian,16,85.3,7.8
RES001955,100.65,French,44,31.1,8.7
RES001956,23.35,Thai,99,20.2,0.8
RES001957,12.79,Mexican,55,82.2,8.0
RES001958,21.78,American,,14.6,6.7
RES001959,95.54,Mediterranean,,38.0,1.6
RES001960,47.92,Mediterranean,83,50.5,8.0
RES001961,72.09,Pizza,65,99.8,5.5
RES001962,28.75,Indian,43,22.0,2.8
RES001963,23.89,Mediterranean,,87.0,0.0
RES001964,49.19,Chinese,,71.6,9.1
RES001965,97.74,Mediterranean,56,50.2,6.2
RES001966,92.5,Thai,,64.7,3.3
RES001967,92.63,Burger,81,56.7,6.4
RES001968,63.58,Mediterranean,,43.5,8.7
RES001969,93.78,Brazilian,30,94.2,3.8
RES001970,47.3,Brazilian,,36.2,5.3
RES001971,88.8,French,,74.0,2.6
RES001972,84.35,Italian,63,53.9,9.2
RES001973,94.23,Indian,35,22.0,0.1
RES001974,44.59,Italian,47,13.0,1.1
RES001975,39.18,Mexican,80,31.1,0.1
RES001976,38.43,Thai,,30.1,6.8
RES001977,24.63,Mediterranean,,58.8,1.8
RES001978,91.84,Chinese,83,93.0,7.8
RES001979,24.02,Thai,34,94.4,6.7
RES001980,20.57,French,36,19.1,3.2
RES001981,84.16,Brazilian,32,51.6,4.8
RES001982,49.07,French,,72.1,5.3
RES001983,90.58,Pizza,,41.6,3.8
RES001984,79.51,French,24,10.2,2.0
RES001985,81.46,Thai,79,28.2,5.2
RES001986,26.15,Chinese,87,14.9,7.7
RES001987,22.45,Pizza,92,97.4,7.9
RES001988,52.28,American,31,88.2,7.6
RES001989,28.89,Mediterranean,60,61.2,0.1
RES001990,39.18,Pizza,,85.0,4.7
RES001991,86.42,Mexican,31,1.3,7.5
RES001992,26.31,Pizza,33,73.7,3.2
RES001993,89.77,Pizza,,54.8,2.9
RES001994,26.98,Brazilian,,99.2,5.7
RES001995,72.26,Thai,,99.0,3.5
RES001996,92.37,Chinese,85,1.2,8.6
RES001997,69.93,Pizza,59,64.9,4.6
RES001998,101.93,Italian,,17.8,6.3
RES001999,29.01,Brazilian,,93.8,0.7
RES002000,26.57,Thai,,75.5,5.1
RES002001,85.17,Brazilian,,37.1,5.7
RES002002,96.23,American,71,80.2,6.6
RES002003,21.66,Italian,21,29.9,5.3
RES002004,50.07,Brazilian,71,61.9,8.6
RES002005,63.22,Pizza,39,53.8,1.2
RES002006,22.2,Thai,,97.8,9.0
RES002007,48.11,Italian,,27.1,6.4
RES002008,39.97,Indian,30,6.5,5.8
RES002009,16.71,Mexican,65,86.6,7.4
RES002010,20.98,Burger,,66.7,9.3
RES002011,39.19,American,84,28.6,3.8
RES002012,50.45,Thai,,55.8,10.0
RES002013,21.45,Indian,55,60.3,3.6
RES002014,90.05,Indian,69,55.8,2.9
RES002015,22.67,Mediterranean,,60.1,8.6
RES002016,82.95,Pizza,51,6.9,6.1
RES002017,67.4,Brazilian,63,80.4,3.3
RES002018,72.89,Pizza,26,12.0,4.5
RES002019,22.59,Thai,83,29.5,9.6
RES002020,21.05,Burger,41,56.7,9.7
RES002021,55.25,Indian,,26.4,3.0
RES002022,17.77,Japanese,42,93.7,8.5
RES002023,20.92,Brazilian,39,88.1,6.0
RES002024,91.14,Brazilian,83,51.2,3.8
RES002025,100.12,Thai,77,50.3,9.3
RES002026,100.26,Mexican,66,55.7,9.3
RES002027,57.68,Indian,60,67.4,8.7
RES002028,22.15,Mexican,,34.2,1.4
RES002029,18.73,Mediterranean,75,42.2,4.2
RES002030,84.57,Chinese,,71.1,6.3
RES002031,46.97,Italian,45,58.8,0.3
RES002032,99.94,Italian,30,10.9,2.1
RES002033,63.58,Mexican,,86.1,6.9
RES002034,27.11,Thai,35,83.9,3.3
RES002035,25.68,Chinese,,68.6,7.2
RES002036,53.26,French,26,14.2,9.1
RES002037,73.58,American,77,44.9,3.5
RES002038,40.87,Mexican,,37.8,5.6
RES002039,47.37,Mexican,,57.5,1.1
RES002040,71.92,French,,64.9,8.9
RES002041,96.18,Indian,,38.4,3.3
RES002042,86.03,American,51,5.7,3.3
RES002043,65.15,Japanese,40,52.6,8.9
RES002044,95.71,French,13,3.6,4.0
RES002045,57.19,Japanese,27,9.0,7.1
RES002046,52.57,American,,56.4,0.5
RES002047,74.6,Mexican,,90.5,6.7
RES002048,85.58,Japanese,,64.1,5.8
RES002049,77.55,Italian,,10.0,8.5
RES002050,43.24,Brazilian,32,98.6,2.3
RES002051,40.49,Mexican,,6.8,6.9
RES002052,73.83,Pizza,59,69.1,9.8
RES002053,80.05,Mediterranean,,29.6,0.5
RES002054,71.72,Pizza,,46.9,9.3
RES002055,25.29,Chinese,43,82.7,2.0
RES002056,88.28,Japanese,54,52.9,4.2
RES002057,119.85,Mexican,25,21.5,9.7
RES002058,53.92,Burger,53,94.4,4.5
RES002059,98.02,Japanese,91,66.2,2.5
RES002060,17.45,Chinese,86,66.8,2.8
RES002061,64.46,Brazilian,74,84.5,1.0
RES002062,76.63,Chinese,36,51.4,6.9
RES002063,79.3,Mediterranean,37,90.6,10.0
RES002064,23.47,Burger,,27.9,8.5
RES002065,60.27,Pizza,71,95.2,1.9
RES002066,37.2,Mexican,56,24.6,5.9
RES002067,44.93,Indian,,8.8,7.4
RES002068,89.57,Mediterranean,46,53.5,9.0
RES002069,61.03,Burger,73,41.0,3.3
RES002070,70.99,French,82,62.6,9.3
RES002071,20.74,Japanese,,34.1,7.2
RES002072,94.76,Mediterranean,94,42.6,4.7
RES002073,40.35,Pizza,62,25.1,0.5
RES002074,73.33,Italian,30,51.0,8.1
RES002075,94.93,Mediterranean,71,86.2,0.6
RES002076,82.89,Burger,60,30.9,9.1
RES002077,23.99,Pizza,71,96.7,4.0
RES002078,115.2,Chinese,63,89.6,4.0
RES002079,66.85,French,48,88.1,2.6
RES002080,23.66,Pizza,30,3.3,6.3
RES002081,82.52,Burger,39,38.5,3.7
RES002082,75.92,Indian,21,33.0,2.5
RES002083,45.32,Burger,64,40.4,3.5
RES002084,56.68,Indian,49,34.7,2.1
RES002085,38.35,Indian,,44.8,2.0
RES002086,85.39,Thai,24,78.8,7.0
RES002087,46.5,Chinese,50,91.2,8.3
RES002088,64.12,Burger,28,85.1,9.0
RES002089,87.83,Burger,47,40.6,1.6
RES002090,78.84,Pizza,74,31.3,2.7
RES002091,23.82,French,26,44.7,9.1
RES002092,45.51,Italian,,22.6,3.3
RES002093,20.33,Burger,36,11.2,0.2
RES002094,76.13,American,,19.8,3.1
RES002095,66.27,Burger,26,61.6,4.9
RES002096,25.41,Burger,,78.0,0.3
RES002097,87.44,Italian,18,82.3,2.0
RES002098,40.9,Brazilian,66,9.2,4.9
RES002099,49.31,French,,15.9,3.5
RES002100,40.26,Chinese,36,14.8,7.7
RES002101,39.45,French,43,52.2,8.3
RES002102,24.29,Japanese,43,85.7,7.3
RES002103,94.86,Thai,83,52.8,4.7
RES002104,22.69,Pizza,,22.0,9.7
RES002105,39.4,American,41,74.7,4.6
RES002106,51.85,Mexican,,93.2,9.0
RES002107,43.9,Mediterranean,32,64.8,9.9
RES002108,68.98,Brazilian,,27.8,3.3
RES002109,78.81,Mediterranean,21,70.9,7.0
RES002110,51.55,Thai,63,50.2,6.5
RES002111,40.49,Burger,,2.0,2.7
RES002112,133.43,Brazilian,53,19.1,8.1
RES002113,25.61,Chinese,88,70.3,0.7
RES002114,66.34,Pizza,63,71.3,2.7
RES002115,100.21,American,82,42.1,8.5
RES002116,61.9,Brazilian,38,54.9,0.8
RES002117,27.91,Japanese,74,51.6,8.7
RES002118,62.8,Japanese,89,58.2,5.7
RES002119,16.93,Indian,91,65.1,1.5
RES002120,49.81,Italian,47,83.4,1.3
RES002121,44.45,French,,62.5,8.6
RES002122,78.4,Burger,,7.4,2.3
RES002123,20.58,Burger,,91.1,9.7
RES002124,74.58,Thai,87,77.5,3.8
RES002125,66.94,Pizza,52,63.6,5.4
RES002126,102.82,Burger,,29.2,9.6
RES002127,111.97,Indian,,97.6,1.2
RES002128,81.56,Mexican,32,51.3,8.1
RES002129,61.84,Burger,19,68.7,3.2
RES002130,36.5,Brazilian,82,18.5,4.7
RES002131,103.74,Mediterranean,,96.7,4.3
RES002132,45.32,Italian,,69.9,6.2
RES002133,20.47,Brazilian,,68.7,2.4
RES002134,20.33,French,,90.5,10.0
RES002135,26.31,French,41,35.6,5.3
RES002136,65.73,Brazilian,,68.3,9.1
RES002137,85.72,Mexican,,16.5,2.5
RES002138,80.59,American,,57.8,3.2
RES002139,18.19,Pizza,,41.3,1.2
RES002140,20.63,Thai,18,37.9,4.8
RES002141,69.0,Japanese,88,36.0,5.8
RES002142,104.6,Chinese,24,80.4,8.4
RES002143,48.96,Japanese,59,50.4,6.2
RES002144,44.35,Mediterranean,27,65.1,1.8
RES002145,52.22,French,56,47.8,0.9
RES002146,65.31,American,88,1.2,8.1
RES002147,51.46,Chinese,,93.9,5.3
RES002148,77.16,Thai,,65.6,7.9
RES002149,66.21,Indian,24,33.4,1.9
RES002150,74.96,American,76,40.6,3.0
RES002151,50.6,Japanese,,37.0,7.0
RES002152,101.04,Chinese,,61.5,5.3
RES002153,29.67,American,,35.4,2.9
RES002154,75.16,Mexican,,54.7,9.6
RES002155,16.11,American,30,73.3,7.1
RES002156,63.21,American,52,66.1,5.0
RES002157,26.77,American,14,92.1,3.9
RES002158,23.51,American,,30.4,7.0
RES002159,62.48,American,72,82.3,1.2
RES002160,82.42,Mexican,,15.9,8.8
RES002161,22.68,Chinese,25,91.4,6.5
RES002162,40.85,Brazilian,28,45.7,6.2
RES002163,83.27,Burger,68,2.4,4.2
RES002164,73.98,French,,62.3,8.3
RES002165,87.12,Burger,,98.1,5.7
RES002166,81.77,Japanese,,11.0,4.4
RES002167,45.94,Mediterranean,49,77.3,4.3
RES002168,26.33,American,63,37.1,2.1
RES002169,77.64,Pizza,85,53.0,1.6
RES002170,53.37,Burger,35,16.7,6.6
RES002171,83.27,Mediterranean,,33.6,9.6
RES002172,22.49,Indian,,14.1,0.2
RES002173,19.86,Chinese,91,17.5,9.0
RES002174,93.11,Mexican,50,84.3,0.7
RES002175,81.3,Chinese,45,85.7,5.0
RES002176,60.9,Chinese,,45.1,2.9
RES002177,24.14,Japanese,80,35.9,1.4
RES002178,36.81,Brazilian,52,5.4,8.7
RES002179,97.35,Chinese,16,66.5,6.1
RES002180,47.96,Brazilian,,64.3,1.2
RES002181,54.29,Brazilian,75,0.7,5.7
RES002182,41.88,Mexican,24,41.9,5.1
RES002183,24.45,Italian,37,24.8,3.9
RES002184,51.16,Mediterranean,31,62.9,8.3
RES002185,76.66,Japanese,52,8.9,4.6
RES002186,83.05,Brazilian,53,17.8,5.3
RES002187,39.12,Thai,98,56.1,2.5
RES002188,22.62,Mediterranean,,79.0,4.9
RES002189,25.47,Mediterranean,,16.6,2.1
RES002190,22.59,Japanese,,67.5,2.6
RES002191,45.24,Mediterranean,33,79.5,4.5
RES002192,39.44,French,60,82.8,8.1
RES002193,94.59,Thai,42,88.7,2.9
RES002194,26.32,Indian,83,67.6,1.4
RES002195,21.93,Italian,54,17.4,5.5
RES002196,36.58,Burger,22,76.6,9.1
RES002197,83.83,Pizza,18,25.3,5.1
RES002198,43.84,French,49,76.3,4.3
RES002199,114.64,American,83,88.4,4.9
RES002200,22.21,Pizza,,22.5,5.7
RES002201,70.52,Mediterranean,,8.1,2.7
RES002202,73.89,Pizza,42,34.3,9.2
RES002203,55.38,Chinese,,10.5,8.8
RES002204,21.02,Indian,,17.4,2.9
RES002205,100.96,Burger,52,1.3,1.3
RES002206,71.04,Thai,31,69.6,1.8
RES002207,23.87,American,,4.1,4.9
RES002208,88.3,Burger,27,39.8,4.1
RES002209,23.95,French,43,80.9,7.5
RES002210,19.51,Indian,30,98.3,9.5
RES002211,24.52,Indian,,5.9,5.1
RES002212,24.17,Chinese,77,21.6,6.7
RES002213,22.53,Indian,,81.5,4.6
RES002214,68.04,American,,27.7,7.6
RES002215,49.76,American,99,48.6,9.8
RES002216,35.75,Italian,64,63.3,5.1
RES002217,46.75,Pizza,,84.2,3.0
RES002218,94.91,Mexican,25,18.3,0.4
RES002219,30.95,Mexican,18,35.6,0.3
RES002220,24.19,French,26,67.3,3.0
RES002221,100.37,Burger,46,30.1,0.3
RES002222,41.2,Mexican,30,45.0,2.1
RES002223,44.44,Mexican,90,62.8,2.9
RES002224,38.04,Brazilian,,73.5,0.4
RES002225,37.61,French,,39.8,6.6
RES002226,103.93,Indian,,73.6,7.8
RES002227,18.29,American,48,7.6,0.8
RES002228,79.45,Burger,,41.4,5.2
RES002229,66.78,Mexican,26,69.2,7.4
RES002230,21.63,Brazilian,29,91.2,9.4
RES002231,93.53,Pizza,,67.6,2.6
RES002232,84.03,Mediterranean,82,10.8,8.2
RES002233,39.65,Thai,92,44.4,0.4
RES002234,50.29,Pizza,79,85.5,2.1
RES002235,19.87,American,79,18.8,4.9
RES002236,73.19,Indian,40,84.5,8.9
RES002237,53.42,French,,67.7,0.1
RES002238,96.13,Indian,39,36.0,6.9
RES002239,98.33,Thai,27,56.3,3.4
RES002240,22.34,Thai,82,77.6,2.4
RES002241,65.58,Mexican,,62.8,3.3
RES002242,42.65,Mexican,25,77.6,9.5
RES002243,65.81,Burger,,2.9,2.4
RES002244,38.5,Indian,,40.5,2.2
RES002245,21.6,Mediterranean,95,51.4,2.6
RES002246,67.82,Japanese,,62.5,7.4
RES002247,23.36,Japanese,,18.1,8.6
RES002248,23.56,Thai,31,83.4,3.2
RES002249,83.34,Mexican,,95.7,9.4
RES002250,77.43,Japanese,80,89.4,7.9
RES002251,82.23,Chinese,77,84.5,5.9
RES002252,42.87,Indian,,28.1,7.2
RES002253,23.44,Japanese,,6.3,0.1
RES002254,87.45,Japanese,31,14.9,7.6
RES002255,60.6,Thai,42,15.2,7.8
RES002256,27.38,French,84,53.3,5.7
RES002257,23.51,Thai,92,47.9,1.6
RES002258,46.5,Brazilian,81,31.3,6.9
RES002259,22.62,American,25,56.7,8.2
RES002260,83.86,Pizza,,14.2,1.5
RES002261,22.29,Chinese,33,72.6,8.4
RES002262,70.67,Brazilian,,5.1,6.1
RES002263,92.03,Mediterranean,,10.1,6.5
RES002264,70.9,Indian,,33.7,7.3
RES002265,22.14,Thai,53,29.8,5.7
RES002266,58.13,Chinese,,31.2,0.1
RES002267,77.11,French,18,96.7,6.7
RES002268,49.49,Mexican,34,27.4,4.1
RES002269,95.09,Burger,,42.9,1.2
RES002270,19.13,Thai,61,30.0,1.9
RES002271,44.3,Japanese,100,84.3,4.7
RES002272,94.92,Thai,36,62.7,9.1
RES002273,67.04,Pizza,40,14.1,6.4
RES002274,65.29,Brazilian,58,98.7,1.0
RES002275,70.63,Thai,36,53.6,6.0
RES002276,64.12,Mexican,,51.5,0.3
RES002277,85.55,Thai,45,88.2,0.5
RES002278,51.78,Indian,,80.4,0.3
RES002279,27.4,Pizza,27,86.6,9.8
RES002280,16.11,Thai,,28.9,2.5
RES002281,64.64,Italian,63,39.8,1.4
RES002282,22.87,French,,62.7,8.2
RES002283,101.71,Burger,22,49.3,7.4
RES002284,21.37,Indian,70,81.0,4.4
RES002285,58.37,Italian,,74.8,6.7
RES002286,45.82,French,,45.4,8.9
RES002287,25.3,Mediterranean,81,81.6,9.9
RES002288,49.81,Mexican,34,92.5,8.6
RES002289,66.19,Mexican,,10.2,8.4
RES002290,46.16,Pizza,,47.2,5.8
RES002291,75.79,Japanese,26,38.9,1.6
RES002292,26.97,Thai,71,92.1,3.0
RES002293,101.27,Indian,25,84.9,5.6
RES002294,84.72,Mediterranean,82,4.7,3.4
RES002295,27.06,Italian,13,61.9,7.0
RES002296,55.23,French,,76.4,6.5
RES002297,62.59,Japanese,,45.4,9.9
RES002298,66.33,Brazilian,78,54.9,1.6
RES002299,64.31,American,,67.1,7.4
RES002300,58.83,Thai,74,90.8,7.9
RES002301,59.66,Brazilian,,48.8,5.2
RES002302,111.14,Thai,,1.6,2.7
RES002303,105.19,Burger,,27.8,2.3
RES002304,22.78,American,76,66.3,3.8
RES002305,43.29,Mediterranean,100,26.3,0.6
RES002306,94.69,Burger,54,43.4,1.4
RES002307,62.9,Japanese,31,58.7,1.8
RES002308,78.55,Thai,68,56.7,0.1
RES002309,23.44,Mediterranean,,67.7,9.4
RES002310,85.31,Mediterranean,,83.0,7.9
RES002311,25.3,Mediterranean,,77.9,3.1
RES002312,86.44,French,45,96.1,0.6
RES002313,63.89,Mediterranean,46,6.7,4.4
RES002314,105.24,Mediterranean,60,87.0,1.3
RES002315,67.03,Thai,72,56.0,6.8
RES002316,28.61,French,,58.2,4.4
RES002317,70.04,Burger,36,1.5,7.1
RES002318,80.39,Thai,36,9.8,8.8
RES002319,53.56,Burger,66,46.9,1.5
RES002320,23.64,Chinese,,13.5,8.2
RES002321,71.92,Chinese,,48.6,9.1
RES002322,90.24,Thai,,33.9,7.3
RES002323,89.52,Mediterranean,34,17.5,8.1
RES002324,50.32,Indian,77,27.7,3.1
RES002325,21.47,French,65,88.8,4.6
RES002326,27.05,American,50,74.5,1.0
RES002327,64.72,American,56,36.4,7.8
RES002328,83.97,Burger,,84.4,1.3
RES002329,67.61,Italian,69,26.4,8.6
RES002330,44.38,Italian,53,75.9,3.6
RES002331,45.61,Chinese,35,25.8,0.9
RES002332,56.16,Mediterranean,,7.7,4.1
RES002333,78.86,Mediterranean,,29.1,5.6
RES002334,47.07,Mediterranean,93,82.0,9.7
RES002335,25.42,Chinese,,14.8,7.9
RES002336,45.94,French,,10.8,0.3
RES002337,50.05,Brazilian,,42.2,2.9
RES002338,71.18,Japanese,,61.7,1.3
RES002339,21.44,Italian,78,81.6,6.1
RES002340,97.22,French,,60.6,7.0
RES002341,79.09,Chinese,87,42.9,5.3
RES002342,22.23,Mexican,86,61.7,3.0
RES002343,49.0,Pizza,,82.7,5.9
RES002344,82.31,Indian,17,76.3,1.4
RES002345,52.86,Italian,78,9.4,4.3
RES002346,26.27,Japanese,29,65.7,0.9
RES002347,22.49,Italian,,22.1,5.0
RES002348,22.52,Mexican,59,93.2,9.3
RES002349,75.34,Italian,43,73.9,5.4
RES002350,80.33,Mexican,,92.9,3.7
RES002351,86.27,Japanese,,74.1,2.2
RES002352,42.29,Chinese,,28.2,6.5
RES002353,92.71,Indian,74,4.0,0.8
RES002354,65.56,American,49,16.3,2.7
RES002355,40.01,American,22,83.6,3.9
RES002356,39.02,American,,15.9,6.3
RES002357,77.53,Thai,65,17.1,3.2
RES002358,70.47,Mediterranean,82,69.4,6.8
RES002359,72.7,Pizza,23,64.1,3.9
RES002360,50.52,Mexican,16,37.3,0.1
RES002361,44.86,Brazilian,71,30.6,2.8
RES002362,114.7,French,,5.4,4.1
RES002363,83.39,American,,54.2,7.3
RES002364,47.06,Indian,66,59.5,8.8
RES002365,28.87,Mexican,77,97.4,0.5
RES002366,98.39,Thai,75,18.3,8.5
RES002367,84.7,American,,8.4,8.1
RES002368,62.44,French,71,45.7,3.1
RES002369,105.07,Japanese,67,3.9,7.0
RES002370,89.66,Indian,65,42.3,8.9
RES002371,21.98,Mediterranean,25,69.1,5.0
RES002372,21.26,Italian,,83.1,2.9
RES002373,23.23,Thai,88,15.6,6.6
RES002374,71.09,Indian,,27.1,0.5
RES002375,40.4,Mexican,,25.4,8.0
RES002376,24.69,Mexican,88,71.6,5.4
RES002377,25.0,Thai,89,77.3,2.5
RES002378,96.77,Mediterranean,57,55.5,9.1
RES002379,39.42,Italian,,82.6,4.1
RES002380,46.31,French,36,24.1,4.8
RES002381,88.84,Indian,23,35.9,2.5
RES002382,21.82,Japanese,93,49.5,8.4
RES002383,66.12,Japanese,,47.4,5.4
RES002384,77.18,American,,82.5,2.4
RES002385,20.62,American,78,39.2,6.1
RES002386,64.91,Japanese,,5.9,9.0
RES002387,34.59,Brazilian,,56.5,1.5
RES002388,36.38,Thai,,49.1,5.5
RES002389,73.49,Chinese,,67.2,3.5
RES002390,94.53,Chinese,,78.5,1.5
RES002391,30.39,Japanese,58,21.6,7.2
RES002392,72.09,Japanese,63,4.0,8.2
RES002393,79.59,French,,33.8,5.5
RES002394,15.0,French,66,35.4,2.7
RES002395,97.38,Pizza,,38.3,9.8
RES002396,68.2,Chinese,17,78.3,2.0
RES002397,60.1,American,,19.1,1.4
RES002398,56.02,Japanese,34,64.3,0.3
RES002399,40.27,Chinese,58,70.7,6.4
RES002400,22.52,Indian,65,65.6,3.0
RES002401,45.7,American,,29.1,3.6
RES002402,65.17,Brazilian,61,15.0,8.4
RES002403,69.36,French,,60.1,1.0
RES002404,61.89,Mediterranean,78,19.6,0.9
RES002405,41.05,American,,97.9,5.2
RES002406,53.36,French,,0.1,7.7
RES002407,22.6,Burger,27,90.0,7.5
RES002408,19.77,French,74,75.8,1.0
RES002409,91.29,Thai,76,1.0,0.0
RES002410,41.84,Thai,,50.8,0.0
RES002411,88.47,Chinese,95,6.3,1.3
RES002412,68.76,Mexican,25,6.9,3.0
RES002413,22.34,Brazilian,59,56.2,5.8
RES002414,42.91,Indian,78,2.9,0.4
RES002415,103.84,Thai,,14.7,9.9
RES002416,93.18,Mexican,45,30.8,4.9
RES002417,50.03,Thai,50,97.2,2.8
RES002418,103.33,Mediterranean,55,7.5,8.7
RES002419,47.22,French,79,91.4,6.6
RES002420,47.32,Pizza,83,28.3,5.7
RES002421,34.06,Thai,56,81.3,8.7
RES002422,72.51,Thai,,72.7,8.9
RES002423,50.85,Mediterranean,51,12.7,5.1
RES002424,58.95,Thai,70,29.6,9.2
RES002425,42.79,Indian,,92.6,5.8
RES002426,67.32,Thai,,23.0,4.6
RES002427,60.64,Mediterranean,80,35.9,8.1
RES002428,18.46,French,73,74.0,8.8
RES002429,22.4,Chinese,52,80.1,0.3
RES002430,104.47,Indian,87,25.1,3.3
RES002431,29.31,Indian,40,45.6,7.2
RES002432,78.2,Mexican,,29.1,1.4
RES002433,38.19,Chinese,86,27.0,7.0
RES002434,20.15,Thai,40,34.9,1.7
RES002435,41.41,American,,52.1,0.5
RES002436,72.83,Indian,26,67.0,6.7
RES002437,25.7,Chinese,83,99.4,2.7
RES002438,52.54,Mediterranean,85,66.0,2.7
RES002439,62.9,Mexican,52,72.3,4.0
RES002440,26.04,Pizza,,46.7,7.8
RES002441,104.86,Indian,,94.6,4.4
RES002442,24.67,Thai,94,12.2,5.5
RES002443,101.89,Indian,65,60.5,8.9
RES002444,93.22,Italian,,34.0,3.0
RES002445,66.24,Japanese,71,25.8,4.3
RES002446,100.45,Thai,,50.7,8.1
RES002447,39.76,Italian,,90.6,5.2
RES002448,20.32,Chinese,,27.4,9.8
RES002449,77.95,Thai,63,59.4,8.3
RES002450,27.49,Pizza,,55.4,7.9
RES002451,21.29,Indian,67,42.1,9.9
RES002452,50.81,Indian,,37.8,8.2
RES002453,24.21,Chinese,,48.5,7.8
RES002454,81.93,Mediterranean,55,50.0,9.5
RES002455,22.54,Mediterranean,,40.2,8.0
RES002456,15.32,American,80,69.9,5.4
RES002457,44.38,Thai,87,93.6,3.2
RES002458,42.83,Chinese,,70.1,4.7
RES002459,21.61,Indian,40,90.4,5.8
RES002460,96.7,Indian,77,70.8,5.7
RES002461,54.61,Burger,80,58.3,7.7
RES002462,46.7,Brazilian,51,63.1,3.4
RES002463,101.69,Pizza,43,23.9,3.6
RES002464,84.36,Italian,,72.8,4.2
RES002465,75.87,Burger,52,19.1,2.0
RES002466,54.76,Thai,68,1.3,3.0
RES002467,68.48,Mexican,53,59.1,9.8
RES002468,19.72,Thai,,16.3,9.4
RES002469,47.42,Indian,,0.2,3.5
RES002470,62.31,Mediterranean,,37.7,9.2
RES002471,47.46,Japanese,,91.1,0.2
RES002472,70.5,Italian,49,87.5,3.9
RES002473,25.61,Japanese,59,43.8,9.9
RES002474,24.82,Thai,15,86.2,2.8
RES002475,40.76,Burger,47,27.8,6.5
RES002476,40.86,American,51,10.4,0.9
RES002477,86.95,Mexican,,22.1,3.8
RES002478,104.08,Burger,,43.0,1.8
RES002479,49.85,Italian,14,22.6,2.0
RES002480,23.23,Italian,18,57.2,8.4
RES002481,24.48,Mexican,18,87.6,3.8
RES002482,90.94,Brazilian,,10.2,0.3
RES002483,44.74,Mediterranean,,17.7,3.7
RES002484,28.5,Thai,66,90.2,6.2
RES002485,52.69,American,,36.7,7.0
RES002486,50.87,Chinese,,49.6,9.8
RES002487,47.2,American,31,32.2,0.8
RES002488,23.31,Thai,80,72.9,0.2
RES002489,97.99,Pizza,75,12.7,4.9
RES002490,22.93,Thai,34,94.9,2.7
RES002491,100.9,Thai,69,24.1,3.0
RES002492,61.27,French,34,78.8,3.4
RES002493,19.5,Mexican,67,81.0,9.3
RES002494,92.96,Chinese,,61.4,3.1
RES002495,109.37,Thai,81,75.0,7.8
RES002496,22.4,Mexican,50,36.3,1.3
RES002497,19.68,Japanese,,71.7,4.9
RES002498,22.8,Indian,80,34.1,7.1
RES002499,61.86,Thai,44,0.4,7.0
RES002500,24.58,Burger,59,89.5,1.3
RES002501,61.84,Mediterranean,,43.0,6.4
RES002502,42.08,French,91,54.4,8.9
RES002503,25.25,Japanese,80,38.2,8.6
RES002504,62.54,Italian,,81.7,7.4
RES002505,46.05,Mexican,81,90.6,7.5
RES002506,78.47,Brazilian,,89.0,1.7
RES002507,88.57,Pizza,,70.0,0.6
RES002508,40.74,Burger,71,30.8,1.5
RES002509,62.4,American,81,0.6,7.9
RES002510,42.95,American,,5.5,9.2
RES002511,22.39,Mexican,27,73.3,0.4
RES002512,46.73,American,60,11.2,8.5
RES002513,27.19,American,,61.8,9.0
RES002514,69.76,Mediterranean,,87.8,3.7
RES002515,63.74,Burger,66,13.1,5.0
RES002516,104.24,Indian,,84.8,5.3
RES002517,70.67,Burger,,1.6,0.4
RES002518,41.84,Mexican,50,88.3,9.2
RES002519,41.71,Burger,51,45.6,4.8
RES002520,39.39,Chinese,45,92.5,5.7
RES002521,21.27,Indian,,76.2,2.2
RES002522,99.85,Japanese,43,27.7,2.8
RES002523,105.47,Mediterranean,44,41.3,1.7
RES002524,44.46,Burger,,29.8,6.6
RES002525,91.84,Brazilian,54,20.1,2.3
RES002526,79.53,American,79,15.4,6.8
RES002527,74.94,Indian,,52.9,9.3
RES002528,73.8,Pizza,48,87.8,4.8
RES002529,34.8,Thai,20,14.4,9.2
RES002530,21.89,Burger,79,74.4,2.5
RES002531,25.2,Italian,33,10.3,1.0
RES002532,53.44,Pizza,81,50.0,1.7
RES002533,76.59,Mexican,,90.7,9.5
RES002534,93.54,Brazilian,50,18.1,7.0
RES002535,44.69,Burger,,10.6,6.7
RES002536,80.74,Brazilian,,57.4,3.3
RES002537,104.62,Japanese,51,28.2,9.8
RES002538,92.34,Italian,38,80.2,1.6
RES002539,65.94,Indian,,70.0,1.9
RES002540,50.26,American,,41.0,4.4
RES002541,74.56,Burger,95,97.6,9.7
RES002542,42.62,Pizza,,78.0,8.4
RES002543,20.52,Mediterranean,,61.5,5.5
RES002544,78.05,Japanese,18,42.3,9.8
RES002545,100.64,Thai,,54.5,4.4
RES002546,40.35,French,29,60.1,4.3
RES002547,66.68,Pizza,,96.4,2.9
RES002548,80.52,Pizza,,47.0,5.7
RES002549,17.34,French,,60.3,6.6
RES002550,67.91,Italian,,2.3,1.2
RES002551,85.31,Mexican,76,21.0,2.5
RES002552,40.27,Pizza,43,25.1,2.2
RES002553,79.82,Chinese,45,24.2,7.6
RES002554,72.3,Italian,40,4.3,8.3
RES002555,70.22,Mediterranean,,85.2,9.0
RES002556,22.58,Mexican,48,90.4,8.2
RES002557,63.78,Thai,,20.1,8.8
RES002558,76.13,Brazilian,,68.5,4.6
RES002559,48.57,Japanese,81,60.5,2.2
RES002560,71.24,Thai,22,30.6,8.6
RES002561,62.54,Pizza,50,36.6,8.2
RES002562,21.42,Italian,,5.1,1.6
RES002563,75.38,Burger,38,21.1,1.2
RES002564,52.58,Mediterranean,59,92.9,7.2
RES002565,92.69,Burger,,26.1,2.7
RES002566,74.89,Chinese,23,13.2,8.5
RES002567,39.12,Mexican,89,12.3,3.5
RES002568,69.77,Italian,,96.2,3.1
RES002569,49.89,Mexican,79,32.0,6.1
RES002570,24.99,Brazilian,,26.7,4.6
RES002571,45.71,Mexican,72,12.5,9.5
RES002572,24.74,French,36,77.1,8.9
RES002573,88.74,French,50,33.0,5.6
RES002574,77.71,Chinese,50,48.3,4.9
RES002575,77.9,Italian,54,51.5,9.7
RES002576,90.8,Pizza,70,39.1,4.2
RES002577,41.39,Brazilian,,57.4,9.4
RES002578,77.0,Thai,,91.8,5.6
RES002579,65.34,Mexican,75,95.6,6.2
RES002580,22.51,Indian,50,1.6,0.8
RES002581,19.7,Mexican,60,27.4,7.0
RES002582,70.41,Pizza,32,29.1,2.6
RES002583,18.96,Chinese,84,42.1,3.5
RES002584,43.5,Thai,,34.4,7.1
RES002585,47.15,Italian,,17.0,1.5
RES002586,38.03,Mexican,70,92.5,4.6
RES002587,82.64,Indian,52,90.4,0.1
RES002588,98.65,Japanese,47,69.5,2.5
RES002589,29.83,Burger,34,35.3,1.0
RES002590,25.27,Thai,34,21.2,5.3
RES002591,45.22,Italian,31,37.2,6.7
RES002592,55.29,Mediterranean,35,78.3,6.2
RES002593,91.35,Indian,24,35.2,4.7
RES002594,39.96,Burger,40,72.2,9.5
RES002595,22.74,Mediterranean,,84.4,5.0
RES002596,78.88,Italian,11,90.6,5.7
RES002597,72.32,Italian,51,40.3,5.0
RES002598,21.03,Thai,38,66.1,1.9
RES002599,77.51,Brazilian,28,94.9,7.5
RES002600,73.71,Brazilian,,81.8,7.7
RES002601,74.72,Italian,,94.2,3.0
RES002602,102.08,Mexican,32,29.2,0.9
RES002603,40.91,Chinese,35,63.4,4.8
RES002604,57.93,Italian,60,46.8,6.8
RES002605,95.63,Mexican,53,28.0,4.2
RES002606,45.07,French,87,12.9,0.4
RES002607,23.22,Brazilian,51,59.0,9.4
RES002608,65.64,French,,0.2,2.0
RES002609,95.1,French,43,63.7,5.4
RES002610,63.27,French,77,98.2,2.5
RES002611,51.5,French,87,96.6,3.4
RES002612,62.07,Chinese,42,90.1,1.3
RES002613,82.25,Chinese,64,19.2,0.5
RES002614,42.78,Burger,24,6.8,9.0
RES002615,53.83,Thai,71,53.6,1.4
RES002616,19.69,Mediterranean,,49.9,0.3
RES002617,62.8,Thai,43,47.3,7.8
RES002618,83.66,American,,70.2,7.1
RES002619,22.35,Italian,95,70.3,6.0
RES002620,76.31,Italian,44,75.0,1.0
RES002621,22.49,Indian,60,66.9,0.9
RES002622,79.27,Japanese,76,88.7,3.2
RES002623,42.9,French,77,88.0,5.0
RES002624,45.66,Brazilian,,61.0,7.5
RES002625,65.42,Brazilian,,11.4,1.1
RES002626,18.46,Brazilian,84,48.8,9.2
RES002627,19.1,American,,18.5,9.1
RES002628,18.62,Chinese,36,77.7,0.7
RES002629,39.18,Mediterranean,67,42.9,2.3
RES002630,71.97,Brazilian,,52.2,8.9
RES002631,92.72,Mediterranean,,90.4,5.9
RES002632,36.55,Chinese,43,58.6,9.1
RES002633,89.21,Indian,49,73.3,4.3
RES002634,61.33,Chinese,,25.8,9.7
RES002635,91.63,Pizza,,28.1,9.8
RES002636,63.59,American,26,23.6,5.3
RES002637,58.63,Japanese,36,26.9,5.0
RES002638,96.43,Burger,68,61.7,2.7
RES002639,83.4,Indian,16,48.9,1.8
RES002640,52.72,Brazilian,56,89.2,1.7
RES002641,62.02,Italian,82,17.8,1.3
RES002642,40.79,Mexican,56,44.9,4.2
RES002643,25.61,Japanese,,50.5,1.9
RES002644,38.46,Brazilian,87,75.0,0.3
RES002645,73.52,Indian,,28.9,0.3
RES002646,15.67,Burger,64,96.9,0.7
RES002647,44.84,Indian,44,94.0,4.5
RES002648,18.51,French,75,76.7,6.7
RES002649,37.62,Brazilian,,98.7,6.2
RES002650,50.21,Pizza,34,39.6,9.6
RES002651,22.19,Indian,69,76.5,7.7
RES002652,104.99,Japanese,35,86.5,9.4
RES002653,55.03,Japanese,,28.3,3.1
RES002654,56.4,Chinese,55,3.4,2.3
RES002655,47.44,Japanese,13,16.0,5.3
RES002656,89.19,Pizza,61,57.0,8.9
RES002657,21.54,Thai,22,6.4,8.2
RES002658,20.95,American,44,50.9,6.5
RES002659,14.11,Burger,,85.4,6.4
RES002660,75.58,American,55,78.3,6.6
RES002661,93.12,Mexican,73,85.4,8.2
RES002662,72.16,Indian,,27.3,7.4
RES002663,86.2,Mexican,,84.2,4.4
RES002664,70.16,Chinese,41,88.3,7.6
RES002665,88.47,Japanese,,65.7,8.6
RES002666,25.25,American,,56.4,7.9
RES002667,26.34,Mediterranean,20,38.5,9.4
RES002668,83.81,Burger,,63.4,7.8
RES002669,67.55,Japanese,37,54.4,4.9
RES002670,68.7,Burger,72,49.1,7.0
RES002671,48.14,Brazilian,,7.3,5.3
RES002672,20.57,Burger,87,46.1,5.0
RES002673,78.13,Japanese,34,78.2,4.1
RES002674,69.1,Japanese,56,66.2,1.6
RES002675,23.74,French,,40.7,4.1
RES002676,100.04,French,32,69.3,5.1
RES002677,80.32,French,88,32.8,9.5
RES002678,48.22,Italian,,42.8,0.2
RES002679,79.21,Burger,,23.7,1.1
RES002680,21.3,American,66,86.3,5.6
RES002681,83.93,Thai,,91.2,1.1
RES002682,45.39,Japanese,,67.4,5.3
RES002683,44.04,Italian,,77.3,2.5
RES002684,45.51,Indian,23,94.5,7.4
RES002685,34.62,Mediterranean,20,31.1,8.3
RES002686,44.43,Indian,94,89.6,4.8
RES002687,61.83,Mexican,56,24.7,9.3
RES002688,69.02,Mexican,,90.1,5.9
RES002689,84.54,Thai,73,35.0,7.1
RES002690,47.99,French,43,46.6,2.5
RES002691,19.88,Chinese,,41.0,6.0
RES002692,36.07,French,57,58.1,6.4
RES002693,28.12,American,44,12.5,7.6
RES002694,34.59,Italian,,1.4,7.0
RES002695,30.59,Burger,84,54.7,8.6
RES002696,63.4,Pizza,23,47.6,7.2
RES002697,19.24,French,89,13.3,1.7
RES002698,19.32,Italian,57,33.9,5.5
RES002699,21.53,Mexican,21,98.8,2.0
RES002700,100.38,French,,73.4,2.2
RES002701,86.71,Mediterranean,,73.8,1.6
RES002702,44.69,American,87,34.9,7.3
RES002703,56.22,Chinese,,56.6,0.8
RES002704,20.58,Brazilian,45,95.0,4.3
RES002705,37.66,Pizza,,61.3,8.5
RES002706,59.29,Mexican,,19.0,0.6
RES002707,21.62,Mexican,88,67.1,6.0
RES002708,46.59,Brazilian,48,69.2,0.8
RES002709,64.65,Indian,,56.1,6.3
RES002710,84.07,Indian,,5.9,8.5
RES002711,26.22,Japanese,94,71.7,0.2
RES002712,16.82,Mediterranean,64,58.6,6.4
RES002713,46.08,Mexican,53,73.6,0.6
RES002714,72.06,Indian,49,46.9,7.8
RES002715,52.05,Burger,78,75.1,1.1
RES002716,79.84,Pizza,58,77.0,3.9
RES002717,18.59,Pizza,,39.5,6.8
RES002718,70.59,Italian,,91.7,1.9
RES002719,52.31,Italian,22,50.7,6.8
RES002720,79.37,American,44,33.5,8.0
RES002721,22.56,American,,4.4,0.8
RES002722,51.34,Thai,,20.5,2.5
RES002723,54.13,French,,62.5,6.9
RES002724,22.92,Mediterranean,,59.2,6.1
RES002725,19.87,Japanese,46,81.7,6.3
RES002726,72.28,Thai,24,67.3,1.4
RES002727,28.72,Mediterranean,,99.2,0.1
RES002728,40.51,Burger,47,7.0,7.2
RES002729,77.93,Burger,36,21.7,7.1
RES002730,73.32,Brazilian,24,22.9,5.0
RES002731,85.52,Brazilian,62,38.0,3.2
RES002732,89.89,Burger,,61.5,4.1
RES002733,23.06,Brazilian,,89.4,9.4
RES002734,94.43,Japanese,57,60.2,5.5
RES002735,78.62,Mediterranean,43,35.6,6.3
RES002736,24.2,Japanese,74,65.4,0.4
RES002737,46.68,Chinese,43,84.6,2.5
RES002738,39.8,Burger,,91.9,2.6
RES002739,59.2,Japanese,,30.5,3.2
RES002740,43.63,Burger,37,25.5,9.3
RES002741,62.74,Thai,,33.2,4.3
RES002742,21.13,Pizza,,89.0,9.0
RES002743,44.75,Mexican,,91.6,3.9
RES002744,81.33,Mediterranean,40,33.4,2.1
RES002745,38.28,Chinese,23,43.8,5.7
RES002746,63.12,Pizza,100,13.1,4.7
RES002747,19.39,Thai,96,36.4,0.0
RES002748,23.68,Thai,45,75.3,9.3
RES002749,91.53,American,73,10.6,7.7
RES002750,21.13,Mexican,45,1.5,5.3
RES002751,20.11,Japanese,72,43.0,9.9
RES002752,92.73,Japanese,45,81.8,10.0
RES002753,83.62,Indian,,97.1,2.9
RES002754,82.43,Mexican,,21.6,4.2
RES002755,90.88,Italian,61,29.0,1.9
RES002756,23.41,Mediterranean,79,81.2,5.8
RES002757,66.79,Brazilian,,91.9,5.1
RES002758,50.24,Brazilian,,39.0,4.5
RES002759,19.69,Thai,83,74.9,1.0
RES002760,50.46,Italian,73,75.8,4.7
RES002761,66.63,Mediterranean,,67.2,7.8
RES002762,23.28,Burger,,51.9,4.5
RES002763,46.05,Brazilian,36,22.2,9.3
RES002764,49.06,Thai,70,18.1,0.6
RES002765,25.16,French,,7.3,6.8
RES002766,39.3,Mediterranean,54,74.9,5.9
RES002767,112.24,Mediterranean,,43.5,7.3
RES002768,23.7,Chinese,,58.3,5.7
RES002769,92.64,Indian,76,43.5,6.9
RES002770,97.76,Burger,36,35.4,7.3
RES002771,66.22,Brazilian,75,97.4,1.5
RES002772,45.0,Mediterranean,80,36.6,8.5
RES002773,60.35,Chinese,40,39.1,5.2
RES002774,66.47,Italian,44,36.1,7.3
RES002775,21.84,American,56,28.7,2.8
RES002776,24.65,Burger,,13.3,9.5
RES002777,101.85,French,100,58.9,1.6
RES002778,88.87,Mexican,54,52.8,8.8
RES002779,64.65,Brazilian,56,52.1,4.3
RES002780,62.98,Brazilian,,92.0,3.9
RES002781,17.16,American,49,31.2,6.8
RES002782,70.26,Indian,,35.9,9.2
RES002783,35.16,Indian,,62.5,7.2
RES002784,87.15,Indian,,0.7,9.6
RES002785,33.41,French,85,37.5,2.4
RES002786,63.82,Burger,30,40.5,4.0
RES002787,24.72,Brazilian,,51.9,5.8
RES002788,25.01,Chinese,,68.1,9.0
RES002789,71.89,American,,75.9,1.9
RES002790,85.4,Chinese,,48.8,1.5
RES002791,77.09,Japanese,,95.6,4.7
RES002792,43.92,French,43,2.6,1.3
RES002793,56.8,Mediterranean,47,30.7,4.6
RES002794,22.13,Indian,58,17.8,4.0
RES002795,37.51,Indian,38,60.7,8.4
RES002796,84.85,Pizza,73,34.9,8.9
RES002797,24.14,Burger,,49.2,1.2
RES002798,44.03,Brazilian,,95.9,1.0
RES002799,69.11,Mediterranean,,44.1,9.6
RES002800,56.07,Chinese,81,81.5,8.2
RES002801,113.73,Mexican,,71.3,2.9
RES002802,25.53,Indian,,92.7,5.5
RES002803,23.11,Chinese,91,4.7,4.2
RES002804,98.08,Pizza,85,8.5,0.1
RES002805,47.2,Indian,,69.7,2.4
RES002806,84.63,Thai,39,10.4,6.5
RES002807,17.97,Japanese,79,74.5,1.8
RES002808,36.31,Pizza,,5.7,2.4
RES002809,83.42,Burger,50,79.2,5.3
RES002810,21.68,Pizza,83,76.8,7.8
RES002811,37.21,Japanese,15,20.6,0.7
RES002812,44.47,Brazilian,,90.1,3.2
RES002813,45.57,Burger,,36.0,4.3
RES002814,68.43,Mexican,85,1.4,6.0
RES002815,77.71,Chinese,51,87.5,5.5
RES002816,20.26,Brazilian,,2.6,9.2
RES002817,96.79,Mediterranean,40,16.0,2.7
RES002818,85.11,Italian,96,44.2,4.4
RES002819,78.32,Japanese,85,3.9,0.7
RES002820,22.22,Italian,53,12.3,8.9
RES002821,70.21,Brazilian,,49.4,6.4
RES002822,41.83,Thai,,50.4,4.0
RES002823,92.83,American,,34.1,8.0
RES002824,23.62,Mediterranean,,10.4,9.8
RES002825,20.77,Mediterranean,66,66.2,2.4
RES002826,51.74,American,67,45.5,1.4
RES002827,57.92,French,37,10.4,3.8
RES002828,24.87,Thai,29,39.6,8.7
RES002829,71.08,French,55,99.9,0.1
RES002830,85.13,Italian,,94.6,3.6
RES002831,31.83,American,49,52.6,8.5
RES002832,74.55,Thai,83,21.0,5.1
RES002833,101.11,Pizza,41,78.9,4.4
RES002834,19.64,French,35,22.2,9.3
RES002835,83.22,Pizza,60,32.5,6.7
RES002836,25.85,Italian,,45.9,8.4
RES002837,55.49,Brazilian,45,32.7,3.0
RES002838,40.52,Pizza,49,82.6,6.9
RES002839,34.52,French,84,67.1,1.6
RES002840,52.98,Chinese,30,5.0,9.2
RES002841,56.08,Brazilian,42,76.3,1.3
RES002842,87.91,Mexican,62,16.9,9.9
RES002843,100.19,Indian,,24.9,4.4
RES002844,59.53,Mexican,,2.5,0.9
RES002845,55.17,Mexican,,33.0,7.5
RES002846,23.51,Pizza,48,88.9,5.9
RES002847,74.11,French,71,52.1,3.2
RES002848,54.75,Chinese,,38.4,0.9
RES002849,28.84,French,55,18.5,8.7
RES002850,33.63,Pizza,20,55.6,2.8
RES002851,45.51,Pizza,,94.9,7.5
RES002852,73.09,Italian,60,14.8,6.1
RES002853,60.34,French,47,13.1,4.3
RES002854,54.47,French,46,88.9,8.9
RES002855,48.06,Pizza,67,22.0,0.5
RES002856,69.74,American,,26.7,1.7
RES002857,27.3,Burger,40,49.3,4.0
RES002858,99.6,Thai,,96.1,6.3
RES002859,86.04,Thai,44,75.1,6.0
RES002860,98.12,Burger,,66.9,5.8
RES002861,56.22,Brazilian,83,78.2,7.4
RES002862,45.5,French,,15.0,5.5
RES002863,94.48,Brazilian,42,79.7,5.2
RES002864,86.76,Indian,,73.4,9.1
RES002865,48.07,Burger,,13.2,9.9
RES002866,13.69,Mediterranean,60,49.1,2.8
RES002867,23.21,Italian,45,90.8,1.1
RES002868,66.79,Thai,33,52.6,5.6
RES002869,42.64,Brazilian,,65.0,2.2
RES002870,22.85,Japanese,35,83.1,2.1
RES002871,100.84,American,95,37.7,8.2
RES002872,82.84,Chinese,41,46.8,2.6
RES002873,23.52,Chinese,94,47.0,3.7
RES002874,20.99,American,72,33.9,5.5
RES002875,38.8,Japanese,,35.5,3.1
RES002876,88.93,Chinese,17,9.0,3.3
RES002877,73.1,Japanese,,99.1,8.1
RES002878,36.14,Burger,,99.5,4.2
RES002879,25.67,Burger,40,28.4,7.6
RES002880,60.51,American,86,12.1,1.6
RES002881,97.25,Burger,54,63.9,9.1
RES002882,37.45,Mexican,46,13.1,6.8
RES002883,44.85,Pizza,89,64.7,2.7
RES002884,44.21,Italian,88,83.8,9.1
RES002885,42.27,Burger,50,21.2,4.6
RES002886,71.36,Thai,85,7.3,1.2
RES002887,67.63,Brazilian,,63.6,3.1
RES002888,79.78,Mediterranean,,51.3,9.1
RES002889,80.46,Burger,29,50.6,9.6
RES002890,54.38,Thai,88,87.4,4.3
RES002891,24.92,Pizza,,42.0,7.4
RES002892,93.62,Italian,86,18.8,3.6
RES002893,17.96,American,59,60.8,9.0
RES002894,52.6,Mexican,,6.0,0.1
RES002895,72.46,Brazilian,26,18.5,5.7
RES002896,71.99,Pizza,54,60.5,1.2
RES002897,69.37,Indian,78,50.7,8.3
RES002898,88.58,Brazilian,23,81.0,8.8
RES002899,31.74,Pizza,,19.1,8.6
RES002900,89.38,Mediterranean,71,50.7,8.2
RES002901,15.98,Italian,58,1.7,1.8
RES002902,26.12,Burger,83,99.5,1.3
RES002903,47.04,Burger,,49.1,9.8
RES002904,23.98,Italian,,92.9,5.1
RES002905,25.26,Chinese,62,68.4,8.4
RES002906,112.75,American,,11.7,1.5
RES002907,93.43,American,80,95.8,2.6
RES002908,61.23,Japanese,34,41.4,2.4
RES002909,92.11,Pizza,,63.1,9.8
RES002910,73.3,French,,22.2,3.5
RES002911,49.15,Japanese,,19.3,8.4
RES002912,83.19,Japanese,26,31.6,0.3
RES002913,38.2,Burger,,38.5,3.1
RES002914,40.4,Chinese,,43.9,2.5
RES002915,53.54,Japanese,,50.4,5.0
RES002916,42.47,Indian,56,81.2,5.0
RES002917,81.74,Japanese,,0.6,7.6
RES002918,53.26,Mediterranean,,82.8,6.1
RES002919,69.36,Thai,,96.9,6.9
RES002920,75.48,Italian,69,52.4,1.7
RES002921,53.3,Indian,58,89.1,2.1
RES002922,80.6,Italian,36,83.8,1.0
RES002923,16.64,Indian,43,31.8,2.7
RES002924,80.38,Burger,68,78.3,7.0
RES002925,24.85,Thai,31,32.2,1.8
RES002926,48.52,Mediterranean,46,12.1,3.4
RES002927,28.61,Thai,26,21.6,8.9
RES002928,84.81,Thai,49,9.2,4.9
RES002929,85.37,American,79,29.8,8.4
RES002930,43.42,Mexican,30,29.9,6.9
RES002931,25.22,Thai,51,36.5,5.2
RES002932,46.24,Pizza,,44.0,2.4
RES002933,74.4,Mexican,86,75.5,1.2
RES002934,94.98,Italian,,99.2,8.1
RES002935,75.04,Mediterranean,76,33.2,7.4
RES002936,81.57,Mexican,43,31.4,6.4
RES002937,88.95,Japanese,67,27.9,7.7
RES002938,18.52,Indian,,22.5,1.0
RES002939,85.11,Burger,23,52.3,9.9
RES002940,43.37,Mediterranean,,28.3,6.2
RES002941,25.46,Burger,54,98.9,5.2
RES002942,49.38,Thai,66,78.1,1.4
RES002943,44.99,Thai,26,15.2,0.9
RES002944,53.96,American,71,42.2,3.0
RES002945,22.45,Japanese,,89.6,9.4
RES002946,69.81,Italian,,47.9,1.9
RES002947,27.19,Japanese,44,68.7,2.2
RES002948,106.71,Japanese,,69.3,4.3
RES002949,77.6,Thai,68,23.5,2.5
RES002950,109.46,Burger,84,30.6,3.7
RES002951,22.24,Mexican,84,44.2,5.0
RES002952,20.47,American,38,95.6,2.4
RES002953,57.48,Burger,,46.6,3.7
RES002954,17.23,Pizza,66,70.9,9.2
RES002955,25.45,Thai,64,97.3,5.9
RES002956,43.54,Indian,32,60.1,2.7
RES002957,61.63,Pizza,42,23.7,3.2
RES002958,83.98,Mediterranean,87,76.2,7.6
RES002959,101.37,Thai,47,80.0,1.3
RES002960,58.2,Mexican,,10.5,6.0
RES002961,43.19,French,34,47.0,2.3
RES002962,43.16,Burger,77,21.5,6.4
RES002963,86.33,Mexican,,12.1,10.0
RES002964,40.75,Pizza,70,16.6,9.9
RES002965,80.7,Japanese,,43.9,8.5
RES002966,46.69,Mexican,,100.0,4.7
RES002967,59.35,Indian,,83.4,9.0
RES002968,61.01,Mexican,,33.1,4.5
RES002969,26.76,Burger,,83.2,9.4
RES002970,47.85,Pizza,88,92.6,3.8
RES002971,67.82,Indian,73,89.5,5.9
RES002972,61.41,French,62,47.8,6.7
RES002973,18.58,Chinese,,62.9,2.3
RES002974,23.73,American,50,66.9,1.3
RES002975,19.36,Brazilian,51,32.5,4.0
RES002976,18.1,Italian,,39.1,5.0
RES002977,81.64,Mediterranean,58,3.5,0.5
RES002978,48.69,Pizza,40,27.2,9.8
RES002979,53.78,Brazilian,87,51.1,0.6
RES002980,103.0,Italian,,99.3,7.8
RES002981,53.55,Italian,,14.7,5.4
RES002982,16.73,Brazilian,76,29.4,0.9
RES002983,86.78,Italian,,82.2,3.3
RES002984,104.4,Mexican,64,72.0,9.6
RES002985,64.82,Chinese,49,76.8,2.3
RES002986,20.95,French,,15.1,4.8
RES002987,18.66,Mexican,,40.5,8.5
RES002988,64.1,Thai,90,73.0,7.5
RES002989,77.6,French,44,44.1,7.0
RES002990,78.68,Burger,,83.0,8.3
RES002991,40.36,Mediterranean,19,55.3,3.3
RES002992,44.01,Pizza,38,31.5,5.7
RES002993,46.46,Indian,66,71.9,3.0
RES002994,22.51,Burger,,21.4,6.7
RES002995,89.01,American,69,21.3,8.0
RES002996,99.56,Mediterranean,14,38.9,5.0
RES002997,64.99,Indian,,28.5,0.2
RES002998,19.97,French,31,68.5,1.7
RES002999,71.98,Pizza,,87.6,5.4
RES003000,26.29,Chinese,90,60.2,8.5
RES003001,61.27,Pizza,30,56.7,6.7
RES003002,67.23,Burger,,58.1,7.4
RES003003,49.82,Italian,,79.5,0.1
RES003004,96.34,Mexican,85,27.0,8.6
RES003005,35.69,French,,79.9,8.2
RES003006,54.42,Pizza,11,21.6,2.4
RES003007,70.61,Brazilian,94,46.5,2.7
RES003008,23.74,Mediterranean,21,28.3,7.8
RES003009,52.4,Pizza,88,21.9,6.9
RES003010,82.68,Mediterranean,,83.1,6.6
RES003011,36.99,American,20,25.1,3.1
RES003012,25.23,French,,39.9,3.3
RES003013,26.38,American,89,94.6,2.6
RES003014,50.75,Chinese,73,15.2,7.9
RES003015,41.3,Mediterranean,63,57.0,4.9
RES003016,46.99,Burger,,35.8,7.7
RES003017,24.28,Japanese,18,16.5,4.2
RES003018,66.88,Chinese,37,44.4,3.5
RES003019,66.23,French,67,17.1,2.4
RES003020,44.6,French,37,7.7,3.2
RES003021,70.96,Mediterranean,,81.8,5.6
RES003022,43.19,Japanese,,6.0,1.6
RES003023,30.67,Pizza,70,92.8,2.6
RES003024,47.17,Japanese,,91.6,2.6
RES003025,65.12,Brazilian,87,89.6,4.9
RES003026,18.18,Pizza,57,61.9,1.3
RES003027,87.72,Japanese,26,75.0,3.0
RES003028,87.29,Mexican,,49.5,7.4
RES003029,29.04,American,43,67.4,6.6
RES003030,63.4,American,,64.8,4.1
RES003031,39.13,Chinese,69,67.8,6.5
RES003032,95.37,Italian,,59.4,5.0
RES003033,49.21,Italian,69,24.1,4.9
RES003034,22.4,Indian,45,90.6,3.9
RES003035,44.2,Indian,91,9.2,7.2
RES003036,63.4,Thai,76,51.7,7.3
RES003037,28.46,Mediterranean,17,96.7,5.4
RES003038,18.43,Burger,25,61.0,4.2
RES003039,20.94,Japanese,,14.7,4.6
RES003040,22.68,Japanese,80,85.5,9.7
RES003041,82.48,Burger,,25.5,6.3
RES003042,81.32,Chinese,,11.4,1.4
RES003043,80.14,Burger,,77.8,3.2
RES003044,75.71,Pizza,81,54.3,6.2
RES003045,24.18,French,68,32.9,8.3
RES003046,47.24,Thai,,55.4,8.8
RES003047,98.42,American,79,58.7,4.0
RES003048,43.66,Burger,45,12.8,2.5
RES003049,92.06,Mexican,46,3.6,5.0
RES003050,97.91,American,,81.5,1.8
RES003051,82.34,Mediterranean,43,71.8,4.2
RES003052,100.55,Thai,85,82.0,8.4
RES003053,40.35,Italian,,39.1,6.0
RES003054,71.66,French,88,13.9,7.2
RES003055,93.53,Mexican,69,41.5,5.0
RES003056,25.34,Brazilian,75,75.8,3.1
RES003057,97.16,Mexican,21,87.0,3.6
RES003058,79.64,Chinese,,87.3,2.0
RES003059,86.91,Mediterranean,24,29.7,5.5
RES003060,24.94,French,38,26.4,4.4
RES003061,65.81,Indian,,72.6,2.8
RES003062,89.15,Brazilian,87,54.4,1.5
RES003063,60.34,Brazilian,83,52.6,9.2
RES003064,100.47,Pizza,,31.5,4.3
RES003065,21.01,American,88,53.5,7.0
RES003066,90.17,Italian,,62.4,0.1
RES003067,18.69,Mexican,,93.5,6.2
RES003068,70.76,Indian,,78.4,6.9
RES003069,20.86,American,69,96.3,7.1
RES003070,95.3,French,28,67.6,6.6
RES003071,27.8,Indian,30,89.5,6.1
RES003072,60.91,Japanese,,29.7,3.8
RES003073,64.24,Chinese,94,3.6,9.2
RES003074,85.33,Pizza,44,5.7,2.8
RES003075,55.3,Pizza,95,47.1,6.9
RES003076,98.88,Mexican,48,1.6,3.0
RES003077,64.0,French,55,91.9,0.2
RES003078,46.44,Mexican,73,86.9,5.8
RES003079,64.42,French,,95.5,5.0
RES003080,56.55,French,71,77.1,7.9
RES003081,18.65,French,67,77.9,4.2
RES003082,26.12,Thai,62,24.4,9.2
RES003083,91.93,Mediterranean,31,24.1,4.2
RES003084,75.81,Thai,71,66.3,4.0
RES003085,29.06,Indian,36,63.6,9.1
RES003086,46.03,Indian,59,17.7,8.6
RES003087,19.07,Thai,,42.0,6.4
RES003088,49.45,Mexican,,14.8,6.8
RES003089,59.89,American,56,57.9,5.8
RES003090,71.82,Indian,,30.7,7.4
RES003091,21.79,Burger,,47.6,6.7
RES003092,74.81,Brazilian,80,94.2,0.7
RES003093,104.39,Indian,,56.1,0.9
RES003094,71.75,Mexican,53,25.8,3.3
RES003095,20.8,Burger,85,88.7,4.3
RES003096,83.96,Burger,,64.0,5.3
RES003097,42.73,Burger,,30.6,0.3
RES003098,23.26,Mediterranean,61,50.2,9.0
RES003099,18.73,Mexican,82,17.7,9.2
RES003100,19.94,Japanese,,66.2,1.4
RES003101,82.07,Mexican,68,28.9,1.4
RES003102,25.3,Thai,49,70.0,8.9
RES003103,26.02,Chinese,,77.8,8.3
RES003104,80.21,American,85,99.5,3.3
RES003105,101.2,Brazilian,,34.3,1.2
RES003106,56.18,Burger,57,96.7,9.8
RES003107,26.31,Mexican,83,2.5,3.4
RES003108,84.03,Pizza,,53.7,0.3
RES003109,75.71,American,88,61.9,4.3
RES003110,23.17,American,80,60.9,2.3
RES003111,52.08,Mexican,,33.1,6.1
RES003112,45.18,Mediterranean,,2.6,8.2
RES003113,86.37,Mediterranean,,53.7,6.9
RES003114,90.18,Mexican,,70.2,2.4
RES003115,41.51,Mediterranean,39,57.7,3.1
RES003116,50.78,Burger,,77.6,1.8
RES003117,63.22,Mediterranean,,51.2,8.9
RES003118,51.81,American,,20.4,4.9
RES003119,32.88,Mexican,56,68.7,7.5
RES003120,48.79,Burger,20,85.9,7.5
RES003121,79.33,American,,99.8,8.6
RES003122,20.32,Pizza,55,29.2,7.9
RES003123,36.26,Italian,20,82.7,3.5
RES003124,73.02,Mexican,,43.6,3.0
RES003125,106.14,Chinese,73,22.4,4.2
RES003126,60.28,Brazilian,98,36.9,9.4
RES003127,22.91,French,86,78.1,7.4
RES003128,45.9,American,,7.8,5.7
RES003129,21.36,Indian,21,41.4,9.4
RES003130,48.97,Pizza,,40.1,9.6
RES003131,42.62,Indian,15,71.6,7.3
RES003132,95.0,American,,26.1,0.8
RES003133,72.62,Pizza,38,84.3,0.7
RES003134,70.66,Japanese,38,82.7,3.4
RES003135,59.01,Mexican,65,48.6,1.4
RES003136,69.97,Mexican,,74.3,9.0
RES003137,87.01,French,46,47.6,4.7
RES003138,57.03,Japanese,,87.4,1.2
RES003139,20.64,Pizza,34,63.7,9.3
RES003140,23.62,French,50,83.6,4.8
RES003141,26.5,Japanese,,52.0,4.6
RES003142,58.08,Burger,74,98.3,7.4
RES003143,72.2,French,,99.1,7.0
RES003144,24.0,Burger,71,64.9,5.4
RES003145,21.72,American,64,21.2,1.8
RES003146,82.59,Mexican,30,63.1,2.4
RES003147,20.26,Indian,52,2.8,0.5
RES003148,18.29,Mexican,24,98.3,2.9
RES003149,84.0,Burger,89,59.9,9.7
RES003150,91.84,Indian,,54.8,9.0
RES003151,80.81,Mexican,78,38.5,5.5
RES003152,82.56,Chinese,40,82.1,7.3
RES003153,20.71,Indian,88,42.9,9.2
RES003154,88.3,Pizza,84,53.7,5.4
RES003155,78.73,Italian,,1.0,5.7
RES003156,25.18,Chinese,,47.3,2.7
RES003157,53.4,Thai,40,77.9,4.8
RES003158,45.73,Burger,,92.3,6.3
RES003159,19.66,Japanese,56,62.9,7.8
RES003160,23.8,Burger,71,58.5,4.2
RES003161,40.62,Mexican,32,43.5,5.3
RES003162,98.02,American,,54.0,2.7
RES003163,67.75,Mexican,,67.2,8.8
RES003164,24.26,Mediterranean,21,57.6,5.0
RES003165,19.49,Mediterranean,52,34.8,2.7
RES003166,77.66,Mediterranean,58,0.9,5.6
RES003167,94.35,Italian,40,35.2,1.8
RES003168,85.21,Indian,,27.7,1.7
RES003169,55.29,Mexican,,58.3,4.6
RES003170,101.44,Chinese,84,90.9,7.5
RES003171,78.99,Chinese,,29.6,3.0
RES003172,24.38,American,,29.5,3.4
RES003173,76.29,American,38,33.7,4.1
RES003174,21.32,Indian,,74.5,0.6
RES003175,55.13,Mediterranean,,11.4,8.7
RES003176,84.79,Brazilian,,48.7,5.3
RES003177,75.45,Japanese,,46.8,8.4
RES003178,21.81,Chinese,81,96.0,3.3
RES003179,21.1,American,28,34.2,6.5
RES003180,56.59,Pizza,56,91.2,4.9
RES003181,73.65,Pizza,,61.1,9.0
RES003182,18.41,Japanese,62,55.5,9.2
RES003183,96.93,Indian,,24.0,2.9
RES003184,22.78,Burger,65,61.7,4.7
RES003185,48.16,Mexican,24,81.9,2.1
RES003186,85.75,Thai,66,42.7,6.6
RES003187,20.32,Mediterranean,62,39.6,2.3
RES003188,44.32,Thai,80,21.1,5.9
RES003189,94.08,Mediterranean,,67.9,5.4
RES003190,46.5,Mediterranean,,31.0,9.2
RES003191,77.17,Brazilian,51,43.4,1.3
RES003192,87.18,Mediterranean,85,69.1,0.4
RES003193,63.29,Japanese,,92.3,1.8
RES003194,65.93,Mediterranean,75,20.4,6.1
RES003195,79.04,Japanese,79,26.5,5.8
RES003196,88.09,Brazilian,,7.5,8.1
RES003197,42.08,American,69,24.2,2.7
RES003198,44.65,Mediterranean,42,22.9,7.0
RES003199,78.33,Indian,21,91.5,3.0
RES003200,86.61,Burger,56,36.5,9.0
RES003201,35.05,French,21,86.1,2.0
RES003202,21.64,Pizza,24,39.0,8.8
RES003203,94.17,Mexican,,48.9,2.6
RES003204,25.2,Burger,59,22.9,0.9
RES003205,98.45,American,40,52.4,0.1
RES003206,67.92,Pizza,,47.4,7.0
RES003207,24.43,Brazilian,44,58.5,9.4
RES003208,65.07,Burger,,13.5,5.3
RES003209,22.06,Pizza,93,43.2,7.7
RES003210,59.26,Mexican,21,88.3,5.5
RES003211,24.32,Brazilian,,42.3,3.0
RES003212,66.79,Mediterranean,82,63.3,9.4
RES003213,19.65,American,,95.0,0.5
RES003214,85.65,American,84,48.2,9.8
RES003215,46.4,Indian,81,83.7,4.0
RES003216,79.74,Italian,,10.5,5.2
RES003217,60.91,Mediterranean,56,63.9,1.9
RES003218,79.64,Burger,26,87.8,0.5
RES003219,47.4,Indian,27,85.5,8.6
RES003220,100.42,Brazilian,,1.3,2.4
RES003221,44.0,Thai,62,50.7,3.7
RES003222,18.07,Mexican,42,56.2,5.6
RES003223,47.4,Mediterranean,46,22.6,2.4
RES003224,80.77,Mexican,89,65.5,6.1
RES003225,63.85,Mediterranean,77,0.3,2.5
RES003226,21.48,Thai,58,23.3,4.7
RES003227,45.91,Japanese,,16.6,4.7
RES003228,74.34,Indian,66,81.3,8.8
RES003229,41.74,Italian,73,61.4,9.0
RES003230,87.71,Chinese,73,58.5,0.2
RES003231,82.47,Thai,,66.4,9.2
RES003232,21.15,Pizza,,58.5,6.1
RES003233,67.28,Chinese,,44.9,8.4
RES003234,91.79,Mexican,40,52.9,3.4
RES003235,29.04,Burger,,100.0,7.6
RES003236,26.4,Thai,49,12.3,9.2
RES003237,58.51,Mexican,53,79.0,5.4
RES003238,46.92,Mexican,44,20.0,8.8
RES003239,59.08,Chinese,71,76.8,9.1
RES003240,44.72,Thai,,31.2,8.4
RES003241,50.86,Indian,16,6.9,7.9
RES003242,25.09,Chinese,89,40.2,9.3
RES003243,64.46,Mexican,,67.5,2.5
RES003244,83.13,Japanese,,58.7,4.7
RES003245,26.81,Japanese,,99.8,7.2
RES003246,75.87,Burger,51,78.0,4.0
RES003247,45.5,Burger,54,41.7,6.0
RES003248,66.35,Mediterranean,35,68.4,7.3
RES003249,22.32,Chinese,67,62.1,5.3
RES003250,67.38,Mediterranean,,64.3,1.1
RES003251,22.91,Mexican,,87.0,7.9
RES003252,43.28,Mediterranean,78,55.7,0.0
RES003253,21.53,Italian,82,86.4,5.9
RES003254,94.25,French,,39.8,6.7
RES003255,67.51,Japanese,,34.4,1.6
RES003256,22.93,American,39,48.7,2.7
RES003257,19.66,Thai,45,68.3,2.8
RES003258,19.98,Thai,24,83.0,2.2
RES003259,20.14,Mexican,42,53.3,3.1
RES003260,81.83,Mexican,54,19.1,6.9
RES003261,65.31,Mediterranean,32,62.5,9.7
RES003262,99.82,Italian,28,91.3,5.7
RES003263,82.26,American,25,10.5,9.4
RES003264,44.24,Chinese,,93.0,5.5
RES003265,88.06,Burger,80,18.9,1.6
RES003266,23.51,Japanese,,50.9,0.8
RES003267,104.55,Mediterranean,31,60.2,9.8
RES003268,63.12,Mexican,43,70.0,2.1
RES003269,60.34,Burger,89,98.7,7.2
RES003270,48.2,Thai,,97.9,9.4
RES003271,52.92,Pizza,59,20.0,3.9
RES003272,32.41,Indian,,22.7,4.7
RES003273,26.01,American,95,77.1,6.6
RES003274,71.62,Pizza,80,88.0,6.3
RES003275,26.53,Thai,39,89.8,2.9
RES003276,59.98,Pizza,43,42.1,7.7
RES003277,51.78,Indian,54,90.8,5.1
RES003278,49.66,Indian,,50.4,1.2
RES003279,65.9,Brazilian,75,5.7,3.0
RES003280,71.63,Burger,,39.0,3.6
RES003281,92.5,American,,68.9,3.5
RES003282,56.8,Burger,,11.6,8.2
RES003283,53.87,Mediterranean,,36.5,5.1
RES003284,74.93,Mexican,,89.1,5.7
RES003285,41.95,Pizza,32,76.7,6.4
RES003286,93.29,Italian,,80.6,3.7
RES003287,108.69,Mexican,73,43.2,1.6
RES003288,22.15,American,85,51.8,4.2
RES003289,63.78,Chinese,41,32.6,7.7
RES003290,19.07,Pizza,74,9.7,7.7
RES003291,48.08,Thai,84,17.1,8.2
RES003292,27.5,Burger,62,19.9,0.5
RES003293,56.46,Burger,,48.8,1.4
RES003294,103.54,French,,18.1,0.8
RES003295,96.44,American,59,43.3,3.4
RES003296,44.35,French,,4.6,8.1
RES003297,85.48,Italian,66,84.5,8.5
RES003298,20.37,Brazilian,76,29.5,0.9
RES003299,49.02,Italian,84,3.0,6.1
RES003300,20.86,Brazilian,,6.9,2.0
RES003301,99.06,Mexican,65,90.1,1.6
RES003302,19.79,American,82,60.1,6.3
RES003303,17.68,Japanese,75,89.9,7.3
RES003304,88.34,Chinese,,79.6,9.1
RES003305,38.33,Thai,,79.3,8.8
RES003306,100.09,Brazilian,42,17.3,7.2
RES003307,42.39,Japanese,63,76.8,9.9
RES003308,73.24,Burger,,15.6,5.5
RES003309,56.29,French,16,40.9,3.5
RES003310,51.5,Chinese,44,44.9,7.1
RES003311,38.81,Burger,,11.5,5.6
RES003312,26.68,Thai,,41.7,6.7
RES003313,25.5,Chinese,33,94.8,4.8
RES003314,43.76,French,,7.5,2.3
RES003315,102.87,Mexican,,86.6,8.6
RES003316,65.0,Chinese,,9.5,1.8
RES003317,54.37,French,33,13.7,4.6
RES003318,21.91,Japanese,73,51.9,8.9
RES003319,20.74,Pizza,86,95.1,8.8
RES003320,85.27,Brazilian,42,70.1,2.3
RES003321,41.63,Chinese,29,33.6,2.6
RES003322,41.25,French,50,59.1,4.0
RES003323,63.25,Indian,76,44.2,4.7
RES003324,54.36,Mediterranean,52,95.0,5.2
RES003325,59.01,Burger,31,48.0,3.8
RES003326,100.02,Italian,28,99.7,5.4
RES003327,101.1,French,77,19.2,2.6
RES003328,67.13,Burger,,84.4,3.9
RES003329,64.33,Japanese,,20.3,4.0
RES003330,53.5,American,52,43.9,6.1
RES003331,25.03,Indian,32,85.4,6.9
RES003332,58.1,Thai,36,45.0,4.9
RES003333,72.32,French,84,92.6,1.1
RES003334,53.46,Burger,69,37.3,6.5
RES003335,24.16,American,,62.5,2.3
RES003336,75.19,Pizza,90,16.7,0.6
RES003337,22.27,Indian,27,70.9,1.8
RES003338,64.89,Thai,45,2.6,7.0
RES003339,47.41,Thai,46,96.0,0.4
RES003340,21.48,French,54,47.0,4.3
RES003341,22.47,French,,72.0,2.6
RES003342,29.84,Thai,,46.7,5.0
RES003343,63.0,Thai,30,50.2,6.3
RES003344,18.29,Chinese,,59.9,4.3
RES003345,113.56,Indian,36,13.4,5.2
RES003346,24.68,Mediterranean,53,59.4,0.2
RES003347,22.51,French,39,14.5,5.9
RES003348,108.16,Brazilian,,22.4,7.6
RES003349,22.0,Thai,43,26.6,9.4
RES003350,21.98,Mexican,,23.9,9.9
RES003351,79.48,French,,59.4,8.8
RES003352,43.69,French,,71.6,9.9
RES003353,14.73,Japanese,75,42.0,8.2
RES003354,76.56,Japanese,,67.9,6.0
RES003355,72.74,American,58,56.7,1.8
RES003356,74.89,Pizza,20,9.5,9.2
RES003357,69.78,Chinese,66,86.6,2.1
RES003358,86.14,Mexican,,85.3,9.0
RES003359,66.2,Brazilian,,2.6,0.7
RES003360,111.05,Pizza,,15.5,0.1
RES003361,77.88,Italian,,15.6,0.6
RES003362,76.63,American,98,30.6,0.3
RES003363,26.8,Indian,82,46.4,4.8
RES003364,43.36,Indian,,74.9,7.1
RES003365,22.77,Indian,,24.1,4.0
RES003366,50.39,Mexican,66,45.4,2.9
RES003367,87.44,Italian,,46.7,9.7
RES003368,103.04,French,,17.5,4.9
RES003369,72.27,Chinese,,17.7,8.8
RES003370,60.69,Thai,,54.2,9.5
RES003371,70.3,Burger,65,81.0,5.0
RES003372,39.61,Mediterranean,50,98.0,2.5
RES003373,46.41,Pizza,,53.2,5.9
RES003374,47.37,Chinese,55,1.1,5.6
RES003375,75.48,Mediterranean,47,5.5,4.9
RES003376,51.23,Mediterranean,,37.0,9.8
RES003377,49.88,Italian,,40.9,0.8
RES003378,71.03,Burger,55,80.1,7.6
RES003379,55.67,Chinese,,52.9,1.2
RES003380,82.45,Indian,,41.6,2.4
RES003381,22.51,Italian,57,48.0,5.9
RES003382,56.44,Chinese,87,51.0,9.0
RES003383,92.83,French,60,99.9,8.7
RES003384,55.09,Japanese,95,95.8,2.2
RES003385,23.3,American,18,58.6,8.5
RES003386,51.58,Thai,75,74.1,8.9
RES003387,46.76,Pizza,55,21.8,2.2
RES003388,51.08,Japanese,23,17.4,8.1
RES003389,92.32,Japanese,35,72.3,5.1
RES003390,74.28,Japanese,59,73.6,7.7
RES003391,66.93,Thai,,59.3,8.8
RES003392,19.06,Mediterranean,,81.7,3.3
RES003393,31.57,Brazilian,,51.1,9.9
RES003394,46.08,Pizza,69,53.4,0.3
RES003395,52.28,Chinese,,77.3,6.5
RES003396,96.98,American,83,62.0,3.6
RES003397,92.88,Mediterranean,63,60.4,5.9
RES003398,21.87,Chinese,60,22.9,0.3
RES003399,65.85,Italian,,91.7,9.1
RES003400,42.07,Mexican,,78.5,2.4
RES003401,26.23,Indian,93,31.2,8.2
RES003402,46.5,Italian,,47.9,7.8
RES003403,21.09,Mediterranean,91,3.1,1.7
RES003404,19.06,Indian,43,69.9,7.2
RES003405,53.19,Thai,,94.2,5.6
RES003406,58.25,American,,0.8,3.8
RES003407,19.35,Burger,,49.5,5.1
RES003408,81.35,Thai,,43.9,7.7
RES003409,49.57,Italian,,67.4,4.4
RES003410,24.01,American,59,53.7,0.7
RES003411,65.0,Mexican,26,78.9,0.6
RES003412,48.3,Chinese,79,94.6,6.6
RES003413,88.34,Pizza,40,51.9,1.6
RES003414,26.87,Chinese,,54.7,2.6
RES003415,44.72,French,47,49.9,8.1
RES003416,93.09,Indian,83,8.3,6.3
RES003417,50.05,Indian,65,48.1,2.5
RES003418,101.28,Thai,63,13.8,5.0
RES003419,75.51,American,91,48.6,0.9
RES003420,49.57,Burger,,30.3,1.3
RES003421,62.17,Thai,48,70.8,6.5
RES003422,44.64,American,,37.4,6.7
RES003423,51.35,Brazilian,100,29.4,4.3
RES003424,83.84,Indian,54,99.5,4.3
RES003425,78.99,Italian,,44.8,0.9
RES003426,105.15,Chinese,56,40.8,4.0
RES003427,87.64,French,92,47.6,7.8
RES003428,53.01,Indian,94,23.7,1.0
RES003429,112.73,Mediterranean,59,81.0,2.7
RES003430,53.95,Italian,18,73.2,0.4
RES003431,23.23,Japanese,42,39.7,1.2
RES003432,42.07,Japanese,,75.7,0.8
RES003433,55.97,Mexican,,5.2,8.6
RES003434,65.41,Mediterranean,29,43.1,8.6
RES003435,94.86,Italian,80,59.3,3.9
RES003436,19.44,Brazilian,58,42.2,5.0
RES003437,37.03,Thai,,60.9,5.0
RES003438,84.14,Mediterranean,92,9.3,7.9
RES003439,63.03,Italian,89,9.6,7.5
RES003440,55.24,French,84,94.5,8.9
RES003441,75.77,Mediterranean,,47.2,7.4
RES003442,93.23,Chinese,95,38.6,7.0
RES003443,22.44,Burger,,54.2,6.5
RES003444,95.13,Burger,58,1.3,4.1
RES003445,51.36,Brazilian,91,83.4,6.1
RES003446,86.35,Chinese,,36.3,0.8
RES003447,35.61,Mediterranean,,19.5,1.7
RES003448,19.91,American,88,78.3,2.9
RES003449,26.02,Mediterranean,,14.5,3.0
RES003450,35.52,Mediterranean,39,91.0,3.9
RES003451,36.6,American,88,61.3,2.5
RES003452,101.24,Mexican,79,71.9,5.4
RES003453,20.61,Brazilian,37,19.3,7.2
RES003454,82.61,American,57,35.7,8.0
RES003455,64.47,Indian,,38.2,7.0
RES003456,90.48,Brazilian,,26.2,7.7
RES003457,41.05,Japanese,,28.6,5.5
RES003458,36.16,Italian,,45.6,5.7
RES003459,21.76,Italian,81,99.7,3.8
RES003460,65.47,Brazilian,63,34.7,10.0
RES003461,68.89,Japanese,91,52.9,5.1
RES003462,21.34,Burger,78,43.0,9.7
RES003463,37.51,American,,77.4,2.4
RES003464,51.76,American,21,32.3,1.6
RES003465,60.72,French,63,74.5,9.3
RES003466,26.38,Mexican,,62.7,2.0
RES003467,45.88,Italian,24,19.9,2.2
RES003468,44.4,Thai,73,22.8,4.2
RES003469,21.83,Burger,83,14.3,7.3
RES003470,107.13,French,70,73.1,8.0
RES003471,23.1,Chinese,37,50.4,5.3
RES003472,17.8,Mexican,,63.1,2.2
RES003473,47.08,Indian,89,11.8,5.1
RES003474,48.52,French,,3.1,5.3
RES003475,26.26,American,16,78.3,0.1
RES003476,46.61,Burger,75,3.6,4.5
RES003477,64.78,French,,74.9,9.9
RES003478,49.07,French,50,12.9,0.3
RES003479,23.34,Brazilian,,70.8,1.3
RES003480,20.07,Indian,81,16.9,0.1
RES003481,20.74,Brazilian,45,26.9,0.5
RES003482,19.69,Brazilian,65,93.1,3.0
RES003483,17.29,American,70,64.7,6.9
RES003484,74.04,French,,45.5,0.7
RES003485,72.02,Japanese,40,38.1,7.7
RES003486,44.74,French,59,13.5,3.1
RES003487,72.38,Mexican,,5.0,6.8
RES003488,109.66,Chinese,,50.6,2.4
RES003489,59.69,American,22,37.9,8.5
RES003490,21.6,Italian,84,13.5,9.8
RES003491,46.1,Mexican,35,44.3,8.7
RES003492,47.58,Chinese,83,97.5,6.5
RES003493,108.84,French,32,38.3,3.3
RES003494,97.91,Japanese,,69.4,5.2
RES003495,93.49,American,,5.7,4.3
RES003496,26.4,Brazilian,47,21.3,2.6
RES003497,93.9,Japanese,,50.3,5.0
RES003498,67.12,Italian,50,45.1,1.9
RES003499,72.58,Pizza,61,37.2,6.4
RES003500,92.27,Pizza,16,23.3,7.4
RES003501,22.96,Burger,,98.4,8.8
RES003502,64.35,Burger,,42.7,6.2
RES003503,74.77,Burger,50,85.6,1.6
RES003504,47.86,Italian,21,78.4,7.1
RES003505,19.54,French,,90.0,4.0
RES003506,26.89,Burger,83,77.5,6.2
RES003507,58.18,Mexican,60,19.8,1.9
RES003508,36.01,Pizza,,66.5,5.4
RES003509,41.72,Pizza,66,32.7,1.1
RES003510,66.48,Pizza,80,9.5,2.0
RES003511,18.78,Thai,,66.9,7.2
RES003512,66.17,Italian,37,79.2,2.9
RES003513,39.12,French,78,50.3,8.6
RES003514,25.88,Brazilian,74,30.4,7.4
RES003515,76.37,Mediterranean,,86.6,2.9
RES003516,34.67,Pizza,70,61.1,4.1
RES003517,103.5,Mediterranean,,95.9,4.3
RES003518,83.84,Italian,61,1.4,9.4
RES003519,25.51,Indian,25,57.2,7.4
RES003520,93.98,Mediterranean,,33.3,2.3
RES003521,62.31,Italian,80,16.8,3.2
RES003522,74.85,Chinese,,30.2,8.8
RES003523,82.9,French,31,41.8,1.7
RES003524,41.28,Chinese,79,6.6,1.8
RES003525,23.11,Thai,52,69.0,8.4
RES003526,42.47,Thai,,43.1,4.2
RES003527,37.51,Thai,39,31.9,4.0
RES003528,71.35,French,39,32.2,6.9
RES003529,21.3,Chinese,63,88.7,1.6
RES003530,83.82,Mexican,,99.7,1.0
RES003531,89.03,American,51,42.3,3.4
RES003532,24.36,Brazilian,,2.0,9.0
RES003533,26.37,Italian,,77.0,9.7
RES003534,21.88,Thai,,76.8,7.2
RES003535,48.11,Italian,,83.7,9.9
RES003536,85.37,Pizza,,25.4,4.2
RES003537,62.7,Japanese,19,68.7,10.0
RES003538,106.85,Mexican,61,54.5,7.6
RES003539,83.44,Burger,,60.4,8.2
RES003540,67.21,Thai,,55.9,0.4
RES003541,50.15,Brazilian,85,80.9,9.6
RES003542,61.67,Mexican,39,41.9,8.1
RES003543,36.43,Japanese,,27.8,7.8
RES003544,100.85,Indian,30,43.1,7.3
RES003545,70.67,Thai,49,9.9,6.1
RES003546,17.58,Pizza,79,91.4,7.7
RES003547,62.26,Japanese,94,83.6,8.9
RES003548,73.84,Pizza,44,98.7,4.9
RES003549,73.66,American,49,31.1,6.0
RES003550,54.47,Mexican,71,60.3,1.6
RES003551,30.25,Brazilian,39,66.9,5.5
RES003552,44.26,Italian,58,63.9,4.1
RES003553,56.61,Italian,62,61.8,0.7
RES003554,86.4,Japanese,95,14.3,5.2
RES003555,59.77,Italian,,15.3,3.4
RES003556,21.24,Thai,,24.9,6.8
RES003557,17.91,Indian,,40.9,0.6
RES003558,72.22,Japanese,,27.5,9.5
RES003559,92.86,Brazilian,88,22.4,8.2
RES003560,40.87,Mediterranean,66,17.2,7.7
RES003561,70.35,Pizza,,57.6,1.3
RES003562,45.3,French,,31.5,0.1
RES003563,59.02,Thai,22,42.5,6.6
RES003564,67.25,Thai,,90.3,6.1
RES003565,99.44,Mexican,31,49.4,4.8
RES003566,77.79,Pizza,,46.4,4.7
RES003567,18.72,Thai,67,2.7,6.2
RES003568,23.17,Burger,79,67.5,5.1
RES003569,79.32,Japanese,,24.1,6.6
RES003570,95.49,Brazilian,46,85.6,8.2
RES003571,51.7,American,31,41.8,3.2
RES003572,40.44,Pizza,,64.4,5.0
RES003573,48.38,Thai,,54.1,5.3
RES003574,50.1,Italian,24,91.8,3.0
RES003575,28.66,Japanese,59,84.3,4.4
RES003576,67.98,Burger,69,56.0,6.9
RES003577,63.62,Burger,,32.9,8.7
RES003578,87.01,Chinese,,57.4,4.5
RES003579,62.37,Mediterranean,53,25.5,9.3
RES003580,81.15,Pizza,52,17.8,1.5
RES003581,21.28,Chinese,43,49.7,9.8
RES003582,118.89,Mediterranean,,50.8,8.1
RES003583,21.43,Thai,68,84.3,5.4
RES003584,52.08,Mexican,58,69.4,1.0
RES003585,103.63,Mexican,,76.0,9.3
RES003586,70.68,Mediterranean,58,49.5,9.4
RES003587,30.59,Brazilian,20,82.4,4.3
RES003588,88.64,American,20,79.1,3.3
RES003589,49.66,Brazilian,,46.3,5.3
RES003590,59.63,Brazilian,,62.6,0.5
RES003591,76.39,Mediterranean,52,24.2,4.1
RES003592,72.71,Brazilian,41,61.0,4.2
RES003593,45.94,Burger,83,16.9,4.6
RES003594,92.93,Italian,27,48.3,5.0
RES003595,64.23,Japanese,11,46.7,9.1
RES003596,80.12,Thai,32,51.3,8.6
RES003597,74.25,Mediterranean,84,46.5,9.0
RES003598,69.72,Mexican,,52.6,0.3
RES003599,82.38,Italian,31,34.8,6.3
RES003600,53.91,Chinese,,25.4,7.9
RES003601,25.51,Brazilian,60,14.8,3.3
RES003602,69.07,Pizza,,87.1,4.1
RES003603,20.13,Thai,33,83.3,4.2
RES003604,66.14,Mexican,53,19.4,3.8
RES003605,28.73,Japanese,,22.5,7.8
RES003606,67.26,Mexican,29,94.5,3.3
RES003607,65.95,Japanese,64,48.7,3.0
RES003608,33.74,American,,2.4,0.2
RES003609,87.16,French,45,58.7,3.8
RES003610,62.33,Italian,59,71.7,8.7
RES003611,21.43,American,42,31.0,8.8
RES003612,39.15,Italian,,98.9,9.9
RES003613,77.1,Brazilian,,74.2,3.2
RES003614,90.82,Mexican,58,80.7,3.4
RES003615,41.14,Mediterranean,26,39.2,4.8
RES003616,21.28,Japanese,50,45.6,7.7
RES003617,20.14,Indian,92,24.9,0.6
RES003618,74.87,Burger,,98.2,9.8
RES003619,60.78,Italian,,49.1,2.9
RES003620,51.32,Chinese,32,76.5,3.7
RES003621,100.26,Japanese,90,58.4,1.1
RES003622,66.12,Japanese,,64.1,4.4
RES003623,46.66,Indian,54,13.3,8.5
RES003624,46.62,Pizza,85,15.1,8.0
RES003625,88.06,Mediterranean,,14.0,8.2
RES003626,22.25,Chinese,,63.6,2.8
RES003627,69.67,French,15,10.9,2.4
RES003628,15.72,Burger,84,52.3,3.2
RES003629,51.78,Thai,78,8.8,8.7
RES003630,19.41,Chinese,56,97.1,7.3
RES003631,71.93,Burger,56,30.1,10.0
RES003632,20.35,Mediterranean,40,51.2,6.8
RES003633,63.78,French,28,8.8,0.1
RES003634,115.47,Chinese,,85.2,1.3
RES003635,61.48,Indian,28,56.5,9.1
RES003636,60.95,Mexican,16,68.7,5.5
RES003637,57.87,Pizza,49,69.1,0.7
RES003638,58.48,Thai,57,98.0,5.7
RES003639,57.67,Chinese,39,82.2,9.8
RES003640,21.66,Japanese,,38.2,2.3
RES003641,40.38,Brazilian,32,62.2,5.9
RES003642,27.98,Thai,,78.8,9.5
RES003643,89.98,French,91,3.1,6.6
RES003644,61.92,Mediterranean,28,3.4,6.4
RES003645,20.2,Brazilian,83,5.7,2.4
RES003646,23.99,Thai,48,65.7,6.0
RES003647,21.72,Indian,92,19.2,4.4
RES003648,67.43,French,,55.5,5.4
RES003649,50.13,Indian,46,3.7,3.5
RES003650,76.14,Japanese,,10.6,2.6
RES003651,92.56,American,,17.7,4.3
RES003652,93.43,Japanese,,24.0,1.7
RES003653,66.4,Mexican,42,5.8,8.7
RES003654,67.7,Mediterranean,58,1.5,0.7
RES003655,53.09,French,,81.7,10.0
RES003656,52.62,Japanese,,36.0,9.9
RES003657,80.72,Indian,,38.7,8.0
RES003658,22.83,French,20,66.1,0.2
RES003659,18.42,American,54,64.2,7.3
RES003660,60.79,Mexican,,3.2,2.0
RES003661,55.15,French,71,83.7,7.3
RES003662,23.11,American,32,8.8,2.9
RES003663,45.16,Burger,18,53.9,5.0
RES003664,77.81,American,76,7.3,3.0
RES003665,73.71,Brazilian,,85.4,8.6
RES003666,64.53,Mexican,,33.7,2.6
RES003667,41.27,Brazilian,84,3.2,3.8
RES003668,39.18,Brazilian,,32.5,6.7
RES003669,48.71,Italian,55,62.9,8.3
RES003670,24.5,Pizza,,37.6,7.5
RES003671,22.65,Pizza,40,88.5,6.5
RES003672,91.91,Mediterranean,,43.1,0.5
RES003673,19.46,Italian,77,12.0,1.8
RES003674,47.33,Brazilian,75,96.1,4.1
RES003675,23.05,Thai,18,58.0,0.6
RES003676,107.48,Pizza,90,68.2,4.7
RES003677,47.84,Mediterranean,,72.5,8.3
RES003678,19.71,Mediterranean,55,40.8,4.8
RES003679,66.53,Pizza,56,48.3,10.0
RES003680,23.33,Thai,54,0.9,2.2
RES003681,76.31,Burger,,49.7,5.9
RES003682,26.37,Brazilian,91,28.9,3.6
RES003683,54.96,French,56,49.9,0.9
RES003684,48.15,Pizza,,66.6,5.0
RES003685,23.37,Burger,60,12.0,8.1
RES003686,65.46,Indian,24,98.8,0.2
RES003687,75.08,Chinese,72,1.8,4.0
RES003688,49.92,Italian,,23.4,5.6
RES003689,72.21,Pizza,51,39.4,5.6
RES003690,43.57,Mexican,,87.2,8.6
RES003691,26.82,Japanese,,83.9,5.0
RES003692,52.19,Mediterranean,,96.6,2.5
RES003693,41.33,American,,23.8,9.5
RES003694,103.31,Indian,61,23.5,7.1
RES003695,21.55,French,,97.6,8.8
RES003696,49.73,Brazilian,90,79.2,4.9
RES003697,21.31,Indian,,49.9,2.1
RES003698,71.09,Mediterranean,,20.6,2.8
RES003699,94.61,Mediterranean,,37.9,5.5
RES003700,93.16,French,18,66.8,2.6
RES003701,88.5,French,,81.8,1.7
RES003702,39.55,Chinese,,95.6,3.4
RES003703,24.07,Italian,,2.8,3.8
RES003704,63.8,Indian,32,32.4,3.4
RES003705,95.12,Indian,,79.5,8.1
RES003706,22.12,French,20,90.2,7.5
RES003707,71.34,Indian,35,5.1,0.8
RES003708,23.24,Brazilian,22,3.0,5.1
RES003709,69.14,French,47,73.8,7.1
RES003710,54.89,Indian,86,39.0,7.4
RES003711,52.05,Mexican,90,76.5,9.3
RES003712,49.11,Indian,90,25.5,5.1
RES003713,44.17,Brazilian,,84.7,0.4
RES003714,56.91,Japanese,51,66.9,6.5
RES003715,49.6,American,,75.8,0.4
RES003716,91.63,Mexican,,83.2,9.5
RES003717,62.58,Mediterranean,,75.5,1.8
RES003718,92.58,Indian,33,72.2,1.8
RES003719,102.83,Pizza,,48.3,5.0
RES003720,66.0,Thai,91,83.4,9.9
RES003721,89.72,Mediterranean,,69.4,6.4
RES003722,21.74,Chinese,,4.6,9.0
RES003723,110.35,American,37,59.9,6.9
RES003724,67.18,Pizza,90,69.6,1.1
RES003725,100.25,Italian,21,3.8,10.0
RES003726,84.74,Japanese,47,25.1,4.7
RES003727,62.54,Italian,,59.3,0.3
RES003728,53.01,Indian,46,21.9,9.4
RES003729,21.7,Japanese,47,68.5,6.9
RES003730,95.27,Mexican,47,36.0,0.4
RES003731,21.5,American,,45.0,2.6
RES003732,72.86,Chinese,58,96.6,0.0
RES003733,67.39,Japanese,26,42.5,5.7
RES003734,28.15,Japanese,,79.0,2.8
RES003735,76.17,French,33,23.3,6.4
RES003736,23.95,Japanese,28,76.0,6.6
RES003737,77.06,Mediterranean,34,78.9,3.6
RES003738,24.67,Burger,39,50.1,8.0
RES003739,124.24,Brazilian,,9.7,5.6
RES003740,78.76,American,94,89.6,7.9
RES003741,72.27,Chinese,23,25.1,4.6
RES003742,65.97,Italian,42,3.8,5.9
RES003743,35.28,Thai,,25.6,2.9
RES003744,20.84,Burger,,38.9,3.9
RES003745,66.33,Japanese,,3.1,5.7
RES003746,108.21,Brazilian,,1.1,4.9
RES003747,67.75,Brazilian,,96.2,7.0
RES003748,18.36,Mexican,,22.3,2.0
RES003749,21.23,Chinese,,6.3,5.1
RES003750,21.2,Pizza,34,30.3,5.8
RES003751,88.59,Chinese,28,44.8,5.0
RES003752,59.53,French,81,44.4,9.6
RES003753,35.44,Chinese,20,38.9,2.5
RES003754,23.74,Burger,36,94.7,5.7
RES003755,59.96,Burger,50,38.7,1.2
RES003756,27.64,Burger,80,29.4,0.4
RES003757,25.44,Mexican,,70.8,3.0
RES003758,63.94,Mediterranean,66,46.2,4.8
RES003759,49.88,Pizza,96,78.6,4.0
RES003760,66.83,Brazilian,22,58.3,3.3
RES003761,74.91,Brazilian,72,80.6,9.0
RES003762,19.92,Japanese,52,1.2,5.4
RES003763,62.71,Pizza,,12.4,3.1
RES003764,64.2,French,70,90.8,2.3
RES003765,84.1,Indian,,82.5,7.9
RES003766,24.2,Indian,21,23.9,9.6
RES003767,42.82,Italian,36,61.3,1.8
RES003768,114.94,Chinese,,71.3,5.8
RES003769,42.12,Chinese,88,70.6,2.1
RES003770,93.1,Mexican,90,71.9,6.4
RES003771,19.47,Mediterranean,29,52.3,5.2
RES003772,46.6,Mediterranean,61,32.5,6.9
RES003773,95.37,Mediterranean,20,15.4,3.9
RES003774,40.68,Indian,19,89.4,1.8
RES003775,62.48,Mexican,,76.5,8.1
RES003776,20.92,Mediterranean,40,6.5,9.2
RES003777,86.98,Chinese,93,8.8,2.4
RES003778,45.26,Indian,25,98.6,8.4
RES003779,83.4,Brazilian,48,56.3,9.0
RES003780,99.69,French,18,43.1,7.5
RES003781,82.24,Thai,53,23.7,6.4
RES003782,42.96,Mexican,,78.2,2.4
RES003783,92.63,Indian,,97.7,8.5
RES003784,25.86,Burger,62,39.9,0.9
RES003785,17.96,French,65,6.1,2.3
RES003786,17.95,Brazilian,31,73.7,9.3
RES003787,46.45,Thai,77,28.6,8.5
RES003788,35.79,Burger,46,39.7,1.6
RES003789,106.79,Brazilian,41,10.8,9.0
RES003790,91.56,Burger,,88.3,7.7
RES003791,55.49,Chinese,69,54.2,5.9
RES003792,56.75,Chinese,45,33.5,8.1
RES003793,24.56,Indian,22,52.7,3.0
RES003794,27.12,Mexican,47,5.9,8.8
RES003795,50.55,Mediterranean,90,45.5,6.7
RES003796,48.32,Japanese,84,1.6,8.8
RES003797,53.99,Mexican,,17.6,6.4
RES003798,95.52,Chinese,,26.1,4.3
RES003799,51.92,Japanese,,25.2,1.9
RES003800,21.97,American,65,94.8,5.3
RES003801,99.95,Italian,45,83.1,2.8
RES003802,74.11,American,25,59.9,3.2
RES003803,68.36,Chinese,26,45.8,3.1
RES003804,47.37,Japanese,,19.5,3.3
RES003805,47.81,Indian,61,64.3,8.5
RES003806,22.3,Pizza,30,12.8,4.3
RES003807,70.66,Italian,,23.9,5.2
RES003808,88.73,Mexican,,76.2,6.1
RES003809,21.23,French,,61.2,5.7
RES003810,34.8,Burger,,21.8,7.2
RES003811,63.48,Brazilian,48,58.2,0.4
RES003812,103.75,Mexican,,74.1,5.3
RES003813,67.52,American,86,84.9,4.4
RES003814,87.88,American,,3.3,8.0
RES003815,105.28,Mediterranean,23,14.9,1.7
RES003816,53.0,Mexican,88,36.8,5.6
RES003817,70.46,Mediterranean,91,3.6,9.6
RES003818,51.85,Pizza,,65.8,9.9
RES003819,47.07,Brazilian,,40.2,8.2
RES003820,63.09,American,69,24.5,6.3
RES003821,50.15,Mediterranean,32,9.7,10.0
RES003822,41.92,Indian,31,33.4,9.4
RES003823,47.69,Mexican,100,93.9,6.9
RES003824,45.14,American,40,88.7,6.6
RES003825,48.93,Mediterranean,37,13.3,4.8
RES003826,48.82,Thai,,20.3,0.1
RES003827,90.64,Chinese,47,4.9,7.0
RES003828,64.06,Burger,74,93.3,7.4
RES003829,22.32,Japanese,,16.6,4.4
RES003830,92.95,Pizza,,65.5,1.4
RES003831,22.23,French,86,42.8,3.8
RES003832,43.37,Brazilian,,40.8,3.7
RES003833,112.22,Indian,,6.6,4.5
RES003834,18.51,Italian,,96.8,7.5
RES003835,25.82,Mexican,,89.5,7.3
RES003836,62.75,Chinese,54,45.2,0.5
RES003837,23.9,Burger,,16.2,4.7
RES003838,45.27,Italian,53,30.9,2.8
RES003839,81.09,Brazilian,,38.0,1.6
RES003840,22.77,Thai,84,22.0,8.2
RES003841,27.66,Pizza,,72.0,3.8
RES003842,44.3,Pizza,,73.1,5.9
RES003843,68.96,American,35,7.1,4.2
RES003844,20.91,American,,4.4,9.6
RES003845,39.82,American,,60.3,6.5
RES003846,45.69,Burger,45,81.0,1.3
RES003847,89.02,Brazilian,,70.6,3.8
RES003848,50.13,Mexican,,24.3,9.8
RES003849,43.41,Italian,,91.8,0.1
RES003850,26.06,Thai,52,79.3,9.8
RES003851,47.74,Italian,,28.3,5.0
RES003852,23.89,American,49,21.7,2.6
RES003853,19.5,Indian,,72.4,9.0
RES003854,51.66,French,41,97.8,8.9
RES003855,75.42,Mediterranean,,36.4,1.8
RES003856,53.38,French,,60.8,1.5
RES003857,58.54,Mexican,56,9.0,6.7
RES003858,22.53,Chinese,40,31.6,7.6
RES003859,20.83,Mexican,33,17.7,3.0
RES003860,60.51,Thai,29,77.5,4.4
RES003861,80.6,American,,25.7,6.4
RES003862,45.55,Chinese,,11.1,9.2
RES003863,17.87,French,,74.7,3.0
RES003864,20.65,Mediterranean,33,8.6,4.6
RES003865,50.78,French,,18.0,8.2
RES003866,22.07,Indian,,71.5,2.0
RES003867,78.56,Italian,,20.6,3.2
RES003868,96.45,Japanese,63,14.3,2.1
RES003869,45.96,Brazilian,,45.3,9.3
RES003870,24.02,Pizza,61,23.4,7.7
RES003871,53.27,Mexican,,47.9,2.0
RES003872,75.89,Indian,54,5.0,5.8
RES003873,50.72,American,28,11.6,7.3
RES003874,81.41,Brazilian,41,98.4,9.8
RES003875,75.06,Brazilian,81,85.2,6.5
RES003876,78.01,Mediterranean,,75.6,4.5
RES003877,47.85,Mexican,59,43.6,8.0
RES003878,55.49,American,,95.8,1.3
RES003879,62.0,Chinese,,79.2,4.3
RES003880,25.71,Mexican,,67.3,5.4
RES003881,73.08,Burger,,90.2,9.3
RES003882,41.84,Mediterranean,27,41.2,4.7
RES003883,67.59,Burger,87,96.0,8.6
RES003884,93.95,Mexican,38,44.9,0.4
RES003885,89.6,Chinese,71,74.1,5.5
RES003886,48.57,Italian,,20.3,2.0
RES003887,85.96,Mexican,44,67.3,0.5
RES003888,101.4,Mediterranean,46,83.2,5.8
RES003889,31.8,Indian,,73.2,1.7
RES003890,38.16,Thai,74,65.8,0.1
RES003891,45.84,Japanese,61,35.8,7.0
RES003892,39.35,Indian,,53.8,6.7
RES003893,93.77,American,27,18.3,2.1
RES003894,43.99,Chinese,,13.7,7.7
RES003895,22.61,Pizza,,84.6,6.8
RES003896,45.33,Pizza,,78.8,6.5
RES003897,91.5,Brazilian,37,39.4,7.1
RES003898,73.23,Mexican,55,55.4,4.5
RES003899,55.29,Mediterranean,82,87.9,3.0
RES003900,21.23,Burger,,46.1,7.8
RES003901,24.1,Chinese,39,46.7,4.0
RES003902,21.08,Mediterranean,,46.6,5.7
RES003903,21.36,Italian,23,6.8,6.7
RES003904,45.57,American,44,63.2,3.6
RES003905,64.67,Thai,55,93.6,4.1
RES003906,24.41,Italian,39,1.5,4.4
RES003907,68.5,French,76,54.2,8.2
RES003908,44.16,Italian,22,65.9,9.4
RES003909,24.19,American,,1.7,0.3
RES003910,47.63,Mexican,87,40.2,3.0
RES003911,30.53,Japanese,87,22.6,3.3
RES003912,22.62,Thai,90,9.3,8.0
RES003913,44.52,Burger,57,9.5,9.7
RES003914,54.87,American,30,89.6,4.1
RES003915,74.86,Mexican,48,60.7,7.3
RES003916,82.18,Chinese,,87.4,8.9
RES003917,66.56,Thai,,33.5,4.0
RES003918,21.1,Indian,85,16.6,0.5
RES003919,41.8,Mediterranean,,14.5,3.7
RES003920,48.35,French,82,51.7,1.7
RES003921,98.58,Mediterranean,,62.7,9.2
RES003922,78.68,Mexican,,98.5,5.2
RES003923,65.65,Burger,,62.9,8.1
RES003924,64.68,French,60,72.3,7.0
RES003925,27.34,Brazilian,,59.8,8.8
RES003926,95.77,Mexican,,93.8,3.6
RES003927,25.09,Italian,14,77.8,5.0
RES003928,99.03,Italian,,66.8,6.2
RES003929,20.29,Mediterranean,27,40.0,4.1
RES003930,23.21,French,,39.7,0.0
RES003931,92.92,Mexican,,99.1,6.9
RES003932,70.41,Burger,31,16.4,2.0
RES003933,80.46,Italian,,25.5,8.4
RES003934,54.32,American,,62.8,8.5
RES003935,102.99,Italian,,83.6,0.3
RES003936,35.87,Japanese,,11.8,5.3
RES003937,39.11,Italian,84,43.9,8.8
RES003938,42.8,American,,50.1,0.7
RES003939,116.93,American,,19.3,1.4
RES003940,24.71,Mexican,79,88.5,8.8
RES003941,17.32,Mediterranean,92,72.6,2.5
RES003942,42.82,American,32,73.4,1.9
RES003943,45.49,Indian,62,19.0,1.3
RES003944,85.09,Mediterranean,74,6.0,0.0
RES003945,49.23,Burger,59,89.6,7.2
RES003946,63.33,Italian,45,83.3,6.0
RES003947,24.81,Thai,89,11.7,6.8
RES003948,86.51,Japanese,,69.4,4.0
RES003949,81.3,Thai,17,88.3,0.4
RES003950,55.2,French,77,59.7,5.1
RES003951,82.99,Mexican,,46.6,7.2
RES003952,24.84,American,58,13.7,4.0
RES003953,48.69,Mexican,96,13.7,9.0
RES003954,90.4,Italian,,35.2,1.7
RES003955,97.64,French,27,85.7,8.2
RES003956,19.15,Chinese,,8.2,2.0
RES003957,106.27,Mediterranean,79,43.2,2.9
RES003958,40.81,French,,66.7,2.6
RES003959,86.31,Burger,,97.6,2.3
RES003960,66.39,Thai,87,54.7,7.5
RES003961,18.8,American,68,56.5,2.1
RES003962,20.54,Thai,40,76.8,2.6
RES003963,36.79,Thai,69,73.7,7.3
RES003964,42.01,American,57,79.1,5.9
RES003965,64.3,Mexican,,5.7,0.7
RES003966,69.96,French,34,79.5,7.9
RES003967,63.85,Brazilian,,8.9,4.1
RES003968,38.29,French,,40.5,8.8
RES003969,76.1,Chinese,23,5.5,3.0
RES003970,51.04,Brazilian,,68.5,0.5
RES003971,96.91,Chinese,89,76.9,0.6
RES003972,54.18,Mediterranean,19,65.7,3.0
RES003973,97.05,Burger,89,77.7,4.8
RES003974,68.52,Mediterranean,,2.3,2.4
RES003975,64.62,Italian,,43.9,5.8
RES003976,39.59,Japanese,52,16.4,9.4
RES003977,82.74,Italian,,42.5,1.6
RES003978,82.46,Chinese,46,62.0,1.5
RES003979,85.67,Mexican,88,18.1,4.3
RES003980,91.75,American,,62.1,1.0
RES003981,54.45,American,46,15.8,3.3
RES003982,103.96,Pizza,47,89.7,7.5
RES003983,67.35,Italian,,46.1,7.7
RES003984,104.64,Japanese,57,21.9,1.0
RES003985,20.43,French,86,58.9,1.9
RES003986,66.86,Italian,46,51.2,3.9
RES003987,20.93,Mediterranean,,10.0,1.5
RES003988,61.53,Mexican,,95.5,5.9
RES003989,46.02,American,93,17.6,2.6
RES003990,76.92,Mediterranean,,77.7,8.7
RES003991,83.21,American,,59.7,8.5
RES003992,52.85,Mexican,71,9.7,0.9
RES003993,32.19,Pizza,37,35.9,0.5
RES003994,46.45,Mediterranean,69,82.6,7.1
RES003995,39.49,Mediterranean,,76.0,6.6
RES003996,21.44,Brazilian,,79.7,8.0
RES003997,48.67,Japanese,94,60.4,0.6
RES003998,89.07,French,46,86.5,5.2
RES003999,45.2,Chinese,77,37.8,8.1
RES004000,16.83,Chinese,,29.3,7.5
RES004001,70.36,Italian,,30.3,5.6
RES004002,49.28,Burger,52,11.9,2.3
RES004003,75.4,Mediterranean,44,36.7,7.6
RES004004,46.01,Mexican,86,59.0,9.9
RES004005,52.57,Brazilian,17,14.1,1.3
RES004006,53.34,Indian,,39.0,8.1
RES004007,37.21,Pizza,84,91.2,3.8
RES004008,62.95,American,25,7.4,6.6
RES004009,75.26,American,86,6.8,4.9
RES004010,39.73,Mediterranean,,23.9,0.1
RES004011,21.05,Japanese,73,75.6,4.8
RES004012,66.49,Mexican,,10.4,1.1
RES004013,111.83,Italian,,16.4,6.6
RES004014,39.67,Brazilian,13,4.1,7.8
RES004015,69.92,French,32,20.9,2.5
RES004016,36.84,Mediterranean,46,8.8,5.5
RES004017,18.16,Thai,92,53.5,7.0
RES004018,85.13,Chinese,41,77.7,7.5
RES004019,47.04,Burger,47,36.4,5.8
RES004020,77.3,Italian,80,31.8,1.5
RES004021,57.26,Brazilian,,32.6,2.1
RES004022,46.39,Brazilian,,53.8,0.2
RES004023,48.77,Indian,,12.1,5.1
RES004024,104.28,Japanese,87,21.0,8.3
RES004025,52.93,American,79,36.4,2.2
RES004026,81.61,Thai,92,58.2,4.9
RES004027,45.8,Indian,62,91.1,1.0
RES004028,88.44,Mexican,85,12.8,8.8
RES004029,85.33,Italian,,3.5,6.9
RES004030,55.21,Burger,39,70.9,3.9
RES004031,38.61,Italian,45,38.2,3.3
RES004032,45.8,French,84,1.8,6.7
RES004033,43.6,Mexican,31,73.9,9.0
RES004034,22.84,Burger,,93.2,2.8
RES004035,68.97,Indian,,28.3,8.0
RES004036,72.84,Pizza,74,46.9,2.3
RES004037,116.65,Mediterranean,33,13.6,3.3
RES004038,68.51,Chinese,87,66.3,1.6
RES004039,22.54,Indian,,52.7,0.8
RES004040,69.83,American,88,58.1,0.0
RES004041,63.84,Chinese,76,47.6,1.7
RES004042,83.11,Burger,24,71.8,0.1
RES004043,58.9,Italian,24,75.4,8.7
RES004044,20.9,Japanese,,37.7,6.7
RES004045,53.51,French,,47.3,9.1
RES004046,47.17,Indian,33,17.8,5.0
RES004047,103.32,French,,55.3,6.6
RES004048,45.91,French,11,0.6,3.7
RES004049,107.12,Mediterranean,35,53.2,2.6
RES004050,74.28,Indian,,14.4,2.7
RES004051,45.54,Italian,,28.1,4.1
RES004052,86.0,Japanese,,83.9,8.6
RES004053,45.16,American,54,70.0,5.5
RES004054,22.69,Mexican,65,70.1,0.6
RES004055,69.0,Italian,20,45.8,7.0
RES004056,50.42,American,,76.6,6.9
RES004057,61.76,Burger,35,42.8,4.8
RES004058,26.49,Japanese,,67.5,6.1
RES004059,72.24,Pizza,66,20.1,5.7
RES004060,60.31,Mexican,,65.9,1.6
RES004061,66.94,Burger,,82.3,2.9
RES004062,45.15,Burger,84,82.4,8.2
RES004063,23.0,Brazilian,,35.0,5.2
RES004064,22.37,Chinese,55,4.1,9.9
RES004065,52.55,Brazilian,,28.5,1.5
RES004066,94.02,American,83,23.1,2.6
RES004067,26.51,Indian,55,2.9,0.1
RES004068,60.26,Mediterranean,65,56.5,0.4
RES004069,59.01,Thai,88,70.4,3.0
RES004070,39.76,Pizza,55,82.5,4.5
RES004071,23.26,American,37,55.9,9.1
RES004072,19.68,Thai,58,65.8,1.5
RES004073,88.21,Burger,32,34.4,6.4
RES004074,73.38,Indian,,75.6,7.5
RES004075,112.4,Burger,,75.6,6.4
RES004076,91.9,French,89,13.3,7.0
RES004077,46.75,Japanese,,48.5,7.6
RES004078,42.0,Burger,,43.8,8.0
RES004079,30.55,Indian,43,63.5,5.3
RES004080,62.56,Japanese,,84.8,4.2
RES004081,44.54,Burger,,13.9,7.1
RES004082,74.57,French,92,86.5,9.8
RES004083,94.89,Brazilian,28,42.5,3.5
RES004084,54.62,Mediterranean,28,73.8,5.3
RES004085,18.29,Burger,81,93.8,7.2
RES004086,52.28,Mexican,,43.8,8.5
RES004087,18.54,Mediterranean,,37.9,6.1
RES004088,89.45,Indian,89,7.5,2.4
RES004089,94.07,Indian,50,90.9,1.6
RES004090,77.27,Mediterranean,14,67.3,6.1
RES004091,89.71,French,67,43.9,6.0
RES004092,73.61,Japanese,,21.7,4.9
RES004093,64.14,Mediterranean,,89.5,8.9
RES004094,20.17,Indian,18,72.7,4.2
RES004095,46.17,Brazilian,,15.2,5.5
RES004096,22.02,Japanese,82,87.9,5.9
RES004097,19.13,Indian,,40.3,7.1
RES004098,97.81,Chinese,,50.5,6.2
RES004099,45.17,Italian,,56.2,6.0
RES004100,22.84,French,,49.0,2.5
RES004101,70.42,French,92,65.3,5.3
RES004102,63.76,Italian,68,32.1,5.1
RES004103,47.87,Chinese,,46.6,0.9
RES004104,29.67,Chinese,40,96.2,2.9
RES004105,43.76,Indian,89,91.9,7.0
RES004106,53.81,Burger,,73.1,0.0
RES004107,63.94,Burger,,14.5,5.6
RES004108,101.83,Mexican,26,62.1,9.8
RES004109,83.17,Japanese,68,51.8,1.1
RES004110,48.1,Italian,13,16.2,3.5
RES004111,41.51,Italian,,17.4,4.9
RES004112,20.42,American,,58.5,4.2
RES004113,91.36,American,,87.0,4.8
RES004114,24.64,Japanese,89,92.3,5.4
RES004115,24.38,Italian,73,14.1,1.1
RES004116,87.05,Thai,65,73.1,0.2
RES004117,47.77,Japanese,59,87.1,2.4
RES004118,44.42,Indian,,82.7,6.7
RES004119,93.82,Mexican,51,54.3,9.8
RES004120,38.85,French,48,47.4,2.9
RES004121,89.48,Thai,21,56.3,7.6
RES004122,26.27,Chinese,34,33.4,1.0
RES004123,22.09,Indian,45,64.0,0.7
RES004124,51.82,Burger,,10.8,2.9
RES004125,103.79,Japanese,,86.2,10.0
RES004126,43.75,Mediterranean,63,9.5,8.1
RES004127,50.73,American,,89.7,8.2
RES004128,73.71,American,,85.7,9.8
RES004129,42.26,American,53,26.4,2.6
RES004130,27.38,French,,44.9,3.2
RES004131,68.01,Pizza,,5.2,4.4
RES004132,23.96,Chinese,71,53.4,2.5
RES004133,20.56,Mediterranean,46,77.2,6.8
RES004134,62.63,Mediterranean,18,44.8,0.8
RES004135,45.42,Brazilian,,45.7,0.3
RES004136,18.23,American,,45.2,4.8
RES004137,26.47,Pizza,,73.6,6.2
RES004138,55.73,Pizza,12,64.7,9.6
RES004139,21.59,Mexican,82,84.0,2.7
RES004140,99.3,Mediterranean,,86.4,1.1
RES004141,61.25,Indian,51,77.5,1.1
RES004142,81.58,Pizza,,32.8,4.2
RES004143,77.71,Pizza,,75.5,2.7
RES004144,60.22,Italian,75,25.6,5.8
RES004145,80.2,Chinese,75,84.3,6.3
RES004146,16.32,Indian,,72.8,1.7
RES004147,91.04,American,95,7.7,1.6
RES004148,67.76,Brazilian,,8.2,3.5
RES004149,44.61,Chinese,96,25.3,5.4
RES004150,40.05,Indian,,10.5,4.6
RES004151,101.0,Burger,,11.0,6.1
RES004152,46.5,Indian,59,72.2,6.5
RES004153,70.23,Thai,30,4.0,1.3
RES004154,66.33,Chinese,61,29.9,7.2
RES004155,20.71,Japanese,,9.1,8.2
RES004156,21.57,Chinese,57,47.1,3.6
RES004157,92.52,Chinese,,65.1,0.6
RES004158,55.17,Mexican,,77.9,8.2
RES004159,19.39,American,63,25.7,8.0
RES004160,23.36,Chinese,54,39.5,9.1
RES004161,31.91,Italian,,19.9,5.9
RES004162,47.28,Italian,,1.0,9.9
RES004163,73.15,American,14,38.3,1.2
RES004164,49.45,Pizza,,42.7,5.9
RES004165,29.7,Brazilian,,15.1,1.4
RES004166,101.04,Burger,20,1.5,8.4
RES004167,61.27,Mexican,32,35.5,3.6
RES004168,41.16,Mexican,16,18.2,7.1
RES004169,18.32,American,,87.3,4.2
RES004170,100.27,Brazilian,,83.1,3.4
RES004171,24.27,Burger,,66.8,4.9
RES004172,52.03,Italian,,71.9,0.4
RES004173,21.76,French,42,72.0,5.3
RES004174,35.47,French,,7.4,5.4
RES004175,104.23,Indian,,17.7,9.4
RES004176,75.89,French,,61.4,8.8
RES004177,76.01,Mediterranean,,2.6,6.1
RES004178,20.89,Burger,47,99.0,7.8
RES004179,113.53,Mediterranean,83,28.2,7.4
RES004180,64.2,Indian,,55.1,8.1
RES004181,31.82,Brazilian,52,68.1,3.9
RES004182,25.37,Mediterranean,,3.4,8.7
RES004183,24.34,Thai,61,84.0,3.3
RES004184,72.88,American,65,39.7,7.7
RES004185,54.84,Thai,30,79.8,0.8
RES004186,70.45,Thai,,82.6,1.8
RES004187,89.43,Italian,80,99.4,9.5
RES004188,77.6,Pizza,84,22.1,9.7
RES004189,80.18,Mediterranean,36,82.7,7.1
RES004190,76.82,Brazilian,17,18.6,6.1
RES004191,66.09,French,,67.9,8.2
RES004192,60.5,American,,94.9,8.0
RES004193,87.52,Pizza,34,46.9,5.2
RES004194,68.82,Pizza,52,48.3,1.4
RES004195,98.27,Indian,,64.7,8.5
RES004196,25.61,Pizza,,9.5,6.3
RES004197,28.45,French,86,89.8,7.3
RES004198,87.61,French,30,51.3,8.1
RES004199,20.61,Brazilian,,15.1,5.3
RES004200,85.97,Mexican,,76.7,7.9
RES004201,71.02,Mexican,,99.1,7.0
RES004202,16.42,Thai,44,9.9,1.6
RES004203,36.77,Thai,,30.9,8.0
RES004204,83.05,American,33,38.4,6.9
RES004205,86.58,Pizza,87,93.4,8.1
RES004206,31.18,Thai,,10.0,8.1
RES004207,89.93,Japanese,45,17.0,8.9
RES004208,97.36,Mediterranean,,91.9,2.5
RES004209,35.41,Mediterranean,71,70.1,2.6
RES004210,79.15,Pizza,79,36.9,4.7
RES004211,72.2,Indian,33,65.8,8.6
RES004212,41.63,Mexican,,73.8,1.0
RES004213,39.43,Chinese,79,83.6,8.6
RES004214,88.95,Italian,35,5.7,0.9
RES004215,35.95,Thai,,1.0,7.8
RES004216,59.37,Burger,33,54.5,3.2
RES004217,24.43,French,82,81.7,9.4
RES004218,47.83,French,91,82.6,4.7
RES004219,48.47,Indian,24,34.4,9.0
RES004220,95.21,American,25,96.6,3.8
RES004221,88.0,Indian,,40.7,8.9
RES004222,50.44,Pizza,,47.7,2.5
RES004223,82.05,Thai,63,28.1,1.6
RES004224,71.75,Mexican,40,82.4,5.4
RES004225,25.53,Chinese,24,72.1,9.7
RES004226,71.21,Chinese,81,55.8,0.0
RES004227,80.1,Indian,,38.5,7.6
RES004228,47.4,Chinese,,34.7,6.6
RES004229,24.64,Brazilian,67,71.8,0.1
RES004230,49.84,Indian,80,91.7,9.5
RES004231,44.52,Pizza,34,33.9,7.4
RES004232,51.56,Pizza,,76.2,4.2
RES004233,106.43,Thai,14,36.0,6.4
RES004234,68.95,Mexican,67,89.4,5.7
RES004235,40.31,Indian,50,75.7,0.5
RES004236,43.46,American,,1.2,5.6
RES004237,41.14,French,51,39.5,5.5
RES004238,45.36,Brazilian,,96.9,4.4
RES004239,25.18,Mediterranean,58,71.8,9.0
RES004240,22.88,Thai,43,25.8,6.4
RES004241,21.99,Mediterranean,39,20.6,8.6
RES004242,41.27,Indian,29,60.1,7.4
RES004243,73.7,French,,92.7,8.1
RES004244,15.98,Chinese,40,14.3,3.3
RES004245,79.09,Indian,32,92.1,8.7
RES004246,94.85,Mexican,86,53.8,3.0
RES004247,38.63,Mediterranean,,57.8,5.7
RES004248,60.74,Pizza,78,47.5,3.9
RES004249,41.97,French,37,81.4,8.9
RES004250,22.43,Pizza,53,60.5,9.4
RES004251,57.14,Brazilian,,74.0,9.2
RES004252,22.43,Chinese,86,82.9,1.6
RES004253,43.56,Japanese,66,12.3,0.7
RES004254,45.01,French,21,47.5,3.9
RES004255,55.56,Brazilian,,34.3,1.6
RES004256,77.77,Pizza,38,26.6,0.1
RES004257,39.11,Chinese,55,94.0,6.8
RES004258,68.94,Pizza,74,74.0,1.4
RES004259,106.8,Italian,,73.8,3.9
RES004260,19.66,French,,73.8,2.0
RES004261,54.0,American,74,61.0,4.5
RES004262,41.5,Pizza,69,91.4,6.7
RES004263,54.49,Japanese,57,6.6,1.8
RES004264,44.11,Japanese,,93.0,7.4
RES004265,44.31,Thai,,94.0,1.0
RES004266,43.42,American,56,90.9,1.4
RES004267,105.14,Brazilian,,43.1,9.5
RES004268,22.74,Brazilian,85,12.9,7.5
RES004269,63.63,Brazilian,34,4.7,6.9
RES004270,91.08,Italian,,73.0,9.9
RES004271,21.84,Japanese,43,16.7,8.5
RES004272,89.56,Italian,,74.0,7.2
RES004273,20.69,Japanese,28,27.0,3.5
RES004274,89.21,Pizza,,72.2,4.2
RES004275,23.09,Pizza,45,67.6,0.4
RES004276,40.97,Mexican,75,96.2,4.6
RES004277,23.41,Pizza,29,26.2,8.3
RES004278,71.15,Indian,,51.4,2.6
RES004279,80.17,Japanese,50,93.9,2.0
RES004280,58.99,American,65,11.6,6.8
RES004281,91.05,Mexican,,6.6,1.2
RES004282,24.69,Brazilian,84,19.2,5.7
RES004283,77.28,Mexican,,68.0,7.5
RES004284,70.53,Burger,50,42.5,0.2
RES004285,64.39,French,,33.6,7.6
RES004286,45.05,Chinese,57,66.4,6.3
RES004287,59.67,Italian,44,1.2,8.9
RES004288,91.23,Thai,,64.1,0.5
RES004289,50.8,French,88,86.3,7.7
RES004290,82.16,Mexican,55,6.6,0.0
RES004291,55.0,Mediterranean,22,71.7,0.7
RES004292,82.14,French,,38.4,8.4
RES004293,35.2,Burger,46,65.3,0.9
RES004294,91.29,Japanese,53,98.4,2.5
RES004295,45.31,American,,28.2,3.2
RES004296,85.93,American,,39.2,8.6
RES004297,23.46,French,29,74.9,7.7
RES004298,35.66,Italian,74,83.9,9.5
RES004299,97.94,Pizza,,80.4,6.6
RES004300,46.48,American,47,81.8,3.3
RES004301,20.5,Chinese,,92.1,2.0
RES004302,103.15,American,28,15.8,5.2
RES004303,47.0,Mediterranean,24,40.7,0.5
RES004304,65.2,Burger,80,84.1,7.2
RES004305,27.05,Indian,,55.4,0.5
RES004306,23.72,American,25,47.3,5.8
RES004307,70.24,Pizza,87,25.2,1.1
RES004308,23.45,Indian,21,23.3,1.1
RES004309,85.8,Chinese,,59.2,8.6
RES004310,80.91,Mexican,,20.0,7.2
RES004311,74.14,Pizza,59,40.3,2.9
RES004312,79.62,Pizza,21,38.5,5.2
RES004313,52.0,Pizza,34,94.2,9.1
RES004314,40.9,Mexican,59,29.7,9.4
RES004315,59.88,American,28,45.3,4.5
RES004316,47.97,Italian,23,95.4,8.4
RES004317,44.51,Burger,49,35.5,0.1
RES004318,62.45,Japanese,56,40.2,5.8
RES004319,84.18,Thai,51,49.7,7.0
RES004320,60.37,Mexican,,17.3,0.5
RES004321,41.29,Chinese,75,21.6,6.5
RES004322,66.15,Indian,,39.7,8.6
RES004323,79.22,French,88,99.5,3.9
RES004324,41.01,Italian,76,85.4,6.1
RES004325,19.7,Japanese,83,30.3,1.7
RES004326,25.78,Mexican,74,60.2,9.3
RES004327,74.51,Indian,61,31.7,0.4
RES004328,45.1,Chinese,37,61.2,0.1
RES004329,55.46,Italian,88,66.4,0.4
RES004330,73.09,Brazilian,,66.3,6.9
RES004331,23.73,Pizza,,55.2,3.4
RES004332,23.9,Mediterranean,73,6.8,1.6
RES004333,49.88,Italian,32,50.2,7.8
RES004334,25.79,Brazilian,45,4.0,7.2
RES004335,100.61,Chinese,26,59.9,8.9
RES004336,52.53,French,36,90.4,6.6
RES004337,87.83,French,,55.1,4.3
RES004338,106.07,American,23,16.9,0.3
RES004339,22.58,Burger,72,72.6,9.7
RES004340,15.34,French,58,11.6,9.1
RES004341,19.26,Mediterranean,,32.5,2.2
RES004342,77.68,Indian,61,82.8,2.5
RES004343,21.35,Japanese,,3.8,0.7
RES004344,88.09,American,,29.8,5.3
RES004345,48.63,Indian,85,93.0,8.2
RES004346,24.94,Burger,79,86.5,7.4
RES004347,69.39,Chinese,20,12.9,6.5
RES004348,42.37,Pizza,95,43.4,2.1
RES004349,35.25,Burger,21,0.1,6.6
RES004350,75.95,Italian,82,74.3,5.0
RES004351,113.01,Thai,,60.4,8.7
RES004352,77.89,French,91,57.3,0.6
RES004353,93.09,Pizza,,98.7,4.4
RES004354,102.91,Pizza,73,37.0,4.9
RES004355,42.68,Japanese,,1.9,8.3
RES004356,16.39,Italian,81,29.5,0.9
RES004357,61.28,Mexican,,11.8,2.1
RES004358,72.63,Mexican,56,84.6,6.4
RES004359,77.46,Mexican,60,94.2,5.4
RES004360,21.15,French,49,59.1,3.3
RES004361,95.11,Italian,,74.6,4.0
RES004362,116.04,Mexican,72,16.6,3.2
RES004363,21.35,American,28,98.4,7.0
RES004364,57.5,Burger,,65.4,1.3
RES004365,88.35,Brazilian,,62.7,7.9
RES004366,23.59,Mediterranean,52,50.4,4.8
RES004367,22.56,Burger,,55.7,7.1
RES004368,22.87,Mexican,,69.3,6.6
RES004369,42.48,Brazilian,38,73.3,2.6
RES004370,23.49,Mediterranean,35,28.6,1.9
RES004371,100.41,Pizza,47,26.3,4.0
RES004372,94.76,Thai,25,78.1,9.1
RES004373,18.24,French,68,38.0,9.1
RES004374,75.68,Italian,,6.3,1.0
RES004375,42.7,Mexican,,5.5,8.3
RES004376,55.07,Chinese,49,70.4,9.5
RES004377,42.88,Thai,24,45.2,6.1
RES004378,83.56,Italian,91,77.5,6.6
RES004379,71.37,Italian,36,31.3,0.6
RES004380,49.37,Pizza,,43.0,6.4
RES004381,22.35,Burger,34,49.7,1.4
RES004382,75.93,American,,95.6,8.6
RES004383,46.28,Italian,,83.5,5.9
RES004384,41.49,Mediterranean,79,41.4,1.7
RES004385,102.2,Indian,,22.0,4.8
RES004386,75.44,Italian,,20.7,9.3
RES004387,39.36,Thai,45,22.9,2.8
RES004388,20.75,American,23,14.6,4.4
RES004389,93.78,American,34,19.7,4.2
RES004390,66.8,Japanese,77,44.5,6.4
RES004391,91.83,American,76,48.4,8.9
RES004392,18.84,Indian,37,72.9,8.6
RES004393,40.57,Pizza,30,94.5,6.1
RES004394,24.25,Thai,,87.4,7.5
RES004395,45.86,Chinese,65,49.3,9.6
RES004396,39.88,Thai,33,91.1,3.9
RES004397,36.02,Pizza,,97.1,7.6
RES004398,82.26,Indian,,75.3,5.1
RES004399,65.46,Indian,,38.6,7.2
RES004400,70.65,Brazilian,64,47.3,2.9
RES004401,23.92,Italian,26,45.5,3.3
RES004402,20.42,Mediterranean,,93.7,8.9
RES004403,21.32,Brazilian,,31.3,0.4
RES004404,92.38,Mexican,,99.0,1.2
RES004405,25.53,Burger,32,74.0,9.3
RES004406,68.45,Chinese,,6.5,9.3
RES004407,45.58,Brazilian,37,61.0,8.8
RES004408,67.71,Pizza,57,6.2,6.5
RES004409,20.53,Thai,,50.8,9.1
RES004410,46.55,Mexican,11,7.8,1.9
RES004411,75.05,Indian,30,24.2,1.7
RES004412,22.13,Chinese,,48.4,2.1
RES004413,19.83,Japanese,34,46.3,7.9
RES004414,58.39,Pizza,54,34.6,4.0
RES004415,45.25,Mexican,27,63.0,4.3
RES004416,69.05,Italian,21,58.6,3.0
RES004417,68.38,American,88,1.0,6.0
RES004418,91.61,Burger,53,57.3,2.8
RES004419,88.2,Indian,,38.3,2.8
RES004420,109.79,American,68,90.6,8.3
RES004421,46.35,Thai,,16.4,4.6
RES004422,29.71,Indian,76,24.2,6.0
RES004423,110.12,Thai,73,99.3,3.8
RES004424,29.77,Thai,,0.3,8.5
RES004425,21.45,French,,71.7,8.9
RES004426,24.08,American,42,33.4,3.5
RES004427,86.56,Italian,,28.3,5.6
RES004428,45.73,Thai,34,82.5,8.7
RES004429,53.25,Mediterranean,55,78.0,2.1
RES004430,20.61,Burger,76,23.1,9.9
RES004431,22.44,Mexican,,14.4,5.9
RES004432,23.63,Brazilian,76,12.5,4.0
RES004433,55.14,Thai,88,14.4,4.6
RES004434,82.02,Italian,25,53.4,1.0
RES004435,22.49,Chinese,83,39.6,6.0
RES004436,20.14,Chinese,46,28.2,5.4
RES004437,24.25,Mediterranean,32,71.3,8.7
RES004438,66.47,Italian,,49.8,7.4
RES004439,26.77,Chinese,84,32.0,9.0
RES004440,22.75,Indian,,57.9,3.2
RES004441,17.77,Chinese,,6.3,7.1
RES004442,39.97,Japanese,,30.3,1.7
RES004443,52.21,Japanese,74,69.3,4.4
RES004444,18.22,Italian,27,32.4,8.4
RES004445,57.2,Mexican,43,72.3,2.8
RES004446,37.24,Brazilian,,60.3,9.3
RES004447,24.44,Burger,65,83.7,0.2
RES004448,21.36,Chinese,,53.9,5.0
RES004449,43.27,Mediterranean,21,19.1,2.8
RES004450,60.49,Mexican,,46.3,4.1
RES004451,65.6,Brazilian,82,47.5,3.4
RES004452,40.22,Indian,76,27.2,5.7
RES004453,65.1,Thai,23,88.1,9.1
RES004454,48.73,Burger,76,51.1,2.0
RES004455,23.47,Mediterranean,,1.1,4.5
RES004456,68.62,Chinese,19,2.9,4.0
RES004457,20.2,American,,27.0,9.6
RES004458,41.13,Mediterranean,39,88.5,2.5
RES004459,78.05,Indian,73,76.6,7.2
RES004460,108.12,French,38,93.1,5.9
RES004461,22.82,Mediterranean,,41.9,1.3
RES004462,24.85,Japanese,29,54.9,0.2
RES004463,86.06,Indian,,58.2,4.8
RES004464,95.44,Brazilian,16,64.1,3.7
RES004465,66.48,Japanese,27,50.8,8.5
RES004466,21.13,Burger,57,65.3,8.4
RES004467,79.29,American,62,2.4,8.5
RES004468,48.23,Indian,41,45.3,4.4
RES004469,87.61,Thai,88,35.0,7.4
RES004470,25.9,Mexican,24,15.0,7.3
RES004471,49.25,French,26,86.1,6.8
RES004472,21.94,French,,75.8,8.7
RES004473,28.81,French,58,88.3,3.4
RES004474,43.13,American,,50.2,9.1
RES004475,22.84,Pizza,49,20.3,9.8
RES004476,102.76,Italian,,93.3,8.1
RES004477,80.85,Burger,39,68.2,5.9
RES004478,46.22,Pizza,44,78.8,3.2
RES004479,58.98,Indian,21,45.4,8.8
RES004480,24.38,American,19,90.3,6.9
RES004481,43.5,Chinese,41,95.7,2.0
RES004482,56.96,Mediterranean,,63.3,8.1
RES004483,72.22,Italian,,9.2,5.9
RES004484,99.54,Brazilian,59,39.5,0.4
RES004485,21.0,Mexican,,67.1,6.0
RES004486,20.19,Indian,24,18.5,0.1
RES004487,24.05,Chinese,55,3.4,1.0
RES004488,18.38,Mediterranean,52,21.4,3.8
RES004489,78.25,Japanese,67,34.2,6.2
RES004490,29.38,Italian,43,95.8,4.6
RES004491,37.16,Thai,,37.1,2.0
RES004492,79.89,Burger,43,1.6,6.5
RES004493,42.5,Thai,44,96.9,2.0
RES004494,20.14,Pizza,85,16.1,0.2
RES004495,30.16,Italian,,71.0,0.6
RES004496,23.1,French,28,70.9,5.3
RES004497,64.88,Pizza,24,89.6,8.9
RES004498,42.08,Indian,74,92.5,7.4
RES004499,46.44,American,69,96.7,6.9
RES004500,45.11,American,41,36.6,3.1
RES004501,66.5,Mediterranean,38,4.8,0.7
RES004502,23.91,Mediterranean,,54.0,4.6
RES004503,73.7,Pizza,13,20.2,9.1
RES004504,25.89,Japanese,,57.9,5.2
RES004505,88.99,French,,51.8,0.1
RES004506,42.83,Chinese,50,21.2,4.8
RES004507,54.4,French,,4.7,6.0
RES004508,54.88,American,,83.3,7.9
RES004509,20.88,Japanese,,52.8,7.2
RES004510,64.12,Pizza,42,30.7,0.3
RES004511,45.95,American,54,86.7,1.0
RES004512,22.88,Italian,,11.5,2.6
RES004513,76.4,Indian,97,57.4,7.3
RES004514,45.09,Japanese,48,46.8,9.3
RES004515,71.7,Chinese,,87.7,6.9
RES004516,23.6,French,35,31.6,2.6
RES004517,64.58,Pizza,,73.6,7.9
RES004518,24.82,Thai,54,82.4,1.3
RES004519,93.94,Italian,64,13.0,0.6
RES004520,20.74,Brazilian,80,99.5,4.7
RES004521,20.68,Pizza,96,98.7,8.4
RES004522,90.4,Indian,62,78.3,9.3
RES004523,68.52,Japanese,36,83.9,3.6
RES004524,40.95,Burger,46,10.3,0.6
RES004525,57.17,Thai,89,99.4,6.9
RES004526,60.61,Indian,57,42.6,7.2
RES004527,21.36,Pizza,48,44.7,2.7
RES004528,85.71,Thai,,4.3,4.1
RES004529,62.59,American,64,98.1,7.5
RES004530,38.12,French,,30.7,9.6
RES004531,24.64,Mexican,,50.9,1.6
RES004532,70.69,Mexican,,34.6,8.5
RES004533,18.3,Mediterranean,87,89.2,4.9
RES004534,74.2,Pizza,,57.8,9.1
RES004535,49.65,Burger,,80.4,8.4
RES004536,83.29,French,30,89.0,6.0
RES004537,47.26,Indian,82,94.9,9.3
RES004538,62.83,French,90,84.4,7.8
RES004539,63.78,Mediterranean,,45.3,5.5
RES004540,19.0,Pizza,61,53.7,5.5
RES004541,21.72,Italian,38,44.1,0.3
RES004542,69.88,Mediterranean,57,15.1,0.5
RES004543,63.58,Italian,30,50.6,9.1
RES004544,20.21,Brazilian,,38.0,3.7
RES004545,70.22,Indian,,44.9,6.8
RES004546,52.06,American,31,95.3,7.4
RES004547,49.48,Chinese,31,85.9,5.0
RES004548,17.93,Mexican,72,46.3,3.9
RES004549,46.06,Pizza,93,73.4,9.8
RES004550,15.3,Italian,48,58.1,4.7
RES004551,62.66,Indian,,84.4,9.0
RES004552,53.6,Pizza,60,23.4,5.0
RES004553,76.94,Mediterranean,,95.6,9.5
RES004554,37.18,Indian,60,0.7,2.7
RES004555,59.55,American,,26.2,3.7
RES004556,61.03,American,,2.3,6.4
RES004557,40.2,Mexican,,36.2,7.4
RES004558,74.36,Thai,,29.5,6.5
RES004559,21.75,American,51,26.6,2.8
RES004560,45.66,Pizza,,98.7,0.9
RES004561,44.49,Mediterranean,46,24.1,3.2
RES004562,20.54,Mediterranean,23,56.6,4.8
RES004563,76.57,Japanese,59,50.6,7.5
RES004564,48.69,Burger,38,83.3,3.5
RES004565,67.14,Japanese,63,88.9,9.6
RES004566,41.34,Pizza,58,55.2,8.5
RES004567,20.61,Thai,24,39.0,7.0
RES004568,77.57,Japanese,20,8.7,8.5
RES004569,87.96,Mediterranean,,27.1,6.7
RES004570,52.32,Pizza,54,59.7,5.6
RES004571,67.09,Thai,83,30.7,9.6
RES004572,25.77,Japanese,,51.1,8.0
RES004573,80.98,Burger,49,13.7,1.5
RES004574,67.64,French,34,44.5,2.7
RES004575,22.48,Chinese,89,86.4,3.9
RES004576,91.17,Indian,,29.3,5.1
RES004577,51.06,Mexican,,67.5,6.9
RES004578,19.06,Brazilian,39,82.8,5.8
RES004579,25.4,Japanese,21,68.1,5.8
RES004580,74.43,Indian,,34.7,5.2
RES004581,47.93,Brazilian,21,43.8,3.2
RES004582,46.25,Indian,27,44.3,7.1
RES004583,94.0,Chinese,62,59.1,4.6
RES004584,45.39,American,,78.4,3.1
RES004585,17.93,French,89,84.1,1.3
RES004586,37.0,American,,52.6,2.9
RES004587,71.25,Chinese,86,46.6,9.1
RES004588,36.13,Mexican,72,0.9,1.5
RES004589,78.54,American,,76.1,10.0
RES004590,92.45,Mediterranean,,35.5,0.2
RES004591,55.89,Chinese,,19.2,5.0
RES004592,28.15,Burger,61,38.6,0.4
RES004593,82.57,American,17,66.7,6.2
RES004594,16.32,Pizza,70,86.8,3.8
RES004595,96.67,Thai,50,72.1,7.2
RES004596,81.69,Mexican,84,40.0,0.1
RES004597,44.47,Japanese,63,64.6,8.3
RES004598,21.86,Thai,21,27.2,8.5
RES004599,37.18,Italian,86,58.2,0.9
RES004600,89.82,Burger,45,18.3,7.7
RES004601,42.2,Pizza,63,19.9,3.2
RES004602,64.4,Brazilian,,58.2,4.0
RES004603,70.32,American,79,51.9,7.4
RES004604,89.99,American,44,88.1,9.1
RES004605,83.7,American,,31.3,3.2
RES004606,82.8,Brazilian,37,61.5,0.8
RES004607,46.39,Mediterranean,,22.7,6.3
RES004608,21.19,Italian,,9.9,5.6
RES004609,39.4,Chinese,30,32.8,9.5
RES004610,47.76,Burger,32,98.9,0.5
RES004611,18.3,Italian,,95.0,6.5
RES004612,52.4,Mexican,81,83.8,2.7
RES004613,114.28,Thai,,10.3,1.1
RES004614,70.23,French,,40.2,0.7
RES004615,24.88,Burger,,8.7,7.2
RES004616,87.89,American,29,76.6,1.9
RES004617,22.37,Pizza,72,65.8,4.2
RES004618,20.64,Brazilian,60,67.1,8.9
RES004619,22.66,Thai,50,99.0,0.5
RES004620,92.92,Mediterranean,29,85.9,8.9
RES004621,23.7,Burger,,47.1,3.2
RES004622,84.31,Thai,,23.5,0.8
RES004623,119.26,Thai,,94.3,2.1
RES004624,67.8,Indian,,80.1,9.2
RES004625,33.2,Japanese,71,76.2,7.0
RES004626,23.09,Burger,,71.1,2.8
RES004627,19.67,American,87,39.8,4.9
RES004628,92.24,Chinese,21,83.0,3.4
RES004629,38.86,Mediterranean,,91.7,8.0
RES004630,67.22,American,,12.9,4.5
RES004631,23.27,Thai,95,24.8,9.7
RES004632,67.07,Thai,,0.7,9.4
RES004633,101.81,Mediterranean,,43.5,2.6
RES004634,68.42,French,48,42.2,7.6
RES004635,43.66,Mexican,83,3.3,6.2
RES004636,44.16,Pizza,78,14.8,6.5
RES004637,78.58,Mexican,77,33.3,6.8
RES004638,56.65,American,66,30.6,4.2
RES004639,76.58,Italian,24,33.6,9.8
RES004640,46.47,Pizza,92,23.9,7.4
RES004641,55.77,Italian,,33.0,8.0
RES004642,72.07,Chinese,26,4.4,7.9
RES004643,34.8,Indian,82,64.5,7.1
RES004644,22.37,Chinese,80,42.6,8.6
RES004645,75.91,Mediterranean,72,58.0,8.4
RES004646,76.48,Pizza,,84.6,0.0
RES004647,23.76,Pizza,87,85.2,8.3
RES004648,42.2,Japanese,,74.2,6.8
RES004649,55.13,Mexican,63,6.2,9.3
RES004650,40.4,Chinese,,6.0,8.8
RES004651,43.47,Mexican,38,28.0,7.8
RES004652,22.43,French,68,6.3,7.2
RES004653,37.58,Thai,30,39.8,6.8
RES004654,20.48,Chinese,,22.1,1.6
RES004655,88.96,Japanese,,28.6,1.9
RES004656,101.37,Burger,,25.3,4.1
RES004657,104.84,Indian,,82.7,8.9
RES004658,43.44,Mexican,,81.0,8.1
RES004659,106.3,Japanese,,59.1,6.9
RES004660,21.68,Mexican,,19.4,2.4
RES004661,63.48,Italian,29,86.4,4.3
RES004662,23.47,French,85,5.8,7.5
RES004663,91.56,Burger,,31.1,3.5
RES004664,95.58,Pizza,15,97.1,4.8
RES004665,17.83,Mexican,80,42.3,0.6
RES004666,44.02,Brazilian,,59.2,3.3
RES004667,92.93,American,,79.0,5.5
RES004668,101.75,French,69,74.3,6.0
RES004669,20.87,French,,95.3,8.5
RES004670,85.85,Mediterranean,21,8.6,7.5
RES004671,71.41,Indian,,63.3,7.4
RES004672,59.3,Burger,81,10.4,5.7
RES004673,26.81,Brazilian,55,79.7,4.4
RES004674,69.84,Mediterranean,,40.0,8.5
RES004675,100.58,Burger,53,38.0,8.4
RES004676,79.59,Pizza,,40.5,8.7
RES004677,66.97,Brazilian,15,93.8,3.1
RES004678,78.21,French,28,10.5,7.2
RES004679,40.95,Chinese,58,7.6,0.8
RES004680,70.17,Brazilian,51,60.0,9.4
RES004681,61.09,Mediterranean,45,59.9,0.5
RES004682,90.77,Pizza,54,92.8,6.1
RES004683,48.89,Italian,,2.7,4.9
RES004684,45.16,American,93,0.6,9.3
RES004685,69.02,Mexican,,96.9,9.4
RES004686,99.98,Japanese,70,70.1,9.4
RES004687,52.13,Mexican,56,66.7,5.3
RES004688,44.03,Mexican,48,71.7,8.0
RES004689,63.46,Japanese,81,34.7,0.3
RES004690,37.95,Chinese,84,68.5,5.4
RES004691,76.66,Pizza,40,97.1,0.0
RES004692,86.04,Indian,79,51.2,3.5
RES004693,50.88,Mexican,,50.5,7.6
RES004694,91.73,Chinese,64,56.5,2.0
RES004695,103.91,Burger,,70.2,2.5
RES004696,21.93,Indian,,50.4,5.4
RES004697,22.42,Mediterranean,76,58.9,6.3
RES004698,39.89,Japanese,,4.2,7.6
RES004699,60.85,Thai,37,14.9,1.8
RES004700,69.77,Mexican,80,27.3,9.6
RES004701,46.38,Pizza,56,74.8,7.7
RES004702,23.42,Indian,95,84.1,4.8
RES004703,49.68,Pizza,56,74.7,5.0
RES004704,63.38,Indian,80,79.3,3.2
RES004705,51.12,Burger,91,69.7,4.8
RES004706,74.11,Pizza,42,76.7,4.1
RES004707,41.4,Mexican,52,47.3,1.4
RES004708,41.9,Mediterranean,,84.7,3.2
RES004709,25.32,Pizza,47,2.9,8.0
RES004710,77.67,Pizza,46,80.3,8.8
RES004711,39.9,Pizza,18,33.6,8.5
RES004712,44.5,Burger,,11.9,0.3
RES004713,17.33,Japanese,46,39.5,3.0
RES004714,96.95,French,54,45.0,3.1
RES004715,92.28,Indian,24,67.4,0.7
RES004716,77.59,American,31,27.0,3.0
RES004717,69.7,Mexican,37,69.5,9.1
RES004718,36.74,Mediterranean,84,38.9,6.7
RES004719,84.1,Brazilian,62,68.0,8.2
RES004720,73.92,Chinese,61,67.4,7.4
RES004721,41.14,Japanese,,90.4,3.2
RES004722,84.64,Japanese,,1.3,7.1
RES004723,75.92,Thai,77,23.3,2.8
RES004724,89.13,Mexican,,87.0,9.3
RES004725,76.41,Indian,72,48.9,9.0
RES004726,89.59,Italian,,98.9,7.0
RES004727,18.23,Mediterranean,76,94.9,1.0
RES004728,97.01,Indian,,38.5,1.5
RES004729,83.5,Mediterranean,33,41.3,3.8
RES004730,21.47,Thai,68,90.5,8.0
RES004731,74.93,American,77,77.9,3.0
RES004732,48.19,Brazilian,,65.5,8.7
RES004733,35.16,Japanese,30,94.9,5.3
RES004734,52.3,American,,65.4,8.3
RES004735,86.68,Mexican,56,82.7,6.5
RES004736,70.16,Italian,,47.7,1.3
RES004737,84.33,American,71,12.4,1.6
RES004738,48.36,Brazilian,61,32.1,3.1
RES004739,97.1,Indian,35,61.1,0.8
RES004740,20.16,Chinese,58,40.1,9.9
RES004741,107.95,French,,24.4,5.0
RES004742,68.22,American,41,94.6,5.0
RES004743,91.45,Thai,24,91.5,9.0
RES004744,106.22,Japanese,26,9.4,5.1
RES004745,97.8,Mediterranean,45,23.6,3.1
RES004746,51.35,Thai,59,38.8,2.2
RES004747,71.55,French,,31.2,5.7
RES004748,51.5,Burger,23,85.1,3.7
RES004749,21.86,Chinese,,75.2,0.5
RES004750,91.19,Chinese,24,26.9,7.9
RES004751,99.61,Pizza,27,38.6,9.4
RES004752,27.78,Thai,,79.4,9.0
RES004753,49.22,Japanese,80,89.1,9.2
RES004754,56.75,Thai,,1.3,1.8
RES004755,53.52,Burger,,68.3,1.3
RES004756,85.73,Japanese,87,9.5,9.7
RES004757,108.9,Chinese,47,18.5,1.2
RES004758,29.27,American,45,99.8,5.3
RES004759,20.81,Chinese,71,78.5,4.1
RES004760,19.36,Italian,32,82.3,5.3
RES004761,21.72,Mediterranean,65,99.5,8.1
RES004762,76.11,Indian,57,79.0,2.2
RES004763,75.56,Mexican,28,23.7,1.4
RES004764,31.9,Japanese,19,30.9,9.4
RES004765,81.46,Italian,,69.2,9.4
RES004766,73.89,French,,47.9,6.5
RES004767,50.91,Pizza,,87.5,2.2
RES004768,72.8,Chinese,35,97.9,8.1
RES004769,21.2,Chinese,,19.7,2.9
RES004770,71.73,American,93,52.3,4.8
RES004771,87.31,French,,2.0,8.8
RES004772,68.13,Thai,77,45.0,0.1
RES004773,47.81,French,55,10.2,4.8
RES004774,20.53,Japanese,,84.7,9.1
RES004775,63.95,Chinese,74,24.0,0.1
RES004776,99.31,American,88,3.4,4.5
RES004777,22.13,Mexican,51,72.8,4.7
RES004778,27.25,Mexican,,16.1,7.2
RES004779,45.17,Mediterranean,,31.0,4.1
RES004780,68.73,Japanese,,23.2,9.0
RES004781,52.38,Pizza,56,33.1,0.1
RES004782,46.32,American,,60.0,7.0
RES004783,20.79,Mexican,75,46.9,4.5
RES004784,43.98,Pizza,,44.9,6.8
RES004785,83.66,Burger,90,10.3,2.4
RES004786,54.38,Pizza,34,70.1,4.2
RES004787,95.01,Japanese,83,50.2,2.7
RES004788,45.1,Italian,41,24.1,6.6
RES004789,20.0,Indian,17,48.5,9.6
RES004790,67.49,Pizza,,51.8,6.4
RES004791,22.83,Japanese,50,82.0,1.4
RES004792,46.61,Mediterranean,,31.5,0.3
RES004793,66.76,Pizza,,21.0,9.0
RES004794,55.8,Japanese,64,0.3,0.2
RES004795,24.28,Brazilian,74,80.8,5.7
RES004796,25.14,Mediterranean,53,57.1,3.8
RES004797,24.09,Brazilian,31,72.3,9.0
RES004798,22.68,Brazilian,,34.0,9.3
RES004799,71.26,French,90,6.9,5.4
RES004800,86.05,Mediterranean,46,17.5,7.0
RES004801,20.95,Mediterranean,,17.8,9.7
RES004802,42.76,Pizza,,74.5,3.5
RES004803,49.58,Chinese,63,54.1,3.7
RES004804,90.63,Chinese,66,1.4,8.8
RES004805,22.89,Italian,,99.2,6.6
RES004806,27.62,Brazilian,54,9.7,4.0
RES004807,94.66,American,70,35.7,4.1
RES004808,91.36,Thai,50,13.2,1.3
RES004809,63.86,Italian,64,75.7,0.2
RES004810,56.68,Burger,39,65.2,6.7
RES004811,85.5,Thai,,94.2,7.3
RES004812,86.63,Pizza,58,34.2,2.2
RES004813,84.1,Chinese,,2.2,2.0
RES004814,26.47,Italian,38,95.1,9.9
RES004815,94.07,Brazilian,66,47.6,9.6
RES004816,44.55,Chinese,,66.2,4.1
RES004817,78.13,Burger,82,19.3,9.1
RES004818,95.16,Chinese,,94.3,4.0
RES004819,46.3,Pizza,83,92.0,8.2
RES004820,49.88,Italian,,67.1,8.7
RES004821,47.82,Pizza,29,28.6,1.0
RES004822,34.55,Thai,82,31.2,0.1
RES004823,23.0,Italian,64,1.5,7.2
RES004824,24.41,Indian,58,38.3,1.9
RES004825,56.67,American,75,78.5,0.1
RES004826,44.29,Thai,,51.9,8.8
RES004827,39.67,Pizza,41,98.5,0.6
RES004828,66.2,Thai,61,99.1,1.1
RES004829,24.1,Mexican,,5.9,6.0
RES004830,20.85,Indian,69,46.3,4.5
RES004831,72.28,Pizza,,80.9,2.1
RES004832,25.43,Pizza,38,34.3,3.3
RES004833,62.4,American,35,39.2,6.1
RES004834,66.74,Italian,25,38.0,1.8
RES004835,86.45,Indian,91,46.8,6.7
RES004836,107.62,Japanese,,97.8,6.4
RES004837,20.03,American,59,26.8,8.6
RES004838,71.74,Italian,,86.2,0.2
RES004839,55.58,Thai,46,41.9,9.3
RES004840,50.22,Thai,,76.3,6.1
RES004841,85.06,Chinese,82,44.2,0.2
RES004842,19.8,Japanese,85,91.2,1.3
RES004843,63.3,Indian,,38.4,7.5
RES004844,83.48,Indian,19,96.5,4.6
RES004845,63.14,Pizza,59,43.2,2.0
RES004846,108.41,Japanese,,92.7,4.0
RES004847,63.48,Mediterranean,12,62.4,9.2
RES004848,65.2,American,33,19.6,2.6
RES004849,85.31,French,65,14.5,1.8
RES004850,45.59,Indian,70,67.2,9.3
RES004851,86.72,Italian,83,41.9,7.4
RES004852,107.32,Thai,38,52.2,4.4
RES004853,70.26,American,57,72.8,9.4
RES004854,46.43,Thai,15,12.0,0.1
RES004855,40.8,Thai,47,62.6,1.3
RES004856,94.5,Chinese,90,83.3,10.0
RES004857,87.45,Chinese,,47.2,7.0
RES004858,71.85,Thai,42,18.1,8.3
RES004859,43.43,French,82,67.8,0.1
RES004860,17.7,Burger,21,23.4,4.5
RES004861,75.52,Italian,50,17.3,4.5
RES004862,64.64,American,51,67.0,6.9
RES004863,20.45,Burger,46,24.5,6.6
RES004864,84.4,Italian,52,87.6,0.2
RES004865,81.72,Indian,12,37.7,5.0
RES004866,38.19,Thai,76,56.7,2.6
RES004867,24.03,Indian,93,62.4,5.9
RES004868,42.45,French,75,82.8,5.6
RES004869,73.66,Indian,,43.0,3.4
RES004870,63.45,Italian,51,85.0,2.3
RES004871,81.01,Mexican,23,34.2,5.5
RES004872,70.26,Pizza,96,15.6,7.8
RES004873,54.18,French,,70.7,0.1
RES004874,21.28,Brazilian,48,20.5,8.0
RES004875,36.1,Brazilian,,76.1,7.6
RES004876,52.27,Brazilian,,80.5,4.9
RES004877,79.03,French,82,48.9,8.5
RES004878,53.15,Pizza,28,19.4,7.2
RES004879,24.44,Mexican,65,73.0,3.2
RES004880,75.61,Mexican,81,44.8,7.1
RES004881,42.89,Brazilian,,54.0,4.4
RES004882,20.29,Japanese,51,42.5,6.4
RES004883,49.25,Brazilian,,74.0,9.3
RES004884,62.11,French,,63.9,7.0
RES004885,102.4,American,30,60.1,9.7
RES004886,43.37,American,41,30.3,7.5
RES004887,66.32,Mediterranean,93,99.1,2.3
RES004888,48.63,Burger,21,36.6,4.4
RES004889,97.12,Chinese,70,45.9,4.4
RES004890,65.44,Thai,,85.6,3.8
RES004891,22.73,Mediterranean,79,28.8,7.8
RES004892,52.25,Burger,,20.7,8.6
RES004893,70.67,Burger,86,33.4,5.7
RES004894,73.66,French,31,90.6,1.3
RES004895,54.44,French,,1.7,3.6
RES004896,56.44,Mediterranean,36,19.3,9.3
RES004897,52.54,Japanese,65,90.7,8.2
RES004898,74.59,Mediterranean,,92.9,9.5
RES004899,63.88,Burger,27,17.1,8.8
RES004900,86.64,Chinese,47,94.5,1.8
RES004901,44.58,French,,62.5,3.1
RES004902,71.16,Brazilian,,60.0,8.3
RES004903,21.12,American,,66.0,4.3
RES004904,19.38,Japanese,,28.1,7.7
RES004905,26.55,Mediterranean,28,45.6,0.8
RES004906,105.21,Thai,29,55.3,8.4
RES004907,107.49,Japanese,,54.8,6.8
RES004908,82.94,Pizza,52,59.3,7.9
RES004909,87.74,Chinese,81,72.2,3.8
RES004910,43.33,Indian,72,61.8,4.8
RES004911,53.93,American,,35.2,2.2
RES004912,82.16,Mexican,,7.8,5.4
RES004913,74.26,Italian,,37.3,9.7
RES004914,27.74,Burger,47,27.6,6.8
RES004915,62.36,Indian,23,56.8,9.6
RES004916,51.25,Pizza,49,80.1,3.0
RES004917,21.58,Italian,82,74.2,1.4
RES004918,32.45,Brazilian,39,61.9,8.2
RES004919,58.11,Chinese,67,88.7,3.6
RES004920,24.1,Brazilian,,7.7,2.4
RES004921,97.96,American,,25.0,6.6
RES004922,55.59,Mediterranean,47,34.9,7.9
RES004923,47.2,Chinese,45,76.4,5.6
RES004924,24.22,Brazilian,54,92.9,5.1
RES004925,22.69,Brazilian,53,60.0,3.7
RES004926,26.6,Mexican,,77.9,7.9
RES004927,66.02,Indian,,36.2,6.7
RES004928,21.37,Burger,55,81.8,3.5
RES004929,24.59,Indian,,60.4,3.0
RES004930,71.85,Mexican,,68.0,8.1
RES004931,16.71,Thai,40,13.9,4.0
RES004932,41.36,French,82,16.9,4.1
RES004933,61.99,French,57,89.7,9.5
RES004934,108.22,Mediterranean,74,16.0,10.0
RES004935,70.61,Mexican,,82.6,8.2
RES004936,88.63,Burger,54,77.7,6.4
RES004937,32.59,Indian,,68.4,9.1
RES004938,46.53,Japanese,,19.9,2.9
RES004939,62.24,Pizza,76,94.1,7.4
RES004940,69.64,Japanese,51,64.8,5.6
RES004941,21.26,Brazilian,54,14.2,3.0
RES004942,25.74,Chinese,77,95.5,2.6
RES004943,23.54,Italian,60,5.7,9.2
RES004944,101.43,Burger,63,20.0,2.2
RES004945,106.55,Brazilian,20,85.2,9.8
RES004946,66.33,Italian,,53.7,0.9
RES004947,41.69,Thai,83,37.4,4.1
RES004948,102.18,Indian,26,6.2,9.7
RES004949,39.88,American,,3.5,7.0
RES004950,22.61,Burger,19,83.2,9.1
RES004951,26.34,Italian,17,29.3,6.1
RES004952,70.32,American,86,99.7,9.5
RES004953,69.69,Mediterranean,,35.5,2.2
RES004954,72.03,Brazilian,86,50.8,9.5
RES004955,25.61,Thai,,50.7,2.5
RES004956,46.58,Pizza,,74.6,5.3
RES004957,24.84,Burger,78,72.0,2.2
RES004958,66.46,Pizza,93,78.1,7.8
RES004959,92.04,Chinese,,74.1,5.3
RES004960,57.69,Indian,16,56.5,8.9
RES004961,95.34,Pizza,10,62.3,4.4
RES004962,109.33,Italian,,99.7,2.0
RES004963,102.0,Mexican,52,27.3,6.7
RES004964,43.05,Italian,87,59.3,5.5
RES004965,104.93,Brazilian,,7.4,5.7
RES004966,47.78,Brazilian,31,81.9,1.5
RES004967,80.35,Mediterranean,,52.5,9.5
RES004968,27.15,Mediterranean,34,49.3,5.3
RES004969,50.6,Mediterranean,55,12.9,5.2
RES004970,62.02,Mexican,27,27.6,4.3
RES004971,80.47,Mexican,57,76.2,7.9
RES004972,19.25,Brazilian,59,42.4,6.6
RES004973,24.04,Brazilian,,2.9,8.8
RES004974,25.88,Italian,,40.4,5.4
RES004975,74.21,Pizza,68,6.4,1.7
RES004976,41.49,Pizza,,79.7,8.4
RES004977,18.95,Thai,,2.6,2.7
RES004978,36.39,French,45,84.6,5.7
RES004979,61.9,Burger,,2.5,4.5
RES004980,25.47,French,30,41.6,6.8
RES004981,53.03,Mediterranean,84,79.9,7.7
RES004982,78.1,Brazilian,88,98.6,6.6
RES004983,22.04,Burger,42,7.9,1.9
RES004984,28.33,Mediterranean,19,48.9,6.6
RES004985,64.5,Pizza,91,26.3,9.3
RES004986,39.93,Chinese,47,0.6,3.4
RES004987,81.41,Pizza,59,59.6,6.4
RES004988,68.36,American,57,7.3,3.1
RES004989,25.16,French,,76.3,7.4
RES004990,45.68,American,53,47.9,8.3
RES004991,104.3,Mediterranean,50,83.5,3.6
RES004992,25.66,Japanese,,68.5,8.3
RES004993,71.55,French,,20.1,5.1
RES004994,17.02,Indian,,13.6,2.1
RES004995,22.27,Italian,,66.8,8.0
RES004996,21.06,Japanese,89,34.6,4.0
RES004997,42.92,Mexican,77,9.7,3.1
RES004998,50.22,Thai,,3.4,6.4
RES004999,24.11,Japanese,96,81.6,2.5
